ts_recv,ts_event,rtype,publisher_id,instrument_id,action,side,price,size,channel_id,order_id,flags,ts_in_delta,sequence,symbol
2024-12-30T00:00:00.000000000Z,2024-12-30T00:00:00.000000000Z,160,1,29307,A,B,1.2507,1,4,0,0,0,0,6BH5
2024-12-30T00:00:10.000000000Z,2024-12-30T00:00:10.000000000Z,160,1,29307,F,A,1.2507,2,4,1,0,0,1,6BH5
2024-12-30T00:00:20.000000000Z,2024-12-30T00:00:20.000000000Z,160,1,29307,R,N,,0,4,2,0,0,2,6BH5
2024-12-30T00:00:30.000000000Z,2024-12-30T00:00:30.000000000Z,160,1,29307,C,A,1.2506,1,4,3,0,0,3,6BH5
2024-12-30T00:00:40.000000000Z,2024-12-30T00:00:40.000000000Z,160,1,29307,A,B,1.2504,1,4,4,0,0,4,6BH5
2024-12-30T00:00:50.000000000Z,2024-12-30T00:00:50.000000000Z,160,1,29307,R,N,,0,4,5,0,0,5,6BH5
2024-12-30T00:01:00.000000000Z,2024-12-30T00:01:00.000000000Z,160,1,29307,F,B,1.2506,1,4,6,0,0,6,6BH5
2024-12-30T00:01:10.000000000Z,2024-12-30T00:01:10.000000000Z,160,1,29307,A,B,1.2505,1,4,7,0,0,7,6BH5
2024-12-30T00:01:20.000000000Z,2024-12-30T00:01:20.000000000Z,160,1,29307,C,B,1.2504,1,4,8,0,0,8,6BH5
2024-12-30T00:01:30.000000000Z,2024-12-30T00:01:30.000000000Z,160,1,29307,T,B,1.2504,5,4,9,0,0,9,6BH5
2024-12-30T00:01:40.000000000Z,2024-12-30T00:01:40.000000000Z,160,1,29307,A,B,1.2504,10,4,10,0,0,10,6BH5
2024-12-30T00:01:50.000000000Z,2024-12-30T00:01:50.000000000Z,160,1,29307,C,B,1.2503,1,4,11,0,0,11,6BH5
2024-12-30T00:02:00.000000000Z,2024-12-30T00:02:00.000000000Z,160,1,29307,C,A,1.2505,5,4,12,0,0,12,6BH5
2024-12-30T00:02:10.000000000Z,2024-12-30T00:02:10.000000000Z,160,1,29307,A,A,1.2503,1,4,13,0,0,13,6BH5
2024-12-30T00:02:20.000000000Z,2024-12-30T00:02:20.000000000Z,160,1,29307,F,A,1.2502,1,4,14,0,0,14,6BH5
2024-12-30T00:02:30.000000000Z,2024-12-30T00:02:30.000000000Z,160,1,29307,F,B,1.2503,1,4,15,0,0,15,6BH5
2024-12-30T00:02:40.000000000Z,2024-12-30T00:02:40.000000000Z,160,1,29307,A,B,1.2502,1,4,16,0,0,16,6BH5
2024-12-30T00:02:50.000000000Z,2024-12-30T00:02:50.000000000Z,160,1,29307,A,A,1.2503,1,4,17,0,0,17,6BH5
2024-12-30T00:03:00.000000000Z,2024-12-30T00:03:00.000000000Z,160,1,29307,T,B,1.2504,5,4,18,0,0,18,6BH5
2024-12-30T00:03:10.000000000Z,2024-12-30T00:03:10.000000000Z,160,1,29307,A,B,1.2505,1,4,19,0,0,19,6BH5
2024-12-30T00:03:20.000000000Z,2024-12-30T00:03:20.000000000Z,160,1,29307,F,B,1.2503,1,4,20,0,0,20,6BH5
2024-12-30T00:03:30.000000000Z,2024-12-30T00:03:30.000000000Z,160,1,29307,T,B,1.2501,2,4,21,0,0,21,6BH5
2024-12-30T00:03:40.000000000Z,2024-12-30T00:03:40.000000000Z,160,1,29307,A,B,1.25,1,4,22,0,0,22,6BH5
2024-12-30T00:03:50.000000000Z,2024-12-30T00:03:50.000000000Z,160,1,29307,C,A,1.25,1,4,23,0,0,23,6BH5
2024-12-30T00:04:00.000000000Z,2024-12-30T00:04:00.000000000Z,160,1,29307,A,A,1.2501,1,4,24,0,0,24,6BH5
2024-12-30T00:04:10.000000000Z,2024-12-30T00:04:10.000000000Z,160,1,29307,T,A,1.2502,1,4,25,0,0,25,6BH5
2024-12-30T00:04:20.000000000Z,2024-12-30T00:04:20.000000000Z,160,1,29307,C,A,1.2503,1,4,26,0,0,26,6BH5
2024-12-30T00:04:30.000000000Z,2024-12-30T00:04:30.000000000Z,160,1,29307,F,A,1.2505,1,4,27,0,0,27,6BH5
2024-12-30T00:04:40.000000000Z,2024-12-30T00:04:40.000000000Z,160,1,29307,T,B,1.2506,1,4,28,0,0,28,6BH5
2024-12-30T00:04:50.000000000Z,2024-12-30T00:04:50.000000000Z,160,1,29307,C,B,1.2505,5,4,29,0,0,29,6BH5
2024-12-30T00:05:00.000000000Z,2024-12-30T00:05:00.000000000Z,160,1,29307,C,B,1.2504,2,4,30,0,0,30,6BH5
2024-12-30T00:05:10.000000000Z,2024-12-30T00:05:10.000000000Z,160,1,29307,A,B,1.2505,1,4,31,0,0,31,6BH5
2024-12-30T00:05:20.000000000Z,2024-12-30T00:05:20.000000000Z,160,1,29307,R,N,,0,4,32,0,0,32,6BH5
2024-12-30T00:05:30.000000000Z,2024-12-30T00:05:30.000000000Z,160,1,29307,C,A,1.2502,1,4,33,0,0,33,6BH5
2024-12-30T00:05:40.000000000Z,2024-12-30T00:05:40.000000000Z,160,1,29307,A,A,1.2502,5,4,34,0,0,34,6BH5
2024-12-30T00:05:50.000000000Z,2024-12-30T00:05:50.000000000Z,160,1,29307,T,B,1.2503,1,4,35,0,0,35,6BH5
2024-12-30T00:06:00.000000000Z,2024-12-30T00:06:00.000000000Z,160,1,29307,C,A,1.2501,1,4,36,0,0,36,6BH5
2024-12-30T00:06:10.000000000Z,2024-12-30T00:06:10.000000000Z,160,1,29307,C,B,1.2502,2,4,37,0,0,37,6BH5
2024-12-30T00:06:20.000000000Z,2024-12-30T00:06:20.000000000Z,160,1,29307,C,A,1.2503,5,4,38,0,0,38,6BH5
2024-12-30T00:06:30.000000000Z,2024-12-30T00:06:30.000000000Z,160,1,29307,C,A,1.2503,1,4,39,0,0,39,6BH5
2024-12-30T00:06:40.000000000Z,2024-12-30T00:06:40.000000000Z,160,1,29307,C,B,1.2501,1,4,40,0,0,40,6BH5
2024-12-30T00:06:50.000000000Z,2024-12-30T00:06:50.000000000Z,160,1,29307,T,B,1.25,1,4,41,0,0,41,6BH5
2024-12-30T00:07:00.000000000Z,2024-12-30T00:07:00.000000000Z,160,1,29307,C,A,1.2501,1,4,42,0,0,42,6BH5
2024-12-30T00:07:10.000000000Z,2024-12-30T00:07:10.000000000Z,160,1,29307,A,A,1.2502,1,4,43,0,0,43,6BH5
2024-12-30T00:07:20.000000000Z,2024-12-30T00:07:20.000000000Z,160,1,29307,F,B,1.2504,1,4,44,0,0,44,6BH5
2024-12-30T00:07:30.000000000Z,2024-12-30T00:07:30.000000000Z,160,1,29307,A,A,1.2504,1,4,45,0,0,45,6BH5
2024-12-30T00:07:40.000000000Z,2024-12-30T00:07:40.000000000Z,160,1,29307,T,A,1.2502,1,4,46,0,0,46,6BH5
2024-12-30T00:07:50.000000000Z,2024-12-30T00:07:50.000000000Z,160,1,29307,F,B,1.25,1,4,47,0,0,47,6BH5
2024-12-30T00:08:00.000000000Z,2024-12-30T00:08:00.000000000Z,160,1,29307,T,A,1.2501,1,4,48,0,0,48,6BH5
2024-12-30T00:08:10.000000000Z,2024-12-30T00:08:10.000000000Z,160,1,29307,A,B,1.25,1,4,49,0,0,49,6BH5
2024-12-30T00:08:20.000000000Z,2024-12-30T00:08:20.000000000Z,160,1,29307,F,A,1.2499,2,4,50,0,0,50,6BH5
2024-12-30T00:08:30.000000000Z,2024-12-30T00:08:30.000000000Z,160,1,29307,A,B,1.2499,1,4,51,0,0,51,6BH5
2024-12-30T00:08:40.000000000Z,2024-12-30T00:08:40.000000000Z,160,1,29307,A,A,1.2497,1,4,52,0,0,52,6BH5
2024-12-30T00:08:50.000000000Z,2024-12-30T00:08:50.000000000Z,160,1,29307,T,B,1.2496,1,4,53,0,0,53,6BH5
2024-12-30T00:09:00.000000000Z,2024-12-30T00:09:00.000000000Z,160,1,29307,F,A,1.2496,1,4,54,0,0,54,6BH5
2024-12-30T00:09:10.000000000Z,2024-12-30T00:09:10.000000000Z,160,1,29307,A,B,1.2495,1,4,55,0,0,55,6BH5
2024-12-30T00:09:20.000000000Z,2024-12-30T00:09:20.000000000Z,160,1,29307,C,A,1.2493,2,4,56,0,0,56,6BH5
2024-12-30T00:09:30.000000000Z,2024-12-30T00:09:30.000000000Z,160,1,29307,T,A,1.2494,1,4,57,0,0,57,6BH5
2024-12-30T00:09:40.000000000Z,2024-12-30T00:09:40.000000000Z,160,1,29307,C,A,1.2495,2,4,58,0,0,58,6BH5
2024-12-30T00:09:50.000000000Z,2024-12-30T00:09:50.000000000Z,160,1,29307,A,A,1.2494,1,4,59,0,0,59,6BH5
2024-12-30T00:10:00.000000000Z,2024-12-30T00:10:00.000000000Z,160,1,29307,C,A,1.2495,1,4,60,0,0,60,6BH5
2024-12-30T00:10:10.000000000Z,2024-12-30T00:10:10.000000000Z,160,1,29307,F,A,1.2494,3,4,61,0,0,61,6BH5
2024-12-30T00:10:20.000000000Z,2024-12-30T00:10:20.000000000Z,160,1,29307,T,A,1.2494,1,4,62,0,0,62,6BH5
2024-12-30T00:10:30.000000000Z,2024-12-30T00:10:30.000000000Z,160,1,29307,F,A,1.2496,1,4,63,0,0,63,6BH5
2024-12-30T00:10:40.000000000Z,2024-12-30T00:10:40.000000000Z,160,1,29307,C,A,1.2497,1,4,64,0,0,64,6BH5
2024-12-30T00:10:50.000000000Z,2024-12-30T00:10:50.000000000Z,160,1,29307,C,B,1.2498,1,4,65,0,0,65,6BH5
2024-12-30T00:11:00.000000000Z,2024-12-30T00:11:00.000000000Z,160,1,29307,A,B,1.2496,2,4,66,0,0,66,6BH5
2024-12-30T00:11:10.000000000Z,2024-12-30T00:11:10.000000000Z,160,1,29307,C,A,1.2494,2,4,67,0,0,67,6BH5
2024-12-30T00:11:20.000000000Z,2024-12-30T00:11:20.000000000Z,160,1,29307,R,N,,0,4,68,0,0,68,6BH5
2024-12-30T00:11:30.000000000Z,2024-12-30T00:11:30.000000000Z,160,1,29307,A,A,1.2495,1,4,69,0,0,69,6BH5
2024-12-30T00:11:40.000000000Z,2024-12-30T00:11:40.000000000Z,160,1,29307,T,A,1.2494,1,4,70,0,0,70,6BH5
2024-12-30T00:11:50.000000000Z,2024-12-30T00:11:50.000000000Z,160,1,29307,T,B,1.2495,1,4,71,0,0,71,6BH5
2024-12-30T00:12:00.000000000Z,2024-12-30T00:12:00.000000000Z,160,1,29307,F,A,1.2496,2,4,72,0,0,72,6BH5
2024-12-30T00:12:10.000000000Z,2024-12-30T00:12:10.000000000Z,160,1,29307,T,A,1.2498,1,4,73,0,0,73,6BH5
2024-12-30T00:12:20.000000000Z,2024-12-30T00:12:20.000000000Z,160,1,29307,A,B,1.2497,1,4,74,0,0,74,6BH5
2024-12-30T00:12:30.000000000Z,2024-12-30T00:12:30.000000000Z,160,1,29307,F,B,1.2499,2,4,75,0,0,75,6BH5
2024-12-30T00:12:40.000000000Z,2024-12-30T00:12:40.000000000Z,160,1,29307,T,A,1.2497,1,4,76,0,0,76,6BH5
2024-12-30T00:12:50.000000000Z,2024-12-30T00:12:50.000000000Z,160,1,29307,A,B,1.2495,1,4,77,0,0,77,6BH5
2024-12-30T00:13:00.000000000Z,2024-12-30T00:13:00.000000000Z,160,1,29307,A,B,1.2496,2,4,78,0,0,78,6BH5
2024-12-30T00:13:10.000000000Z,2024-12-30T00:13:10.000000000Z,160,1,29307,C,A,1.2494,1,4,79,0,0,79,6BH5
2024-12-30T00:13:20.000000000Z,2024-12-30T00:13:20.000000000Z,160,1,29307,F,B,1.2493,1,4,80,0,0,80,6BH5
2024-12-30T00:13:30.000000000Z,2024-12-30T00:13:30.000000000Z,160,1,29307,A,B,1.2494,1,4,81,0,0,81,6BH5
2024-12-30T00:13:40.000000000Z,2024-12-30T00:13:40.000000000Z,160,1,29307,R,N,,0,4,82,0,0,82,6BH5
2024-12-30T00:13:50.000000000Z,2024-12-30T00:13:50.000000000Z,160,1,29307,T,B,1.2492,2,4,83,0,0,83,6BH5
2024-12-30T00:14:00.000000000Z,2024-12-30T00:14:00.000000000Z,160,1,29307,C,B,1.2491,1,4,84,0,0,84,6BH5
2024-12-30T00:14:10.000000000Z,2024-12-30T00:14:10.000000000Z,160,1,29307,C,A,1.2491,1,4,85,0,0,85,6BH5
2024-12-30T00:14:20.000000000Z,2024-12-30T00:14:20.000000000Z,160,1,29307,T,A,1.2491,1,4,86,0,0,86,6BH5
2024-12-30T00:14:30.000000000Z,2024-12-30T00:14:30.000000000Z,160,1,29307,C,A,1.2492,5,4,87,0,0,87,6BH5
2024-12-30T00:14:40.000000000Z,2024-12-30T00:14:40.000000000Z,160,1,29307,F,B,1.2493,1,4,88,0,0,88,6BH5
2024-12-30T00:14:50.000000000Z,2024-12-30T00:14:50.000000000Z,160,1,29307,A,A,1.2493,1,4,89,0,0,89,6BH5
2024-12-30T00:15:00.000000000Z,2024-12-30T00:15:00.000000000Z,160,1,29307,A,A,1.2494,1,4,90,0,0,90,6BH5
2024-12-30T00:15:10.000000000Z,2024-12-30T00:15:10.000000000Z,160,1,29307,C,B,1.2492,1,4,91,0,0,91,6BH5
2024-12-30T00:15:20.000000000Z,2024-12-30T00:15:20.000000000Z,160,1,29307,A,A,1.2491,1,4,92,0,0,92,6BH5
2024-12-30T00:15:30.000000000Z,2024-12-30T00:15:30.000000000Z,160,1,29307,A,A,1.2492,1,4,93,0,0,93,6BH5
2024-12-30T00:15:40.000000000Z,2024-12-30T00:15:40.000000000Z,160,1,29307,F,A,1.2491,1,4,94,0,0,94,6BH5
2024-12-30T00:15:50.000000000Z,2024-12-30T00:15:50.000000000Z,160,1,29307,R,N,,0,4,95,0,0,95,6BH5
2024-12-30T00:16:00.000000000Z,2024-12-30T00:16:00.000000000Z,160,1,29307,T,B,1.2493,2,4,96,0,0,96,6BH5
2024-12-30T00:16:10.000000000Z,2024-12-30T00:16:10.000000000Z,160,1,29307,F,A,1.2494,1,4,97,0,0,97,6BH5
2024-12-30T00:16:20.000000000Z,2024-12-30T00:16:20.000000000Z,160,1,29307,A,A,1.2494,1,4,98,0,0,98,6BH5
2024-12-30T00:16:30.000000000Z,2024-12-30T00:16:30.000000000Z,160,1,29307,C,B,1.2494,1,4,99,0,0,99,6BH5
2024-12-30T00:16:40.000000000Z,2024-12-30T00:16:40.000000000Z,160,1,29307,A,A,1.2493,2,4,100,0,0,100,6BH5
2024-12-30T00:16:50.000000000Z,2024-12-30T00:16:50.000000000Z,160,1,29307,C,B,1.2494,2,4,101,0,0,101,6BH5
2024-12-30T00:17:00.000000000Z,2024-12-30T00:17:00.000000000Z,160,1,29307,C,B,1.2494,1,4,102,0,0,102,6BH5
2024-12-30T00:17:10.000000000Z,2024-12-30T00:17:10.000000000Z,160,1,29307,C,B,1.2496,3,4,103,0,0,103,6BH5
2024-12-30T00:17:20.000000000Z,2024-12-30T00:17:20.000000000Z,160,1,29307,R,N,,0,4,104,0,0,104,6BH5
2024-12-30T00:17:30.000000000Z,2024-12-30T00:17:30.000000000Z,160,1,29307,A,B,1.2493,1,4,105,0,0,105,6BH5
2024-12-30T00:17:40.000000000Z,2024-12-30T00:17:40.000000000Z,160,1,29307,R,N,,0,4,106,0,0,106,6BH5
2024-12-30T00:17:50.000000000Z,2024-12-30T00:17:50.000000000Z,160,1,29307,R,N,,0,4,107,0,0,107,6BH5
2024-12-30T00:18:00.000000000Z,2024-12-30T00:18:00.000000000Z,160,1,29307,T,A,1.2495,1,4,108,0,0,108,6BH5
2024-12-30T00:18:10.000000000Z,2024-12-30T00:18:10.000000000Z,160,1,29307,A,A,1.2494,2,4,109,0,0,109,6BH5
2024-12-30T00:18:20.000000000Z,2024-12-30T00:18:20.000000000Z,160,1,29307,A,A,1.2495,1,4,110,0,0,110,6BH5
2024-12-30T00:18:30.000000000Z,2024-12-30T00:18:30.000000000Z,160,1,29307,A,A,1.2494,1,4,111,0,0,111,6BH5
2024-12-30T00:18:40.000000000Z,2024-12-30T00:18:40.000000000Z,160,1,29307,A,A,1.2495,1,4,112,0,0,112,6BH5
2024-12-30T00:18:50.000000000Z,2024-12-30T00:18:50.000000000Z,160,1,29307,T,A,1.2497,2,4,113,0,0,113,6BH5
2024-12-30T00:19:00.000000000Z,2024-12-30T00:19:00.000000000Z,160,1,29307,C,A,1.2496,1,4,114,0,0,114,6BH5
2024-12-30T00:19:10.000000000Z,2024-12-30T00:19:10.000000000Z,160,1,29307,A,B,1.2496,1,4,115,0,0,115,6BH5
2024-12-30T00:19:20.000000000Z,2024-12-30T00:19:20.000000000Z,160,1,29307,A,B,1.2498,1,4,116,0,0,116,6BH5
2024-12-30T00:19:30.000000000Z,2024-12-30T00:19:30.000000000Z,160,1,29307,C,B,1.25,2,4,117,0,0,117,6BH5
2024-12-30T00:19:40.000000000Z,2024-12-30T00:19:40.000000000Z,160,1,29307,T,B,1.25,1,4,118,0,0,118,6BH5
2024-12-30T00:19:50.000000000Z,2024-12-30T00:19:50.000000000Z,160,1,29307,T,A,1.25,1,4,119,0,0,119,6BH5
2024-12-30T00:20:00.000000000Z,2024-12-30T00:20:00.000000000Z,160,1,29307,A,B,1.2499,1,4,120,0,0,120,6BH5
2024-12-30T00:20:10.000000000Z,2024-12-30T00:20:10.000000000Z,160,1,29307,T,B,1.2499,5,4,121,0,0,121,6BH5
2024-12-30T00:20:20.000000000Z,2024-12-30T00:20:20.000000000Z,160,1,29307,T,B,1.25,2,4,122,0,0,122,6BH5
2024-12-30T00:20:30.000000000Z,2024-12-30T00:20:30.000000000Z,160,1,29307,T,B,1.2501,2,4,123,0,0,123,6BH5
2024-12-30T00:20:40.000000000Z,2024-12-30T00:20:40.000000000Z,160,1,29307,C,A,1.25,1,4,124,0,0,124,6BH5
2024-12-30T00:20:50.000000000Z,2024-12-30T00:20:50.000000000Z,160,1,29307,F,A,1.2499,1,4,125,0,0,125,6BH5
2024-12-30T00:21:00.000000000Z,2024-12-30T00:21:00.000000000Z,160,1,29307,C,A,1.2498,3,4,126,0,0,126,6BH5
2024-12-30T00:21:10.000000000Z,2024-12-30T00:21:10.000000000Z,160,1,29307,A,B,1.2497,1,4,127,0,0,127,6BH5
2024-12-30T00:21:20.000000000Z,2024-12-30T00:21:20.000000000Z,160,1,29307,C,A,1.2495,1,4,128,0,0,128,6BH5
2024-12-30T00:21:30.000000000Z,2024-12-30T00:21:30.000000000Z,160,1,29307,A,B,1.2495,1,4,129,0,0,129,6BH5
2024-12-30T00:21:40.000000000Z,2024-12-30T00:21:40.000000000Z,160,1,29307,C,A,1.2493,3,4,130,0,0,130,6BH5
2024-12-30T00:21:50.000000000Z,2024-12-30T00:21:50.000000000Z,160,1,29307,A,A,1.2492,1,4,131,0,0,131,6BH5
2024-12-30T00:22:00.000000000Z,2024-12-30T00:22:00.000000000Z,160,1,29307,A,A,1.2492,1,4,132,0,0,132,6BH5
2024-12-30T00:22:10.000000000Z,2024-12-30T00:22:10.000000000Z,160,1,29307,A,A,1.2491,2,4,133,0,0,133,6BH5
2024-12-30T00:22:20.000000000Z,2024-12-30T00:22:20.000000000Z,160,1,29307,C,A,1.2489,1,4,134,0,0,134,6BH5
2024-12-30T00:22:30.000000000Z,2024-12-30T00:22:30.000000000Z,160,1,29307,T,B,1.2488,1,4,135,0,0,135,6BH5
2024-12-30T00:22:40.000000000Z,2024-12-30T00:22:40.000000000Z,160,1,29307,T,A,1.2487,10,4,136,0,0,136,6BH5
2024-12-30T00:22:50.000000000Z,2024-12-30T00:22:50.000000000Z,160,1,29307,A,B,1.2487,5,4,137,0,0,137,6BH5
2024-12-30T00:23:00.000000000Z,2024-12-30T00:23:00.000000000Z,160,1,29307,A,B,1.2485,2,4,138,0,0,138,6BH5
2024-12-30T00:23:10.000000000Z,2024-12-30T00:23:10.000000000Z,160,1,29307,A,B,1.2486,1,4,139,0,0,139,6BH5
2024-12-30T00:23:20.000000000Z,2024-12-30T00:23:20.000000000Z,160,1,29307,F,B,1.2488,1,4,140,0,0,140,6BH5
2024-12-30T00:23:30.000000000Z,2024-12-30T00:23:30.000000000Z,160,1,29307,T,B,1.2489,3,4,141,0,0,141,6BH5
2024-12-30T00:23:40.000000000Z,2024-12-30T00:23:40.000000000Z,160,1,29307,C,A,1.2489,1,4,142,0,0,142,6BH5
2024-12-30T00:23:50.000000000Z,2024-12-30T00:23:50.000000000Z,160,1,29307,A,A,1.2491,2,4,143,0,0,143,6BH5
2024-12-30T00:24:00.000000000Z,2024-12-30T00:24:00.000000000Z,160,1,29307,A,A,1.2492,3,4,144,0,0,144,6BH5
2024-12-30T00:24:10.000000000Z,2024-12-30T00:24:10.000000000Z,160,1,29307,C,A,1.249,1,4,145,0,0,145,6BH5
2024-12-30T00:24:20.000000000Z,2024-12-30T00:24:20.000000000Z,160,1,29307,T,B,1.2489,2,4,146,0,0,146,6BH5
2024-12-30T00:24:30.000000000Z,2024-12-30T00:24:30.000000000Z,160,1,29307,T,A,1.2491,2,4,147,0,0,147,6BH5
2024-12-30T00:24:40.000000000Z,2024-12-30T00:24:40.000000000Z,160,1,29307,T,A,1.249,1,4,148,0,0,148,6BH5
2024-12-30T00:24:50.000000000Z,2024-12-30T00:24:50.000000000Z,160,1,29307,F,B,1.2488,1,4,149,0,0,149,6BH5
2024-12-30T00:25:00.000000000Z,2024-12-30T00:25:00.000000000Z,160,1,29307,T,B,1.2489,1,4,150,0,0,150,6BH5
2024-12-30T00:25:10.000000000Z,2024-12-30T00:25:10.000000000Z,160,1,29307,T,A,1.249,1,4,151,0,0,151,6BH5
2024-12-30T00:25:20.000000000Z,2024-12-30T00:25:20.000000000Z,160,1,29307,F,A,1.2489,1,4,152,0,0,152,6BH5
2024-12-30T00:25:30.000000000Z,2024-12-30T00:25:30.000000000Z,160,1,29307,C,B,1.2489,1,4,153,0,0,153,6BH5
2024-12-30T00:25:40.000000000Z,2024-12-30T00:25:40.000000000Z,160,1,29307,A,A,1.2488,2,4,154,0,0,154,6BH5
2024-12-30T00:25:50.000000000Z,2024-12-30T00:25:50.000000000Z,160,1,29307,A,A,1.2489,10,4,155,0,0,155,6BH5
2024-12-30T00:26:00.000000000Z,2024-12-30T00:26:00.000000000Z,160,1,29307,C,A,1.2488,1,4,156,0,0,156,6BH5
2024-12-30T00:26:10.000000000Z,2024-12-30T00:26:10.000000000Z,160,1,29307,A,A,1.2487,1,4,157,0,0,157,6BH5
2024-12-30T00:26:20.000000000Z,2024-12-30T00:26:20.000000000Z,160,1,29307,C,B,1.2488,1,4,158,0,0,158,6BH5
2024-12-30T00:26:30.000000000Z,2024-12-30T00:26:30.000000000Z,160,1,29307,C,B,1.2488,5,4,159,0,0,159,6BH5
2024-12-30T00:26:40.000000000Z,2024-12-30T00:26:40.000000000Z,160,1,29307,C,B,1.2489,1,4,160,0,0,160,6BH5
2024-12-30T00:26:50.000000000Z,2024-12-30T00:26:50.000000000Z,160,1,29307,R,N,,0,4,161,0,0,161,6BH5
2024-12-30T00:27:00.000000000Z,2024-12-30T00:27:00.000000000Z,160,1,29307,T,A,1.2488,3,4,162,0,0,162,6BH5
2024-12-30T00:27:10.000000000Z,2024-12-30T00:27:10.000000000Z,160,1,29307,A,A,1.2489,1,4,163,0,0,163,6BH5
2024-12-30T00:27:20.000000000Z,2024-12-30T00:27:20.000000000Z,160,1,29307,T,A,1.2488,3,4,164,0,0,164,6BH5
2024-12-30T00:27:30.000000000Z,2024-12-30T00:27:30.000000000Z,160,1,29307,F,A,1.2487,3,4,165,0,0,165,6BH5
2024-12-30T00:27:40.000000000Z,2024-12-30T00:27:40.000000000Z,160,1,29307,R,N,,0,4,166,0,0,166,6BH5
2024-12-30T00:27:50.000000000Z,2024-12-30T00:27:50.000000000Z,160,1,29307,F,A,1.2487,1,4,167,0,0,167,6BH5
2024-12-30T00:28:00.000000000Z,2024-12-30T00:28:00.000000000Z,160,1,29307,F,A,1.2489,1,4,168,0,0,168,6BH5
2024-12-30T00:28:10.000000000Z,2024-12-30T00:28:10.000000000Z,160,1,29307,A,B,1.2491,2,4,169,0,0,169,6BH5
2024-12-30T00:28:20.000000000Z,2024-12-30T00:28:20.000000000Z,160,1,29307,A,A,1.2491,1,4,170,0,0,170,6BH5
2024-12-30T00:28:30.000000000Z,2024-12-30T00:28:30.000000000Z,160,1,29307,R,N,,0,4,171,0,0,171,6BH5
2024-12-30T00:28:40.000000000Z,2024-12-30T00:28:40.000000000Z,160,1,29307,C,B,1.249,1,4,172,0,0,172,6BH5
2024-12-30T00:28:50.000000000Z,2024-12-30T00:28:50.000000000Z,160,1,29307,R,N,,0,4,173,0,0,173,6BH5
2024-12-30T00:29:00.000000000Z,2024-12-30T00:29:00.000000000Z,160,1,29307,F,B,1.249,1,4,174,0,0,174,6BH5
2024-12-30T00:29:10.000000000Z,2024-12-30T00:29:10.000000000Z,160,1,29307,R,N,,0,4,175,0,0,175,6BH5
2024-12-30T00:29:20.000000000Z,2024-12-30T00:29:20.000000000Z,160,1,29307,A,A,1.2491,1,4,176,0,0,176,6BH5
2024-12-30T00:29:30.000000000Z,2024-12-30T00:29:30.000000000Z,160,1,29307,C,B,1.2493,1,4,177,0,0,177,6BH5
2024-12-30T00:29:40.000000000Z,2024-12-30T00:29:40.000000000Z,160,1,29307,T,B,1.2494,1,4,178,0,0,178,6BH5
2024-12-30T00:29:50.000000000Z,2024-12-30T00:29:50.000000000Z,160,1,29307,A,A,1.2495,1,4,179,0,0,179,6BH5
2024-12-30T00:30:00.000000000Z,2024-12-30T00:30:00.000000000Z,160,1,29307,C,A,1.2494,1,4,180,0,0,180,6BH5
2024-12-30T00:30:10.000000000Z,2024-12-30T00:30:10.000000000Z,160,1,29307,T,B,1.2492,1,4,181,0,0,181,6BH5
2024-12-30T00:30:20.000000000Z,2024-12-30T00:30:20.000000000Z,160,1,29307,C,A,1.2491,1,4,182,0,0,182,6BH5
2024-12-30T00:30:30.000000000Z,2024-12-30T00:30:30.000000000Z,160,1,29307,R,N,,0,4,183,0,0,183,6BH5
2024-12-30T00:30:40.000000000Z,2024-12-30T00:30:40.000000000Z,160,1,29307,A,B,1.2488,1,4,184,0,0,184,6BH5
2024-12-30T00:30:50.000000000Z,2024-12-30T00:30:50.000000000Z,160,1,29307,F,B,1.2488,1,4,185,0,0,185,6BH5
2024-12-30T00:31:00.000000000Z,2024-12-30T00:31:00.000000000Z,160,1,29307,A,A,1.2488,1,4,186,0,0,186,6BH5
2024-12-30T00:31:10.000000000Z,2024-12-30T00:31:10.000000000Z,160,1,29307,C,B,1.2489,1,4,187,0,0,187,6BH5
2024-12-30T00:31:20.000000000Z,2024-12-30T00:31:20.000000000Z,160,1,29307,C,B,1.249,2,4,188,0,0,188,6BH5
2024-12-30T00:31:30.000000000Z,2024-12-30T00:31:30.000000000Z,160,1,29307,C,A,1.2488,1,4,189,0,0,189,6BH5
2024-12-30T00:31:40.000000000Z,2024-12-30T00:31:40.000000000Z,160,1,29307,C,B,1.249,3,4,190,0,0,190,6BH5
2024-12-30T00:31:50.000000000Z,2024-12-30T00:31:50.000000000Z,160,1,29307,F,B,1.2489,1,4,191,0,0,191,6BH5
2024-12-30T00:32:00.000000000Z,2024-12-30T00:32:00.000000000Z,160,1,29307,C,B,1.2489,5,4,192,0,0,192,6BH5
2024-12-30T00:32:10.000000000Z,2024-12-30T00:32:10.000000000Z,160,1,29307,C,B,1.2489,1,4,193,0,0,193,6BH5
2024-12-30T00:32:20.000000000Z,2024-12-30T00:32:20.000000000Z,160,1,29307,A,B,1.249,1,4,194,0,0,194,6BH5
2024-12-30T00:32:30.000000000Z,2024-12-30T00:32:30.000000000Z,160,1,29307,C,A,1.2488,1,4,195,0,0,195,6BH5
2024-12-30T00:32:40.000000000Z,2024-12-30T00:32:40.000000000Z,160,1,29307,A,A,1.2488,1,4,196,0,0,196,6BH5
2024-12-30T00:32:50.000000000Z,2024-12-30T00:32:50.000000000Z,160,1,29307,A,B,1.2489,1,4,197,0,0,197,6BH5
2024-12-30T00:33:00.000000000Z,2024-12-30T00:33:00.000000000Z,160,1,29307,T,A,1.2488,1,4,198,0,0,198,6BH5
2024-12-30T00:33:10.000000000Z,2024-12-30T00:33:10.000000000Z,160,1,29307,T,B,1.2489,1,4,199,0,0,199,6BH5
2024-12-30T00:33:20.000000000Z,2024-12-30T00:33:20.000000000Z,160,1,29307,A,B,1.2491,1,4,200,0,0,200,6BH5
2024-12-30T00:33:30.000000000Z,2024-12-30T00:33:30.000000000Z,160,1,29307,C,B,1.2493,2,4,201,0,0,201,6BH5
2024-12-30T00:33:40.000000000Z,2024-12-30T00:33:40.000000000Z,160,1,29307,A,B,1.2491,1,4,202,0,0,202,6BH5
2024-12-30T00:33:50.000000000Z,2024-12-30T00:33:50.000000000Z,160,1,29307,F,B,1.249,3,4,203,0,0,203,6BH5
2024-12-30T00:34:00.000000000Z,2024-12-30T00:34:00.000000000Z,160,1,29307,R,N,,0,4,204,0,0,204,6BH5
2024-12-30T00:34:10.000000000Z,2024-12-30T00:34:10.000000000Z,160,1,29307,A,A,1.2488,1,4,205,0,0,205,6BH5
2024-12-30T00:34:20.000000000Z,2024-12-30T00:34:20.000000000Z,160,1,29307,T,B,1.2487,1,4,206,0,0,206,6BH5
2024-12-30T00:34:30.000000000Z,2024-12-30T00:34:30.000000000Z,160,1,29307,A,A,1.2486,1,4,207,0,0,207,6BH5
2024-12-30T00:34:40.000000000Z,2024-12-30T00:34:40.000000000Z,160,1,29307,A,B,1.2488,1,4,208,0,0,208,6BH5
2024-12-30T00:34:50.000000000Z,2024-12-30T00:34:50.000000000Z,160,1,29307,A,A,1.249,1,4,209,0,0,209,6BH5
2024-12-30T00:35:00.000000000Z,2024-12-30T00:35:00.000000000Z,160,1,29307,C,B,1.2488,1,4,210,0,0,210,6BH5
2024-12-30T00:35:10.000000000Z,2024-12-30T00:35:10.000000000Z,160,1,29307,A,A,1.2487,3,4,211,0,0,211,6BH5
2024-12-30T00:35:20.000000000Z,2024-12-30T00:35:20.000000000Z,160,1,29307,F,B,1.2487,1,4,212,0,0,212,6BH5
2024-12-30T00:35:30.000000000Z,2024-12-30T00:35:30.000000000Z,160,1,29307,T,B,1.2486,5,4,213,0,0,213,6BH5
2024-12-30T00:35:40.000000000Z,2024-12-30T00:35:40.000000000Z,160,1,29307,T,A,1.2487,3,4,214,0,0,214,6BH5
2024-12-30T00:35:50.000000000Z,2024-12-30T00:35:50.000000000Z,160,1,29307,C,A,1.2488,2,4,215,0,0,215,6BH5
2024-12-30T00:36:00.000000000Z,2024-12-30T00:36:00.000000000Z,160,1,29307,C,B,1.249,1,4,216,0,0,216,6BH5
2024-12-30T00:36:10.000000000Z,2024-12-30T00:36:10.000000000Z,160,1,29307,A,A,1.2491,1,4,217,0,0,217,6BH5
2024-12-30T00:36:20.000000000Z,2024-12-30T00:36:20.000000000Z,160,1,29307,C,B,1.2491,1,4,218,0,0,218,6BH5
2024-12-30T00:36:30.000000000Z,2024-12-30T00:36:30.000000000Z,160,1,29307,A,A,1.2492,1,4,219,0,0,219,6BH5
2024-12-30T00:36:40.000000000Z,2024-12-30T00:36:40.000000000Z,160,1,29307,A,A,1.2491,1,4,220,0,0,220,6BH5
2024-12-30T00:36:50.000000000Z,2024-12-30T00:36:50.000000000Z,160,1,29307,A,B,1.2491,1,4,221,0,0,221,6BH5
2024-12-30T00:37:00.000000000Z,2024-12-30T00:37:00.000000000Z,160,1,29307,F,A,1.2491,1,4,222,0,0,222,6BH5
2024-12-30T00:37:10.000000000Z,2024-12-30T00:37:10.000000000Z,160,1,29307,T,A,1.2489,1,4,223,0,0,223,6BH5
2024-12-30T00:37:20.000000000Z,2024-12-30T00:37:20.000000000Z,160,1,29307,T,B,1.2488,2,4,224,0,0,224,6BH5
2024-12-30T00:37:30.000000000Z,2024-12-30T00:37:30.000000000Z,160,1,29307,C,A,1.2487,1,4,225,0,0,225,6BH5
2024-12-30T00:37:40.000000000Z,2024-12-30T00:37:40.000000000Z,160,1,29307,F,B,1.2489,1,4,226,0,0,226,6BH5
2024-12-30T00:37:50.000000000Z,2024-12-30T00:37:50.000000000Z,160,1,29307,C,B,1.2488,2,4,227,0,0,227,6BH5
2024-12-30T00:38:00.000000000Z,2024-12-30T00:38:00.000000000Z,160,1,29307,A,B,1.2487,1,4,228,0,0,228,6BH5
2024-12-30T00:38:10.000000000Z,2024-12-30T00:38:10.000000000Z,160,1,29307,T,B,1.2486,1,4,229,0,0,229,6BH5
2024-12-30T00:38:20.000000000Z,2024-12-30T00:38:20.000000000Z,160,1,29307,T,B,1.2487,2,4,230,0,0,230,6BH5
2024-12-30T00:38:30.000000000Z,2024-12-30T00:38:30.000000000Z,160,1,29307,T,A,1.2485,1,4,231,0,0,231,6BH5
2024-12-30T00:38:40.000000000Z,2024-12-30T00:38:40.000000000Z,160,1,29307,F,B,1.2487,1,4,232,0,0,232,6BH5
2024-12-30T00:38:50.000000000Z,2024-12-30T00:38:50.000000000Z,160,1,29307,T,B,1.2489,1,4,233,0,0,233,6BH5
2024-12-30T00:39:00.000000000Z,2024-12-30T00:39:00.000000000Z,160,1,29307,A,A,1.2489,1,4,234,0,0,234,6BH5
2024-12-30T00:39:10.000000000Z,2024-12-30T00:39:10.000000000Z,160,1,29307,T,A,1.249,1,4,235,0,0,235,6BH5
2024-12-30T00:39:20.000000000Z,2024-12-30T00:39:20.000000000Z,160,1,29307,C,A,1.2488,1,4,236,0,0,236,6BH5
2024-12-30T00:39:30.000000000Z,2024-12-30T00:39:30.000000000Z,160,1,29307,T,B,1.2487,1,4,237,0,0,237,6BH5
2024-12-30T00:39:40.000000000Z,2024-12-30T00:39:40.000000000Z,160,1,29307,T,B,1.2488,1,4,238,0,0,238,6BH5
2024-12-30T00:39:50.000000000Z,2024-12-30T00:39:50.000000000Z,160,1,29307,T,B,1.2486,2,4,239,0,0,239,6BH5
2024-12-30T00:40:00.000000000Z,2024-12-30T00:40:00.000000000Z,160,1,29307,C,A,1.2485,1,4,240,0,0,240,6BH5
2024-12-30T00:40:10.000000000Z,2024-12-30T00:40:10.000000000Z,160,1,29307,A,B,1.2485,2,4,241,0,0,241,6BH5
2024-12-30T00:40:20.000000000Z,2024-12-30T00:40:20.000000000Z,160,1,29307,A,A,1.2484,1,4,242,0,0,242,6BH5
2024-12-30T00:40:30.000000000Z,2024-12-30T00:40:30.000000000Z,160,1,29307,F,B,1.2486,2,4,243,0,0,243,6BH5
2024-12-30T00:40:40.000000000Z,2024-12-30T00:40:40.000000000Z,160,1,29307,T,A,1.2484,1,4,244,0,0,244,6BH5
2024-12-30T00:40:50.000000000Z,2024-12-30T00:40:50.000000000Z,160,1,29307,T,B,1.2485,1,4,245,0,0,245,6BH5
2024-12-30T00:41:00.000000000Z,2024-12-30T00:41:00.000000000Z,160,1,29307,T,B,1.2485,1,4,246,0,0,246,6BH5
2024-12-30T00:41:10.000000000Z,2024-12-30T00:41:10.000000000Z,160,1,29307,T,B,1.2486,2,4,247,0,0,247,6BH5
2024-12-30T00:41:20.000000000Z,2024-12-30T00:41:20.000000000Z,160,1,29307,F,A,1.2485,1,4,248,0,0,248,6BH5
2024-12-30T00:41:30.000000000Z,2024-12-30T00:41:30.000000000Z,160,1,29307,C,A,1.2485,1,4,249,0,0,249,6BH5
2024-12-30T00:41:40.000000000Z,2024-12-30T00:41:40.000000000Z,160,1,29307,C,B,1.2487,1,4,250,0,0,250,6BH5
2024-12-30T00:41:50.000000000Z,2024-12-30T00:41:50.000000000Z,160,1,29307,A,B,1.2487,2,4,251,0,0,251,6BH5
2024-12-30T00:42:00.000000000Z,2024-12-30T00:42:00.000000000Z,160,1,29307,A,B,1.2486,1,4,252,0,0,252,6BH5
2024-12-30T00:42:10.000000000Z,2024-12-30T00:42:10.000000000Z,160,1,29307,F,A,1.2486,1,4,253,0,0,253,6BH5
2024-12-30T00:42:20.000000000Z,2024-12-30T00:42:20.000000000Z,160,1,29307,A,B,1.2487,1,4,254,0,0,254,6BH5
2024-12-30T00:42:30.000000000Z,2024-12-30T00:42:30.000000000Z,160,1,29307,C,B,1.2487,1,4,255,0,0,255,6BH5
2024-12-30T00:42:40.000000000Z,2024-12-30T00:42:40.000000000Z,160,1,29307,A,B,1.2489,3,4,256,0,0,256,6BH5
2024-12-30T00:42:50.000000000Z,2024-12-30T00:42:50.000000000Z,160,1,29307,C,B,1.2488,2,4,257,0,0,257,6BH5
2024-12-30T00:43:00.000000000Z,2024-12-30T00:43:00.000000000Z,160,1,29307,T,A,1.2488,1,4,258,0,0,258,6BH5
2024-12-30T00:43:10.000000000Z,2024-12-30T00:43:10.000000000Z,160,1,29307,A,A,1.2489,1,4,259,0,0,259,6BH5
2024-12-30T00:43:20.000000000Z,2024-12-30T00:43:20.000000000Z,160,1,29307,A,B,1.249,2,4,260,0,0,260,6BH5
2024-12-30T00:43:30.000000000Z,2024-12-30T00:43:30.000000000Z,160,1,29307,F,B,1.2492,1,4,261,0,0,261,6BH5
2024-12-30T00:43:40.000000000Z,2024-12-30T00:43:40.000000000Z,160,1,29307,F,A,1.2494,10,4,262,0,0,262,6BH5
2024-12-30T00:43:50.000000000Z,2024-12-30T00:43:50.000000000Z,160,1,29307,T,A,1.2494,1,4,263,0,0,263,6BH5
2024-12-30T00:44:00.000000000Z,2024-12-30T00:44:00.000000000Z,160,1,29307,A,B,1.2492,1,4,264,0,0,264,6BH5
2024-12-30T00:44:10.000000000Z,2024-12-30T00:44:10.000000000Z,160,1,29307,A,A,1.249,1,4,265,0,0,265,6BH5
2024-12-30T00:44:20.000000000Z,2024-12-30T00:44:20.000000000Z,160,1,29307,C,A,1.2491,1,4,266,0,0,266,6BH5
2024-12-30T00:44:30.000000000Z,2024-12-30T00:44:30.000000000Z,160,1,29307,T,B,1.2493,3,4,267,0,0,267,6BH5
2024-12-30T00:44:40.000000000Z,2024-12-30T00:44:40.000000000Z,160,1,29307,A,A,1.2492,1,4,268,0,0,268,6BH5
2024-12-30T00:44:50.000000000Z,2024-12-30T00:44:50.000000000Z,160,1,29307,C,A,1.2491,2,4,269,0,0,269,6BH5
2024-12-30T00:45:00.000000000Z,2024-12-30T00:45:00.000000000Z,160,1,29307,C,B,1.2489,1,4,270,0,0,270,6BH5
2024-12-30T00:45:10.000000000Z,2024-12-30T00:45:10.000000000Z,160,1,29307,A,B,1.249,2,4,271,0,0,271,6BH5
2024-12-30T00:45:20.000000000Z,2024-12-30T00:45:20.000000000Z,160,1,29307,R,N,,0,4,272,0,0,272,6BH5
2024-12-30T00:45:30.000000000Z,2024-12-30T00:45:30.000000000Z,160,1,29307,T,B,1.2489,2,4,273,0,0,273,6BH5
2024-12-30T00:45:40.000000000Z,2024-12-30T00:45:40.000000000Z,160,1,29307,F,A,1.2489,1,4,274,0,0,274,6BH5
2024-12-30T00:45:50.000000000Z,2024-12-30T00:45:50.000000000Z,160,1,29307,C,B,1.249,2,4,275,0,0,275,6BH5
2024-12-30T00:46:00.000000000Z,2024-12-30T00:46:00.000000000Z,160,1,29307,C,A,1.2491,1,4,276,0,0,276,6BH5
2024-12-30T00:46:10.000000000Z,2024-12-30T00:46:10.000000000Z,160,1,29307,F,B,1.2492,1,4,277,0,0,277,6BH5
2024-12-30T00:46:20.000000000Z,2024-12-30T00:46:20.000000000Z,160,1,29307,T,A,1.2491,2,4,278,0,0,278,6BH5
2024-12-30T00:46:30.000000000Z,2024-12-30T00:46:30.000000000Z,160,1,29307,C,A,1.2491,1,4,279,0,0,279,6BH5
2024-12-30T00:46:40.000000000Z,2024-12-30T00:46:40.000000000Z,160,1,29307,T,A,1.2492,1,4,280,0,0,280,6BH5
2024-12-30T00:46:50.000000000Z,2024-12-30T00:46:50.000000000Z,160,1,29307,T,B,1.2494,1,4,281,0,0,281,6BH5
2024-12-30T00:47:00.000000000Z,2024-12-30T00:47:00.000000000Z,160,1,29307,F,B,1.2493,1,4,282,0,0,282,6BH5
2024-12-30T00:47:10.000000000Z,2024-12-30T00:47:10.000000000Z,160,1,29307,A,A,1.2491,1,4,283,0,0,283,6BH5
2024-12-30T00:47:20.000000000Z,2024-12-30T00:47:20.000000000Z,160,1,29307,F,A,1.2489,1,4,284,0,0,284,6BH5
2024-12-30T00:47:30.000000000Z,2024-12-30T00:47:30.000000000Z,160,1,29307,A,B,1.2488,1,4,285,0,0,285,6BH5
2024-12-30T00:47:40.000000000Z,2024-12-30T00:47:40.000000000Z,160,1,29307,T,B,1.2489,1,4,286,0,0,286,6BH5
2024-12-30T00:47:50.000000000Z,2024-12-30T00:47:50.000000000Z,160,1,29307,A,B,1.2487,1,4,287,0,0,287,6BH5
2024-12-30T00:48:00.000000000Z,2024-12-30T00:48:00.000000000Z,160,1,29307,A,B,1.2487,3,4,288,0,0,288,6BH5
2024-12-30T00:48:10.000000000Z,2024-12-30T00:48:10.000000000Z,160,1,29307,T,B,1.2486,1,4,289,0,0,289,6BH5
2024-12-30T00:48:20.000000000Z,2024-12-30T00:48:20.000000000Z,160,1,29307,A,B,1.2484,1,4,290,0,0,290,6BH5
2024-12-30T00:48:30.000000000Z,2024-12-30T00:48:30.000000000Z,160,1,29307,T,A,1.2484,1,4,291,0,0,291,6BH5
2024-12-30T00:48:40.000000000Z,2024-12-30T00:48:40.000000000Z,160,1,29307,C,B,1.2483,1,4,292,0,0,292,6BH5
2024-12-30T00:48:50.000000000Z,2024-12-30T00:48:50.000000000Z,160,1,29307,C,A,1.2482,1,4,293,0,0,293,6BH5
2024-12-30T00:49:00.000000000Z,2024-12-30T00:49:00.000000000Z,160,1,29307,A,B,1.2483,1,4,294,0,0,294,6BH5
2024-12-30T00:49:10.000000000Z,2024-12-30T00:49:10.000000000Z,160,1,29307,A,B,1.2483,1,4,295,0,0,295,6BH5
2024-12-30T00:49:20.000000000Z,2024-12-30T00:49:20.000000000Z,160,1,29307,T,A,1.2481,1,4,296,0,0,296,6BH5
2024-12-30T00:49:30.000000000Z,2024-12-30T00:49:30.000000000Z,160,1,29307,A,A,1.2483,1,4,297,0,0,297,6BH5
2024-12-30T00:49:40.000000000Z,2024-12-30T00:49:40.000000000Z,160,1,29307,C,B,1.2484,2,4,298,0,0,298,6BH5
2024-12-30T00:49:50.000000000Z,2024-12-30T00:49:50.000000000Z,160,1,29307,T,A,1.2485,1,4,299,0,0,299,6BH5
2024-12-30T00:50:00.000000000Z,2024-12-30T00:50:00.000000000Z,160,1,29307,A,A,1.2483,1,4,300,0,0,300,6BH5
2024-12-30T00:50:10.000000000Z,2024-12-30T00:50:10.000000000Z,160,1,29307,C,A,1.2481,1,4,301,0,0,301,6BH5
2024-12-30T00:50:20.000000000Z,2024-12-30T00:50:20.000000000Z,160,1,29307,C,A,1.2479,2,4,302,0,0,302,6BH5
2024-12-30T00:50:30.000000000Z,2024-12-30T00:50:30.000000000Z,160,1,29307,A,B,1.2478,2,4,303,0,0,303,6BH5
2024-12-30T00:50:40.000000000Z,2024-12-30T00:50:40.000000000Z,160,1,29307,F,A,1.2478,3,4,304,0,0,304,6BH5
2024-12-30T00:50:50.000000000Z,2024-12-30T00:50:50.000000000Z,160,1,29307,C,B,1.248,1,4,305,0,0,305,6BH5
2024-12-30T00:51:00.000000000Z,2024-12-30T00:51:00.000000000Z,160,1,29307,T,B,1.248,1,4,306,0,0,306,6BH5
2024-12-30T00:51:10.000000000Z,2024-12-30T00:51:10.000000000Z,160,1,29307,T,B,1.2479,1,4,307,0,0,307,6BH5
2024-12-30T00:51:20.000000000Z,2024-12-30T00:51:20.000000000Z,160,1,29307,T,B,1.2479,2,4,308,0,0,308,6BH5
2024-12-30T00:51:30.000000000Z,2024-12-30T00:51:30.000000000Z,160,1,29307,C,A,1.2477,5,4,309,0,0,309,6BH5
2024-12-30T00:51:40.000000000Z,2024-12-30T00:51:40.000000000Z,160,1,29307,F,A,1.2478,1,4,310,0,0,310,6BH5
2024-12-30T00:51:50.000000000Z,2024-12-30T00:51:50.000000000Z,160,1,29307,F,B,1.2478,1,4,311,0,0,311,6BH5
2024-12-30T00:52:00.000000000Z,2024-12-30T00:52:00.000000000Z,160,1,29307,C,B,1.2479,1,4,312,0,0,312,6BH5
2024-12-30T00:52:10.000000000Z,2024-12-30T00:52:10.000000000Z,160,1,29307,A,B,1.2481,1,4,313,0,0,313,6BH5
2024-12-30T00:52:20.000000000Z,2024-12-30T00:52:20.000000000Z,160,1,29307,A,B,1.248,1,4,314,0,0,314,6BH5
2024-12-30T00:52:30.000000000Z,2024-12-30T00:52:30.000000000Z,160,1,29307,A,A,1.248,1,4,315,0,0,315,6BH5
2024-12-30T00:52:40.000000000Z,2024-12-30T00:52:40.000000000Z,160,1,29307,T,B,1.2482,1,4,316,0,0,316,6BH5
2024-12-30T00:52:50.000000000Z,2024-12-30T00:52:50.000000000Z,160,1,29307,T,A,1.2483,1,4,317,0,0,317,6BH5
2024-12-30T00:53:00.000000000Z,2024-12-30T00:53:00.000000000Z,160,1,29307,T,B,1.2483,1,4,318,0,0,318,6BH5
2024-12-30T00:53:10.000000000Z,2024-12-30T00:53:10.000000000Z,160,1,29307,F,B,1.2485,1,4,319,0,0,319,6BH5
2024-12-30T00:53:20.000000000Z,2024-12-30T00:53:20.000000000Z,160,1,29307,A,B,1.2483,1,4,320,0,0,320,6BH5
2024-12-30T00:53:30.000000000Z,2024-12-30T00:53:30.000000000Z,160,1,29307,A,B,1.2485,1,4,321,0,0,321,6BH5
2024-12-30T00:53:40.000000000Z,2024-12-30T00:53:40.000000000Z,160,1,29307,A,A,1.2483,2,4,322,0,0,322,6BH5
2024-12-30T00:53:50.000000000Z,2024-12-30T00:53:50.000000000Z,160,1,29307,T,A,1.2483,2,4,323,0,0,323,6BH5
2024-12-30T00:54:00.000000000Z,2024-12-30T00:54:00.000000000Z,160,1,29307,A,A,1.2485,1,4,324,0,0,324,6BH5
2024-12-30T00:54:10.000000000Z,2024-12-30T00:54:10.000000000Z,160,1,29307,F,B,1.2484,1,4,325,0,0,325,6BH5
2024-12-30T00:54:20.000000000Z,2024-12-30T00:54:20.000000000Z,160,1,29307,C,B,1.2484,1,4,326,0,0,326,6BH5
2024-12-30T00:54:30.000000000Z,2024-12-30T00:54:30.000000000Z,160,1,29307,T,A,1.2483,1,4,327,0,0,327,6BH5
2024-12-30T00:54:40.000000000Z,2024-12-30T00:54:40.000000000Z,160,1,29307,A,A,1.2485,2,4,328,0,0,328,6BH5
2024-12-30T00:54:50.000000000Z,2024-12-30T00:54:50.000000000Z,160,1,29307,F,B,1.2486,2,4,329,0,0,329,6BH5
2024-12-30T00:55:00.000000000Z,2024-12-30T00:55:00.000000000Z,160,1,29307,A,B,1.2487,1,4,330,0,0,330,6BH5
2024-12-30T00:55:10.000000000Z,2024-12-30T00:55:10.000000000Z,160,1,29307,A,A,1.2487,10,4,331,0,0,331,6BH5
2024-12-30T00:55:20.000000000Z,2024-12-30T00:55:20.000000000Z,160,1,29307,F,B,1.2488,5,4,332,0,0,332,6BH5
2024-12-30T00:55:30.000000000Z,2024-12-30T00:55:30.000000000Z,160,1,29307,T,B,1.2487,2,4,333,0,0,333,6BH5
2024-12-30T00:55:40.000000000Z,2024-12-30T00:55:40.000000000Z,160,1,29307,A,A,1.2487,1,4,334,0,0,334,6BH5
2024-12-30T00:55:50.000000000Z,2024-12-30T00:55:50.000000000Z,160,1,29307,T,B,1.2488,1,4,335,0,0,335,6BH5
2024-12-30T00:56:00.000000000Z,2024-12-30T00:56:00.000000000Z,160,1,29307,A,A,1.2487,1,4,336,0,0,336,6BH5
2024-12-30T00:56:10.000000000Z,2024-12-30T00:56:10.000000000Z,160,1,29307,R,N,,0,4,337,0,0,337,6BH5
2024-12-30T00:56:20.000000000Z,2024-12-30T00:56:20.000000000Z,160,1,29307,T,A,1.2483,1,4,338,0,0,338,6BH5
2024-12-30T00:56:30.000000000Z,2024-12-30T00:56:30.000000000Z,160,1,29307,T,B,1.2481,2,4,339,0,0,339,6BH5
2024-12-30T00:56:40.000000000Z,2024-12-30T00:56:40.000000000Z,160,1,29307,T,A,1.2483,1,4,340,0,0,340,6BH5
2024-12-30T00:56:50.000000000Z,2024-12-30T00:56:50.000000000Z,160,1,29307,A,A,1.2483,3,4,341,0,0,341,6BH5
2024-12-30T00:57:00.000000000Z,2024-12-30T00:57:00.000000000Z,160,1,29307,T,A,1.2484,1,4,342,0,0,342,6BH5
2024-12-30T00:57:10.000000000Z,2024-12-30T00:57:10.000000000Z,160,1,29307,R,N,,0,4,343,0,0,343,6BH5
2024-12-30T00:57:20.000000000Z,2024-12-30T00:57:20.000000000Z,160,1,29307,A,B,1.2482,2,4,344,0,0,344,6BH5
2024-12-30T00:57:30.000000000Z,2024-12-30T00:57:30.000000000Z,160,1,29307,F,B,1.2481,1,4,345,0,0,345,6BH5
2024-12-30T00:57:40.000000000Z,2024-12-30T00:57:40.000000000Z,160,1,29307,T,A,1.2482,1,4,346,0,0,346,6BH5
2024-12-30T00:57:50.000000000Z,2024-12-30T00:57:50.000000000Z,160,1,29307,F,B,1.2483,10,4,347,0,0,347,6BH5
2024-12-30T00:58:00.000000000Z,2024-12-30T00:58:00.000000000Z,160,1,29307,T,B,1.2485,2,4,348,0,0,348,6BH5
2024-12-30T00:58:10.000000000Z,2024-12-30T00:58:10.000000000Z,160,1,29307,F,B,1.2486,1,4,349,0,0,349,6BH5
2024-12-30T00:58:20.000000000Z,2024-12-30T00:58:20.000000000Z,160,1,29307,F,B,1.2486,2,4,350,0,0,350,6BH5
2024-12-30T00:58:30.000000000Z,2024-12-30T00:58:30.000000000Z,160,1,29307,A,B,1.2487,1,4,351,0,0,351,6BH5
2024-12-30T00:58:40.000000000Z,2024-12-30T00:58:40.000000000Z,160,1,29307,A,A,1.2489,2,4,352,0,0,352,6BH5
2024-12-30T00:58:50.000000000Z,2024-12-30T00:58:50.000000000Z,160,1,29307,A,A,1.249,2,4,353,0,0,353,6BH5
2024-12-30T00:59:00.000000000Z,2024-12-30T00:59:00.000000000Z,160,1,29307,T,A,1.2488,1,4,354,0,0,354,6BH5
2024-12-30T00:59:10.000000000Z,2024-12-30T00:59:10.000000000Z,160,1,29307,T,A,1.2488,1,4,355,0,0,355,6BH5
2024-12-30T00:59:20.000000000Z,2024-12-30T00:59:20.000000000Z,160,1,29307,T,B,1.2489,1,4,356,0,0,356,6BH5
2024-12-30T00:59:30.000000000Z,2024-12-30T00:59:30.000000000Z,160,1,29307,C,B,1.249,1,4,357,0,0,357,6BH5
2024-12-30T00:59:40.000000000Z,2024-12-30T00:59:40.000000000Z,160,1,29307,C,A,1.2489,3,4,358,0,0,358,6BH5
2024-12-30T00:59:50.000000000Z,2024-12-30T00:59:50.000000000Z,160,1,29307,T,B,1.2491,1,4,359,0,0,359,6BH5
2024-12-30T01:00:00.000000000Z,2024-12-30T01:00:00.000000000Z,160,1,29307,A,B,1.2493,2,4,360,0,0,360,6BH5
2024-12-30T01:00:10.000000000Z,2024-12-30T01:00:10.000000000Z,160,1,29307,A,A,1.2492,2,4,361,0,0,361,6BH5
2024-12-30T01:00:20.000000000Z,2024-12-30T01:00:20.000000000Z,160,1,29307,A,B,1.2494,3,4,362,0,0,362,6BH5
2024-12-30T01:00:30.000000000Z,2024-12-30T01:00:30.000000000Z,160,1,29307,A,A,1.2492,2,4,363,0,0,363,6BH5
2024-12-30T01:00:40.000000000Z,2024-12-30T01:00:40.000000000Z,160,1,29307,A,A,1.249,1,4,364,0,0,364,6BH5
2024-12-30T01:00:50.000000000Z,2024-12-30T01:00:50.000000000Z,160,1,29307,R,N,,0,4,365,0,0,365,6BH5
2024-12-30T01:01:00.000000000Z,2024-12-30T01:01:00.000000000Z,160,1,29307,T,B,1.2486,1,4,366,0,0,366,6BH5
2024-12-30T01:01:10.000000000Z,2024-12-30T01:01:10.000000000Z,160,1,29307,A,A,1.2487,1,4,367,0,0,367,6BH5
2024-12-30T01:01:20.000000000Z,2024-12-30T01:01:20.000000000Z,160,1,29307,A,A,1.2485,1,4,368,0,0,368,6BH5
2024-12-30T01:01:30.000000000Z,2024-12-30T01:01:30.000000000Z,160,1,29307,C,B,1.2484,1,4,369,0,0,369,6BH5
2024-12-30T01:01:40.000000000Z,2024-12-30T01:01:40.000000000Z,160,1,29307,C,A,1.2482,1,4,370,0,0,370,6BH5
2024-12-30T01:01:50.000000000Z,2024-12-30T01:01:50.000000000Z,160,1,29307,T,A,1.2481,5,4,371,0,0,371,6BH5
2024-12-30T01:02:00.000000000Z,2024-12-30T01:02:00.000000000Z,160,1,29307,F,A,1.2479,2,4,372,0,0,372,6BH5
2024-12-30T01:02:10.000000000Z,2024-12-30T01:02:10.000000000Z,160,1,29307,T,B,1.248,1,4,373,0,0,373,6BH5
2024-12-30T01:02:20.000000000Z,2024-12-30T01:02:20.000000000Z,160,1,29307,C,A,1.2478,1,4,374,0,0,374,6BH5
2024-12-30T01:02:30.000000000Z,2024-12-30T01:02:30.000000000Z,160,1,29307,T,B,1.248,1,4,375,0,0,375,6BH5
2024-12-30T01:02:40.000000000Z,2024-12-30T01:02:40.000000000Z,160,1,29307,F,A,1.2481,1,4,376,0,0,376,6BH5
2024-12-30T01:02:50.000000000Z,2024-12-30T01:02:50.000000000Z,160,1,29307,C,B,1.2479,2,4,377,0,0,377,6BH5
2024-12-30T01:03:00.000000000Z,2024-12-30T01:03:00.000000000Z,160,1,29307,R,N,,0,4,378,0,0,378,6BH5
2024-12-30T01:03:10.000000000Z,2024-12-30T01:03:10.000000000Z,160,1,29307,T,B,1.2479,2,4,379,0,0,379,6BH5
2024-12-30T01:03:20.000000000Z,2024-12-30T01:03:20.000000000Z,160,1,29307,F,B,1.2478,1,4,380,0,0,380,6BH5
2024-12-30T01:03:30.000000000Z,2024-12-30T01:03:30.000000000Z,160,1,29307,T,B,1.2476,1,4,381,0,0,381,6BH5
2024-12-30T01:03:40.000000000Z,2024-12-30T01:03:40.000000000Z,160,1,29307,T,A,1.2475,1,4,382,0,0,382,6BH5
2024-12-30T01:03:50.000000000Z,2024-12-30T01:03:50.000000000Z,160,1,29307,T,A,1.2475,1,4,383,0,0,383,6BH5
2024-12-30T01:04:00.000000000Z,2024-12-30T01:04:00.000000000Z,160,1,29307,C,A,1.2476,1,4,384,0,0,384,6BH5
2024-12-30T01:04:10.000000000Z,2024-12-30T01:04:10.000000000Z,160,1,29307,C,B,1.2475,2,4,385,0,0,385,6BH5
2024-12-30T01:04:20.000000000Z,2024-12-30T01:04:20.000000000Z,160,1,29307,R,N,,0,4,386,0,0,386,6BH5
2024-12-30T01:04:30.000000000Z,2024-12-30T01:04:30.000000000Z,160,1,29307,F,B,1.2475,1,4,387,0,0,387,6BH5
2024-12-30T01:04:40.000000000Z,2024-12-30T01:04:40.000000000Z,160,1,29307,A,A,1.2476,2,4,388,0,0,388,6BH5
2024-12-30T01:04:50.000000000Z,2024-12-30T01:04:50.000000000Z,160,1,29307,T,B,1.2475,1,4,389,0,0,389,6BH5
2024-12-30T01:05:00.000000000Z,2024-12-30T01:05:00.000000000Z,160,1,29307,C,B,1.2473,5,4,390,0,0,390,6BH5
2024-12-30T01:05:10.000000000Z,2024-12-30T01:05:10.000000000Z,160,1,29307,A,B,1.2472,1,4,391,0,0,391,6BH5
2024-12-30T01:05:20.000000000Z,2024-12-30T01:05:20.000000000Z,160,1,29307,F,A,1.2471,2,4,392,0,0,392,6BH5
2024-12-30T01:05:30.000000000Z,2024-12-30T01:05:30.000000000Z,160,1,29307,A,A,1.2471,1,4,393,0,0,393,6BH5
2024-12-30T01:05:40.000000000Z,2024-12-30T01:05:40.000000000Z,160,1,29307,R,N,,0,4,394,0,0,394,6BH5
2024-12-30T01:05:50.000000000Z,2024-12-30T01:05:50.000000000Z,160,1,29307,T,B,1.247,1,4,395,0,0,395,6BH5
2024-12-30T01:06:00.000000000Z,2024-12-30T01:06:00.000000000Z,160,1,29307,F,B,1.2471,1,4,396,0,0,396,6BH5
2024-12-30T01:06:10.000000000Z,2024-12-30T01:06:10.000000000Z,160,1,29307,T,A,1.2472,1,4,397,0,0,397,6BH5
2024-12-30T01:06:20.000000000Z,2024-12-30T01:06:20.000000000Z,160,1,29307,C,A,1.2474,1,4,398,0,0,398,6BH5
2024-12-30T01:06:30.000000000Z,2024-12-30T01:06:30.000000000Z,160,1,29307,T,A,1.2473,10,4,399,0,0,399,6BH5
2024-12-30T08:00:00.000000000Z,2024-12-30T08:00:00.000000000Z,160,1,29307,F,B,1.2473,2,4,400,0,0,400,6BH5
2024-12-30T08:00:08.000000000Z,2024-12-30T08:00:08.000000000Z,160,1,29307,R,N,,0,4,401,0,0,401,6BH5
2024-12-30T08:00:16.000000000Z,2024-12-30T08:00:16.000000000Z,160,1,29307,F,B,1.2476,2,4,402,0,0,402,6BH5
2024-12-30T08:00:24.000000000Z,2024-12-30T08:00:24.000000000Z,160,1,29307,A,B,1.2475,5,4,403,0,0,403,6BH5
2024-12-30T08:00:32.000000000Z,2024-12-30T08:00:32.000000000Z,160,1,29307,T,B,1.2473,1,4,404,0,0,404,6BH5
2024-12-30T08:00:40.000000000Z,2024-12-30T08:00:40.000000000Z,160,1,29307,T,A,1.2472,1,4,405,0,0,405,6BH5
2024-12-30T08:00:48.000000000Z,2024-12-30T08:00:48.000000000Z,160,1,29307,T,B,1.2472,2,4,406,0,0,406,6BH5
2024-12-30T08:00:56.000000000Z,2024-12-30T08:00:56.000000000Z,160,1,29307,A,B,1.2473,2,4,407,0,0,407,6BH5
2024-12-30T08:01:04.000000000Z,2024-12-30T08:01:04.000000000Z,160,1,29307,C,B,1.2471,1,4,408,0,0,408,6BH5
2024-12-30T08:01:12.000000000Z,2024-12-30T08:01:12.000000000Z,160,1,29307,A,B,1.2471,1,4,409,0,0,409,6BH5
2024-12-30T08:01:20.000000000Z,2024-12-30T08:01:20.000000000Z,160,1,29307,C,B,1.2471,1,4,410,0,0,410,6BH5
2024-12-30T08:01:28.000000000Z,2024-12-30T08:01:28.000000000Z,160,1,29307,T,A,1.2471,3,4,411,0,0,411,6BH5
2024-12-30T08:01:36.000000000Z,2024-12-30T08:01:36.000000000Z,160,1,29307,A,B,1.2472,1,4,412,0,0,412,6BH5
2024-12-30T08:01:44.000000000Z,2024-12-30T08:01:44.000000000Z,160,1,29307,A,B,1.2473,5,4,413,0,0,413,6BH5
2024-12-30T08:01:52.000000000Z,2024-12-30T08:01:52.000000000Z,160,1,29307,T,B,1.2472,3,4,414,0,0,414,6BH5
2024-12-30T08:02:00.000000000Z,2024-12-30T08:02:00.000000000Z,160,1,29307,A,A,1.2474,1,4,415,0,0,415,6BH5
2024-12-30T08:02:08.000000000Z,2024-12-30T08:02:08.000000000Z,160,1,29307,A,A,1.2473,1,4,416,0,0,416,6BH5
2024-12-30T08:02:16.000000000Z,2024-12-30T08:02:16.000000000Z,160,1,29307,T,A,1.2472,1,4,417,0,0,417,6BH5
2024-12-30T08:02:24.000000000Z,2024-12-30T08:02:24.000000000Z,160,1,29307,C,B,1.2471,1,4,418,0,0,418,6BH5
2024-12-30T08:02:32.000000000Z,2024-12-30T08:02:32.000000000Z,160,1,29307,C,A,1.2469,1,4,419,0,0,419,6BH5
2024-12-30T08:02:40.000000000Z,2024-12-30T08:02:40.000000000Z,160,1,29307,T,B,1.2468,2,4,420,0,0,420,6BH5
2024-12-30T08:02:48.000000000Z,2024-12-30T08:02:48.000000000Z,160,1,29307,C,B,1.2466,1,4,421,0,0,421,6BH5
2024-12-30T08:02:56.000000000Z,2024-12-30T08:02:56.000000000Z,160,1,29307,T,A,1.2467,1,4,422,0,0,422,6BH5
2024-12-30T08:03:04.000000000Z,2024-12-30T08:03:04.000000000Z,160,1,29307,A,B,1.2465,1,4,423,0,0,423,6BH5
2024-12-30T08:03:12.000000000Z,2024-12-30T08:03:12.000000000Z,160,1,29307,T,B,1.2466,3,4,424,0,0,424,6BH5
2024-12-30T08:03:20.000000000Z,2024-12-30T08:03:20.000000000Z,160,1,29307,A,B,1.2464,1,4,425,0,0,425,6BH5
2024-12-30T08:03:28.000000000Z,2024-12-30T08:03:28.000000000Z,160,1,29307,C,A,1.2466,3,4,426,0,0,426,6BH5
2024-12-30T08:03:36.000000000Z,2024-12-30T08:03:36.000000000Z,160,1,29307,A,B,1.2467,1,4,427,0,0,427,6BH5
2024-12-30T08:03:44.000000000Z,2024-12-30T08:03:44.000000000Z,160,1,29307,A,B,1.2465,1,4,428,0,0,428,6BH5
2024-12-30T08:03:52.000000000Z,2024-12-30T08:03:52.000000000Z,160,1,29307,R,N,,0,4,429,0,0,429,6BH5
2024-12-30T08:04:00.000000000Z,2024-12-30T08:04:00.000000000Z,160,1,29307,C,B,1.2466,1,4,430,0,0,430,6BH5
2024-12-30T08:04:08.000000000Z,2024-12-30T08:04:08.000000000Z,160,1,29307,A,B,1.2467,1,4,431,0,0,431,6BH5
2024-12-30T08:04:16.000000000Z,2024-12-30T08:04:16.000000000Z,160,1,29307,C,A,1.2467,1,4,432,0,0,432,6BH5
2024-12-30T08:04:24.000000000Z,2024-12-30T08:04:24.000000000Z,160,1,29307,T,B,1.2468,1,4,433,0,0,433,6BH5
2024-12-30T08:04:32.000000000Z,2024-12-30T08:04:32.000000000Z,160,1,29307,T,B,1.2469,1,4,434,0,0,434,6BH5
2024-12-30T08:04:40.000000000Z,2024-12-30T08:04:40.000000000Z,160,1,29307,A,B,1.2469,1,4,435,0,0,435,6BH5
2024-12-30T08:04:48.000000000Z,2024-12-30T08:04:48.000000000Z,160,1,29307,A,B,1.2467,2,4,436,0,0,436,6BH5
2024-12-30T08:04:56.000000000Z,2024-12-30T08:04:56.000000000Z,160,1,29307,R,N,,0,4,437,0,0,437,6BH5
2024-12-30T08:05:04.000000000Z,2024-12-30T08:05:04.000000000Z,160,1,29307,C,A,1.2467,1,4,438,0,0,438,6BH5
2024-12-30T08:05:12.000000000Z,2024-12-30T08:05:12.000000000Z,160,1,29307,C,A,1.2467,10,4,439,0,0,439,6BH5
2024-12-30T08:05:20.000000000Z,2024-12-30T08:05:20.000000000Z,160,1,29307,A,A,1.2465,2,4,440,0,0,440,6BH5
2024-12-30T08:05:28.000000000Z,2024-12-30T08:05:28.000000000Z,160,1,29307,A,A,1.2465,5,4,441,0,0,441,6BH5
2024-12-30T08:05:36.000000000Z,2024-12-30T08:05:36.000000000Z,160,1,29307,F,B,1.2467,1,4,442,0,0,442,6BH5
2024-12-30T08:05:44.000000000Z,2024-12-30T08:05:44.000000000Z,160,1,29307,R,N,,0,4,443,0,0,443,6BH5
2024-12-30T08:05:52.000000000Z,2024-12-30T08:05:52.000000000Z,160,1,29307,F,B,1.2465,1,4,444,0,0,444,6BH5
2024-12-30T08:06:00.000000000Z,2024-12-30T08:06:00.000000000Z,160,1,29307,T,B,1.2466,1,4,445,0,0,445,6BH5
2024-12-30T08:06:08.000000000Z,2024-12-30T08:06:08.000000000Z,160,1,29307,A,B,1.2467,2,4,446,0,0,446,6BH5
2024-12-30T08:06:16.000000000Z,2024-12-30T08:06:16.000000000Z,160,1,29307,C,A,1.2467,1,4,447,0,0,447,6BH5
2024-12-30T08:06:24.000000000Z,2024-12-30T08:06:24.000000000Z,160,1,29307,T,A,1.2466,1,4,448,0,0,448,6BH5
2024-12-30T08:06:32.000000000Z,2024-12-30T08:06:32.000000000Z,160,1,29307,A,B,1.2468,1,4,449,0,0,449,6BH5
2024-12-30T08:06:40.000000000Z,2024-12-30T08:06:40.000000000Z,160,1,29307,C,B,1.2469,2,4,450,0,0,450,6BH5
2024-12-30T08:06:48.000000000Z,2024-12-30T08:06:48.000000000Z,160,1,29307,T,B,1.2467,1,4,451,0,0,451,6BH5
2024-12-30T08:06:56.000000000Z,2024-12-30T08:06:56.000000000Z,160,1,29307,T,A,1.2465,1,4,452,0,0,452,6BH5
2024-12-30T08:07:04.000000000Z,2024-12-30T08:07:04.000000000Z,160,1,29307,A,B,1.2465,1,4,453,0,0,453,6BH5
2024-12-30T08:07:12.000000000Z,2024-12-30T08:07:12.000000000Z,160,1,29307,A,B,1.2464,1,4,454,0,0,454,6BH5
2024-12-30T08:07:20.000000000Z,2024-12-30T08:07:20.000000000Z,160,1,29307,T,B,1.2463,3,4,455,0,0,455,6BH5
2024-12-30T08:07:28.000000000Z,2024-12-30T08:07:28.000000000Z,160,1,29307,A,A,1.2465,1,4,456,0,0,456,6BH5
2024-12-30T08:07:36.000000000Z,2024-12-30T08:07:36.000000000Z,160,1,29307,C,B,1.2463,1,4,457,0,0,457,6BH5
2024-12-30T08:07:44.000000000Z,2024-12-30T08:07:44.000000000Z,160,1,29307,R,N,,0,4,458,0,0,458,6BH5
2024-12-30T08:07:52.000000000Z,2024-12-30T08:07:52.000000000Z,160,1,29307,A,A,1.2463,1,4,459,0,0,459,6BH5
2024-12-30T08:08:00.000000000Z,2024-12-30T08:08:00.000000000Z,160,1,29307,C,A,1.2464,1,4,460,0,0,460,6BH5
2024-12-30T08:08:08.000000000Z,2024-12-30T08:08:08.000000000Z,160,1,29307,C,A,1.2465,2,4,461,0,0,461,6BH5
2024-12-30T08:08:16.000000000Z,2024-12-30T08:08:16.000000000Z,160,1,29307,A,A,1.2463,1,4,462,0,0,462,6BH5
2024-12-30T08:08:24.000000000Z,2024-12-30T08:08:24.000000000Z,160,1,29307,T,A,1.2463,1,4,463,0,0,463,6BH5
2024-12-30T08:08:32.000000000Z,2024-12-30T08:08:32.000000000Z,160,1,29307,F,B,1.2461,2,4,464,0,0,464,6BH5
2024-12-30T08:08:40.000000000Z,2024-12-30T08:08:40.000000000Z,160,1,29307,C,B,1.2463,2,4,465,0,0,465,6BH5
2024-12-30T08:08:48.000000000Z,2024-12-30T08:08:48.000000000Z,160,1,29307,A,B,1.2465,2,4,466,0,0,466,6BH5
2024-12-30T08:08:56.000000000Z,2024-12-30T08:08:56.000000000Z,160,1,29307,A,A,1.2465,5,4,467,0,0,467,6BH5
2024-12-30T08:09:04.000000000Z,2024-12-30T08:09:04.000000000Z,160,1,29307,C,B,1.2465,2,4,468,0,0,468,6BH5
2024-12-30T08:09:12.000000000Z,2024-12-30T08:09:12.000000000Z,160,1,29307,C,A,1.2464,2,4,469,0,0,469,6BH5
2024-12-30T08:09:20.000000000Z,2024-12-30T08:09:20.000000000Z,160,1,29307,F,A,1.2465,2,4,470,0,0,470,6BH5
2024-12-30T08:09:28.000000000Z,2024-12-30T08:09:28.000000000Z,160,1,29307,T,A,1.2464,1,4,471,0,0,471,6BH5
2024-12-30T08:09:36.000000000Z,2024-12-30T08:09:36.000000000Z,160,1,29307,A,B,1.2463,1,4,472,0,0,472,6BH5
2024-12-30T08:09:44.000000000Z,2024-12-30T08:09:44.000000000Z,160,1,29307,F,A,1.2463,2,4,473,0,0,473,6BH5
2024-12-30T08:09:52.000000000Z,2024-12-30T08:09:52.000000000Z,160,1,29307,C,A,1.2461,1,4,474,0,0,474,6BH5
2024-12-30T08:10:00.000000000Z,2024-12-30T08:10:00.000000000Z,160,1,29307,C,B,1.2462,1,4,475,0,0,475,6BH5
2024-12-30T08:10:08.000000000Z,2024-12-30T08:10:08.000000000Z,160,1,29307,C,B,1.246,1,4,476,0,0,476,6BH5
2024-12-30T08:10:16.000000000Z,2024-12-30T08:10:16.000000000Z,160,1,29307,F,A,1.2461,1,4,477,0,0,477,6BH5
2024-12-30T08:10:24.000000000Z,2024-12-30T08:10:24.000000000Z,160,1,29307,A,A,1.246,1,4,478,0,0,478,6BH5
2024-12-30T08:10:32.000000000Z,2024-12-30T08:10:32.000000000Z,160,1,29307,F,B,1.2459,2,4,479,0,0,479,6BH5
2024-12-30T08:10:40.000000000Z,2024-12-30T08:10:40.000000000Z,160,1,29307,A,B,1.246,3,4,480,0,0,480,6BH5
2024-12-30T08:10:48.000000000Z,2024-12-30T08:10:48.000000000Z,160,1,29307,R,N,,0,4,481,0,0,481,6BH5
2024-12-30T08:10:56.000000000Z,2024-12-30T08:10:56.000000000Z,160,1,29307,F,A,1.2463,2,4,482,0,0,482,6BH5
2024-12-30T08:11:04.000000000Z,2024-12-30T08:11:04.000000000Z,160,1,29307,T,B,1.2462,1,4,483,0,0,483,6BH5
2024-12-30T08:11:12.000000000Z,2024-12-30T08:11:12.000000000Z,160,1,29307,A,B,1.2461,1,4,484,0,0,484,6BH5
2024-12-30T08:11:20.000000000Z,2024-12-30T08:11:20.000000000Z,160,1,29307,A,B,1.2463,1,4,485,0,0,485,6BH5
2024-12-30T08:11:28.000000000Z,2024-12-30T08:11:28.000000000Z,160,1,29307,F,A,1.2463,1,4,486,0,0,486,6BH5
2024-12-30T08:11:36.000000000Z,2024-12-30T08:11:36.000000000Z,160,1,29307,R,N,,0,4,487,0,0,487,6BH5
2024-12-30T08:11:44.000000000Z,2024-12-30T08:11:44.000000000Z,160,1,29307,T,B,1.2463,1,4,488,0,0,488,6BH5
2024-12-30T08:11:52.000000000Z,2024-12-30T08:11:52.000000000Z,160,1,29307,C,B,1.2464,1,4,489,0,0,489,6BH5
2024-12-30T08:12:00.000000000Z,2024-12-30T08:12:00.000000000Z,160,1,29307,C,B,1.2466,1,4,490,0,0,490,6BH5
2024-12-30T08:12:08.000000000Z,2024-12-30T08:12:08.000000000Z,160,1,29307,T,B,1.2468,5,4,491,0,0,491,6BH5
2024-12-30T08:12:16.000000000Z,2024-12-30T08:12:16.000000000Z,160,1,29307,T,A,1.247,1,4,492,0,0,492,6BH5
2024-12-30T08:12:24.000000000Z,2024-12-30T08:12:24.000000000Z,160,1,29307,A,A,1.2468,1,4,493,0,0,493,6BH5
2024-12-30T08:12:32.000000000Z,2024-12-30T08:12:32.000000000Z,160,1,29307,T,A,1.2466,1,4,494,0,0,494,6BH5
2024-12-30T08:12:40.000000000Z,2024-12-30T08:12:40.000000000Z,160,1,29307,C,B,1.2466,1,4,495,0,0,495,6BH5
2024-12-30T08:12:48.000000000Z,2024-12-30T08:12:48.000000000Z,160,1,29307,C,A,1.2466,1,4,496,0,0,496,6BH5
2024-12-30T08:12:56.000000000Z,2024-12-30T08:12:56.000000000Z,160,1,29307,A,A,1.2466,1,4,497,0,0,497,6BH5
2024-12-30T08:13:04.000000000Z,2024-12-30T08:13:04.000000000Z,160,1,29307,C,A,1.2465,1,4,498,0,0,498,6BH5
2024-12-30T08:13:12.000000000Z,2024-12-30T08:13:12.000000000Z,160,1,29307,F,B,1.2465,3,4,499,0,0,499,6BH5
2024-12-30T08:13:20.000000000Z,2024-12-30T08:13:20.000000000Z,160,1,29307,C,B,1.2465,1,4,500,0,0,500,6BH5
2024-12-30T08:13:28.000000000Z,2024-12-30T08:13:28.000000000Z,160,1,29307,F,A,1.2463,3,4,501,0,0,501,6BH5
2024-12-30T08:13:36.000000000Z,2024-12-30T08:13:36.000000000Z,160,1,29307,A,A,1.2462,2,4,502,0,0,502,6BH5
2024-12-30T08:13:44.000000000Z,2024-12-30T08:13:44.000000000Z,160,1,29307,A,B,1.2462,1,4,503,0,0,503,6BH5
2024-12-30T08:13:52.000000000Z,2024-12-30T08:13:52.000000000Z,160,1,29307,C,B,1.2463,2,4,504,0,0,504,6BH5
2024-12-30T08:14:00.000000000Z,2024-12-30T08:14:00.000000000Z,160,1,29307,F,A,1.2462,1,4,505,0,0,505,6BH5
2024-12-30T08:14:08.000000000Z,2024-12-30T08:14:08.000000000Z,160,1,29307,T,B,1.2462,1,4,506,0,0,506,6BH5
2024-12-30T08:14:16.000000000Z,2024-12-30T08:14:16.000000000Z,160,1,29307,C,A,1.2463,1,4,507,0,0,507,6BH5
2024-12-30T08:14:24.000000000Z,2024-12-30T08:14:24.000000000Z,160,1,29307,C,B,1.2463,2,4,508,0,0,508,6BH5
2024-12-30T08:14:32.000000000Z,2024-12-30T08:14:32.000000000Z,160,1,29307,T,A,1.2461,1,4,509,0,0,509,6BH5
2024-12-30T08:14:40.000000000Z,2024-12-30T08:14:40.000000000Z,160,1,29307,T,A,1.2461,3,4,510,0,0,510,6BH5
2024-12-30T08:14:48.000000000Z,2024-12-30T08:14:48.000000000Z,160,1,29307,A,B,1.246,2,4,511,0,0,511,6BH5
2024-12-30T08:14:56.000000000Z,2024-12-30T08:14:56.000000000Z,160,1,29307,A,A,1.2462,3,4,512,0,0,512,6BH5
2024-12-30T08:15:04.000000000Z,2024-12-30T08:15:04.000000000Z,160,1,29307,A,A,1.246,1,4,513,0,0,513,6BH5
2024-12-30T08:15:12.000000000Z,2024-12-30T08:15:12.000000000Z,160,1,29307,R,N,,0,4,514,0,0,514,6BH5
2024-12-30T08:15:20.000000000Z,2024-12-30T08:15:20.000000000Z,160,1,29307,F,B,1.2459,1,4,515,0,0,515,6BH5
2024-12-30T08:15:28.000000000Z,2024-12-30T08:15:28.000000000Z,160,1,29307,T,B,1.2459,1,4,516,0,0,516,6BH5
2024-12-30T08:15:36.000000000Z,2024-12-30T08:15:36.000000000Z,160,1,29307,R,N,,0,4,517,0,0,517,6BH5
2024-12-30T08:15:44.000000000Z,2024-12-30T08:15:44.000000000Z,160,1,29307,A,A,1.2458,2,4,518,0,0,518,6BH5
2024-12-30T08:15:52.000000000Z,2024-12-30T08:15:52.000000000Z,160,1,29307,F,B,1.2458,1,4,519,0,0,519,6BH5
2024-12-30T08:16:00.000000000Z,2024-12-30T08:16:00.000000000Z,160,1,29307,A,A,1.2457,1,4,520,0,0,520,6BH5
2024-12-30T08:16:08.000000000Z,2024-12-30T08:16:08.000000000Z,160,1,29307,R,N,,0,4,521,0,0,521,6BH5
2024-12-30T08:16:16.000000000Z,2024-12-30T08:16:16.000000000Z,160,1,29307,A,B,1.2457,1,4,522,0,0,522,6BH5
2024-12-30T08:16:24.000000000Z,2024-12-30T08:16:24.000000000Z,160,1,29307,T,B,1.2456,1,4,523,0,0,523,6BH5
2024-12-30T08:16:32.000000000Z,2024-12-30T08:16:32.000000000Z,160,1,29307,C,A,1.2458,1,4,524,0,0,524,6BH5
2024-12-30T08:16:40.000000000Z,2024-12-30T08:16:40.000000000Z,160,1,29307,C,A,1.2459,1,4,525,0,0,525,6BH5
2024-12-30T08:16:48.000000000Z,2024-12-30T08:16:48.000000000Z,160,1,29307,T,B,1.2459,5,4,526,0,0,526,6BH5
2024-12-30T08:16:56.000000000Z,2024-12-30T08:16:56.000000000Z,160,1,29307,F,B,1.2457,1,4,527,0,0,527,6BH5
2024-12-30T08:17:04.000000000Z,2024-12-30T08:17:04.000000000Z,160,1,29307,A,B,1.2457,2,4,528,0,0,528,6BH5
2024-12-30T08:17:12.000000000Z,2024-12-30T08:17:12.000000000Z,160,1,29307,A,A,1.2458,3,4,529,0,0,529,6BH5
2024-12-30T08:17:20.000000000Z,2024-12-30T08:17:20.000000000Z,160,1,29307,R,N,,0,4,530,0,0,530,6BH5
2024-12-30T08:17:28.000000000Z,2024-12-30T08:17:28.000000000Z,160,1,29307,C,A,1.2458,1,4,531,0,0,531,6BH5
2024-12-30T08:17:36.000000000Z,2024-12-30T08:17:36.000000000Z,160,1,29307,F,A,1.2457,1,4,532,0,0,532,6BH5
2024-12-30T08:17:44.000000000Z,2024-12-30T08:17:44.000000000Z,160,1,29307,T,A,1.2458,2,4,533,0,0,533,6BH5
2024-12-30T08:17:52.000000000Z,2024-12-30T08:17:52.000000000Z,160,1,29307,F,B,1.2456,1,4,534,0,0,534,6BH5
2024-12-30T08:18:00.000000000Z,2024-12-30T08:18:00.000000000Z,160,1,29307,F,B,1.2458,1,4,535,0,0,535,6BH5
2024-12-30T08:18:08.000000000Z,2024-12-30T08:18:08.000000000Z,160,1,29307,C,A,1.2458,1,4,536,0,0,536,6BH5
2024-12-30T08:18:16.000000000Z,2024-12-30T08:18:16.000000000Z,160,1,29307,C,A,1.2457,1,4,537,0,0,537,6BH5
2024-12-30T08:18:24.000000000Z,2024-12-30T08:18:24.000000000Z,160,1,29307,C,B,1.2456,1,4,538,0,0,538,6BH5
2024-12-30T08:18:32.000000000Z,2024-12-30T08:18:32.000000000Z,160,1,29307,F,B,1.2456,5,4,539,0,0,539,6BH5
2024-12-30T08:18:40.000000000Z,2024-12-30T08:18:40.000000000Z,160,1,29307,A,B,1.2458,1,4,540,0,0,540,6BH5
2024-12-30T08:18:48.000000000Z,2024-12-30T08:18:48.000000000Z,160,1,29307,F,B,1.2457,3,4,541,0,0,541,6BH5
2024-12-30T08:18:56.000000000Z,2024-12-30T08:18:56.000000000Z,160,1,29307,T,A,1.2455,5,4,542,0,0,542,6BH5
2024-12-30T08:19:04.000000000Z,2024-12-30T08:19:04.000000000Z,160,1,29307,F,B,1.2455,1,4,543,0,0,543,6BH5
2024-12-30T08:19:12.000000000Z,2024-12-30T08:19:12.000000000Z,160,1,29307,A,A,1.2455,1,4,544,0,0,544,6BH5
2024-12-30T08:19:20.000000000Z,2024-12-30T08:19:20.000000000Z,160,1,29307,C,B,1.2455,2,4,545,0,0,545,6BH5
2024-12-30T08:19:28.000000000Z,2024-12-30T08:19:28.000000000Z,160,1,29307,C,B,1.2456,2,4,546,0,0,546,6BH5
2024-12-30T08:19:36.000000000Z,2024-12-30T08:19:36.000000000Z,160,1,29307,A,B,1.2455,1,4,547,0,0,547,6BH5
2024-12-30T08:19:44.000000000Z,2024-12-30T08:19:44.000000000Z,160,1,29307,F,A,1.2457,10,4,548,0,0,548,6BH5
2024-12-30T08:19:52.000000000Z,2024-12-30T08:19:52.000000000Z,160,1,29307,F,A,1.2457,1,4,549,0,0,549,6BH5
2024-12-30T08:20:00.000000000Z,2024-12-30T08:20:00.000000000Z,160,1,29307,T,B,1.2455,1,4,550,0,0,550,6BH5
2024-12-30T08:20:08.000000000Z,2024-12-30T08:20:08.000000000Z,160,1,29307,F,A,1.2456,1,4,551,0,0,551,6BH5
2024-12-30T08:20:16.000000000Z,2024-12-30T08:20:16.000000000Z,160,1,29307,C,A,1.2457,1,4,552,0,0,552,6BH5
2024-12-30T08:20:24.000000000Z,2024-12-30T08:20:24.000000000Z,160,1,29307,C,B,1.2456,1,4,553,0,0,553,6BH5
2024-12-30T08:20:32.000000000Z,2024-12-30T08:20:32.000000000Z,160,1,29307,T,B,1.2457,1,4,554,0,0,554,6BH5
2024-12-30T08:20:40.000000000Z,2024-12-30T08:20:40.000000000Z,160,1,29307,C,A,1.2456,1,4,555,0,0,555,6BH5
2024-12-30T08:20:48.000000000Z,2024-12-30T08:20:48.000000000Z,160,1,29307,T,A,1.2456,1,4,556,0,0,556,6BH5
2024-12-30T08:20:56.000000000Z,2024-12-30T08:20:56.000000000Z,160,1,29307,A,A,1.2458,2,4,557,0,0,557,6BH5
2024-12-30T08:21:04.000000000Z,2024-12-30T08:21:04.000000000Z,160,1,29307,F,B,1.2456,2,4,558,0,0,558,6BH5
2024-12-30T08:21:12.000000000Z,2024-12-30T08:21:12.000000000Z,160,1,29307,R,N,,0,4,559,0,0,559,6BH5
2024-12-30T08:21:20.000000000Z,2024-12-30T08:21:20.000000000Z,160,1,29307,F,A,1.2456,1,4,560,0,0,560,6BH5
2024-12-30T08:21:28.000000000Z,2024-12-30T08:21:28.000000000Z,160,1,29307,A,B,1.2458,1,4,561,0,0,561,6BH5
2024-12-30T08:21:36.000000000Z,2024-12-30T08:21:36.000000000Z,160,1,29307,A,B,1.2458,1,4,562,0,0,562,6BH5
2024-12-30T08:21:44.000000000Z,2024-12-30T08:21:44.000000000Z,160,1,29307,T,A,1.2458,1,4,563,0,0,563,6BH5
2024-12-30T08:21:52.000000000Z,2024-12-30T08:21:52.000000000Z,160,1,29307,T,A,1.2458,1,4,564,0,0,564,6BH5
2024-12-30T08:22:00.000000000Z,2024-12-30T08:22:00.000000000Z,160,1,29307,C,B,1.246,2,4,565,0,0,565,6BH5
2024-12-30T08:22:08.000000000Z,2024-12-30T08:22:08.000000000Z,160,1,29307,C,B,1.2462,3,4,566,0,0,566,6BH5
2024-12-30T08:22:16.000000000Z,2024-12-30T08:22:16.000000000Z,160,1,29307,F,A,1.2461,1,4,567,0,0,567,6BH5
2024-12-30T08:22:24.000000000Z,2024-12-30T08:22:24.000000000Z,160,1,29307,A,B,1.2461,2,4,568,0,0,568,6BH5
2024-12-30T08:22:32.000000000Z,2024-12-30T08:22:32.000000000Z,160,1,29307,C,B,1.2461,1,4,569,0,0,569,6BH5
2024-12-30T08:22:40.000000000Z,2024-12-30T08:22:40.000000000Z,160,1,29307,T,A,1.2462,1,4,570,0,0,570,6BH5
2024-12-30T08:22:48.000000000Z,2024-12-30T08:22:48.000000000Z,160,1,29307,T,A,1.2463,2,4,571,0,0,571,6BH5
2024-12-30T08:22:56.000000000Z,2024-12-30T08:22:56.000000000Z,160,1,29307,C,B,1.2464,1,4,572,0,0,572,6BH5
2024-12-30T08:23:04.000000000Z,2024-12-30T08:23:04.000000000Z,160,1,29307,T,B,1.2466,1,4,573,0,0,573,6BH5
2024-12-30T08:23:12.000000000Z,2024-12-30T08:23:12.000000000Z,160,1,29307,T,B,1.2464,2,4,574,0,0,574,6BH5
2024-12-30T08:23:20.000000000Z,2024-12-30T08:23:20.000000000Z,160,1,29307,R,N,,0,4,575,0,0,575,6BH5
2024-12-30T08:23:28.000000000Z,2024-12-30T08:23:28.000000000Z,160,1,29307,T,B,1.2463,2,4,576,0,0,576,6BH5
2024-12-30T08:23:36.000000000Z,2024-12-30T08:23:36.000000000Z,160,1,29307,C,B,1.2462,2,4,577,0,0,577,6BH5
2024-12-30T08:23:44.000000000Z,2024-12-30T08:23:44.000000000Z,160,1,29307,F,A,1.246,10,4,578,0,0,578,6BH5
2024-12-30T08:23:52.000000000Z,2024-12-30T08:23:52.000000000Z,160,1,29307,C,A,1.2458,1,4,579,0,0,579,6BH5
2024-12-30T08:24:00.000000000Z,2024-12-30T08:24:00.000000000Z,160,1,29307,T,B,1.2459,1,4,580,0,0,580,6BH5
2024-12-30T08:24:08.000000000Z,2024-12-30T08:24:08.000000000Z,160,1,29307,T,A,1.2461,1,4,581,0,0,581,6BH5
2024-12-30T08:24:16.000000000Z,2024-12-30T08:24:16.000000000Z,160,1,29307,T,A,1.2461,1,4,582,0,0,582,6BH5
2024-12-30T08:24:24.000000000Z,2024-12-30T08:24:24.000000000Z,160,1,29307,A,B,1.2461,1,4,583,0,0,583,6BH5
2024-12-30T08:24:32.000000000Z,2024-12-30T08:24:32.000000000Z,160,1,29307,C,A,1.246,1,4,584,0,0,584,6BH5
2024-12-30T08:24:40.000000000Z,2024-12-30T08:24:40.000000000Z,160,1,29307,C,A,1.2461,1,4,585,0,0,585,6BH5
2024-12-30T08:24:48.000000000Z,2024-12-30T08:24:48.000000000Z,160,1,29307,C,B,1.2462,1,4,586,0,0,586,6BH5
2024-12-30T08:24:56.000000000Z,2024-12-30T08:24:56.000000000Z,160,1,29307,R,N,,0,4,587,0,0,587,6BH5
2024-12-30T08:25:04.000000000Z,2024-12-30T08:25:04.000000000Z,160,1,29307,R,N,,0,4,588,0,0,588,6BH5
2024-12-30T08:25:12.000000000Z,2024-12-30T08:25:12.000000000Z,160,1,29307,C,B,1.2459,1,4,589,0,0,589,6BH5
2024-12-30T08:25:20.000000000Z,2024-12-30T08:25:20.000000000Z,160,1,29307,T,A,1.2457,2,4,590,0,0,590,6BH5
2024-12-30T08:25:28.000000000Z,2024-12-30T08:25:28.000000000Z,160,1,29307,R,N,,0,4,591,0,0,591,6BH5
2024-12-30T08:25:36.000000000Z,2024-12-30T08:25:36.000000000Z,160,1,29307,T,A,1.2458,1,4,592,0,0,592,6BH5
2024-12-30T08:25:44.000000000Z,2024-12-30T08:25:44.000000000Z,160,1,29307,T,B,1.246,1,4,593,0,0,593,6BH5
2024-12-30T08:25:52.000000000Z,2024-12-30T08:25:52.000000000Z,160,1,29307,T,A,1.246,1,4,594,0,0,594,6BH5
2024-12-30T08:26:00.000000000Z,2024-12-30T08:26:00.000000000Z,160,1,29307,A,B,1.2461,1,4,595,0,0,595,6BH5
2024-12-30T08:26:08.000000000Z,2024-12-30T08:26:08.000000000Z,160,1,29307,T,A,1.2463,1,4,596,0,0,596,6BH5
2024-12-30T08:26:16.000000000Z,2024-12-30T08:26:16.000000000Z,160,1,29307,C,A,1.2462,1,4,597,0,0,597,6BH5
2024-12-30T08:26:24.000000000Z,2024-12-30T08:26:24.000000000Z,160,1,29307,A,A,1.2461,1,4,598,0,0,598,6BH5
2024-12-30T08:26:32.000000000Z,2024-12-30T08:26:32.000000000Z,160,1,29307,R,N,,0,4,599,0,0,599,6BH5
2024-12-30T08:26:40.000000000Z,2024-12-30T08:26:40.000000000Z,160,1,29307,C,A,1.2462,1,4,600,0,0,600,6BH5
2024-12-30T08:26:48.000000000Z,2024-12-30T08:26:48.000000000Z,160,1,29307,C,A,1.2464,5,4,601,0,0,601,6BH5
2024-12-30T08:26:56.000000000Z,2024-12-30T08:26:56.000000000Z,160,1,29307,C,B,1.2466,5,4,602,0,0,602,6BH5
2024-12-30T08:27:04.000000000Z,2024-12-30T08:27:04.000000000Z,160,1,29307,T,B,1.2467,1,4,603,0,0,603,6BH5
2024-12-30T08:27:12.000000000Z,2024-12-30T08:27:12.000000000Z,160,1,29307,T,A,1.2468,1,4,604,0,0,604,6BH5
2024-12-30T08:27:20.000000000Z,2024-12-30T08:27:20.000000000Z,160,1,29307,A,A,1.2469,1,4,605,0,0,605,6BH5
2024-12-30T08:27:28.000000000Z,2024-12-30T08:27:28.000000000Z,160,1,29307,A,A,1.247,1,4,606,0,0,606,6BH5
2024-12-30T08:27:36.000000000Z,2024-12-30T08:27:36.000000000Z,160,1,29307,F,B,1.2469,1,4,607,0,0,607,6BH5
2024-12-30T08:27:44.000000000Z,2024-12-30T08:27:44.000000000Z,160,1,29307,C,B,1.2467,1,4,608,0,0,608,6BH5
2024-12-30T08:27:52.000000000Z,2024-12-30T08:27:52.000000000Z,160,1,29307,F,B,1.2466,1,4,609,0,0,609,6BH5
2024-12-30T08:28:00.000000000Z,2024-12-30T08:28:00.000000000Z,160,1,29307,T,B,1.2467,1,4,610,0,0,610,6BH5
2024-12-30T08:28:08.000000000Z,2024-12-30T08:28:08.000000000Z,160,1,29307,R,N,,0,4,611,0,0,611,6BH5
2024-12-30T08:28:16.000000000Z,2024-12-30T08:28:16.000000000Z,160,1,29307,C,B,1.2463,1,4,612,0,0,612,6BH5
2024-12-30T08:28:24.000000000Z,2024-12-30T08:28:24.000000000Z,160,1,29307,R,N,,0,4,613,0,0,613,6BH5
2024-12-30T08:28:32.000000000Z,2024-12-30T08:28:32.000000000Z,160,1,29307,A,B,1.2462,1,4,614,0,0,614,6BH5
2024-12-30T08:28:40.000000000Z,2024-12-30T08:28:40.000000000Z,160,1,29307,F,A,1.2464,1,4,615,0,0,615,6BH5
2024-12-30T08:28:48.000000000Z,2024-12-30T08:28:48.000000000Z,160,1,29307,A,A,1.2466,1,4,616,0,0,616,6BH5
2024-12-30T08:28:56.000000000Z,2024-12-30T08:28:56.000000000Z,160,1,29307,F,B,1.2466,1,4,617,0,0,617,6BH5
2024-12-30T08:29:04.000000000Z,2024-12-30T08:29:04.000000000Z,160,1,29307,R,N,,0,4,618,0,0,618,6BH5
2024-12-30T08:29:12.000000000Z,2024-12-30T08:29:12.000000000Z,160,1,29307,A,A,1.2469,1,4,619,0,0,619,6BH5
2024-12-30T08:29:20.000000000Z,2024-12-30T08:29:20.000000000Z,160,1,29307,F,A,1.2469,1,4,620,0,0,620,6BH5
2024-12-30T08:29:28.000000000Z,2024-12-30T08:29:28.000000000Z,160,1,29307,C,A,1.2469,1,4,621,0,0,621,6BH5
2024-12-30T08:29:36.000000000Z,2024-12-30T08:29:36.000000000Z,160,1,29307,F,A,1.2467,1,4,622,0,0,622,6BH5
2024-12-30T08:29:44.000000000Z,2024-12-30T08:29:44.000000000Z,160,1,29307,A,A,1.2469,1,4,623,0,0,623,6BH5
2024-12-30T08:29:52.000000000Z,2024-12-30T08:29:52.000000000Z,160,1,29307,A,A,1.2468,2,4,624,0,0,624,6BH5
2024-12-30T08:30:00.000000000Z,2024-12-30T08:30:00.000000000Z,160,1,29307,T,A,1.2468,3,4,625,0,0,625,6BH5
2024-12-30T08:30:08.000000000Z,2024-12-30T08:30:08.000000000Z,160,1,29307,T,A,1.2469,5,4,626,0,0,626,6BH5
2024-12-30T08:30:16.000000000Z,2024-12-30T08:30:16.000000000Z,160,1,29307,T,B,1.2468,1,4,627,0,0,627,6BH5
2024-12-30T08:30:24.000000000Z,2024-12-30T08:30:24.000000000Z,160,1,29307,F,B,1.2467,10,4,628,0,0,628,6BH5
2024-12-30T08:30:32.000000000Z,2024-12-30T08:30:32.000000000Z,160,1,29307,T,B,1.2468,1,4,629,0,0,629,6BH5
2024-12-30T08:30:40.000000000Z,2024-12-30T08:30:40.000000000Z,160,1,29307,T,B,1.2466,1,4,630,0,0,630,6BH5
2024-12-30T08:30:48.000000000Z,2024-12-30T08:30:48.000000000Z,160,1,29307,A,B,1.2467,1,4,631,0,0,631,6BH5
2024-12-30T08:30:56.000000000Z,2024-12-30T08:30:56.000000000Z,160,1,29307,A,B,1.2467,2,4,632,0,0,632,6BH5
2024-12-30T08:31:04.000000000Z,2024-12-30T08:31:04.000000000Z,160,1,29307,A,A,1.2468,1,4,633,0,0,633,6BH5
2024-12-30T08:31:12.000000000Z,2024-12-30T08:31:12.000000000Z,160,1,29307,F,A,1.2469,2,4,634,0,0,634,6BH5
2024-12-30T08:31:20.000000000Z,2024-12-30T08:31:20.000000000Z,160,1,29307,C,B,1.2469,1,4,635,0,0,635,6BH5
2024-12-30T08:31:28.000000000Z,2024-12-30T08:31:28.000000000Z,160,1,29307,T,B,1.2469,1,4,636,0,0,636,6BH5
2024-12-30T08:31:36.000000000Z,2024-12-30T08:31:36.000000000Z,160,1,29307,A,A,1.247,1,4,637,0,0,637,6BH5
2024-12-30T08:31:44.000000000Z,2024-12-30T08:31:44.000000000Z,160,1,29307,R,N,,0,4,638,0,0,638,6BH5
2024-12-30T08:31:52.000000000Z,2024-12-30T08:31:52.000000000Z,160,1,29307,A,A,1.2472,1,4,639,0,0,639,6BH5
2024-12-30T08:32:00.000000000Z,2024-12-30T08:32:00.000000000Z,160,1,29307,A,B,1.2474,1,4,640,0,0,640,6BH5
2024-12-30T08:32:08.000000000Z,2024-12-30T08:32:08.000000000Z,160,1,29307,T,A,1.2473,1,4,641,0,0,641,6BH5
2024-12-30T08:32:16.000000000Z,2024-12-30T08:32:16.000000000Z,160,1,29307,A,B,1.2473,1,4,642,0,0,642,6BH5
2024-12-30T08:32:24.000000000Z,2024-12-30T08:32:24.000000000Z,160,1,29307,T,B,1.2475,1,4,643,0,0,643,6BH5
2024-12-30T08:32:32.000000000Z,2024-12-30T08:32:32.000000000Z,160,1,29307,T,A,1.2474,2,4,644,0,0,644,6BH5
2024-12-30T08:32:40.000000000Z,2024-12-30T08:32:40.000000000Z,160,1,29307,F,A,1.2472,1,4,645,0,0,645,6BH5
2024-12-30T08:32:48.000000000Z,2024-12-30T08:32:48.000000000Z,160,1,29307,A,B,1.2472,1,4,646,0,0,646,6BH5
2024-12-30T08:32:56.000000000Z,2024-12-30T08:32:56.000000000Z,160,1,29307,A,A,1.247,1,4,647,0,0,647,6BH5
2024-12-30T08:33:04.000000000Z,2024-12-30T08:33:04.000000000Z,160,1,29307,R,N,,0,4,648,0,0,648,6BH5
2024-12-30T08:33:12.000000000Z,2024-12-30T08:33:12.000000000Z,160,1,29307,C,B,1.2471,3,4,649,0,0,649,6BH5
2024-12-30T08:33:20.000000000Z,2024-12-30T08:33:20.000000000Z,160,1,29307,T,A,1.2471,2,4,650,0,0,650,6BH5
2024-12-30T08:33:28.000000000Z,2024-12-30T08:33:28.000000000Z,160,1,29307,T,B,1.247,1,4,651,0,0,651,6BH5
2024-12-30T08:33:36.000000000Z,2024-12-30T08:33:36.000000000Z,160,1,29307,F,B,1.2472,1,4,652,0,0,652,6BH5
2024-12-30T08:33:44.000000000Z,2024-12-30T08:33:44.000000000Z,160,1,29307,C,A,1.2474,2,4,653,0,0,653,6BH5
2024-12-30T08:33:52.000000000Z,2024-12-30T08:33:52.000000000Z,160,1,29307,R,N,,0,4,654,0,0,654,6BH5
2024-12-30T08:34:00.000000000Z,2024-12-30T08:34:00.000000000Z,160,1,29307,A,B,1.2473,2,4,655,0,0,655,6BH5
2024-12-30T08:34:08.000000000Z,2024-12-30T08:34:08.000000000Z,160,1,29307,T,A,1.2474,2,4,656,0,0,656,6BH5
2024-12-30T08:34:16.000000000Z,2024-12-30T08:34:16.000000000Z,160,1,29307,C,A,1.2475,1,4,657,0,0,657,6BH5
2024-12-30T08:34:24.000000000Z,2024-12-30T08:34:24.000000000Z,160,1,29307,A,A,1.2476,1,4,658,0,0,658,6BH5
2024-12-30T08:34:32.000000000Z,2024-12-30T08:34:32.000000000Z,160,1,29307,A,B,1.2478,1,4,659,0,0,659,6BH5
2024-12-30T08:34:40.000000000Z,2024-12-30T08:34:40.000000000Z,160,1,29307,C,B,1.2479,1,4,660,0,0,660,6BH5
2024-12-30T08:34:48.000000000Z,2024-12-30T08:34:48.000000000Z,160,1,29307,F,A,1.2478,1,4,661,0,0,661,6BH5
2024-12-30T08:34:56.000000000Z,2024-12-30T08:34:56.000000000Z,160,1,29307,T,B,1.2479,1,4,662,0,0,662,6BH5
2024-12-30T08:35:04.000000000Z,2024-12-30T08:35:04.000000000Z,160,1,29307,C,A,1.2478,1,4,663,0,0,663,6BH5
2024-12-30T08:35:12.000000000Z,2024-12-30T08:35:12.000000000Z,160,1,29307,F,A,1.2479,1,4,664,0,0,664,6BH5
2024-12-30T08:35:20.000000000Z,2024-12-30T08:35:20.000000000Z,160,1,29307,F,B,1.248,1,4,665,0,0,665,6BH5
2024-12-30T08:35:28.000000000Z,2024-12-30T08:35:28.000000000Z,160,1,29307,T,A,1.2478,1,4,666,0,0,666,6BH5
2024-12-30T08:35:36.000000000Z,2024-12-30T08:35:36.000000000Z,160,1,29307,C,B,1.2478,1,4,667,0,0,667,6BH5
2024-12-30T08:35:44.000000000Z,2024-12-30T08:35:44.000000000Z,160,1,29307,A,B,1.2477,2,4,668,0,0,668,6BH5
2024-12-30T08:35:52.000000000Z,2024-12-30T08:35:52.000000000Z,160,1,29307,F,A,1.2476,2,4,669,0,0,669,6BH5
2024-12-30T08:36:00.000000000Z,2024-12-30T08:36:00.000000000Z,160,1,29307,C,B,1.2477,1,4,670,0,0,670,6BH5
2024-12-30T08:36:08.000000000Z,2024-12-30T08:36:08.000000000Z,160,1,29307,F,A,1.2476,1,4,671,0,0,671,6BH5
2024-12-30T08:36:16.000000000Z,2024-12-30T08:36:16.000000000Z,160,1,29307,F,B,1.2477,1,4,672,0,0,672,6BH5
2024-12-30T08:36:24.000000000Z,2024-12-30T08:36:24.000000000Z,160,1,29307,F,B,1.2475,1,4,673,0,0,673,6BH5
2024-12-30T08:36:32.000000000Z,2024-12-30T08:36:32.000000000Z,160,1,29307,A,B,1.2476,1,4,674,0,0,674,6BH5
2024-12-30T08:36:40.000000000Z,2024-12-30T08:36:40.000000000Z,160,1,29307,A,A,1.2477,1,4,675,0,0,675,6BH5
2024-12-30T08:36:48.000000000Z,2024-12-30T08:36:48.000000000Z,160,1,29307,A,B,1.2478,2,4,676,0,0,676,6BH5
2024-12-30T08:36:56.000000000Z,2024-12-30T08:36:56.000000000Z,160,1,29307,R,N,,0,4,677,0,0,677,6BH5
2024-12-30T08:37:04.000000000Z,2024-12-30T08:37:04.000000000Z,160,1,29307,F,B,1.248,1,4,678,0,0,678,6BH5
2024-12-30T08:37:12.000000000Z,2024-12-30T08:37:12.000000000Z,160,1,29307,C,B,1.2479,1,4,679,0,0,679,6BH5
2024-12-30T08:37:20.000000000Z,2024-12-30T08:37:20.000000000Z,160,1,29307,C,A,1.2477,1,4,680,0,0,680,6BH5
2024-12-30T08:37:28.000000000Z,2024-12-30T08:37:28.000000000Z,160,1,29307,A,A,1.2477,1,4,681,0,0,681,6BH5
2024-12-30T08:37:36.000000000Z,2024-12-30T08:37:36.000000000Z,160,1,29307,C,A,1.2475,2,4,682,0,0,682,6BH5
2024-12-30T08:37:44.000000000Z,2024-12-30T08:37:44.000000000Z,160,1,29307,F,A,1.2477,1,4,683,0,0,683,6BH5
2024-12-30T08:37:52.000000000Z,2024-12-30T08:37:52.000000000Z,160,1,29307,T,A,1.2476,1,4,684,0,0,684,6BH5
2024-12-30T08:38:00.000000000Z,2024-12-30T08:38:00.000000000Z,160,1,29307,A,B,1.2477,1,4,685,0,0,685,6BH5
2024-12-30T08:38:08.000000000Z,2024-12-30T08:38:08.000000000Z,160,1,29307,R,N,,0,4,686,0,0,686,6BH5
2024-12-30T08:38:16.000000000Z,2024-12-30T08:38:16.000000000Z,160,1,29307,C,A,1.2477,1,4,687,0,0,687,6BH5
2024-12-30T08:38:24.000000000Z,2024-12-30T08:38:24.000000000Z,160,1,29307,C,B,1.2478,1,4,688,0,0,688,6BH5
2024-12-30T08:38:32.000000000Z,2024-12-30T08:38:32.000000000Z,160,1,29307,T,B,1.2476,1,4,689,0,0,689,6BH5
2024-12-30T08:38:40.000000000Z,2024-12-30T08:38:40.000000000Z,160,1,29307,C,B,1.2476,1,4,690,0,0,690,6BH5
2024-12-30T08:38:48.000000000Z,2024-12-30T08:38:48.000000000Z,160,1,29307,A,A,1.2474,2,4,691,0,0,691,6BH5
2024-12-30T08:38:56.000000000Z,2024-12-30T08:38:56.000000000Z,160,1,29307,C,B,1.2476,1,4,692,0,0,692,6BH5
2024-12-30T08:39:04.000000000Z,2024-12-30T08:39:04.000000000Z,160,1,29307,C,B,1.2478,1,4,693,0,0,693,6BH5
2024-12-30T08:39:12.000000000Z,2024-12-30T08:39:12.000000000Z,160,1,29307,C,B,1.2477,1,4,694,0,0,694,6BH5
2024-12-30T08:39:20.000000000Z,2024-12-30T08:39:20.000000000Z,160,1,29307,T,A,1.2476,1,4,695,0,0,695,6BH5
2024-12-30T08:39:28.000000000Z,2024-12-30T08:39:28.000000000Z,160,1,29307,R,N,,0,4,696,0,0,696,6BH5
2024-12-30T08:39:36.000000000Z,2024-12-30T08:39:36.000000000Z,160,1,29307,A,B,1.2476,1,4,697,0,0,697,6BH5
2024-12-30T08:39:44.000000000Z,2024-12-30T08:39:44.000000000Z,160,1,29307,A,A,1.2478,1,4,698,0,0,698,6BH5
2024-12-30T08:39:52.000000000Z,2024-12-30T08:39:52.000000000Z,160,1,29307,R,N,,0,4,699,0,0,699,6BH5
2024-12-30T08:40:00.000000000Z,2024-12-30T08:40:00.000000000Z,160,1,29307,A,B,1.2477,1,4,700,0,0,700,6BH5
2024-12-30T08:40:08.000000000Z,2024-12-30T08:40:08.000000000Z,160,1,29307,C,B,1.2478,1,4,701,0,0,701,6BH5
2024-12-30T08:40:16.000000000Z,2024-12-30T08:40:16.000000000Z,160,1,29307,A,A,1.2478,1,4,702,0,0,702,6BH5
2024-12-30T08:40:24.000000000Z,2024-12-30T08:40:24.000000000Z,160,1,29307,T,A,1.248,2,4,703,0,0,703,6BH5
2024-12-30T08:40:32.000000000Z,2024-12-30T08:40:32.000000000Z,160,1,29307,C,A,1.2482,10,4,704,0,0,704,6BH5
2024-12-30T08:40:40.000000000Z,2024-12-30T08:40:40.000000000Z,160,1,29307,C,A,1.2481,1,4,705,0,0,705,6BH5
2024-12-30T08:40:48.000000000Z,2024-12-30T08:40:48.000000000Z,160,1,29307,T,A,1.2479,1,4,706,0,0,706,6BH5
2024-12-30T08:40:56.000000000Z,2024-12-30T08:40:56.000000000Z,160,1,29307,F,A,1.2481,2,4,707,0,0,707,6BH5
2024-12-30T08:41:04.000000000Z,2024-12-30T08:41:04.000000000Z,160,1,29307,R,N,,0,4,708,0,0,708,6BH5
2024-12-30T08:41:12.000000000Z,2024-12-30T08:41:12.000000000Z,160,1,29307,F,B,1.2481,1,4,709,0,0,709,6BH5
2024-12-30T08:41:20.000000000Z,2024-12-30T08:41:20.000000000Z,160,1,29307,A,A,1.2482,2,4,710,0,0,710,6BH5
2024-12-30T08:41:28.000000000Z,2024-12-30T08:41:28.000000000Z,160,1,29307,T,A,1.2482,1,4,711,0,0,711,6BH5
2024-12-30T08:41:36.000000000Z,2024-12-30T08:41:36.000000000Z,160,1,29307,A,B,1.2481,5,4,712,0,0,712,6BH5
2024-12-30T08:41:44.000000000Z,2024-12-30T08:41:44.000000000Z,160,1,29307,R,N,,0,4,713,0,0,713,6BH5
2024-12-30T08:41:52.000000000Z,2024-12-30T08:41:52.000000000Z,160,1,29307,T,A,1.2482,1,4,714,0,0,714,6BH5
2024-12-30T08:42:00.000000000Z,2024-12-30T08:42:00.000000000Z,160,1,29307,A,B,1.2484,2,4,715,0,0,715,6BH5
2024-12-30T08:42:08.000000000Z,2024-12-30T08:42:08.000000000Z,160,1,29307,F,A,1.2483,1,4,716,0,0,716,6BH5
2024-12-30T08:42:16.000000000Z,2024-12-30T08:42:16.000000000Z,160,1,29307,T,B,1.2484,1,4,717,0,0,717,6BH5
2024-12-30T08:42:24.000000000Z,2024-12-30T08:42:24.000000000Z,160,1,29307,A,B,1.2483,2,4,718,0,0,718,6BH5
2024-12-30T08:42:32.000000000Z,2024-12-30T08:42:32.000000000Z,160,1,29307,A,B,1.2483,1,4,719,0,0,719,6BH5
2024-12-30T08:42:40.000000000Z,2024-12-30T08:42:40.000000000Z,160,1,29307,R,N,,0,4,720,0,0,720,6BH5
2024-12-30T08:42:48.000000000Z,2024-12-30T08:42:48.000000000Z,160,1,29307,F,A,1.2483,2,4,721,0,0,721,6BH5
2024-12-30T08:42:56.000000000Z,2024-12-30T08:42:56.000000000Z,160,1,29307,F,B,1.2483,5,4,722,0,0,722,6BH5
2024-12-30T08:43:04.000000000Z,2024-12-30T08:43:04.000000000Z,160,1,29307,A,B,1.2483,2,4,723,0,0,723,6BH5
2024-12-30T08:43:12.000000000Z,2024-12-30T08:43:12.000000000Z,160,1,29307,C,A,1.2481,1,4,724,0,0,724,6BH5
2024-12-30T08:43:20.000000000Z,2024-12-30T08:43:20.000000000Z,160,1,29307,T,B,1.2482,1,4,725,0,0,725,6BH5
2024-12-30T08:43:28.000000000Z,2024-12-30T08:43:28.000000000Z,160,1,29307,R,N,,0,4,726,0,0,726,6BH5
2024-12-30T08:43:36.000000000Z,2024-12-30T08:43:36.000000000Z,160,1,29307,C,B,1.2481,1,4,727,0,0,727,6BH5
2024-12-30T08:43:44.000000000Z,2024-12-30T08:43:44.000000000Z,160,1,29307,A,B,1.2481,1,4,728,0,0,728,6BH5
2024-12-30T08:43:52.000000000Z,2024-12-30T08:43:52.000000000Z,160,1,29307,A,A,1.2481,1,4,729,0,0,729,6BH5
2024-12-30T08:44:00.000000000Z,2024-12-30T08:44:00.000000000Z,160,1,29307,C,B,1.2479,2,4,730,0,0,730,6BH5
2024-12-30T08:44:08.000000000Z,2024-12-30T08:44:08.000000000Z,160,1,29307,C,A,1.2479,2,4,731,0,0,731,6BH5
2024-12-30T08:44:16.000000000Z,2024-12-30T08:44:16.000000000Z,160,1,29307,C,A,1.2479,1,4,732,0,0,732,6BH5
2024-12-30T08:44:24.000000000Z,2024-12-30T08:44:24.000000000Z,160,1,29307,T,B,1.248,1,4,733,0,0,733,6BH5
2024-12-30T08:44:32.000000000Z,2024-12-30T08:44:32.000000000Z,160,1,29307,A,B,1.2481,1,4,734,0,0,734,6BH5
2024-12-30T08:44:40.000000000Z,2024-12-30T08:44:40.000000000Z,160,1,29307,T,B,1.2481,1,4,735,0,0,735,6BH5
2024-12-30T08:44:48.000000000Z,2024-12-30T08:44:48.000000000Z,160,1,29307,R,N,,0,4,736,0,0,736,6BH5
2024-12-30T08:44:56.000000000Z,2024-12-30T08:44:56.000000000Z,160,1,29307,R,N,,0,4,737,0,0,737,6BH5
2024-12-30T08:45:04.000000000Z,2024-12-30T08:45:04.000000000Z,160,1,29307,T,A,1.2477,1,4,738,0,0,738,6BH5
2024-12-30T08:45:12.000000000Z,2024-12-30T08:45:12.000000000Z,160,1,29307,C,A,1.2475,1,4,739,0,0,739,6BH5
2024-12-30T08:45:20.000000000Z,2024-12-30T08:45:20.000000000Z,160,1,29307,C,B,1.2474,1,4,740,0,0,740,6BH5
2024-12-30T08:45:28.000000000Z,2024-12-30T08:45:28.000000000Z,160,1,29307,F,A,1.2473,1,4,741,0,0,741,6BH5
2024-12-30T08:45:36.000000000Z,2024-12-30T08:45:36.000000000Z,160,1,29307,C,B,1.2472,5,4,742,0,0,742,6BH5
2024-12-30T08:45:44.000000000Z,2024-12-30T08:45:44.000000000Z,160,1,29307,A,B,1.247,1,4,743,0,0,743,6BH5
2024-12-30T08:45:52.000000000Z,2024-12-30T08:45:52.000000000Z,160,1,29307,R,N,,0,4,744,0,0,744,6BH5
2024-12-30T08:46:00.000000000Z,2024-12-30T08:46:00.000000000Z,160,1,29307,A,B,1.2466,1,4,745,0,0,745,6BH5
2024-12-30T08:46:08.000000000Z,2024-12-30T08:46:08.000000000Z,160,1,29307,A,B,1.2465,1,4,746,0,0,746,6BH5
2024-12-30T08:46:16.000000000Z,2024-12-30T08:46:16.000000000Z,160,1,29307,T,A,1.2465,1,4,747,0,0,747,6BH5
2024-12-30T08:46:24.000000000Z,2024-12-30T08:46:24.000000000Z,160,1,29307,T,A,1.2465,1,4,748,0,0,748,6BH5
2024-12-30T08:46:32.000000000Z,2024-12-30T08:46:32.000000000Z,160,1,29307,R,N,,0,4,749,0,0,749,6BH5
2024-12-30T08:46:40.000000000Z,2024-12-30T08:46:40.000000000Z,160,1,29307,C,A,1.2463,1,4,750,0,0,750,6BH5
2024-12-30T08:46:48.000000000Z,2024-12-30T08:46:48.000000000Z,160,1,29307,A,B,1.2462,2,4,751,0,0,751,6BH5
2024-12-30T08:46:56.000000000Z,2024-12-30T08:46:56.000000000Z,160,1,29307,C,B,1.2461,1,4,752,0,0,752,6BH5
2024-12-30T08:47:04.000000000Z,2024-12-30T08:47:04.000000000Z,160,1,29307,T,B,1.2459,1,4,753,0,0,753,6BH5
2024-12-30T08:47:12.000000000Z,2024-12-30T08:47:12.000000000Z,160,1,29307,A,A,1.2459,2,4,754,0,0,754,6BH5
2024-12-30T08:47:20.000000000Z,2024-12-30T08:47:20.000000000Z,160,1,29307,A,B,1.246,1,4,755,0,0,755,6BH5
2024-12-30T08:47:28.000000000Z,2024-12-30T08:47:28.000000000Z,160,1,29307,T,B,1.2459,2,4,756,0,0,756,6BH5
2024-12-30T08:47:36.000000000Z,2024-12-30T08:47:36.000000000Z,160,1,29307,A,A,1.2457,3,4,757,0,0,757,6BH5
2024-12-30T08:47:44.000000000Z,2024-12-30T08:47:44.000000000Z,160,1,29307,F,A,1.2459,1,4,758,0,0,758,6BH5
2024-12-30T08:47:52.000000000Z,2024-12-30T08:47:52.000000000Z,160,1,29307,A,A,1.2458,3,4,759,0,0,759,6BH5
2024-12-30T08:48:00.000000000Z,2024-12-30T08:48:00.000000000Z,160,1,29307,C,B,1.2457,2,4,760,0,0,760,6BH5
2024-12-30T08:48:08.000000000Z,2024-12-30T08:48:08.000000000Z,160,1,29307,C,B,1.2459,3,4,761,0,0,761,6BH5
2024-12-30T08:48:16.000000000Z,2024-12-30T08:48:16.000000000Z,160,1,29307,R,N,,0,4,762,0,0,762,6BH5
2024-12-30T08:48:24.000000000Z,2024-12-30T08:48:24.000000000Z,160,1,29307,R,N,,0,4,763,0,0,763,6BH5
2024-12-30T08:48:32.000000000Z,2024-12-30T08:48:32.000000000Z,160,1,29307,R,N,,0,4,764,0,0,764,6BH5
2024-12-30T08:48:40.000000000Z,2024-12-30T08:48:40.000000000Z,160,1,29307,F,A,1.2459,1,4,765,0,0,765,6BH5
2024-12-30T08:48:48.000000000Z,2024-12-30T08:48:48.000000000Z,160,1,29307,A,B,1.2457,1,4,766,0,0,766,6BH5
2024-12-30T08:48:56.000000000Z,2024-12-30T08:48:56.000000000Z,160,1,29307,F,B,1.2457,1,4,767,0,0,767,6BH5
2024-12-30T08:49:04.000000000Z,2024-12-30T08:49:04.000000000Z,160,1,29307,C,A,1.2455,1,4,768,0,0,768,6BH5
2024-12-30T08:49:12.000000000Z,2024-12-30T08:49:12.000000000Z,160,1,29307,C,A,1.2455,1,4,769,0,0,769,6BH5
2024-12-30T08:49:20.000000000Z,2024-12-30T08:49:20.000000000Z,160,1,29307,F,A,1.2457,2,4,770,0,0,770,6BH5
2024-12-30T08:49:28.000000000Z,2024-12-30T08:49:28.000000000Z,160,1,29307,F,A,1.2459,3,4,771,0,0,771,6BH5
2024-12-30T08:49:36.000000000Z,2024-12-30T08:49:36.000000000Z,160,1,29307,T,B,1.2458,1,4,772,0,0,772,6BH5
2024-12-30T08:49:44.000000000Z,2024-12-30T08:49:44.000000000Z,160,1,29307,T,A,1.2459,5,4,773,0,0,773,6BH5
2024-12-30T08:49:52.000000000Z,2024-12-30T08:49:52.000000000Z,160,1,29307,F,A,1.2459,3,4,774,0,0,774,6BH5
2024-12-30T08:50:00.000000000Z,2024-12-30T08:50:00.000000000Z,160,1,29307,A,A,1.2461,1,4,775,0,0,775,6BH5
2024-12-30T08:50:08.000000000Z,2024-12-30T08:50:08.000000000Z,160,1,29307,T,B,1.246,1,4,776,0,0,776,6BH5
2024-12-30T08:50:16.000000000Z,2024-12-30T08:50:16.000000000Z,160,1,29307,A,B,1.2458,2,4,777,0,0,777,6BH5
2024-12-30T08:50:24.000000000Z,2024-12-30T08:50:24.000000000Z,160,1,29307,T,A,1.2457,1,4,778,0,0,778,6BH5
2024-12-30T08:50:32.000000000Z,2024-12-30T08:50:32.000000000Z,160,1,29307,T,B,1.2456,2,4,779,0,0,779,6BH5
2024-12-30T08:50:40.000000000Z,2024-12-30T08:50:40.000000000Z,160,1,29307,F,B,1.2455,2,4,780,0,0,780,6BH5
2024-12-30T08:50:48.000000000Z,2024-12-30T08:50:48.000000000Z,160,1,29307,A,B,1.2456,1,4,781,0,0,781,6BH5
2024-12-30T08:50:56.000000000Z,2024-12-30T08:50:56.000000000Z,160,1,29307,A,A,1.2457,1,4,782,0,0,782,6BH5
2024-12-30T08:51:04.000000000Z,2024-12-30T08:51:04.000000000Z,160,1,29307,T,A,1.2456,1,4,783,0,0,783,6BH5
2024-12-30T08:51:12.000000000Z,2024-12-30T08:51:12.000000000Z,160,1,29307,A,B,1.2456,1,4,784,0,0,784,6BH5
2024-12-30T08:51:20.000000000Z,2024-12-30T08:51:20.000000000Z,160,1,29307,A,A,1.2454,1,4,785,0,0,785,6BH5
2024-12-30T08:51:28.000000000Z,2024-12-30T08:51:28.000000000Z,160,1,29307,C,A,1.2456,2,4,786,0,0,786,6BH5
2024-12-30T08:51:36.000000000Z,2024-12-30T08:51:36.000000000Z,160,1,29307,C,B,1.2458,1,4,787,0,0,787,6BH5
2024-12-30T08:51:44.000000000Z,2024-12-30T08:51:44.000000000Z,160,1,29307,C,B,1.246,10,4,788,0,0,788,6BH5
2024-12-30T08:51:52.000000000Z,2024-12-30T08:51:52.000000000Z,160,1,29307,A,A,1.2462,1,4,789,0,0,789,6BH5
2024-12-30T08:52:00.000000000Z,2024-12-30T08:52:00.000000000Z,160,1,29307,A,B,1.2461,2,4,790,0,0,790,6BH5
2024-12-30T08:52:08.000000000Z,2024-12-30T08:52:08.000000000Z,160,1,29307,C,A,1.2459,1,4,791,0,0,791,6BH5
2024-12-30T08:52:16.000000000Z,2024-12-30T08:52:16.000000000Z,160,1,29307,A,A,1.2459,10,4,792,0,0,792,6BH5
2024-12-30T08:52:24.000000000Z,2024-12-30T08:52:24.000000000Z,160,1,29307,C,B,1.2461,2,4,793,0,0,793,6BH5
2024-12-30T08:52:32.000000000Z,2024-12-30T08:52:32.000000000Z,160,1,29307,F,A,1.246,1,4,794,0,0,794,6BH5
2024-12-30T08:52:40.000000000Z,2024-12-30T08:52:40.000000000Z,160,1,29307,A,A,1.2458,5,4,795,0,0,795,6BH5
2024-12-30T08:52:48.000000000Z,2024-12-30T08:52:48.000000000Z,160,1,29307,C,B,1.2459,1,4,796,0,0,796,6BH5
2024-12-30T08:52:56.000000000Z,2024-12-30T08:52:56.000000000Z,160,1,29307,C,B,1.2457,1,4,797,0,0,797,6BH5
2024-12-30T08:53:04.000000000Z,2024-12-30T08:53:04.000000000Z,160,1,29307,F,B,1.2457,1,4,798,0,0,798,6BH5
2024-12-30T08:53:12.000000000Z,2024-12-30T08:53:12.000000000Z,160,1,29307,C,A,1.2458,2,4,799,0,0,799,6BH5
2024-12-30T08:53:20.000000000Z,2024-12-30T08:53:20.000000000Z,160,1,29307,A,B,1.2457,1,4,800,0,0,800,6BH5
2024-12-30T08:53:28.000000000Z,2024-12-30T08:53:28.000000000Z,160,1,29307,C,B,1.2455,1,4,801,0,0,801,6BH5
2024-12-30T08:53:36.000000000Z,2024-12-30T08:53:36.000000000Z,160,1,29307,C,B,1.2456,2,4,802,0,0,802,6BH5
2024-12-30T08:53:44.000000000Z,2024-12-30T08:53:44.000000000Z,160,1,29307,T,B,1.2457,2,4,803,0,0,803,6BH5
2024-12-30T08:53:52.000000000Z,2024-12-30T08:53:52.000000000Z,160,1,29307,C,A,1.2459,1,4,804,0,0,804,6BH5
2024-12-30T08:54:00.000000000Z,2024-12-30T08:54:00.000000000Z,160,1,29307,C,A,1.2458,1,4,805,0,0,805,6BH5
2024-12-30T08:54:08.000000000Z,2024-12-30T08:54:08.000000000Z,160,1,29307,F,B,1.2456,1,4,806,0,0,806,6BH5
2024-12-30T08:54:16.000000000Z,2024-12-30T08:54:16.000000000Z,160,1,29307,A,A,1.2457,2,4,807,0,0,807,6BH5
2024-12-30T08:54:24.000000000Z,2024-12-30T08:54:24.000000000Z,160,1,29307,F,B,1.2457,2,4,808,0,0,808,6BH5
2024-12-30T08:54:32.000000000Z,2024-12-30T08:54:32.000000000Z,160,1,29307,C,B,1.2456,1,4,809,0,0,809,6BH5
2024-12-30T08:54:40.000000000Z,2024-12-30T08:54:40.000000000Z,160,1,29307,A,A,1.2457,1,4,810,0,0,810,6BH5
2024-12-30T08:54:48.000000000Z,2024-12-30T08:54:48.000000000Z,160,1,29307,T,A,1.2456,1,4,811,0,0,811,6BH5
2024-12-30T08:54:56.000000000Z,2024-12-30T08:54:56.000000000Z,160,1,29307,A,B,1.2455,2,4,812,0,0,812,6BH5
2024-12-30T08:55:04.000000000Z,2024-12-30T08:55:04.000000000Z,160,1,29307,T,B,1.2453,1,4,813,0,0,813,6BH5
2024-12-30T08:55:12.000000000Z,2024-12-30T08:55:12.000000000Z,160,1,29307,F,A,1.2452,1,4,814,0,0,814,6BH5
2024-12-30T08:55:20.000000000Z,2024-12-30T08:55:20.000000000Z,160,1,29307,F,B,1.2452,1,4,815,0,0,815,6BH5
2024-12-30T08:55:28.000000000Z,2024-12-30T08:55:28.000000000Z,160,1,29307,R,N,,0,4,816,0,0,816,6BH5
2024-12-30T08:55:36.000000000Z,2024-12-30T08:55:36.000000000Z,160,1,29307,C,B,1.2453,1,4,817,0,0,817,6BH5
2024-12-30T08:55:44.000000000Z,2024-12-30T08:55:44.000000000Z,160,1,29307,R,N,,0,4,818,0,0,818,6BH5
2024-12-30T08:55:52.000000000Z,2024-12-30T08:55:52.000000000Z,160,1,29307,R,N,,0,4,819,0,0,819,6BH5
2024-12-30T08:56:00.000000000Z,2024-12-30T08:56:00.000000000Z,160,1,29307,T,A,1.2451,1,4,820,0,0,820,6BH5
2024-12-30T08:56:08.000000000Z,2024-12-30T08:56:08.000000000Z,160,1,29307,R,N,,0,4,821,0,0,821,6BH5
2024-12-30T08:56:16.000000000Z,2024-12-30T08:56:16.000000000Z,160,1,29307,A,A,1.2447,3,4,822,0,0,822,6BH5
2024-12-30T08:56:24.000000000Z,2024-12-30T08:56:24.000000000Z,160,1,29307,T,A,1.2448,1,4,823,0,0,823,6BH5
2024-12-30T08:56:32.000000000Z,2024-12-30T08:56:32.000000000Z,160,1,29307,T,A,1.2449,1,4,824,0,0,824,6BH5
2024-12-30T08:56:40.000000000Z,2024-12-30T08:56:40.000000000Z,160,1,29307,F,A,1.245,1,4,825,0,0,825,6BH5
2024-12-30T08:56:48.000000000Z,2024-12-30T08:56:48.000000000Z,160,1,29307,A,B,1.2449,2,4,826,0,0,826,6BH5
2024-12-30T08:56:56.000000000Z,2024-12-30T08:56:56.000000000Z,160,1,29307,T,B,1.2448,1,4,827,0,0,827,6BH5
2024-12-30T08:57:04.000000000Z,2024-12-30T08:57:04.000000000Z,160,1,29307,C,B,1.2448,2,4,828,0,0,828,6BH5
2024-12-30T08:57:12.000000000Z,2024-12-30T08:57:12.000000000Z,160,1,29307,A,A,1.2446,1,4,829,0,0,829,6BH5
2024-12-30T08:57:20.000000000Z,2024-12-30T08:57:20.000000000Z,160,1,29307,T,A,1.2447,1,4,830,0,0,830,6BH5
2024-12-30T08:57:28.000000000Z,2024-12-30T08:57:28.000000000Z,160,1,29307,C,A,1.2449,2,4,831,0,0,831,6BH5
2024-12-30T08:57:36.000000000Z,2024-12-30T08:57:36.000000000Z,160,1,29307,R,N,,0,4,832,0,0,832,6BH5
2024-12-30T08:57:44.000000000Z,2024-12-30T08:57:44.000000000Z,160,1,29307,F,A,1.2449,1,4,833,0,0,833,6BH5
2024-12-30T08:57:52.000000000Z,2024-12-30T08:57:52.000000000Z,160,1,29307,A,A,1.2449,2,4,834,0,0,834,6BH5
2024-12-30T08:58:00.000000000Z,2024-12-30T08:58:00.000000000Z,160,1,29307,A,B,1.2447,1,4,835,0,0,835,6BH5
2024-12-30T08:58:08.000000000Z,2024-12-30T08:58:08.000000000Z,160,1,29307,T,A,1.2447,1,4,836,0,0,836,6BH5
2024-12-30T08:58:16.000000000Z,2024-12-30T08:58:16.000000000Z,160,1,29307,A,B,1.2446,1,4,837,0,0,837,6BH5
2024-12-30T08:58:24.000000000Z,2024-12-30T08:58:24.000000000Z,160,1,29307,T,B,1.2444,1,4,838,0,0,838,6BH5
2024-12-30T08:58:32.000000000Z,2024-12-30T08:58:32.000000000Z,160,1,29307,T,A,1.2445,1,4,839,0,0,839,6BH5
2024-12-30T08:58:40.000000000Z,2024-12-30T08:58:40.000000000Z,160,1,29307,T,A,1.2447,1,4,840,0,0,840,6BH5
2024-12-30T08:58:48.000000000Z,2024-12-30T08:58:48.000000000Z,160,1,29307,C,A,1.2446,1,4,841,0,0,841,6BH5
2024-12-30T08:58:56.000000000Z,2024-12-30T08:58:56.000000000Z,160,1,29307,F,B,1.2445,1,4,842,0,0,842,6BH5
2024-12-30T08:59:04.000000000Z,2024-12-30T08:59:04.000000000Z,160,1,29307,C,B,1.2447,3,4,843,0,0,843,6BH5
2024-12-30T08:59:12.000000000Z,2024-12-30T08:59:12.000000000Z,160,1,29307,A,B,1.2448,10,4,844,0,0,844,6BH5
2024-12-30T08:59:20.000000000Z,2024-12-30T08:59:20.000000000Z,160,1,29307,A,A,1.2449,2,4,845,0,0,845,6BH5
2024-12-30T08:59:28.000000000Z,2024-12-30T08:59:28.000000000Z,160,1,29307,C,A,1.2448,1,4,846,0,0,846,6BH5
2024-12-30T08:59:36.000000000Z,2024-12-30T08:59:36.000000000Z,160,1,29307,C,A,1.245,1,4,847,0,0,847,6BH5
2024-12-30T08:59:44.000000000Z,2024-12-30T08:59:44.000000000Z,160,1,29307,T,A,1.2449,2,4,848,0,0,848,6BH5
2024-12-30T08:59:52.000000000Z,2024-12-30T08:59:52.000000000Z,160,1,29307,R,N,,0,4,849,0,0,849,6BH5
2024-12-30T09:00:00.000000000Z,2024-12-30T09:00:00.000000000Z,160,1,29307,T,B,1.2448,1,4,850,0,0,850,6BH5
2024-12-30T09:00:08.000000000Z,2024-12-30T09:00:08.000000000Z,160,1,29307,T,B,1.2449,2,4,851,0,0,851,6BH5
2024-12-30T09:00:16.000000000Z,2024-12-30T09:00:16.000000000Z,160,1,29307,A,B,1.2448,5,4,852,0,0,852,6BH5
2024-12-30T09:00:24.000000000Z,2024-12-30T09:00:24.000000000Z,160,1,29307,T,A,1.2448,2,4,853,0,0,853,6BH5
2024-12-30T09:00:32.000000000Z,2024-12-30T09:00:32.000000000Z,160,1,29307,T,A,1.2447,1,4,854,0,0,854,6BH5
2024-12-30T09:00:40.000000000Z,2024-12-30T09:00:40.000000000Z,160,1,29307,F,A,1.2446,1,4,855,0,0,855,6BH5
2024-12-30T09:00:48.000000000Z,2024-12-30T09:00:48.000000000Z,160,1,29307,A,B,1.2447,1,4,856,0,0,856,6BH5
2024-12-30T09:00:56.000000000Z,2024-12-30T09:00:56.000000000Z,160,1,29307,A,B,1.2449,1,4,857,0,0,857,6BH5
2024-12-30T09:01:04.000000000Z,2024-12-30T09:01:04.000000000Z,160,1,29307,C,A,1.2451,1,4,858,0,0,858,6BH5
2024-12-30T09:01:12.000000000Z,2024-12-30T09:01:12.000000000Z,160,1,29307,T,A,1.245,1,4,859,0,0,859,6BH5
2024-12-30T09:01:20.000000000Z,2024-12-30T09:01:20.000000000Z,160,1,29307,F,B,1.2451,2,4,860,0,0,860,6BH5
2024-12-30T09:01:28.000000000Z,2024-12-30T09:01:28.000000000Z,160,1,29307,F,A,1.2452,1,4,861,0,0,861,6BH5
2024-12-30T09:01:36.000000000Z,2024-12-30T09:01:36.000000000Z,160,1,29307,A,B,1.2451,1,4,862,0,0,862,6BH5
2024-12-30T09:01:44.000000000Z,2024-12-30T09:01:44.000000000Z,160,1,29307,T,B,1.2449,1,4,863,0,0,863,6BH5
2024-12-30T09:01:52.000000000Z,2024-12-30T09:01:52.000000000Z,160,1,29307,F,B,1.245,1,4,864,0,0,864,6BH5
2024-12-30T09:02:00.000000000Z,2024-12-30T09:02:00.000000000Z,160,1,29307,A,A,1.2452,2,4,865,0,0,865,6BH5
2024-12-30T09:02:08.000000000Z,2024-12-30T09:02:08.000000000Z,160,1,29307,F,A,1.2453,1,4,866,0,0,866,6BH5
2024-12-30T09:02:16.000000000Z,2024-12-30T09:02:16.000000000Z,160,1,29307,F,B,1.2453,2,4,867,0,0,867,6BH5
2024-12-30T09:02:24.000000000Z,2024-12-30T09:02:24.000000000Z,160,1,29307,F,A,1.2453,1,4,868,0,0,868,6BH5
2024-12-30T09:02:32.000000000Z,2024-12-30T09:02:32.000000000Z,160,1,29307,C,B,1.2452,1,4,869,0,0,869,6BH5
2024-12-30T09:02:40.000000000Z,2024-12-30T09:02:40.000000000Z,160,1,29307,C,B,1.2453,2,4,870,0,0,870,6BH5
2024-12-30T09:02:48.000000000Z,2024-12-30T09:02:48.000000000Z,160,1,29307,T,B,1.2454,1,4,871,0,0,871,6BH5
2024-12-30T09:02:56.000000000Z,2024-12-30T09:02:56.000000000Z,160,1,29307,T,B,1.2452,1,4,872,0,0,872,6BH5
2024-12-30T09:03:04.000000000Z,2024-12-30T09:03:04.000000000Z,160,1,29307,F,A,1.2454,1,4,873,0,0,873,6BH5
2024-12-30T09:03:12.000000000Z,2024-12-30T09:03:12.000000000Z,160,1,29307,A,B,1.2453,1,4,874,0,0,874,6BH5
2024-12-30T09:03:20.000000000Z,2024-12-30T09:03:20.000000000Z,160,1,29307,T,B,1.2455,1,4,875,0,0,875,6BH5
2024-12-30T09:03:28.000000000Z,2024-12-30T09:03:28.000000000Z,160,1,29307,T,A,1.2454,2,4,876,0,0,876,6BH5
2024-12-30T09:03:36.000000000Z,2024-12-30T09:03:36.000000000Z,160,1,29307,R,N,,0,4,877,0,0,877,6BH5
2024-12-30T09:03:44.000000000Z,2024-12-30T09:03:44.000000000Z,160,1,29307,R,N,,0,4,878,0,0,878,6BH5
2024-12-30T09:03:52.000000000Z,2024-12-30T09:03:52.000000000Z,160,1,29307,F,A,1.2452,1,4,879,0,0,879,6BH5
2024-12-30T09:04:00.000000000Z,2024-12-30T09:04:00.000000000Z,160,1,29307,T,A,1.245,1,4,880,0,0,880,6BH5
2024-12-30T09:04:08.000000000Z,2024-12-30T09:04:08.000000000Z,160,1,29307,T,A,1.245,1,4,881,0,0,881,6BH5
2024-12-30T09:04:16.000000000Z,2024-12-30T09:04:16.000000000Z,160,1,29307,A,B,1.245,1,4,882,0,0,882,6BH5
2024-12-30T09:04:24.000000000Z,2024-12-30T09:04:24.000000000Z,160,1,29307,T,A,1.2451,1,4,883,0,0,883,6BH5
2024-12-30T09:04:32.000000000Z,2024-12-30T09:04:32.000000000Z,160,1,29307,C,A,1.2449,1,4,884,0,0,884,6BH5
2024-12-30T09:04:40.000000000Z,2024-12-30T09:04:40.000000000Z,160,1,29307,A,B,1.2449,1,4,885,0,0,885,6BH5
2024-12-30T09:04:48.000000000Z,2024-12-30T09:04:48.000000000Z,160,1,29307,A,B,1.2447,2,4,886,0,0,886,6BH5
2024-12-30T09:04:56.000000000Z,2024-12-30T09:04:56.000000000Z,160,1,29307,C,B,1.2448,1,4,887,0,0,887,6BH5
2024-12-30T09:05:04.000000000Z,2024-12-30T09:05:04.000000000Z,160,1,29307,C,B,1.2446,2,4,888,0,0,888,6BH5
2024-12-30T09:05:12.000000000Z,2024-12-30T09:05:12.000000000Z,160,1,29307,T,B,1.2448,1,4,889,0,0,889,6BH5
2024-12-30T09:05:20.000000000Z,2024-12-30T09:05:20.000000000Z,160,1,29307,A,A,1.2449,1,4,890,0,0,890,6BH5
2024-12-30T09:05:28.000000000Z,2024-12-30T09:05:28.000000000Z,160,1,29307,A,A,1.2449,1,4,891,0,0,891,6BH5
2024-12-30T09:05:36.000000000Z,2024-12-30T09:05:36.000000000Z,160,1,29307,T,A,1.2449,1,4,892,0,0,892,6BH5
2024-12-30T09:05:44.000000000Z,2024-12-30T09:05:44.000000000Z,160,1,29307,C,B,1.2447,2,4,893,0,0,893,6BH5
2024-12-30T09:05:52.000000000Z,2024-12-30T09:05:52.000000000Z,160,1,29307,T,B,1.2446,1,4,894,0,0,894,6BH5
2024-12-30T09:06:00.000000000Z,2024-12-30T09:06:00.000000000Z,160,1,29307,C,B,1.2448,1,4,895,0,0,895,6BH5
2024-12-30T09:06:08.000000000Z,2024-12-30T09:06:08.000000000Z,160,1,29307,T,A,1.245,1,4,896,0,0,896,6BH5
2024-12-30T09:06:16.000000000Z,2024-12-30T09:06:16.000000000Z,160,1,29307,A,A,1.2448,1,4,897,0,0,897,6BH5
2024-12-30T09:06:24.000000000Z,2024-12-30T09:06:24.000000000Z,160,1,29307,C,B,1.2448,1,4,898,0,0,898,6BH5
2024-12-30T09:06:32.000000000Z,2024-12-30T09:06:32.000000000Z,160,1,29307,F,A,1.2449,2,4,899,0,0,899,6BH5
2024-12-30T13:30:00.000000000Z,2024-12-30T13:30:00.000000000Z,160,1,29307,C,B,1.245,1,4,900,0,0,900,6BH5
2024-12-30T13:30:07.000000000Z,2024-12-30T13:30:07.000000000Z,160,1,29307,A,A,1.2448,3,4,901,0,0,901,6BH5
2024-12-30T13:30:14.000000000Z,2024-12-30T13:30:14.000000000Z,160,1,29307,T,A,1.2447,2,4,902,0,0,902,6BH5
2024-12-30T13:30:21.000000000Z,2024-12-30T13:30:21.000000000Z,160,1,29307,A,A,1.2446,1,4,903,0,0,903,6BH5
2024-12-30T13:30:28.000000000Z,2024-12-30T13:30:28.000000000Z,160,1,29307,F,B,1.2447,1,4,904,0,0,904,6BH5
2024-12-30T13:30:35.000000000Z,2024-12-30T13:30:35.000000000Z,160,1,29307,F,A,1.2447,1,4,905,0,0,905,6BH5
2024-12-30T13:30:42.000000000Z,2024-12-30T13:30:42.000000000Z,160,1,29307,T,A,1.2447,1,4,906,0,0,906,6BH5
2024-12-30T13:30:49.000000000Z,2024-12-30T13:30:49.000000000Z,160,1,29307,C,B,1.2449,1,4,907,0,0,907,6BH5
2024-12-30T13:30:56.000000000Z,2024-12-30T13:30:56.000000000Z,160,1,29307,T,A,1.245,5,4,908,0,0,908,6BH5
2024-12-30T13:31:03.000000000Z,2024-12-30T13:31:03.000000000Z,160,1,29307,A,B,1.2452,1,4,909,0,0,909,6BH5
2024-12-30T13:31:10.000000000Z,2024-12-30T13:31:10.000000000Z,160,1,29307,A,B,1.2452,1,4,910,0,0,910,6BH5
2024-12-30T13:31:17.000000000Z,2024-12-30T13:31:17.000000000Z,160,1,29307,C,B,1.245,1,4,911,0,0,911,6BH5
2024-12-30T13:31:24.000000000Z,2024-12-30T13:31:24.000000000Z,160,1,29307,T,B,1.2452,1,4,912,0,0,912,6BH5
2024-12-30T13:31:31.000000000Z,2024-12-30T13:31:31.000000000Z,160,1,29307,A,B,1.2452,2,4,913,0,0,913,6BH5
2024-12-30T13:31:38.000000000Z,2024-12-30T13:31:38.000000000Z,160,1,29307,T,A,1.2451,1,4,914,0,0,914,6BH5
2024-12-30T13:31:45.000000000Z,2024-12-30T13:31:45.000000000Z,160,1,29307,T,B,1.245,1,4,915,0,0,915,6BH5
2024-12-30T13:31:52.000000000Z,2024-12-30T13:31:52.000000000Z,160,1,29307,T,B,1.2448,1,4,916,0,0,916,6BH5
2024-12-30T13:31:59.000000000Z,2024-12-30T13:31:59.000000000Z,160,1,29307,C,B,1.2448,2,4,917,0,0,917,6BH5
2024-12-30T13:32:06.000000000Z,2024-12-30T13:32:06.000000000Z,160,1,29307,T,B,1.245,1,4,918,0,0,918,6BH5
2024-12-30T13:32:13.000000000Z,2024-12-30T13:32:13.000000000Z,160,1,29307,T,A,1.2452,5,4,919,0,0,919,6BH5
2024-12-30T13:32:20.000000000Z,2024-12-30T13:32:20.000000000Z,160,1,29307,F,B,1.2454,1,4,920,0,0,920,6BH5
2024-12-30T13:32:27.000000000Z,2024-12-30T13:32:27.000000000Z,160,1,29307,A,A,1.2452,1,4,921,0,0,921,6BH5
2024-12-30T13:32:34.000000000Z,2024-12-30T13:32:34.000000000Z,160,1,29307,A,B,1.2451,1,4,922,0,0,922,6BH5
2024-12-30T13:32:41.000000000Z,2024-12-30T13:32:41.000000000Z,160,1,29307,T,A,1.2449,1,4,923,0,0,923,6BH5
2024-12-30T13:32:48.000000000Z,2024-12-30T13:32:48.000000000Z,160,1,29307,A,B,1.2451,1,4,924,0,0,924,6BH5
2024-12-30T13:32:55.000000000Z,2024-12-30T13:32:55.000000000Z,160,1,29307,C,B,1.245,1,4,925,0,0,925,6BH5
2024-12-30T13:33:02.000000000Z,2024-12-30T13:33:02.000000000Z,160,1,29307,A,A,1.2451,1,4,926,0,0,926,6BH5
2024-12-30T13:33:09.000000000Z,2024-12-30T13:33:09.000000000Z,160,1,29307,C,B,1.2452,1,4,927,0,0,927,6BH5
2024-12-30T13:33:16.000000000Z,2024-12-30T13:33:16.000000000Z,160,1,29307,T,A,1.2452,1,4,928,0,0,928,6BH5
2024-12-30T13:33:23.000000000Z,2024-12-30T13:33:23.000000000Z,160,1,29307,T,B,1.2451,1,4,929,0,0,929,6BH5
2024-12-30T13:33:30.000000000Z,2024-12-30T13:33:30.000000000Z,160,1,29307,F,A,1.2453,2,4,930,0,0,930,6BH5
2024-12-30T13:33:37.000000000Z,2024-12-30T13:33:37.000000000Z,160,1,29307,R,N,,0,4,931,0,0,931,6BH5
2024-12-30T13:33:44.000000000Z,2024-12-30T13:33:44.000000000Z,160,1,29307,F,B,1.2454,1,4,932,0,0,932,6BH5
2024-12-30T13:33:51.000000000Z,2024-12-30T13:33:51.000000000Z,160,1,29307,C,A,1.2454,1,4,933,0,0,933,6BH5
2024-12-30T13:33:58.000000000Z,2024-12-30T13:33:58.000000000Z,160,1,29307,A,B,1.2456,2,4,934,0,0,934,6BH5
2024-12-30T13:34:05.000000000Z,2024-12-30T13:34:05.000000000Z,160,1,29307,T,B,1.2454,2,4,935,0,0,935,6BH5
2024-12-30T13:34:12.000000000Z,2024-12-30T13:34:12.000000000Z,160,1,29307,C,B,1.2454,1,4,936,0,0,936,6BH5
2024-12-30T13:34:19.000000000Z,2024-12-30T13:34:19.000000000Z,160,1,29307,T,B,1.2452,1,4,937,0,0,937,6BH5
2024-12-30T13:34:26.000000000Z,2024-12-30T13:34:26.000000000Z,160,1,29307,C,B,1.2452,2,4,938,0,0,938,6BH5
2024-12-30T13:34:33.000000000Z,2024-12-30T13:34:33.000000000Z,160,1,29307,F,B,1.245,10,4,939,0,0,939,6BH5
2024-12-30T13:34:40.000000000Z,2024-12-30T13:34:40.000000000Z,160,1,29307,A,A,1.245,1,4,940,0,0,940,6BH5
2024-12-30T13:34:47.000000000Z,2024-12-30T13:34:47.000000000Z,160,1,29307,F,A,1.2449,10,4,941,0,0,941,6BH5
2024-12-30T13:34:54.000000000Z,2024-12-30T13:34:54.000000000Z,160,1,29307,T,A,1.2449,1,4,942,0,0,942,6BH5
2024-12-30T13:35:01.000000000Z,2024-12-30T13:35:01.000000000Z,160,1,29307,A,B,1.2451,2,4,943,0,0,943,6BH5
2024-12-30T13:35:08.000000000Z,2024-12-30T13:35:08.000000000Z,160,1,29307,F,A,1.2452,1,4,944,0,0,944,6BH5
2024-12-30T13:35:15.000000000Z,2024-12-30T13:35:15.000000000Z,160,1,29307,T,B,1.2453,1,4,945,0,0,945,6BH5
2024-12-30T13:35:22.000000000Z,2024-12-30T13:35:22.000000000Z,160,1,29307,R,N,,0,4,946,0,0,946,6BH5
2024-12-30T13:35:29.000000000Z,2024-12-30T13:35:29.000000000Z,160,1,29307,C,B,1.2452,2,4,947,0,0,947,6BH5
2024-12-30T13:35:36.000000000Z,2024-12-30T13:35:36.000000000Z,160,1,29307,C,B,1.2451,3,4,948,0,0,948,6BH5
2024-12-30T13:35:43.000000000Z,2024-12-30T13:35:43.000000000Z,160,1,29307,C,A,1.2453,1,4,949,0,0,949,6BH5
2024-12-30T13:35:50.000000000Z,2024-12-30T13:35:50.000000000Z,160,1,29307,T,B,1.2452,1,4,950,0,0,950,6BH5
2024-12-30T13:35:57.000000000Z,2024-12-30T13:35:57.000000000Z,160,1,29307,A,A,1.245,1,4,951,0,0,951,6BH5
2024-12-30T13:36:04.000000000Z,2024-12-30T13:36:04.000000000Z,160,1,29307,A,B,1.2451,1,4,952,0,0,952,6BH5
2024-12-30T13:36:11.000000000Z,2024-12-30T13:36:11.000000000Z,160,1,29307,A,A,1.245,1,4,953,0,0,953,6BH5
2024-12-30T13:36:18.000000000Z,2024-12-30T13:36:18.000000000Z,160,1,29307,C,A,1.2449,1,4,954,0,0,954,6BH5
2024-12-30T13:36:25.000000000Z,2024-12-30T13:36:25.000000000Z,160,1,29307,A,A,1.2451,3,4,955,0,0,955,6BH5
2024-12-30T13:36:32.000000000Z,2024-12-30T13:36:32.000000000Z,160,1,29307,A,A,1.2453,1,4,956,0,0,956,6BH5
2024-12-30T13:36:39.000000000Z,2024-12-30T13:36:39.000000000Z,160,1,29307,F,A,1.2453,1,4,957,0,0,957,6BH5
2024-12-30T13:36:46.000000000Z,2024-12-30T13:36:46.000000000Z,160,1,29307,A,A,1.2455,1,4,958,0,0,958,6BH5
2024-12-30T13:36:53.000000000Z,2024-12-30T13:36:53.000000000Z,160,1,29307,F,B,1.2456,1,4,959,0,0,959,6BH5
2024-12-30T13:37:00.000000000Z,2024-12-30T13:37:00.000000000Z,160,1,29307,A,A,1.2457,2,4,960,0,0,960,6BH5
2024-12-30T13:37:07.000000000Z,2024-12-30T13:37:07.000000000Z,160,1,29307,A,B,1.2455,1,4,961,0,0,961,6BH5
2024-12-30T13:37:14.000000000Z,2024-12-30T13:37:14.000000000Z,160,1,29307,T,A,1.2453,1,4,962,0,0,962,6BH5
2024-12-30T13:37:21.000000000Z,2024-12-30T13:37:21.000000000Z,160,1,29307,T,B,1.2454,1,4,963,0,0,963,6BH5
2024-12-30T13:37:28.000000000Z,2024-12-30T13:37:28.000000000Z,160,1,29307,C,A,1.2456,1,4,964,0,0,964,6BH5
2024-12-30T13:37:35.000000000Z,2024-12-30T13:37:35.000000000Z,160,1,29307,R,N,,0,4,965,0,0,965,6BH5
2024-12-30T13:37:42.000000000Z,2024-12-30T13:37:42.000000000Z,160,1,29307,T,B,1.2455,1,4,966,0,0,966,6BH5
2024-12-30T13:37:49.000000000Z,2024-12-30T13:37:49.000000000Z,160,1,29307,R,N,,0,4,967,0,0,967,6BH5
2024-12-30T13:37:56.000000000Z,2024-12-30T13:37:56.000000000Z,160,1,29307,C,A,1.2454,1,4,968,0,0,968,6BH5
2024-12-30T13:38:03.000000000Z,2024-12-30T13:38:03.000000000Z,160,1,29307,T,A,1.2452,1,4,969,0,0,969,6BH5
2024-12-30T13:38:10.000000000Z,2024-12-30T13:38:10.000000000Z,160,1,29307,T,B,1.2452,1,4,970,0,0,970,6BH5
2024-12-30T13:38:17.000000000Z,2024-12-30T13:38:17.000000000Z,160,1,29307,F,A,1.245,1,4,971,0,0,971,6BH5
2024-12-30T13:38:24.000000000Z,2024-12-30T13:38:24.000000000Z,160,1,29307,F,B,1.2448,1,4,972,0,0,972,6BH5
2024-12-30T13:38:31.000000000Z,2024-12-30T13:38:31.000000000Z,160,1,29307,T,A,1.2449,3,4,973,0,0,973,6BH5
2024-12-30T13:38:38.000000000Z,2024-12-30T13:38:38.000000000Z,160,1,29307,C,A,1.245,1,4,974,0,0,974,6BH5
2024-12-30T13:38:45.000000000Z,2024-12-30T13:38:45.000000000Z,160,1,29307,C,B,1.2449,1,4,975,0,0,975,6BH5
2024-12-30T13:38:52.000000000Z,2024-12-30T13:38:52.000000000Z,160,1,29307,R,N,,0,4,976,0,0,976,6BH5
2024-12-30T13:38:59.000000000Z,2024-12-30T13:38:59.000000000Z,160,1,29307,A,A,1.2449,1,4,977,0,0,977,6BH5
2024-12-30T13:39:06.000000000Z,2024-12-30T13:39:06.000000000Z,160,1,29307,F,B,1.2448,1,4,978,0,0,978,6BH5
2024-12-30T13:39:13.000000000Z,2024-12-30T13:39:13.000000000Z,160,1,29307,A,A,1.2448,2,4,979,0,0,979,6BH5
2024-12-30T13:39:20.000000000Z,2024-12-30T13:39:20.000000000Z,160,1,29307,T,B,1.245,1,4,980,0,0,980,6BH5
2024-12-30T13:39:27.000000000Z,2024-12-30T13:39:27.000000000Z,160,1,29307,F,B,1.2448,1,4,981,0,0,981,6BH5
2024-12-30T13:39:34.000000000Z,2024-12-30T13:39:34.000000000Z,160,1,29307,A,B,1.245,1,4,982,0,0,982,6BH5
2024-12-30T13:39:41.000000000Z,2024-12-30T13:39:41.000000000Z,160,1,29307,C,A,1.2449,3,4,983,0,0,983,6BH5
2024-12-30T13:39:48.000000000Z,2024-12-30T13:39:48.000000000Z,160,1,29307,C,B,1.2449,1,4,984,0,0,984,6BH5
2024-12-30T13:39:55.000000000Z,2024-12-30T13:39:55.000000000Z,160,1,29307,T,B,1.2448,1,4,985,0,0,985,6BH5
2024-12-30T13:40:02.000000000Z,2024-12-30T13:40:02.000000000Z,160,1,29307,T,A,1.245,5,4,986,0,0,986,6BH5
2024-12-30T13:40:09.000000000Z,2024-12-30T13:40:09.000000000Z,160,1,29307,C,B,1.2449,2,4,987,0,0,987,6BH5
2024-12-30T13:40:16.000000000Z,2024-12-30T13:40:16.000000000Z,160,1,29307,R,N,,0,4,988,0,0,988,6BH5
2024-12-30T13:40:23.000000000Z,2024-12-30T13:40:23.000000000Z,160,1,29307,C,A,1.245,1,4,989,0,0,989,6BH5
2024-12-30T13:40:30.000000000Z,2024-12-30T13:40:30.000000000Z,160,1,29307,A,A,1.245,1,4,990,0,0,990,6BH5
2024-12-30T13:40:37.000000000Z,2024-12-30T13:40:37.000000000Z,160,1,29307,C,A,1.245,1,4,991,0,0,991,6BH5
2024-12-30T13:40:44.000000000Z,2024-12-30T13:40:44.000000000Z,160,1,29307,A,B,1.2449,1,4,992,0,0,992,6BH5
2024-12-30T13:40:51.000000000Z,2024-12-30T13:40:51.000000000Z,160,1,29307,A,B,1.245,1,4,993,0,0,993,6BH5
2024-12-30T13:40:58.000000000Z,2024-12-30T13:40:58.000000000Z,160,1,29307,A,B,1.2448,2,4,994,0,0,994,6BH5
2024-12-30T13:41:05.000000000Z,2024-12-30T13:41:05.000000000Z,160,1,29307,A,B,1.2446,2,4,995,0,0,995,6BH5
2024-12-30T13:41:12.000000000Z,2024-12-30T13:41:12.000000000Z,160,1,29307,C,B,1.2446,1,4,996,0,0,996,6BH5
2024-12-30T13:41:19.000000000Z,2024-12-30T13:41:19.000000000Z,160,1,29307,R,N,,0,4,997,0,0,997,6BH5
2024-12-30T13:41:26.000000000Z,2024-12-30T13:41:26.000000000Z,160,1,29307,T,B,1.2447,1,4,998,0,0,998,6BH5
2024-12-30T13:41:33.000000000Z,2024-12-30T13:41:33.000000000Z,160,1,29307,C,B,1.2449,2,4,999,0,0,999,6BH5
2024-12-30T13:41:40.000000000Z,2024-12-30T13:41:40.000000000Z,160,1,29307,F,B,1.245,1,4,1000,0,0,1000,6BH5
2024-12-30T13:41:47.000000000Z,2024-12-30T13:41:47.000000000Z,160,1,29307,T,A,1.2451,2,4,1001,0,0,1001,6BH5
2024-12-30T13:41:54.000000000Z,2024-12-30T13:41:54.000000000Z,160,1,29307,A,A,1.2452,1,4,1002,0,0,1002,6BH5
2024-12-30T13:42:01.000000000Z,2024-12-30T13:42:01.000000000Z,160,1,29307,T,B,1.245,1,4,1003,0,0,1003,6BH5
2024-12-30T13:42:08.000000000Z,2024-12-30T13:42:08.000000000Z,160,1,29307,T,A,1.2451,2,4,1004,0,0,1004,6BH5
2024-12-30T13:42:15.000000000Z,2024-12-30T13:42:15.000000000Z,160,1,29307,R,N,,0,4,1005,0,0,1005,6BH5
2024-12-30T13:42:22.000000000Z,2024-12-30T13:42:22.000000000Z,160,1,29307,F,B,1.2449,1,4,1006,0,0,1006,6BH5
2024-12-30T13:42:29.000000000Z,2024-12-30T13:42:29.000000000Z,160,1,29307,A,A,1.245,2,4,1007,0,0,1007,6BH5
2024-12-30T13:42:36.000000000Z,2024-12-30T13:42:36.000000000Z,160,1,29307,A,A,1.245,1,4,1008,0,0,1008,6BH5
2024-12-30T13:42:43.000000000Z,2024-12-30T13:42:43.000000000Z,160,1,29307,C,B,1.2452,1,4,1009,0,0,1009,6BH5
2024-12-30T13:42:50.000000000Z,2024-12-30T13:42:50.000000000Z,160,1,29307,C,B,1.2451,1,4,1010,0,0,1010,6BH5
2024-12-30T13:42:57.000000000Z,2024-12-30T13:42:57.000000000Z,160,1,29307,A,A,1.2452,1,4,1011,0,0,1011,6BH5
2024-12-30T13:43:04.000000000Z,2024-12-30T13:43:04.000000000Z,160,1,29307,A,B,1.245,2,4,1012,0,0,1012,6BH5
2024-12-30T13:43:11.000000000Z,2024-12-30T13:43:11.000000000Z,160,1,29307,T,A,1.2451,2,4,1013,0,0,1013,6BH5
2024-12-30T13:43:18.000000000Z,2024-12-30T13:43:18.000000000Z,160,1,29307,R,N,,0,4,1014,0,0,1014,6BH5
2024-12-30T13:43:25.000000000Z,2024-12-30T13:43:25.000000000Z,160,1,29307,C,A,1.2452,1,4,1015,0,0,1015,6BH5
2024-12-30T13:43:32.000000000Z,2024-12-30T13:43:32.000000000Z,160,1,29307,C,B,1.2451,1,4,1016,0,0,1016,6BH5
2024-12-30T13:43:39.000000000Z,2024-12-30T13:43:39.000000000Z,160,1,29307,A,B,1.2449,1,4,1017,0,0,1017,6BH5
2024-12-30T13:43:46.000000000Z,2024-12-30T13:43:46.000000000Z,160,1,29307,T,A,1.2447,2,4,1018,0,0,1018,6BH5
2024-12-30T13:43:53.000000000Z,2024-12-30T13:43:53.000000000Z,160,1,29307,A,B,1.2448,1,4,1019,0,0,1019,6BH5
2024-12-30T13:44:00.000000000Z,2024-12-30T13:44:00.000000000Z,160,1,29307,T,B,1.245,1,4,1020,0,0,1020,6BH5
2024-12-30T13:44:07.000000000Z,2024-12-30T13:44:07.000000000Z,160,1,29307,A,A,1.2449,2,4,1021,0,0,1021,6BH5
2024-12-30T13:44:14.000000000Z,2024-12-30T13:44:14.000000000Z,160,1,29307,C,B,1.245,1,4,1022,0,0,1022,6BH5
2024-12-30T13:44:21.000000000Z,2024-12-30T13:44:21.000000000Z,160,1,29307,C,B,1.2452,1,4,1023,0,0,1023,6BH5
2024-12-30T13:44:28.000000000Z,2024-12-30T13:44:28.000000000Z,160,1,29307,R,N,,0,4,1024,0,0,1024,6BH5
2024-12-30T13:44:35.000000000Z,2024-12-30T13:44:35.000000000Z,160,1,29307,T,A,1.2453,2,4,1025,0,0,1025,6BH5
2024-12-30T13:44:42.000000000Z,2024-12-30T13:44:42.000000000Z,160,1,29307,C,A,1.2454,1,4,1026,0,0,1026,6BH5
2024-12-30T13:44:49.000000000Z,2024-12-30T13:44:49.000000000Z,160,1,29307,A,A,1.2453,3,4,1027,0,0,1027,6BH5
2024-12-30T13:44:56.000000000Z,2024-12-30T13:44:56.000000000Z,160,1,29307,T,B,1.2452,1,4,1028,0,0,1028,6BH5
2024-12-30T13:45:03.000000000Z,2024-12-30T13:45:03.000000000Z,160,1,29307,T,B,1.245,10,4,1029,0,0,1029,6BH5
2024-12-30T13:45:10.000000000Z,2024-12-30T13:45:10.000000000Z,160,1,29307,A,B,1.2452,1,4,1030,0,0,1030,6BH5
2024-12-30T13:45:17.000000000Z,2024-12-30T13:45:17.000000000Z,160,1,29307,A,B,1.2454,1,4,1031,0,0,1031,6BH5
2024-12-30T13:45:24.000000000Z,2024-12-30T13:45:24.000000000Z,160,1,29307,F,A,1.2455,2,4,1032,0,0,1032,6BH5
2024-12-30T13:45:31.000000000Z,2024-12-30T13:45:31.000000000Z,160,1,29307,C,B,1.2453,2,4,1033,0,0,1033,6BH5
2024-12-30T13:45:38.000000000Z,2024-12-30T13:45:38.000000000Z,160,1,29307,C,B,1.2453,1,4,1034,0,0,1034,6BH5
2024-12-30T13:45:45.000000000Z,2024-12-30T13:45:45.000000000Z,160,1,29307,A,B,1.2451,2,4,1035,0,0,1035,6BH5
2024-12-30T13:45:52.000000000Z,2024-12-30T13:45:52.000000000Z,160,1,29307,A,A,1.2449,2,4,1036,0,0,1036,6BH5
2024-12-30T13:45:59.000000000Z,2024-12-30T13:45:59.000000000Z,160,1,29307,T,B,1.245,1,4,1037,0,0,1037,6BH5
2024-12-30T13:46:06.000000000Z,2024-12-30T13:46:06.000000000Z,160,1,29307,A,B,1.2452,1,4,1038,0,0,1038,6BH5
2024-12-30T13:46:13.000000000Z,2024-12-30T13:46:13.000000000Z,160,1,29307,A,B,1.2454,2,4,1039,0,0,1039,6BH5
2024-12-30T13:46:20.000000000Z,2024-12-30T13:46:20.000000000Z,160,1,29307,C,B,1.2455,1,4,1040,0,0,1040,6BH5
2024-12-30T13:46:27.000000000Z,2024-12-30T13:46:27.000000000Z,160,1,29307,C,B,1.2453,1,4,1041,0,0,1041,6BH5
2024-12-30T13:46:34.000000000Z,2024-12-30T13:46:34.000000000Z,160,1,29307,A,A,1.2452,2,4,1042,0,0,1042,6BH5
2024-12-30T13:46:41.000000000Z,2024-12-30T13:46:41.000000000Z,160,1,29307,T,B,1.2451,1,4,1043,0,0,1043,6BH5
2024-12-30T13:46:48.000000000Z,2024-12-30T13:46:48.000000000Z,160,1,29307,R,N,,0,4,1044,0,0,1044,6BH5
2024-12-30T13:46:55.000000000Z,2024-12-30T13:46:55.000000000Z,160,1,29307,F,B,1.2453,5,4,1045,0,0,1045,6BH5
2024-12-30T13:47:02.000000000Z,2024-12-30T13:47:02.000000000Z,160,1,29307,A,B,1.2452,1,4,1046,0,0,1046,6BH5
2024-12-30T13:47:09.000000000Z,2024-12-30T13:47:09.000000000Z,160,1,29307,F,B,1.2452,2,4,1047,0,0,1047,6BH5
2024-12-30T13:47:16.000000000Z,2024-12-30T13:47:16.000000000Z,160,1,29307,C,B,1.245,2,4,1048,0,0,1048,6BH5
2024-12-30T13:47:23.000000000Z,2024-12-30T13:47:23.000000000Z,160,1,29307,T,B,1.2449,1,4,1049,0,0,1049,6BH5
2024-12-30T13:47:30.000000000Z,2024-12-30T13:47:30.000000000Z,160,1,29307,A,B,1.2449,1,4,1050,0,0,1050,6BH5
2024-12-30T13:47:37.000000000Z,2024-12-30T13:47:37.000000000Z,160,1,29307,R,N,,0,4,1051,0,0,1051,6BH5
2024-12-30T13:47:44.000000000Z,2024-12-30T13:47:44.000000000Z,160,1,29307,T,B,1.2447,1,4,1052,0,0,1052,6BH5
2024-12-30T13:47:51.000000000Z,2024-12-30T13:47:51.000000000Z,160,1,29307,F,A,1.2449,1,4,1053,0,0,1053,6BH5
2024-12-30T13:47:58.000000000Z,2024-12-30T13:47:58.000000000Z,160,1,29307,A,A,1.2449,1,4,1054,0,0,1054,6BH5
2024-12-30T13:48:05.000000000Z,2024-12-30T13:48:05.000000000Z,160,1,29307,T,A,1.2447,1,4,1055,0,0,1055,6BH5
2024-12-30T13:48:12.000000000Z,2024-12-30T13:48:12.000000000Z,160,1,29307,A,A,1.2446,1,4,1056,0,0,1056,6BH5
2024-12-30T13:48:19.000000000Z,2024-12-30T13:48:19.000000000Z,160,1,29307,A,B,1.2446,1,4,1057,0,0,1057,6BH5
2024-12-30T13:48:26.000000000Z,2024-12-30T13:48:26.000000000Z,160,1,29307,T,A,1.2445,1,4,1058,0,0,1058,6BH5
2024-12-30T13:48:33.000000000Z,2024-12-30T13:48:33.000000000Z,160,1,29307,C,A,1.2444,1,4,1059,0,0,1059,6BH5
2024-12-30T13:48:40.000000000Z,2024-12-30T13:48:40.000000000Z,160,1,29307,T,B,1.2444,1,4,1060,0,0,1060,6BH5
2024-12-30T13:48:47.000000000Z,2024-12-30T13:48:47.000000000Z,160,1,29307,C,A,1.2444,1,4,1061,0,0,1061,6BH5
2024-12-30T13:48:54.000000000Z,2024-12-30T13:48:54.000000000Z,160,1,29307,A,A,1.2445,1,4,1062,0,0,1062,6BH5
2024-12-30T13:49:01.000000000Z,2024-12-30T13:49:01.000000000Z,160,1,29307,F,B,1.2444,1,4,1063,0,0,1063,6BH5
2024-12-30T13:49:08.000000000Z,2024-12-30T13:49:08.000000000Z,160,1,29307,A,B,1.2445,2,4,1064,0,0,1064,6BH5
2024-12-30T13:49:15.000000000Z,2024-12-30T13:49:15.000000000Z,160,1,29307,F,B,1.2444,1,4,1065,0,0,1065,6BH5
2024-12-30T13:49:22.000000000Z,2024-12-30T13:49:22.000000000Z,160,1,29307,C,A,1.2442,1,4,1066,0,0,1066,6BH5
2024-12-30T13:49:29.000000000Z,2024-12-30T13:49:29.000000000Z,160,1,29307,T,A,1.2442,1,4,1067,0,0,1067,6BH5
2024-12-30T13:49:36.000000000Z,2024-12-30T13:49:36.000000000Z,160,1,29307,C,B,1.2442,1,4,1068,0,0,1068,6BH5
2024-12-30T13:49:43.000000000Z,2024-12-30T13:49:43.000000000Z,160,1,29307,A,B,1.2444,1,4,1069,0,0,1069,6BH5
2024-12-30T13:49:50.000000000Z,2024-12-30T13:49:50.000000000Z,160,1,29307,C,A,1.2445,3,4,1070,0,0,1070,6BH5
2024-12-30T13:49:57.000000000Z,2024-12-30T13:49:57.000000000Z,160,1,29307,R,N,,0,4,1071,0,0,1071,6BH5
2024-12-30T13:50:04.000000000Z,2024-12-30T13:50:04.000000000Z,160,1,29307,A,A,1.2449,10,4,1072,0,0,1072,6BH5
2024-12-30T13:50:11.000000000Z,2024-12-30T13:50:11.000000000Z,160,1,29307,F,B,1.245,1,4,1073,0,0,1073,6BH5
2024-12-30T13:50:18.000000000Z,2024-12-30T13:50:18.000000000Z,160,1,29307,A,B,1.245,1,4,1074,0,0,1074,6BH5
2024-12-30T13:50:25.000000000Z,2024-12-30T13:50:25.000000000Z,160,1,29307,T,A,1.245,1,4,1075,0,0,1075,6BH5
2024-12-30T13:50:32.000000000Z,2024-12-30T13:50:32.000000000Z,160,1,29307,F,B,1.2452,1,4,1076,0,0,1076,6BH5
2024-12-30T13:50:39.000000000Z,2024-12-30T13:50:39.000000000Z,160,1,29307,A,B,1.2453,1,4,1077,0,0,1077,6BH5
2024-12-30T13:50:46.000000000Z,2024-12-30T13:50:46.000000000Z,160,1,29307,F,B,1.2451,1,4,1078,0,0,1078,6BH5
2024-12-30T13:50:53.000000000Z,2024-12-30T13:50:53.000000000Z,160,1,29307,A,A,1.2452,1,4,1079,0,0,1079,6BH5
2024-12-30T13:51:00.000000000Z,2024-12-30T13:51:00.000000000Z,160,1,29307,A,B,1.2451,1,4,1080,0,0,1080,6BH5
2024-12-30T13:51:07.000000000Z,2024-12-30T13:51:07.000000000Z,160,1,29307,A,B,1.2451,1,4,1081,0,0,1081,6BH5
2024-12-30T13:51:14.000000000Z,2024-12-30T13:51:14.000000000Z,160,1,29307,F,B,1.245,1,4,1082,0,0,1082,6BH5
2024-12-30T13:51:21.000000000Z,2024-12-30T13:51:21.000000000Z,160,1,29307,C,B,1.2451,1,4,1083,0,0,1083,6BH5
2024-12-30T13:51:28.000000000Z,2024-12-30T13:51:28.000000000Z,160,1,29307,A,B,1.2453,1,4,1084,0,0,1084,6BH5
2024-12-30T13:51:35.000000000Z,2024-12-30T13:51:35.000000000Z,160,1,29307,A,B,1.2452,2,4,1085,0,0,1085,6BH5
2024-12-30T13:51:42.000000000Z,2024-12-30T13:51:42.000000000Z,160,1,29307,A,A,1.245,1,4,1086,0,0,1086,6BH5
2024-12-30T13:51:49.000000000Z,2024-12-30T13:51:49.000000000Z,160,1,29307,A,A,1.2449,1,4,1087,0,0,1087,6BH5
2024-12-30T13:51:56.000000000Z,2024-12-30T13:51:56.000000000Z,160,1,29307,T,B,1.245,1,4,1088,0,0,1088,6BH5
2024-12-30T13:52:03.000000000Z,2024-12-30T13:52:03.000000000Z,160,1,29307,T,A,1.2449,2,4,1089,0,0,1089,6BH5
2024-12-30T13:52:10.000000000Z,2024-12-30T13:52:10.000000000Z,160,1,29307,A,A,1.2448,1,4,1090,0,0,1090,6BH5
2024-12-30T13:52:17.000000000Z,2024-12-30T13:52:17.000000000Z,160,1,29307,F,B,1.2447,1,4,1091,0,0,1091,6BH5
2024-12-30T13:52:24.000000000Z,2024-12-30T13:52:24.000000000Z,160,1,29307,F,A,1.2447,1,4,1092,0,0,1092,6BH5
2024-12-30T13:52:31.000000000Z,2024-12-30T13:52:31.000000000Z,160,1,29307,A,A,1.2446,1,4,1093,0,0,1093,6BH5
2024-12-30T13:52:38.000000000Z,2024-12-30T13:52:38.000000000Z,160,1,29307,A,A,1.2447,1,4,1094,0,0,1094,6BH5
2024-12-30T13:52:45.000000000Z,2024-12-30T13:52:45.000000000Z,160,1,29307,T,A,1.2445,1,4,1095,0,0,1095,6BH5
2024-12-30T13:52:52.000000000Z,2024-12-30T13:52:52.000000000Z,160,1,29307,F,A,1.2446,2,4,1096,0,0,1096,6BH5
2024-12-30T13:52:59.000000000Z,2024-12-30T13:52:59.000000000Z,160,1,29307,C,A,1.2445,1,4,1097,0,0,1097,6BH5
2024-12-30T13:53:06.000000000Z,2024-12-30T13:53:06.000000000Z,160,1,29307,C,A,1.2445,1,4,1098,0,0,1098,6BH5
2024-12-30T13:53:13.000000000Z,2024-12-30T13:53:13.000000000Z,160,1,29307,F,A,1.2444,1,4,1099,0,0,1099,6BH5
2024-12-30T13:53:20.000000000Z,2024-12-30T13:53:20.000000000Z,160,1,29307,A,B,1.2445,1,4,1100,0,0,1100,6BH5
2024-12-30T13:53:27.000000000Z,2024-12-30T13:53:27.000000000Z,160,1,29307,A,B,1.2447,1,4,1101,0,0,1101,6BH5
2024-12-30T13:53:34.000000000Z,2024-12-30T13:53:34.000000000Z,160,1,29307,T,A,1.2449,1,4,1102,0,0,1102,6BH5
2024-12-30T13:53:41.000000000Z,2024-12-30T13:53:41.000000000Z,160,1,29307,A,A,1.2449,1,4,1103,0,0,1103,6BH5
2024-12-30T13:53:48.000000000Z,2024-12-30T13:53:48.000000000Z,160,1,29307,A,B,1.2449,1,4,1104,0,0,1104,6BH5
2024-12-30T13:53:55.000000000Z,2024-12-30T13:53:55.000000000Z,160,1,29307,T,A,1.245,1,4,1105,0,0,1105,6BH5
2024-12-30T13:54:02.000000000Z,2024-12-30T13:54:02.000000000Z,160,1,29307,A,A,1.2451,1,4,1106,0,0,1106,6BH5
2024-12-30T13:54:09.000000000Z,2024-12-30T13:54:09.000000000Z,160,1,29307,T,B,1.245,1,4,1107,0,0,1107,6BH5
2024-12-30T13:54:16.000000000Z,2024-12-30T13:54:16.000000000Z,160,1,29307,C,B,1.2451,1,4,1108,0,0,1108,6BH5
2024-12-30T13:54:23.000000000Z,2024-12-30T13:54:23.000000000Z,160,1,29307,A,B,1.2451,3,4,1109,0,0,1109,6BH5
2024-12-30T13:54:30.000000000Z,2024-12-30T13:54:30.000000000Z,160,1,29307,C,A,1.245,1,4,1110,0,0,1110,6BH5
2024-12-30T13:54:37.000000000Z,2024-12-30T13:54:37.000000000Z,160,1,29307,T,A,1.2449,1,4,1111,0,0,1111,6BH5
2024-12-30T13:54:44.000000000Z,2024-12-30T13:54:44.000000000Z,160,1,29307,R,N,,0,4,1112,0,0,1112,6BH5
2024-12-30T13:54:51.000000000Z,2024-12-30T13:54:51.000000000Z,160,1,29307,C,B,1.2448,1,4,1113,0,0,1113,6BH5
2024-12-30T13:54:58.000000000Z,2024-12-30T13:54:58.000000000Z,160,1,29307,F,A,1.2447,5,4,1114,0,0,1114,6BH5
2024-12-30T13:55:05.000000000Z,2024-12-30T13:55:05.000000000Z,160,1,29307,A,B,1.2445,1,4,1115,0,0,1115,6BH5
2024-12-30T13:55:12.000000000Z,2024-12-30T13:55:12.000000000Z,160,1,29307,C,A,1.2443,1,4,1116,0,0,1116,6BH5
2024-12-30T13:55:19.000000000Z,2024-12-30T13:55:19.000000000Z,160,1,29307,A,A,1.2443,1,4,1117,0,0,1117,6BH5
2024-12-30T13:55:26.000000000Z,2024-12-30T13:55:26.000000000Z,160,1,29307,F,B,1.2444,2,4,1118,0,0,1118,6BH5
2024-12-30T13:55:33.000000000Z,2024-12-30T13:55:33.000000000Z,160,1,29307,T,B,1.2443,1,4,1119,0,0,1119,6BH5
2024-12-30T13:55:40.000000000Z,2024-12-30T13:55:40.000000000Z,160,1,29307,F,A,1.2441,3,4,1120,0,0,1120,6BH5
2024-12-30T13:55:47.000000000Z,2024-12-30T13:55:47.000000000Z,160,1,29307,T,B,1.2439,1,4,1121,0,0,1121,6BH5
2024-12-30T13:55:54.000000000Z,2024-12-30T13:55:54.000000000Z,160,1,29307,F,B,1.2441,2,4,1122,0,0,1122,6BH5
2024-12-30T13:56:01.000000000Z,2024-12-30T13:56:01.000000000Z,160,1,29307,T,B,1.2441,1,4,1123,0,0,1123,6BH5
2024-12-30T13:56:08.000000000Z,2024-12-30T13:56:08.000000000Z,160,1,29307,C,B,1.2441,1,4,1124,0,0,1124,6BH5
2024-12-30T13:56:15.000000000Z,2024-12-30T13:56:15.000000000Z,160,1,29307,T,A,1.2439,3,4,1125,0,0,1125,6BH5
2024-12-30T13:56:22.000000000Z,2024-12-30T13:56:22.000000000Z,160,1,29307,C,A,1.244,3,4,1126,0,0,1126,6BH5
2024-12-30T13:56:29.000000000Z,2024-12-30T13:56:29.000000000Z,160,1,29307,A,A,1.244,1,4,1127,0,0,1127,6BH5
2024-12-30T13:56:36.000000000Z,2024-12-30T13:56:36.000000000Z,160,1,29307,F,A,1.2439,1,4,1128,0,0,1128,6BH5
2024-12-30T13:56:43.000000000Z,2024-12-30T13:56:43.000000000Z,160,1,29307,C,B,1.2437,1,4,1129,0,0,1129,6BH5
2024-12-30T13:56:50.000000000Z,2024-12-30T13:56:50.000000000Z,160,1,29307,F,B,1.2436,1,4,1130,0,0,1130,6BH5
2024-12-30T13:56:57.000000000Z,2024-12-30T13:56:57.000000000Z,160,1,29307,R,N,,0,4,1131,0,0,1131,6BH5
2024-12-30T13:57:04.000000000Z,2024-12-30T13:57:04.000000000Z,160,1,29307,C,A,1.2439,1,4,1132,0,0,1132,6BH5
2024-12-30T13:57:11.000000000Z,2024-12-30T13:57:11.000000000Z,160,1,29307,T,B,1.244,1,4,1133,0,0,1133,6BH5
2024-12-30T13:57:18.000000000Z,2024-12-30T13:57:18.000000000Z,160,1,29307,T,A,1.2441,2,4,1134,0,0,1134,6BH5
2024-12-30T13:57:25.000000000Z,2024-12-30T13:57:25.000000000Z,160,1,29307,A,A,1.2439,1,4,1135,0,0,1135,6BH5
2024-12-30T13:57:32.000000000Z,2024-12-30T13:57:32.000000000Z,160,1,29307,T,B,1.2439,1,4,1136,0,0,1136,6BH5
2024-12-30T13:57:39.000000000Z,2024-12-30T13:57:39.000000000Z,160,1,29307,A,A,1.244,1,4,1137,0,0,1137,6BH5
2024-12-30T13:57:46.000000000Z,2024-12-30T13:57:46.000000000Z,160,1,29307,C,B,1.2439,1,4,1138,0,0,1138,6BH5
2024-12-30T13:57:53.000000000Z,2024-12-30T13:57:53.000000000Z,160,1,29307,F,B,1.2441,1,4,1139,0,0,1139,6BH5
2024-12-30T13:58:00.000000000Z,2024-12-30T13:58:00.000000000Z,160,1,29307,A,A,1.244,1,4,1140,0,0,1140,6BH5
2024-12-30T13:58:07.000000000Z,2024-12-30T13:58:07.000000000Z,160,1,29307,C,B,1.2439,1,4,1141,0,0,1141,6BH5
2024-12-30T13:58:14.000000000Z,2024-12-30T13:58:14.000000000Z,160,1,29307,C,A,1.244,2,4,1142,0,0,1142,6BH5
2024-12-30T13:58:21.000000000Z,2024-12-30T13:58:21.000000000Z,160,1,29307,T,B,1.2441,1,4,1143,0,0,1143,6BH5
2024-12-30T13:58:28.000000000Z,2024-12-30T13:58:28.000000000Z,160,1,29307,R,N,,0,4,1144,0,0,1144,6BH5
2024-12-30T13:58:35.000000000Z,2024-12-30T13:58:35.000000000Z,160,1,29307,A,A,1.244,2,4,1145,0,0,1145,6BH5
2024-12-30T13:58:42.000000000Z,2024-12-30T13:58:42.000000000Z,160,1,29307,T,A,1.2441,2,4,1146,0,0,1146,6BH5
2024-12-30T13:58:49.000000000Z,2024-12-30T13:58:49.000000000Z,160,1,29307,F,B,1.2441,1,4,1147,0,0,1147,6BH5
2024-12-30T13:58:56.000000000Z,2024-12-30T13:58:56.000000000Z,160,1,29307,T,B,1.2441,1,4,1148,0,0,1148,6BH5
2024-12-30T13:59:03.000000000Z,2024-12-30T13:59:03.000000000Z,160,1,29307,F,A,1.2443,1,4,1149,0,0,1149,6BH5
2024-12-30T13:59:10.000000000Z,2024-12-30T13:59:10.000000000Z,160,1,29307,A,B,1.2444,1,4,1150,0,0,1150,6BH5
2024-12-30T13:59:17.000000000Z,2024-12-30T13:59:17.000000000Z,160,1,29307,T,A,1.2442,1,4,1151,0,0,1151,6BH5
2024-12-30T13:59:24.000000000Z,2024-12-30T13:59:24.000000000Z,160,1,29307,A,A,1.2443,1,4,1152,0,0,1152,6BH5
2024-12-30T13:59:31.000000000Z,2024-12-30T13:59:31.000000000Z,160,1,29307,C,B,1.2441,1,4,1153,0,0,1153,6BH5
2024-12-30T13:59:38.000000000Z,2024-12-30T13:59:38.000000000Z,160,1,29307,A,A,1.2439,1,4,1154,0,0,1154,6BH5
2024-12-30T13:59:45.000000000Z,2024-12-30T13:59:45.000000000Z,160,1,29307,A,B,1.2439,1,4,1155,0,0,1155,6BH5
2024-12-30T13:59:52.000000000Z,2024-12-30T13:59:52.000000000Z,160,1,29307,A,A,1.2441,10,4,1156,0,0,1156,6BH5
2024-12-30T13:59:59.000000000Z,2024-12-30T13:59:59.000000000Z,160,1,29307,T,B,1.244,1,4,1157,0,0,1157,6BH5
2024-12-30T14:00:06.000000000Z,2024-12-30T14:00:06.000000000Z,160,1,29307,T,A,1.2441,1,4,1158,0,0,1158,6BH5
2024-12-30T14:00:13.000000000Z,2024-12-30T14:00:13.000000000Z,160,1,29307,F,A,1.244,1,4,1159,0,0,1159,6BH5
2024-12-30T14:00:20.000000000Z,2024-12-30T14:00:20.000000000Z,160,1,29307,C,B,1.2441,2,4,1160,0,0,1160,6BH5
2024-12-30T14:00:27.000000000Z,2024-12-30T14:00:27.000000000Z,160,1,29307,C,A,1.2441,1,4,1161,0,0,1161,6BH5
2024-12-30T14:00:34.000000000Z,2024-12-30T14:00:34.000000000Z,160,1,29307,T,A,1.2442,1,4,1162,0,0,1162,6BH5
2024-12-30T14:00:41.000000000Z,2024-12-30T14:00:41.000000000Z,160,1,29307,F,B,1.2441,1,4,1163,0,0,1163,6BH5
2024-12-30T14:00:48.000000000Z,2024-12-30T14:00:48.000000000Z,160,1,29307,A,A,1.2442,1,4,1164,0,0,1164,6BH5
2024-12-30T14:00:55.000000000Z,2024-12-30T14:00:55.000000000Z,160,1,29307,C,B,1.2444,1,4,1165,0,0,1165,6BH5
2024-12-30T14:01:02.000000000Z,2024-12-30T14:01:02.000000000Z,160,1,29307,A,A,1.2445,2,4,1166,0,0,1166,6BH5
2024-12-30T14:01:09.000000000Z,2024-12-30T14:01:09.000000000Z,160,1,29307,T,B,1.2445,2,4,1167,0,0,1167,6BH5
2024-12-30T14:01:16.000000000Z,2024-12-30T14:01:16.000000000Z,160,1,29307,C,A,1.2447,2,4,1168,0,0,1168,6BH5
2024-12-30T14:01:23.000000000Z,2024-12-30T14:01:23.000000000Z,160,1,29307,T,A,1.2445,2,4,1169,0,0,1169,6BH5
2024-12-30T14:01:30.000000000Z,2024-12-30T14:01:30.000000000Z,160,1,29307,T,A,1.2446,1,4,1170,0,0,1170,6BH5
2024-12-30T14:01:37.000000000Z,2024-12-30T14:01:37.000000000Z,160,1,29307,T,B,1.2448,2,4,1171,0,0,1171,6BH5
2024-12-30T14:01:44.000000000Z,2024-12-30T14:01:44.000000000Z,160,1,29307,A,B,1.2446,1,4,1172,0,0,1172,6BH5
2024-12-30T14:01:51.000000000Z,2024-12-30T14:01:51.000000000Z,160,1,29307,A,B,1.2446,1,4,1173,0,0,1173,6BH5
2024-12-30T14:01:58.000000000Z,2024-12-30T14:01:58.000000000Z,160,1,29307,C,B,1.2445,1,4,1174,0,0,1174,6BH5
2024-12-30T14:02:05.000000000Z,2024-12-30T14:02:05.000000000Z,160,1,29307,R,N,,0,4,1175,0,0,1175,6BH5
2024-12-30T14:02:12.000000000Z,2024-12-30T14:02:12.000000000Z,160,1,29307,A,A,1.2446,1,4,1176,0,0,1176,6BH5
2024-12-30T14:02:19.000000000Z,2024-12-30T14:02:19.000000000Z,160,1,29307,C,B,1.2445,1,4,1177,0,0,1177,6BH5
2024-12-30T14:02:26.000000000Z,2024-12-30T14:02:26.000000000Z,160,1,29307,A,B,1.2445,1,4,1178,0,0,1178,6BH5
2024-12-30T14:02:33.000000000Z,2024-12-30T14:02:33.000000000Z,160,1,29307,F,B,1.2444,2,4,1179,0,0,1179,6BH5
2024-12-30T14:02:40.000000000Z,2024-12-30T14:02:40.000000000Z,160,1,29307,C,A,1.2443,1,4,1180,0,0,1180,6BH5
2024-12-30T14:02:47.000000000Z,2024-12-30T14:02:47.000000000Z,160,1,29307,T,B,1.2442,1,4,1181,0,0,1181,6BH5
2024-12-30T14:02:54.000000000Z,2024-12-30T14:02:54.000000000Z,160,1,29307,F,B,1.2444,2,4,1182,0,0,1182,6BH5
2024-12-30T14:03:01.000000000Z,2024-12-30T14:03:01.000000000Z,160,1,29307,F,A,1.2442,1,4,1183,0,0,1183,6BH5
2024-12-30T14:03:08.000000000Z,2024-12-30T14:03:08.000000000Z,160,1,29307,F,A,1.2444,2,4,1184,0,0,1184,6BH5
2024-12-30T14:03:15.000000000Z,2024-12-30T14:03:15.000000000Z,160,1,29307,T,B,1.2444,1,4,1185,0,0,1185,6BH5
2024-12-30T14:03:22.000000000Z,2024-12-30T14:03:22.000000000Z,160,1,29307,C,A,1.2443,5,4,1186,0,0,1186,6BH5
2024-12-30T14:03:29.000000000Z,2024-12-30T14:03:29.000000000Z,160,1,29307,C,B,1.2444,1,4,1187,0,0,1187,6BH5
2024-12-30T14:03:36.000000000Z,2024-12-30T14:03:36.000000000Z,160,1,29307,F,A,1.2444,1,4,1188,0,0,1188,6BH5
2024-12-30T14:03:43.000000000Z,2024-12-30T14:03:43.000000000Z,160,1,29307,A,B,1.2444,1,4,1189,0,0,1189,6BH5
2024-12-30T14:03:50.000000000Z,2024-12-30T14:03:50.000000000Z,160,1,29307,R,N,,0,4,1190,0,0,1190,6BH5
2024-12-30T14:03:57.000000000Z,2024-12-30T14:03:57.000000000Z,160,1,29307,C,B,1.2441,3,4,1191,0,0,1191,6BH5
2024-12-30T14:04:04.000000000Z,2024-12-30T14:04:04.000000000Z,160,1,29307,A,B,1.244,1,4,1192,0,0,1192,6BH5
2024-12-30T14:04:11.000000000Z,2024-12-30T14:04:11.000000000Z,160,1,29307,T,A,1.2438,1,4,1193,0,0,1193,6BH5
2024-12-30T14:04:18.000000000Z,2024-12-30T14:04:18.000000000Z,160,1,29307,A,A,1.2437,1,4,1194,0,0,1194,6BH5
2024-12-30T14:04:25.000000000Z,2024-12-30T14:04:25.000000000Z,160,1,29307,A,A,1.2435,2,4,1195,0,0,1195,6BH5
2024-12-30T14:04:32.000000000Z,2024-12-30T14:04:32.000000000Z,160,1,29307,A,A,1.2434,1,4,1196,0,0,1196,6BH5
2024-12-30T14:04:39.000000000Z,2024-12-30T14:04:39.000000000Z,160,1,29307,A,B,1.2432,10,4,1197,0,0,1197,6BH5
2024-12-30T14:04:46.000000000Z,2024-12-30T14:04:46.000000000Z,160,1,29307,T,B,1.243,1,4,1198,0,0,1198,6BH5
2024-12-30T14:04:53.000000000Z,2024-12-30T14:04:53.000000000Z,160,1,29307,R,N,,0,4,1199,0,0,1199,6BH5
2024-12-30T14:05:00.000000000Z,2024-12-30T14:05:00.000000000Z,160,1,29307,A,A,1.2431,1,4,1200,0,0,1200,6BH5
2024-12-30T14:05:07.000000000Z,2024-12-30T14:05:07.000000000Z,160,1,29307,T,A,1.2429,2,4,1201,0,0,1201,6BH5
2024-12-30T14:05:14.000000000Z,2024-12-30T14:05:14.000000000Z,160,1,29307,A,A,1.243,2,4,1202,0,0,1202,6BH5
2024-12-30T14:05:21.000000000Z,2024-12-30T14:05:21.000000000Z,160,1,29307,T,A,1.2428,1,4,1203,0,0,1203,6BH5
2024-12-30T14:05:28.000000000Z,2024-12-30T14:05:28.000000000Z,160,1,29307,A,B,1.243,1,4,1204,0,0,1204,6BH5
2024-12-30T14:05:35.000000000Z,2024-12-30T14:05:35.000000000Z,160,1,29307,T,B,1.2428,2,4,1205,0,0,1205,6BH5
2024-12-30T14:05:42.000000000Z,2024-12-30T14:05:42.000000000Z,160,1,29307,T,B,1.243,1,4,1206,0,0,1206,6BH5
2024-12-30T14:05:49.000000000Z,2024-12-30T14:05:49.000000000Z,160,1,29307,A,A,1.2431,1,4,1207,0,0,1207,6BH5
2024-12-30T14:05:56.000000000Z,2024-12-30T14:05:56.000000000Z,160,1,29307,T,A,1.2429,1,4,1208,0,0,1208,6BH5
2024-12-30T14:06:03.000000000Z,2024-12-30T14:06:03.000000000Z,160,1,29307,F,A,1.2431,1,4,1209,0,0,1209,6BH5
2024-12-30T14:06:10.000000000Z,2024-12-30T14:06:10.000000000Z,160,1,29307,A,A,1.2431,1,4,1210,0,0,1210,6BH5
2024-12-30T14:06:17.000000000Z,2024-12-30T14:06:17.000000000Z,160,1,29307,A,B,1.243,1,4,1211,0,0,1211,6BH5
2024-12-30T14:06:24.000000000Z,2024-12-30T14:06:24.000000000Z,160,1,29307,T,B,1.2431,1,4,1212,0,0,1212,6BH5
2024-12-30T14:06:31.000000000Z,2024-12-30T14:06:31.000000000Z,160,1,29307,A,A,1.2433,2,4,1213,0,0,1213,6BH5
2024-12-30T14:06:38.000000000Z,2024-12-30T14:06:38.000000000Z,160,1,29307,T,B,1.2433,1,4,1214,0,0,1214,6BH5
2024-12-30T14:06:45.000000000Z,2024-12-30T14:06:45.000000000Z,160,1,29307,A,B,1.2432,2,4,1215,0,0,1215,6BH5
2024-12-30T14:06:52.000000000Z,2024-12-30T14:06:52.000000000Z,160,1,29307,A,A,1.2433,1,4,1216,0,0,1216,6BH5
2024-12-30T14:06:59.000000000Z,2024-12-30T14:06:59.000000000Z,160,1,29307,T,A,1.2434,1,4,1217,0,0,1217,6BH5
2024-12-30T14:07:06.000000000Z,2024-12-30T14:07:06.000000000Z,160,1,29307,A,A,1.2436,1,4,1218,0,0,1218,6BH5
2024-12-30T14:07:13.000000000Z,2024-12-30T14:07:13.000000000Z,160,1,29307,T,A,1.2437,2,4,1219,0,0,1219,6BH5
2024-12-30T14:07:20.000000000Z,2024-12-30T14:07:20.000000000Z,160,1,29307,A,A,1.2436,1,4,1220,0,0,1220,6BH5
2024-12-30T14:07:27.000000000Z,2024-12-30T14:07:27.000000000Z,160,1,29307,C,A,1.2438,2,4,1221,0,0,1221,6BH5
2024-12-30T14:07:34.000000000Z,2024-12-30T14:07:34.000000000Z,160,1,29307,F,B,1.2436,1,4,1222,0,0,1222,6BH5
2024-12-30T14:07:41.000000000Z,2024-12-30T14:07:41.000000000Z,160,1,29307,R,N,,0,4,1223,0,0,1223,6BH5
2024-12-30T14:07:48.000000000Z,2024-12-30T14:07:48.000000000Z,160,1,29307,T,A,1.2435,5,4,1224,0,0,1224,6BH5
2024-12-30T14:07:55.000000000Z,2024-12-30T14:07:55.000000000Z,160,1,29307,F,B,1.2435,1,4,1225,0,0,1225,6BH5
2024-12-30T14:08:02.000000000Z,2024-12-30T14:08:02.000000000Z,160,1,29307,A,A,1.2433,1,4,1226,0,0,1226,6BH5
2024-12-30T14:08:09.000000000Z,2024-12-30T14:08:09.000000000Z,160,1,29307,C,A,1.2434,3,4,1227,0,0,1227,6BH5
2024-12-30T14:08:16.000000000Z,2024-12-30T14:08:16.000000000Z,160,1,29307,F,A,1.2433,1,4,1228,0,0,1228,6BH5
2024-12-30T14:08:23.000000000Z,2024-12-30T14:08:23.000000000Z,160,1,29307,R,N,,0,4,1229,0,0,1229,6BH5
2024-12-30T14:08:30.000000000Z,2024-12-30T14:08:30.000000000Z,160,1,29307,A,B,1.2434,10,4,1230,0,0,1230,6BH5
2024-12-30T14:08:37.000000000Z,2024-12-30T14:08:37.000000000Z,160,1,29307,A,A,1.2433,1,4,1231,0,0,1231,6BH5
2024-12-30T14:08:44.000000000Z,2024-12-30T14:08:44.000000000Z,160,1,29307,T,B,1.2431,2,4,1232,0,0,1232,6BH5
2024-12-30T14:08:51.000000000Z,2024-12-30T14:08:51.000000000Z,160,1,29307,R,N,,0,4,1233,0,0,1233,6BH5
2024-12-30T14:08:58.000000000Z,2024-12-30T14:08:58.000000000Z,160,1,29307,F,A,1.2432,2,4,1234,0,0,1234,6BH5
2024-12-30T14:09:05.000000000Z,2024-12-30T14:09:05.000000000Z,160,1,29307,C,A,1.243,1,4,1235,0,0,1235,6BH5
2024-12-30T14:09:12.000000000Z,2024-12-30T14:09:12.000000000Z,160,1,29307,A,B,1.2429,10,4,1236,0,0,1236,6BH5
2024-12-30T14:09:19.000000000Z,2024-12-30T14:09:19.000000000Z,160,1,29307,T,A,1.2429,1,4,1237,0,0,1237,6BH5
2024-12-30T14:09:26.000000000Z,2024-12-30T14:09:26.000000000Z,160,1,29307,F,A,1.2429,1,4,1238,0,0,1238,6BH5
2024-12-30T14:09:33.000000000Z,2024-12-30T14:09:33.000000000Z,160,1,29307,A,A,1.2427,1,4,1239,0,0,1239,6BH5
2024-12-30T14:09:40.000000000Z,2024-12-30T14:09:40.000000000Z,160,1,29307,T,B,1.2427,1,4,1240,0,0,1240,6BH5
2024-12-30T14:09:47.000000000Z,2024-12-30T14:09:47.000000000Z,160,1,29307,C,B,1.2426,2,4,1241,0,0,1241,6BH5
2024-12-30T14:09:54.000000000Z,2024-12-30T14:09:54.000000000Z,160,1,29307,F,B,1.2428,2,4,1242,0,0,1242,6BH5
2024-12-30T14:10:01.000000000Z,2024-12-30T14:10:01.000000000Z,160,1,29307,C,A,1.2427,1,4,1243,0,0,1243,6BH5
2024-12-30T14:10:08.000000000Z,2024-12-30T14:10:08.000000000Z,160,1,29307,C,B,1.2426,2,4,1244,0,0,1244,6BH5
2024-12-30T14:10:15.000000000Z,2024-12-30T14:10:15.000000000Z,160,1,29307,T,A,1.2426,1,4,1245,0,0,1245,6BH5
2024-12-30T14:10:22.000000000Z,2024-12-30T14:10:22.000000000Z,160,1,29307,A,B,1.2425,1,4,1246,0,0,1246,6BH5
2024-12-30T14:10:29.000000000Z,2024-12-30T14:10:29.000000000Z,160,1,29307,A,B,1.2426,1,4,1247,0,0,1247,6BH5
2024-12-30T14:10:36.000000000Z,2024-12-30T14:10:36.000000000Z,160,1,29307,R,N,,0,4,1248,0,0,1248,6BH5
2024-12-30T14:10:43.000000000Z,2024-12-30T14:10:43.000000000Z,160,1,29307,F,B,1.2424,1,4,1249,0,0,1249,6BH5
2024-12-30T14:10:50.000000000Z,2024-12-30T14:10:50.000000000Z,160,1,29307,R,N,,0,4,1250,0,0,1250,6BH5
2024-12-30T14:10:57.000000000Z,2024-12-30T14:10:57.000000000Z,160,1,29307,A,A,1.2425,1,4,1251,0,0,1251,6BH5
2024-12-30T14:11:04.000000000Z,2024-12-30T14:11:04.000000000Z,160,1,29307,F,B,1.2425,1,4,1252,0,0,1252,6BH5
2024-12-30T14:11:11.000000000Z,2024-12-30T14:11:11.000000000Z,160,1,29307,A,A,1.2424,1,4,1253,0,0,1253,6BH5
2024-12-30T14:11:18.000000000Z,2024-12-30T14:11:18.000000000Z,160,1,29307,R,N,,0,4,1254,0,0,1254,6BH5
2024-12-30T14:11:25.000000000Z,2024-12-30T14:11:25.000000000Z,160,1,29307,A,B,1.2421,1,4,1255,0,0,1255,6BH5
2024-12-30T14:11:32.000000000Z,2024-12-30T14:11:32.000000000Z,160,1,29307,F,B,1.2419,1,4,1256,0,0,1256,6BH5
2024-12-30T14:11:39.000000000Z,2024-12-30T14:11:39.000000000Z,160,1,29307,R,N,,0,4,1257,0,0,1257,6BH5
2024-12-30T14:11:46.000000000Z,2024-12-30T14:11:46.000000000Z,160,1,29307,F,B,1.2421,2,4,1258,0,0,1258,6BH5
2024-12-30T14:11:53.000000000Z,2024-12-30T14:11:53.000000000Z,160,1,29307,C,A,1.242,1,4,1259,0,0,1259,6BH5
2024-12-30T14:12:00.000000000Z,2024-12-30T14:12:00.000000000Z,160,1,29307,R,N,,0,4,1260,0,0,1260,6BH5
2024-12-30T14:12:07.000000000Z,2024-12-30T14:12:07.000000000Z,160,1,29307,T,B,1.2417,1,4,1261,0,0,1261,6BH5
2024-12-30T14:12:14.000000000Z,2024-12-30T14:12:14.000000000Z,160,1,29307,C,B,1.2416,2,4,1262,0,0,1262,6BH5
2024-12-30T14:12:21.000000000Z,2024-12-30T14:12:21.000000000Z,160,1,29307,T,B,1.2414,1,4,1263,0,0,1263,6BH5
2024-12-30T14:12:28.000000000Z,2024-12-30T14:12:28.000000000Z,160,1,29307,T,B,1.2416,1,4,1264,0,0,1264,6BH5
2024-12-30T14:12:35.000000000Z,2024-12-30T14:12:35.000000000Z,160,1,29307,F,A,1.2417,1,4,1265,0,0,1265,6BH5
2024-12-30T14:12:42.000000000Z,2024-12-30T14:12:42.000000000Z,160,1,29307,F,A,1.2419,1,4,1266,0,0,1266,6BH5
2024-12-30T14:12:49.000000000Z,2024-12-30T14:12:49.000000000Z,160,1,29307,C,B,1.2421,1,4,1267,0,0,1267,6BH5
2024-12-30T14:12:56.000000000Z,2024-12-30T14:12:56.000000000Z,160,1,29307,C,B,1.2421,3,4,1268,0,0,1268,6BH5
2024-12-30T14:13:03.000000000Z,2024-12-30T14:13:03.000000000Z,160,1,29307,C,A,1.2421,5,4,1269,0,0,1269,6BH5
2024-12-30T14:13:10.000000000Z,2024-12-30T14:13:10.000000000Z,160,1,29307,F,A,1.242,2,4,1270,0,0,1270,6BH5
2024-12-30T14:13:17.000000000Z,2024-12-30T14:13:17.000000000Z,160,1,29307,F,A,1.242,1,4,1271,0,0,1271,6BH5
2024-12-30T14:13:24.000000000Z,2024-12-30T14:13:24.000000000Z,160,1,29307,C,A,1.2422,1,4,1272,0,0,1272,6BH5
2024-12-30T14:13:31.000000000Z,2024-12-30T14:13:31.000000000Z,160,1,29307,C,B,1.242,1,4,1273,0,0,1273,6BH5
2024-12-30T14:13:38.000000000Z,2024-12-30T14:13:38.000000000Z,160,1,29307,A,A,1.2422,1,4,1274,0,0,1274,6BH5
2024-12-30T14:13:45.000000000Z,2024-12-30T14:13:45.000000000Z,160,1,29307,A,A,1.2421,3,4,1275,0,0,1275,6BH5
2024-12-30T14:13:52.000000000Z,2024-12-30T14:13:52.000000000Z,160,1,29307,A,B,1.2423,1,4,1276,0,0,1276,6BH5
2024-12-30T14:13:59.000000000Z,2024-12-30T14:13:59.000000000Z,160,1,29307,A,A,1.2425,10,4,1277,0,0,1277,6BH5
2024-12-30T14:14:06.000000000Z,2024-12-30T14:14:06.000000000Z,160,1,29307,A,A,1.2426,1,4,1278,0,0,1278,6BH5
2024-12-30T14:14:13.000000000Z,2024-12-30T14:14:13.000000000Z,160,1,29307,C,B,1.2427,2,4,1279,0,0,1279,6BH5
2024-12-30T14:14:20.000000000Z,2024-12-30T14:14:20.000000000Z,160,1,29307,C,B,1.2427,1,4,1280,0,0,1280,6BH5
2024-12-30T14:14:27.000000000Z,2024-12-30T14:14:27.000000000Z,160,1,29307,C,B,1.2428,2,4,1281,0,0,1281,6BH5
2024-12-30T14:14:34.000000000Z,2024-12-30T14:14:34.000000000Z,160,1,29307,C,A,1.243,1,4,1282,0,0,1282,6BH5
2024-12-30T14:14:41.000000000Z,2024-12-30T14:14:41.000000000Z,160,1,29307,R,N,,0,4,1283,0,0,1283,6BH5
2024-12-30T14:14:48.000000000Z,2024-12-30T14:14:48.000000000Z,160,1,29307,A,B,1.2432,2,4,1284,0,0,1284,6BH5
2024-12-30T14:14:55.000000000Z,2024-12-30T14:14:55.000000000Z,160,1,29307,T,B,1.2433,1,4,1285,0,0,1285,6BH5
2024-12-30T14:15:02.000000000Z,2024-12-30T14:15:02.000000000Z,160,1,29307,A,A,1.2434,1,4,1286,0,0,1286,6BH5
2024-12-30T14:15:09.000000000Z,2024-12-30T14:15:09.000000000Z,160,1,29307,T,B,1.2434,1,4,1287,0,0,1287,6BH5
2024-12-30T14:15:16.000000000Z,2024-12-30T14:15:16.000000000Z,160,1,29307,A,B,1.2435,1,4,1288,0,0,1288,6BH5
2024-12-30T14:15:23.000000000Z,2024-12-30T14:15:23.000000000Z,160,1,29307,C,B,1.2435,1,4,1289,0,0,1289,6BH5
2024-12-30T14:15:30.000000000Z,2024-12-30T14:15:30.000000000Z,160,1,29307,C,A,1.2433,1,4,1290,0,0,1290,6BH5
2024-12-30T14:15:37.000000000Z,2024-12-30T14:15:37.000000000Z,160,1,29307,C,A,1.2432,1,4,1291,0,0,1291,6BH5
2024-12-30T14:15:44.000000000Z,2024-12-30T14:15:44.000000000Z,160,1,29307,C,A,1.2432,1,4,1292,0,0,1292,6BH5
2024-12-30T14:15:51.000000000Z,2024-12-30T14:15:51.000000000Z,160,1,29307,F,A,1.243,1,4,1293,0,0,1293,6BH5
2024-12-30T14:15:58.000000000Z,2024-12-30T14:15:58.000000000Z,160,1,29307,F,A,1.2428,1,4,1294,0,0,1294,6BH5
2024-12-30T14:16:05.000000000Z,2024-12-30T14:16:05.000000000Z,160,1,29307,F,A,1.2428,2,4,1295,0,0,1295,6BH5
2024-12-30T14:16:12.000000000Z,2024-12-30T14:16:12.000000000Z,160,1,29307,A,B,1.2426,2,4,1296,0,0,1296,6BH5
2024-12-30T14:16:19.000000000Z,2024-12-30T14:16:19.000000000Z,160,1,29307,F,A,1.2425,1,4,1297,0,0,1297,6BH5
2024-12-30T14:16:26.000000000Z,2024-12-30T14:16:26.000000000Z,160,1,29307,A,A,1.2426,1,4,1298,0,0,1298,6BH5
2024-12-30T14:16:33.000000000Z,2024-12-30T14:16:33.000000000Z,160,1,29307,C,B,1.2428,1,4,1299,0,0,1299,6BH5
2024-12-30T14:16:40.000000000Z,2024-12-30T14:16:40.000000000Z,160,1,29307,T,A,1.2429,2,4,1300,0,0,1300,6BH5
2024-12-30T14:16:47.000000000Z,2024-12-30T14:16:47.000000000Z,160,1,29307,C,A,1.2431,1,4,1301,0,0,1301,6BH5
2024-12-30T14:16:54.000000000Z,2024-12-30T14:16:54.000000000Z,160,1,29307,C,B,1.2432,1,4,1302,0,0,1302,6BH5
2024-12-30T14:17:01.000000000Z,2024-12-30T14:17:01.000000000Z,160,1,29307,A,B,1.2431,1,4,1303,0,0,1303,6BH5
2024-12-30T14:17:08.000000000Z,2024-12-30T14:17:08.000000000Z,160,1,29307,A,B,1.2432,1,4,1304,0,0,1304,6BH5
2024-12-30T14:17:15.000000000Z,2024-12-30T14:17:15.000000000Z,160,1,29307,T,A,1.2433,1,4,1305,0,0,1305,6BH5
2024-12-30T14:17:22.000000000Z,2024-12-30T14:17:22.000000000Z,160,1,29307,R,N,,0,4,1306,0,0,1306,6BH5
2024-12-30T14:17:29.000000000Z,2024-12-30T14:17:29.000000000Z,160,1,29307,A,A,1.243,1,4,1307,0,0,1307,6BH5
2024-12-30T14:17:36.000000000Z,2024-12-30T14:17:36.000000000Z,160,1,29307,A,A,1.2431,1,4,1308,0,0,1308,6BH5
2024-12-30T14:17:43.000000000Z,2024-12-30T14:17:43.000000000Z,160,1,29307,A,A,1.2429,1,4,1309,0,0,1309,6BH5
2024-12-30T14:17:50.000000000Z,2024-12-30T14:17:50.000000000Z,160,1,29307,C,A,1.243,3,4,1310,0,0,1310,6BH5
2024-12-30T14:17:57.000000000Z,2024-12-30T14:17:57.000000000Z,160,1,29307,A,B,1.2429,1,4,1311,0,0,1311,6BH5
2024-12-30T14:18:04.000000000Z,2024-12-30T14:18:04.000000000Z,160,1,29307,T,B,1.2429,1,4,1312,0,0,1312,6BH5
2024-12-30T14:18:11.000000000Z,2024-12-30T14:18:11.000000000Z,160,1,29307,F,A,1.2429,1,4,1313,0,0,1313,6BH5
2024-12-30T14:18:18.000000000Z,2024-12-30T14:18:18.000000000Z,160,1,29307,F,B,1.2427,1,4,1314,0,0,1314,6BH5
2024-12-30T14:18:25.000000000Z,2024-12-30T14:18:25.000000000Z,160,1,29307,C,A,1.2426,1,4,1315,0,0,1315,6BH5
2024-12-30T14:18:32.000000000Z,2024-12-30T14:18:32.000000000Z,160,1,29307,F,A,1.2427,1,4,1316,0,0,1316,6BH5
2024-12-30T14:18:39.000000000Z,2024-12-30T14:18:39.000000000Z,160,1,29307,A,A,1.2428,2,4,1317,0,0,1317,6BH5
2024-12-30T14:18:46.000000000Z,2024-12-30T14:18:46.000000000Z,160,1,29307,A,B,1.243,1,4,1318,0,0,1318,6BH5
2024-12-30T14:18:53.000000000Z,2024-12-30T14:18:53.000000000Z,160,1,29307,A,A,1.243,1,4,1319,0,0,1319,6BH5
2024-12-30T14:19:00.000000000Z,2024-12-30T14:19:00.000000000Z,160,1,29307,T,A,1.2431,1,4,1320,0,0,1320,6BH5
2024-12-30T14:19:07.000000000Z,2024-12-30T14:19:07.000000000Z,160,1,29307,A,B,1.243,1,4,1321,0,0,1321,6BH5
2024-12-30T14:19:14.000000000Z,2024-12-30T14:19:14.000000000Z,160,1,29307,A,B,1.2429,3,4,1322,0,0,1322,6BH5
2024-12-30T14:19:21.000000000Z,2024-12-30T14:19:21.000000000Z,160,1,29307,T,B,1.2428,1,4,1323,0,0,1323,6BH5
2024-12-30T14:19:28.000000000Z,2024-12-30T14:19:28.000000000Z,160,1,29307,A,B,1.2428,1,4,1324,0,0,1324,6BH5
2024-12-30T14:19:35.000000000Z,2024-12-30T14:19:35.000000000Z,160,1,29307,F,A,1.2427,2,4,1325,0,0,1325,6BH5
2024-12-30T14:19:42.000000000Z,2024-12-30T14:19:42.000000000Z,160,1,29307,A,B,1.2425,2,4,1326,0,0,1326,6BH5
2024-12-30T14:19:49.000000000Z,2024-12-30T14:19:49.000000000Z,160,1,29307,F,A,1.2426,1,4,1327,0,0,1327,6BH5
2024-12-30T14:19:56.000000000Z,2024-12-30T14:19:56.000000000Z,160,1,29307,A,B,1.2427,1,4,1328,0,0,1328,6BH5
2024-12-30T14:20:03.000000000Z,2024-12-30T14:20:03.000000000Z,160,1,29307,C,B,1.2426,1,4,1329,0,0,1329,6BH5
2024-12-30T14:20:10.000000000Z,2024-12-30T14:20:10.000000000Z,160,1,29307,F,B,1.2424,1,4,1330,0,0,1330,6BH5
2024-12-30T14:20:17.000000000Z,2024-12-30T14:20:17.000000000Z,160,1,29307,A,B,1.2424,2,4,1331,0,0,1331,6BH5
2024-12-30T14:20:24.000000000Z,2024-12-30T14:20:24.000000000Z,160,1,29307,F,B,1.2424,1,4,1332,0,0,1332,6BH5
2024-12-30T14:20:31.000000000Z,2024-12-30T14:20:31.000000000Z,160,1,29307,C,B,1.2425,1,4,1333,0,0,1333,6BH5
2024-12-30T14:20:38.000000000Z,2024-12-30T14:20:38.000000000Z,160,1,29307,A,A,1.2424,1,4,1334,0,0,1334,6BH5
2024-12-30T14:20:45.000000000Z,2024-12-30T14:20:45.000000000Z,160,1,29307,T,B,1.2425,1,4,1335,0,0,1335,6BH5
2024-12-30T14:20:52.000000000Z,2024-12-30T14:20:52.000000000Z,160,1,29307,F,B,1.2427,1,4,1336,0,0,1336,6BH5
2024-12-30T14:20:59.000000000Z,2024-12-30T14:20:59.000000000Z,160,1,29307,A,B,1.2426,5,4,1337,0,0,1337,6BH5
2024-12-30T14:21:06.000000000Z,2024-12-30T14:21:06.000000000Z,160,1,29307,C,B,1.2428,1,4,1338,0,0,1338,6BH5
2024-12-30T14:21:13.000000000Z,2024-12-30T14:21:13.000000000Z,160,1,29307,C,A,1.2427,1,4,1339,0,0,1339,6BH5
2024-12-30T14:21:20.000000000Z,2024-12-30T14:21:20.000000000Z,160,1,29307,A,B,1.2426,5,4,1340,0,0,1340,6BH5
2024-12-30T14:21:27.000000000Z,2024-12-30T14:21:27.000000000Z,160,1,29307,T,B,1.2426,1,4,1341,0,0,1341,6BH5
2024-12-30T14:21:34.000000000Z,2024-12-30T14:21:34.000000000Z,160,1,29307,A,B,1.2424,2,4,1342,0,0,1342,6BH5
2024-12-30T14:21:41.000000000Z,2024-12-30T14:21:41.000000000Z,160,1,29307,T,B,1.2422,1,4,1343,0,0,1343,6BH5
2024-12-30T14:21:48.000000000Z,2024-12-30T14:21:48.000000000Z,160,1,29307,C,A,1.2422,1,4,1344,0,0,1344,6BH5
2024-12-30T14:21:55.000000000Z,2024-12-30T14:21:55.000000000Z,160,1,29307,T,B,1.2423,1,4,1345,0,0,1345,6BH5
2024-12-30T14:22:02.000000000Z,2024-12-30T14:22:02.000000000Z,160,1,29307,C,A,1.2425,2,4,1346,0,0,1346,6BH5
2024-12-30T14:22:09.000000000Z,2024-12-30T14:22:09.000000000Z,160,1,29307,T,B,1.2426,1,4,1347,0,0,1347,6BH5
2024-12-30T14:22:16.000000000Z,2024-12-30T14:22:16.000000000Z,160,1,29307,C,A,1.2424,1,4,1348,0,0,1348,6BH5
2024-12-30T14:22:23.000000000Z,2024-12-30T14:22:23.000000000Z,160,1,29307,C,A,1.2425,2,4,1349,0,0,1349,6BH5
2024-12-30T14:22:30.000000000Z,2024-12-30T14:22:30.000000000Z,160,1,29307,C,B,1.2426,1,4,1350,0,0,1350,6BH5
2024-12-30T14:22:37.000000000Z,2024-12-30T14:22:37.000000000Z,160,1,29307,C,B,1.2427,1,4,1351,0,0,1351,6BH5
2024-12-30T14:22:44.000000000Z,2024-12-30T14:22:44.000000000Z,160,1,29307,T,A,1.2428,1,4,1352,0,0,1352,6BH5
2024-12-30T14:22:51.000000000Z,2024-12-30T14:22:51.000000000Z,160,1,29307,A,A,1.243,1,4,1353,0,0,1353,6BH5
2024-12-30T14:22:58.000000000Z,2024-12-30T14:22:58.000000000Z,160,1,29307,A,B,1.243,1,4,1354,0,0,1354,6BH5
2024-12-30T14:23:05.000000000Z,2024-12-30T14:23:05.000000000Z,160,1,29307,A,A,1.2431,1,4,1355,0,0,1355,6BH5
2024-12-30T14:23:12.000000000Z,2024-12-30T14:23:12.000000000Z,160,1,29307,A,A,1.243,5,4,1356,0,0,1356,6BH5
2024-12-30T14:23:19.000000000Z,2024-12-30T14:23:19.000000000Z,160,1,29307,F,A,1.2432,2,4,1357,0,0,1357,6BH5
2024-12-30T14:23:26.000000000Z,2024-12-30T14:23:26.000000000Z,160,1,29307,A,B,1.2431,1,4,1358,0,0,1358,6BH5
2024-12-30T14:23:33.000000000Z,2024-12-30T14:23:33.000000000Z,160,1,29307,F,A,1.2429,2,4,1359,0,0,1359,6BH5
2024-12-30T14:23:40.000000000Z,2024-12-30T14:23:40.000000000Z,160,1,29307,A,A,1.2427,1,4,1360,0,0,1360,6BH5
2024-12-30T14:23:47.000000000Z,2024-12-30T14:23:47.000000000Z,160,1,29307,T,A,1.2428,1,4,1361,0,0,1361,6BH5
2024-12-30T14:23:54.000000000Z,2024-12-30T14:23:54.000000000Z,160,1,29307,T,B,1.2428,1,4,1362,0,0,1362,6BH5
2024-12-30T14:24:01.000000000Z,2024-12-30T14:24:01.000000000Z,160,1,29307,R,N,,0,4,1363,0,0,1363,6BH5
2024-12-30T14:24:08.000000000Z,2024-12-30T14:24:08.000000000Z,160,1,29307,C,A,1.243,2,4,1364,0,0,1364,6BH5
2024-12-30T14:24:15.000000000Z,2024-12-30T14:24:15.000000000Z,160,1,29307,A,B,1.2432,1,4,1365,0,0,1365,6BH5
2024-12-30T14:24:22.000000000Z,2024-12-30T14:24:22.000000000Z,160,1,29307,C,A,1.2431,1,4,1366,0,0,1366,6BH5
2024-12-30T14:24:29.000000000Z,2024-12-30T14:24:29.000000000Z,160,1,29307,C,B,1.243,1,4,1367,0,0,1367,6BH5
2024-12-30T14:24:36.000000000Z,2024-12-30T14:24:36.000000000Z,160,1,29307,T,B,1.2431,1,4,1368,0,0,1368,6BH5
2024-12-30T14:24:43.000000000Z,2024-12-30T14:24:43.000000000Z,160,1,29307,F,A,1.2433,1,4,1369,0,0,1369,6BH5
2024-12-30T14:24:50.000000000Z,2024-12-30T14:24:50.000000000Z,160,1,29307,T,B,1.2433,1,4,1370,0,0,1370,6BH5
2024-12-30T14:24:57.000000000Z,2024-12-30T14:24:57.000000000Z,160,1,29307,A,B,1.2434,1,4,1371,0,0,1371,6BH5
2024-12-30T14:25:04.000000000Z,2024-12-30T14:25:04.000000000Z,160,1,29307,T,B,1.2433,2,4,1372,0,0,1372,6BH5
2024-12-30T14:25:11.000000000Z,2024-12-30T14:25:11.000000000Z,160,1,29307,F,A,1.2434,1,4,1373,0,0,1373,6BH5
2024-12-30T14:25:18.000000000Z,2024-12-30T14:25:18.000000000Z,160,1,29307,A,B,1.2435,1,4,1374,0,0,1374,6BH5
2024-12-30T14:25:25.000000000Z,2024-12-30T14:25:25.000000000Z,160,1,29307,T,B,1.2435,1,4,1375,0,0,1375,6BH5
2024-12-30T14:25:32.000000000Z,2024-12-30T14:25:32.000000000Z,160,1,29307,F,A,1.2433,2,4,1376,0,0,1376,6BH5
2024-12-30T14:25:39.000000000Z,2024-12-30T14:25:39.000000000Z,160,1,29307,A,B,1.2435,1,4,1377,0,0,1377,6BH5
2024-12-30T14:25:46.000000000Z,2024-12-30T14:25:46.000000000Z,160,1,29307,A,B,1.2436,2,4,1378,0,0,1378,6BH5
2024-12-30T14:25:53.000000000Z,2024-12-30T14:25:53.000000000Z,160,1,29307,C,B,1.2435,10,4,1379,0,0,1379,6BH5
2024-12-30T14:26:00.000000000Z,2024-12-30T14:26:00.000000000Z,160,1,29307,R,N,,0,4,1380,0,0,1380,6BH5
2024-12-30T14:26:07.000000000Z,2024-12-30T14:26:07.000000000Z,160,1,29307,A,B,1.2437,2,4,1381,0,0,1381,6BH5
2024-12-30T14:26:14.000000000Z,2024-12-30T14:26:14.000000000Z,160,1,29307,T,A,1.2437,2,4,1382,0,0,1382,6BH5
2024-12-30T14:26:21.000000000Z,2024-12-30T14:26:21.000000000Z,160,1,29307,A,A,1.2438,1,4,1383,0,0,1383,6BH5
2024-12-30T14:26:28.000000000Z,2024-12-30T14:26:28.000000000Z,160,1,29307,T,B,1.2438,2,4,1384,0,0,1384,6BH5
2024-12-30T14:26:35.000000000Z,2024-12-30T14:26:35.000000000Z,160,1,29307,R,N,,0,4,1385,0,0,1385,6BH5
2024-12-30T14:26:42.000000000Z,2024-12-30T14:26:42.000000000Z,160,1,29307,A,B,1.2438,5,4,1386,0,0,1386,6BH5
2024-12-30T14:26:49.000000000Z,2024-12-30T14:26:49.000000000Z,160,1,29307,T,A,1.2436,1,4,1387,0,0,1387,6BH5
2024-12-30T14:26:56.000000000Z,2024-12-30T14:26:56.000000000Z,160,1,29307,C,A,1.2435,1,4,1388,0,0,1388,6BH5
2024-12-30T14:27:03.000000000Z,2024-12-30T14:27:03.000000000Z,160,1,29307,A,B,1.2436,1,4,1389,0,0,1389,6BH5
2024-12-30T14:27:10.000000000Z,2024-12-30T14:27:10.000000000Z,160,1,29307,T,B,1.2437,1,4,1390,0,0,1390,6BH5
2024-12-30T14:27:17.000000000Z,2024-12-30T14:27:17.000000000Z,160,1,29307,R,N,,0,4,1391,0,0,1391,6BH5
2024-12-30T14:27:24.000000000Z,2024-12-30T14:27:24.000000000Z,160,1,29307,T,B,1.244,1,4,1392,0,0,1392,6BH5
2024-12-30T14:27:31.000000000Z,2024-12-30T14:27:31.000000000Z,160,1,29307,R,N,,0,4,1393,0,0,1393,6BH5
2024-12-30T14:27:38.000000000Z,2024-12-30T14:27:38.000000000Z,160,1,29307,R,N,,0,4,1394,0,0,1394,6BH5
2024-12-30T14:27:45.000000000Z,2024-12-30T14:27:45.000000000Z,160,1,29307,A,B,1.2441,1,4,1395,0,0,1395,6BH5
2024-12-30T14:27:52.000000000Z,2024-12-30T14:27:52.000000000Z,160,1,29307,T,A,1.2442,2,4,1396,0,0,1396,6BH5
2024-12-30T14:27:59.000000000Z,2024-12-30T14:27:59.000000000Z,160,1,29307,T,B,1.2442,1,4,1397,0,0,1397,6BH5
2024-12-30T14:28:06.000000000Z,2024-12-30T14:28:06.000000000Z,160,1,29307,T,B,1.2443,1,4,1398,0,0,1398,6BH5
2024-12-30T14:28:13.000000000Z,2024-12-30T14:28:13.000000000Z,160,1,29307,T,B,1.2444,1,4,1399,0,0,1399,6BH5
2024-12-30T14:28:20.000000000Z,2024-12-30T14:28:20.000000000Z,160,1,29307,T,B,1.2445,2,4,1400,0,0,1400,6BH5
2024-12-30T14:28:27.000000000Z,2024-12-30T14:28:27.000000000Z,160,1,29307,T,B,1.2443,1,4,1401,0,0,1401,6BH5
2024-12-30T14:28:34.000000000Z,2024-12-30T14:28:34.000000000Z,160,1,29307,A,B,1.2443,1,4,1402,0,0,1402,6BH5
2024-12-30T14:28:41.000000000Z,2024-12-30T14:28:41.000000000Z,160,1,29307,C,A,1.2443,1,4,1403,0,0,1403,6BH5
2024-12-30T14:28:48.000000000Z,2024-12-30T14:28:48.000000000Z,160,1,29307,T,A,1.2444,1,4,1404,0,0,1404,6BH5
2024-12-30T14:28:55.000000000Z,2024-12-30T14:28:55.000000000Z,160,1,29307,T,A,1.2444,1,4,1405,0,0,1405,6BH5
2024-12-30T14:29:02.000000000Z,2024-12-30T14:29:02.000000000Z,160,1,29307,A,A,1.2446,5,4,1406,0,0,1406,6BH5
2024-12-30T14:29:09.000000000Z,2024-12-30T14:29:09.000000000Z,160,1,29307,T,B,1.2446,2,4,1407,0,0,1407,6BH5
2024-12-30T14:29:16.000000000Z,2024-12-30T14:29:16.000000000Z,160,1,29307,F,A,1.2446,1,4,1408,0,0,1408,6BH5
2024-12-30T14:29:23.000000000Z,2024-12-30T14:29:23.000000000Z,160,1,29307,T,A,1.2447,1,4,1409,0,0,1409,6BH5
2024-12-30T14:29:30.000000000Z,2024-12-30T14:29:30.000000000Z,160,1,29307,A,A,1.2447,2,4,1410,0,0,1410,6BH5
2024-12-30T14:29:37.000000000Z,2024-12-30T14:29:37.000000000Z,160,1,29307,R,N,,0,4,1411,0,0,1411,6BH5
2024-12-30T14:29:44.000000000Z,2024-12-30T14:29:44.000000000Z,160,1,29307,A,A,1.245,1,4,1412,0,0,1412,6BH5
2024-12-30T14:29:51.000000000Z,2024-12-30T14:29:51.000000000Z,160,1,29307,A,B,1.245,1,4,1413,0,0,1413,6BH5
2024-12-30T14:29:58.000000000Z,2024-12-30T14:29:58.000000000Z,160,1,29307,T,A,1.2448,1,4,1414,0,0,1414,6BH5
2024-12-30T14:30:05.000000000Z,2024-12-30T14:30:05.000000000Z,160,1,29307,C,B,1.2448,3,4,1415,0,0,1415,6BH5
2024-12-30T14:30:12.000000000Z,2024-12-30T14:30:12.000000000Z,160,1,29307,C,B,1.2447,1,4,1416,0,0,1416,6BH5
2024-12-30T14:30:19.000000000Z,2024-12-30T14:30:19.000000000Z,160,1,29307,T,A,1.2448,1,4,1417,0,0,1417,6BH5
2024-12-30T14:30:26.000000000Z,2024-12-30T14:30:26.000000000Z,160,1,29307,T,B,1.2447,1,4,1418,0,0,1418,6BH5
2024-12-30T14:30:33.000000000Z,2024-12-30T14:30:33.000000000Z,160,1,29307,C,B,1.2446,2,4,1419,0,0,1419,6BH5
2024-12-30T14:30:40.000000000Z,2024-12-30T14:30:40.000000000Z,160,1,29307,T,A,1.2445,1,4,1420,0,0,1420,6BH5
2024-12-30T14:30:47.000000000Z,2024-12-30T14:30:47.000000000Z,160,1,29307,A,A,1.2443,1,4,1421,0,0,1421,6BH5
2024-12-30T14:30:54.000000000Z,2024-12-30T14:30:54.000000000Z,160,1,29307,A,A,1.2442,1,4,1422,0,0,1422,6BH5
2024-12-30T14:31:01.000000000Z,2024-12-30T14:31:01.000000000Z,160,1,29307,C,B,1.2444,1,4,1423,0,0,1423,6BH5
2024-12-30T14:31:08.000000000Z,2024-12-30T14:31:08.000000000Z,160,1,29307,T,B,1.2445,1,4,1424,0,0,1424,6BH5
2024-12-30T14:31:15.000000000Z,2024-12-30T14:31:15.000000000Z,160,1,29307,A,B,1.2446,1,4,1425,0,0,1425,6BH5
2024-12-30T14:31:22.000000000Z,2024-12-30T14:31:22.000000000Z,160,1,29307,R,N,,0,4,1426,0,0,1426,6BH5
2024-12-30T14:31:29.000000000Z,2024-12-30T14:31:29.000000000Z,160,1,29307,A,B,1.2446,1,4,1427,0,0,1427,6BH5
2024-12-30T14:31:36.000000000Z,2024-12-30T14:31:36.000000000Z,160,1,29307,T,B,1.2448,5,4,1428,0,0,1428,6BH5
2024-12-30T14:31:43.000000000Z,2024-12-30T14:31:43.000000000Z,160,1,29307,A,B,1.2446,1,4,1429,0,0,1429,6BH5
2024-12-30T14:31:50.000000000Z,2024-12-30T14:31:50.000000000Z,160,1,29307,A,B,1.2445,1,4,1430,0,0,1430,6BH5
2024-12-30T14:31:57.000000000Z,2024-12-30T14:31:57.000000000Z,160,1,29307,T,B,1.2445,1,4,1431,0,0,1431,6BH5
2024-12-30T14:32:04.000000000Z,2024-12-30T14:32:04.000000000Z,160,1,29307,A,B,1.2443,1,4,1432,0,0,1432,6BH5
2024-12-30T14:32:11.000000000Z,2024-12-30T14:32:11.000000000Z,160,1,29307,A,B,1.2444,1,4,1433,0,0,1433,6BH5
2024-12-30T14:32:18.000000000Z,2024-12-30T14:32:18.000000000Z,160,1,29307,C,A,1.2443,3,4,1434,0,0,1434,6BH5
2024-12-30T14:32:25.000000000Z,2024-12-30T14:32:25.000000000Z,160,1,29307,R,N,,0,4,1435,0,0,1435,6BH5
2024-12-30T14:32:32.000000000Z,2024-12-30T14:32:32.000000000Z,160,1,29307,A,A,1.2444,1,4,1436,0,0,1436,6BH5
2024-12-30T14:32:39.000000000Z,2024-12-30T14:32:39.000000000Z,160,1,29307,A,B,1.2443,1,4,1437,0,0,1437,6BH5
2024-12-30T14:32:46.000000000Z,2024-12-30T14:32:46.000000000Z,160,1,29307,A,B,1.2444,1,4,1438,0,0,1438,6BH5
2024-12-30T14:32:53.000000000Z,2024-12-30T14:32:53.000000000Z,160,1,29307,F,A,1.2443,1,4,1439,0,0,1439,6BH5
2024-12-30T14:33:00.000000000Z,2024-12-30T14:33:00.000000000Z,160,1,29307,T,B,1.2443,1,4,1440,0,0,1440,6BH5
2024-12-30T14:33:07.000000000Z,2024-12-30T14:33:07.000000000Z,160,1,29307,T,A,1.2441,1,4,1441,0,0,1441,6BH5
2024-12-30T14:33:14.000000000Z,2024-12-30T14:33:14.000000000Z,160,1,29307,T,B,1.2442,5,4,1442,0,0,1442,6BH5
2024-12-30T14:33:21.000000000Z,2024-12-30T14:33:21.000000000Z,160,1,29307,C,B,1.2443,1,4,1443,0,0,1443,6BH5
2024-12-30T14:33:28.000000000Z,2024-12-30T14:33:28.000000000Z,160,1,29307,A,A,1.2442,1,4,1444,0,0,1444,6BH5
2024-12-30T14:33:35.000000000Z,2024-12-30T14:33:35.000000000Z,160,1,29307,T,A,1.2444,2,4,1445,0,0,1445,6BH5
2024-12-30T14:33:42.000000000Z,2024-12-30T14:33:42.000000000Z,160,1,29307,T,A,1.2446,1,4,1446,0,0,1446,6BH5
2024-12-30T14:33:49.000000000Z,2024-12-30T14:33:49.000000000Z,160,1,29307,A,A,1.2447,1,4,1447,0,0,1447,6BH5
2024-12-30T14:33:56.000000000Z,2024-12-30T14:33:56.000000000Z,160,1,29307,A,A,1.2448,1,4,1448,0,0,1448,6BH5
2024-12-30T14:34:03.000000000Z,2024-12-30T14:34:03.000000000Z,160,1,29307,C,B,1.2447,1,4,1449,0,0,1449,6BH5
2024-12-30T14:34:10.000000000Z,2024-12-30T14:34:10.000000000Z,160,1,29307,F,B,1.2448,5,4,1450,0,0,1450,6BH5
2024-12-30T14:34:17.000000000Z,2024-12-30T14:34:17.000000000Z,160,1,29307,F,B,1.2447,3,4,1451,0,0,1451,6BH5
2024-12-30T14:34:24.000000000Z,2024-12-30T14:34:24.000000000Z,160,1,29307,F,A,1.2445,3,4,1452,0,0,1452,6BH5
2024-12-30T14:34:31.000000000Z,2024-12-30T14:34:31.000000000Z,160,1,29307,A,A,1.2447,2,4,1453,0,0,1453,6BH5
2024-12-30T14:34:38.000000000Z,2024-12-30T14:34:38.000000000Z,160,1,29307,F,A,1.2448,1,4,1454,0,0,1454,6BH5
2024-12-30T14:34:45.000000000Z,2024-12-30T14:34:45.000000000Z,160,1,29307,A,A,1.2448,3,4,1455,0,0,1455,6BH5
2024-12-30T14:34:52.000000000Z,2024-12-30T14:34:52.000000000Z,160,1,29307,T,A,1.2447,10,4,1456,0,0,1456,6BH5
2024-12-30T14:34:59.000000000Z,2024-12-30T14:34:59.000000000Z,160,1,29307,A,A,1.2448,1,4,1457,0,0,1457,6BH5
2024-12-30T14:35:06.000000000Z,2024-12-30T14:35:06.000000000Z,160,1,29307,C,B,1.2446,1,4,1458,0,0,1458,6BH5
2024-12-30T14:35:13.000000000Z,2024-12-30T14:35:13.000000000Z,160,1,29307,A,B,1.2444,1,4,1459,0,0,1459,6BH5
2024-12-30T14:35:20.000000000Z,2024-12-30T14:35:20.000000000Z,160,1,29307,T,B,1.2442,1,4,1460,0,0,1460,6BH5
2024-12-30T14:35:27.000000000Z,2024-12-30T14:35:27.000000000Z,160,1,29307,A,B,1.2442,1,4,1461,0,0,1461,6BH5
2024-12-30T14:35:34.000000000Z,2024-12-30T14:35:34.000000000Z,160,1,29307,F,B,1.2443,3,4,1462,0,0,1462,6BH5
2024-12-30T14:35:41.000000000Z,2024-12-30T14:35:41.000000000Z,160,1,29307,T,A,1.2441,3,4,1463,0,0,1463,6BH5
2024-12-30T14:35:48.000000000Z,2024-12-30T14:35:48.000000000Z,160,1,29307,R,N,,0,4,1464,0,0,1464,6BH5
2024-12-30T14:35:55.000000000Z,2024-12-30T14:35:55.000000000Z,160,1,29307,T,A,1.2441,1,4,1465,0,0,1465,6BH5
2024-12-30T14:36:02.000000000Z,2024-12-30T14:36:02.000000000Z,160,1,29307,F,A,1.2442,2,4,1466,0,0,1466,6BH5
2024-12-30T14:36:09.000000000Z,2024-12-30T14:36:09.000000000Z,160,1,29307,R,N,,0,4,1467,0,0,1467,6BH5
2024-12-30T14:36:16.000000000Z,2024-12-30T14:36:16.000000000Z,160,1,29307,C,A,1.2445,1,4,1468,0,0,1468,6BH5
2024-12-30T14:36:23.000000000Z,2024-12-30T14:36:23.000000000Z,160,1,29307,T,B,1.2447,2,4,1469,0,0,1469,6BH5
2024-12-30T14:36:30.000000000Z,2024-12-30T14:36:30.000000000Z,160,1,29307,T,A,1.2449,2,4,1470,0,0,1470,6BH5
2024-12-30T14:36:37.000000000Z,2024-12-30T14:36:37.000000000Z,160,1,29307,T,A,1.2449,3,4,1471,0,0,1471,6BH5
2024-12-30T14:36:44.000000000Z,2024-12-30T14:36:44.000000000Z,160,1,29307,F,A,1.245,1,4,1472,0,0,1472,6BH5
2024-12-30T14:36:51.000000000Z,2024-12-30T14:36:51.000000000Z,160,1,29307,F,A,1.2452,1,4,1473,0,0,1473,6BH5
2024-12-30T14:36:58.000000000Z,2024-12-30T14:36:58.000000000Z,160,1,29307,C,B,1.2451,3,4,1474,0,0,1474,6BH5
2024-12-30T14:37:05.000000000Z,2024-12-30T14:37:05.000000000Z,160,1,29307,C,B,1.245,1,4,1475,0,0,1475,6BH5
2024-12-30T14:37:12.000000000Z,2024-12-30T14:37:12.000000000Z,160,1,29307,T,A,1.2452,2,4,1476,0,0,1476,6BH5
2024-12-30T14:37:19.000000000Z,2024-12-30T14:37:19.000000000Z,160,1,29307,T,B,1.2453,1,4,1477,0,0,1477,6BH5
2024-12-30T14:37:26.000000000Z,2024-12-30T14:37:26.000000000Z,160,1,29307,A,B,1.2452,1,4,1478,0,0,1478,6BH5
2024-12-30T14:37:33.000000000Z,2024-12-30T14:37:33.000000000Z,160,1,29307,A,A,1.2452,1,4,1479,0,0,1479,6BH5
2024-12-30T14:37:40.000000000Z,2024-12-30T14:37:40.000000000Z,160,1,29307,C,A,1.2453,1,4,1480,0,0,1480,6BH5
2024-12-30T14:37:47.000000000Z,2024-12-30T14:37:47.000000000Z,160,1,29307,F,A,1.2453,3,4,1481,0,0,1481,6BH5
2024-12-30T14:37:54.000000000Z,2024-12-30T14:37:54.000000000Z,160,1,29307,F,A,1.2454,1,4,1482,0,0,1482,6BH5
2024-12-30T14:38:01.000000000Z,2024-12-30T14:38:01.000000000Z,160,1,29307,F,A,1.2455,2,4,1483,0,0,1483,6BH5
2024-12-30T14:38:08.000000000Z,2024-12-30T14:38:08.000000000Z,160,1,29307,A,B,1.2456,2,4,1484,0,0,1484,6BH5
2024-12-30T14:38:15.000000000Z,2024-12-30T14:38:15.000000000Z,160,1,29307,A,A,1.2456,1,4,1485,0,0,1485,6BH5
2024-12-30T14:38:22.000000000Z,2024-12-30T14:38:22.000000000Z,160,1,29307,T,A,1.2457,2,4,1486,0,0,1486,6BH5
2024-12-30T14:38:29.000000000Z,2024-12-30T14:38:29.000000000Z,160,1,29307,F,A,1.2458,1,4,1487,0,0,1487,6BH5
2024-12-30T14:38:36.000000000Z,2024-12-30T14:38:36.000000000Z,160,1,29307,C,B,1.2459,2,4,1488,0,0,1488,6BH5
2024-12-30T14:38:43.000000000Z,2024-12-30T14:38:43.000000000Z,160,1,29307,T,A,1.2458,1,4,1489,0,0,1489,6BH5
2024-12-30T14:38:50.000000000Z,2024-12-30T14:38:50.000000000Z,160,1,29307,F,A,1.2458,1,4,1490,0,0,1490,6BH5
2024-12-30T14:38:57.000000000Z,2024-12-30T14:38:57.000000000Z,160,1,29307,C,A,1.246,1,4,1491,0,0,1491,6BH5
2024-12-30T14:39:04.000000000Z,2024-12-30T14:39:04.000000000Z,160,1,29307,A,B,1.2458,1,4,1492,0,0,1492,6BH5
2024-12-30T14:39:11.000000000Z,2024-12-30T14:39:11.000000000Z,160,1,29307,C,A,1.2457,3,4,1493,0,0,1493,6BH5
2024-12-30T14:39:18.000000000Z,2024-12-30T14:39:18.000000000Z,160,1,29307,A,A,1.2457,1,4,1494,0,0,1494,6BH5
2024-12-30T14:39:25.000000000Z,2024-12-30T14:39:25.000000000Z,160,1,29307,T,A,1.2458,1,4,1495,0,0,1495,6BH5
2024-12-30T14:39:32.000000000Z,2024-12-30T14:39:32.000000000Z,160,1,29307,C,B,1.2457,1,4,1496,0,0,1496,6BH5
2024-12-30T14:39:39.000000000Z,2024-12-30T14:39:39.000000000Z,160,1,29307,A,A,1.2456,2,4,1497,0,0,1497,6BH5
2024-12-30T14:39:46.000000000Z,2024-12-30T14:39:46.000000000Z,160,1,29307,C,A,1.2454,1,4,1498,0,0,1498,6BH5
2024-12-30T14:39:53.000000000Z,2024-12-30T14:39:53.000000000Z,160,1,29307,A,A,1.2455,1,4,1499,0,0,1499,6BH5
2024-12-31T00:00:00.000000000Z,2024-12-31T00:00:00.000000000Z,160,1,29307,T,B,1.2454,1,4,1500,0,0,1500,6BH5
2024-12-31T00:00:10.000000000Z,2024-12-31T00:00:10.000000000Z,160,1,29307,T,A,1.2453,1,4,1501,0,0,1501,6BH5
2024-12-31T00:00:20.000000000Z,2024-12-31T00:00:20.000000000Z,160,1,29307,T,A,1.2453,2,4,1502,0,0,1502,6BH5
2024-12-31T00:00:30.000000000Z,2024-12-31T00:00:30.000000000Z,160,1,29307,T,A,1.2455,2,4,1503,0,0,1503,6BH5
2024-12-31T00:00:40.000000000Z,2024-12-31T00:00:40.000000000Z,160,1,29307,A,B,1.2455,2,4,1504,0,0,1504,6BH5
2024-12-31T00:00:50.000000000Z,2024-12-31T00:00:50.000000000Z,160,1,29307,A,B,1.2453,1,4,1505,0,0,1505,6BH5
2024-12-31T00:01:00.000000000Z,2024-12-31T00:01:00.000000000Z,160,1,29307,T,A,1.2453,2,4,1506,0,0,1506,6BH5
2024-12-31T00:01:10.000000000Z,2024-12-31T00:01:10.000000000Z,160,1,29307,R,N,,0,4,1507,0,0,1507,6BH5
2024-12-31T00:01:20.000000000Z,2024-12-31T00:01:20.000000000Z,160,1,29307,A,B,1.2456,3,4,1508,0,0,1508,6BH5
2024-12-31T00:01:30.000000000Z,2024-12-31T00:01:30.000000000Z,160,1,29307,A,B,1.2458,1,4,1509,0,0,1509,6BH5
2024-12-31T00:01:40.000000000Z,2024-12-31T00:01:40.000000000Z,160,1,29307,A,A,1.2459,1,4,1510,0,0,1510,6BH5
2024-12-31T00:01:50.000000000Z,2024-12-31T00:01:50.000000000Z,160,1,29307,A,A,1.2457,1,4,1511,0,0,1511,6BH5
2024-12-31T00:02:00.000000000Z,2024-12-31T00:02:00.000000000Z,160,1,29307,A,B,1.2458,1,4,1512,0,0,1512,6BH5
2024-12-31T00:02:10.000000000Z,2024-12-31T00:02:10.000000000Z,160,1,29307,C,B,1.2457,1,4,1513,0,0,1513,6BH5
2024-12-31T00:02:20.000000000Z,2024-12-31T00:02:20.000000000Z,160,1,29307,F,B,1.2457,2,4,1514,0,0,1514,6BH5
2024-12-31T00:02:30.000000000Z,2024-12-31T00:02:30.000000000Z,160,1,29307,C,A,1.2456,1,4,1515,0,0,1515,6BH5
2024-12-31T00:02:40.000000000Z,2024-12-31T00:02:40.000000000Z,160,1,29307,C,A,1.2455,10,4,1516,0,0,1516,6BH5
2024-12-31T00:02:50.000000000Z,2024-12-31T00:02:50.000000000Z,160,1,29307,R,N,,0,4,1517,0,0,1517,6BH5
2024-12-31T00:03:00.000000000Z,2024-12-31T00:03:00.000000000Z,160,1,29307,R,N,,0,4,1518,0,0,1518,6BH5
2024-12-31T00:03:10.000000000Z,2024-12-31T00:03:10.000000000Z,160,1,29307,T,B,1.2458,2,4,1519,0,0,1519,6BH5
2024-12-31T00:03:20.000000000Z,2024-12-31T00:03:20.000000000Z,160,1,29307,A,B,1.2456,1,4,1520,0,0,1520,6BH5
2024-12-31T00:03:30.000000000Z,2024-12-31T00:03:30.000000000Z,160,1,29307,F,A,1.2454,1,4,1521,0,0,1521,6BH5
2024-12-31T00:03:40.000000000Z,2024-12-31T00:03:40.000000000Z,160,1,29307,C,B,1.2456,2,4,1522,0,0,1522,6BH5
2024-12-31T00:03:50.000000000Z,2024-12-31T00:03:50.000000000Z,160,1,29307,A,A,1.2457,1,4,1523,0,0,1523,6BH5
2024-12-31T00:04:00.000000000Z,2024-12-31T00:04:00.000000000Z,160,1,29307,T,B,1.2458,1,4,1524,0,0,1524,6BH5
2024-12-31T00:04:10.000000000Z,2024-12-31T00:04:10.000000000Z,160,1,29307,F,B,1.2457,2,4,1525,0,0,1525,6BH5
2024-12-31T00:04:20.000000000Z,2024-12-31T00:04:20.000000000Z,160,1,29307,C,B,1.2457,1,4,1526,0,0,1526,6BH5
2024-12-31T00:04:30.000000000Z,2024-12-31T00:04:30.000000000Z,160,1,29307,F,B,1.2458,2,4,1527,0,0,1527,6BH5
2024-12-31T00:04:40.000000000Z,2024-12-31T00:04:40.000000000Z,160,1,29307,A,B,1.2459,1,4,1528,0,0,1528,6BH5
2024-12-31T00:04:50.000000000Z,2024-12-31T00:04:50.000000000Z,160,1,29307,A,A,1.2459,1,4,1529,0,0,1529,6BH5
2024-12-31T00:05:00.000000000Z,2024-12-31T00:05:00.000000000Z,160,1,29307,T,B,1.2461,1,4,1530,0,0,1530,6BH5
2024-12-31T00:05:10.000000000Z,2024-12-31T00:05:10.000000000Z,160,1,29307,T,B,1.2462,2,4,1531,0,0,1531,6BH5
2024-12-31T00:05:20.000000000Z,2024-12-31T00:05:20.000000000Z,160,1,29307,F,B,1.2464,1,4,1532,0,0,1532,6BH5
2024-12-31T00:05:30.000000000Z,2024-12-31T00:05:30.000000000Z,160,1,29307,A,A,1.2465,2,4,1533,0,0,1533,6BH5
2024-12-31T00:05:40.000000000Z,2024-12-31T00:05:40.000000000Z,160,1,29307,A,A,1.2466,1,4,1534,0,0,1534,6BH5
2024-12-31T00:05:50.000000000Z,2024-12-31T00:05:50.000000000Z,160,1,29307,C,A,1.2464,1,4,1535,0,0,1535,6BH5
2024-12-31T00:06:00.000000000Z,2024-12-31T00:06:00.000000000Z,160,1,29307,C,A,1.2463,2,4,1536,0,0,1536,6BH5
2024-12-31T00:06:10.000000000Z,2024-12-31T00:06:10.000000000Z,160,1,29307,A,B,1.2465,1,4,1537,0,0,1537,6BH5
2024-12-31T00:06:20.000000000Z,2024-12-31T00:06:20.000000000Z,160,1,29307,F,B,1.2464,1,4,1538,0,0,1538,6BH5
2024-12-31T00:06:30.000000000Z,2024-12-31T00:06:30.000000000Z,160,1,29307,C,B,1.2462,1,4,1539,0,0,1539,6BH5
2024-12-31T00:06:40.000000000Z,2024-12-31T00:06:40.000000000Z,160,1,29307,A,A,1.2461,1,4,1540,0,0,1540,6BH5
2024-12-31T00:06:50.000000000Z,2024-12-31T00:06:50.000000000Z,160,1,29307,F,B,1.246,1,4,1541,0,0,1541,6BH5
2024-12-31T00:07:00.000000000Z,2024-12-31T00:07:00.000000000Z,160,1,29307,C,B,1.2462,1,4,1542,0,0,1542,6BH5
2024-12-31T00:07:10.000000000Z,2024-12-31T00:07:10.000000000Z,160,1,29307,A,A,1.2464,1,4,1543,0,0,1543,6BH5
2024-12-31T00:07:20.000000000Z,2024-12-31T00:07:20.000000000Z,160,1,29307,A,A,1.2464,1,4,1544,0,0,1544,6BH5
2024-12-31T00:07:30.000000000Z,2024-12-31T00:07:30.000000000Z,160,1,29307,C,A,1.2462,1,4,1545,0,0,1545,6BH5
2024-12-31T00:07:40.000000000Z,2024-12-31T00:07:40.000000000Z,160,1,29307,A,B,1.2463,1,4,1546,0,0,1546,6BH5
2024-12-31T00:07:50.000000000Z,2024-12-31T00:07:50.000000000Z,160,1,29307,T,B,1.2464,5,4,1547,0,0,1547,6BH5
2024-12-31T00:08:00.000000000Z,2024-12-31T00:08:00.000000000Z,160,1,29307,C,A,1.2466,2,4,1548,0,0,1548,6BH5
2024-12-31T00:08:10.000000000Z,2024-12-31T00:08:10.000000000Z,160,1,29307,R,N,,0,4,1549,0,0,1549,6BH5
2024-12-31T00:08:20.000000000Z,2024-12-31T00:08:20.000000000Z,160,1,29307,A,A,1.2465,1,4,1550,0,0,1550,6BH5
2024-12-31T00:08:30.000000000Z,2024-12-31T00:08:30.000000000Z,160,1,29307,F,A,1.2465,3,4,1551,0,0,1551,6BH5
2024-12-31T00:08:40.000000000Z,2024-12-31T00:08:40.000000000Z,160,1,29307,A,B,1.2467,1,4,1552,0,0,1552,6BH5
2024-12-31T00:08:50.000000000Z,2024-12-31T00:08:50.000000000Z,160,1,29307,C,A,1.2468,1,4,1553,0,0,1553,6BH5
2024-12-31T00:09:00.000000000Z,2024-12-31T00:09:00.000000000Z,160,1,29307,R,N,,0,4,1554,0,0,1554,6BH5
2024-12-31T00:09:10.000000000Z,2024-12-31T00:09:10.000000000Z,160,1,29307,T,A,1.2468,2,4,1555,0,0,1555,6BH5
2024-12-31T00:09:20.000000000Z,2024-12-31T00:09:20.000000000Z,160,1,29307,C,B,1.2469,1,4,1556,0,0,1556,6BH5
2024-12-31T00:09:30.000000000Z,2024-12-31T00:09:30.000000000Z,160,1,29307,F,A,1.247,2,4,1557,0,0,1557,6BH5
2024-12-31T00:09:40.000000000Z,2024-12-31T00:09:40.000000000Z,160,1,29307,C,A,1.2469,2,4,1558,0,0,1558,6BH5
2024-12-31T00:09:50.000000000Z,2024-12-31T00:09:50.000000000Z,160,1,29307,C,A,1.2469,1,4,1559,0,0,1559,6BH5
2024-12-31T00:10:00.000000000Z,2024-12-31T00:10:00.000000000Z,160,1,29307,T,A,1.2468,2,4,1560,0,0,1560,6BH5
2024-12-31T00:10:10.000000000Z,2024-12-31T00:10:10.000000000Z,160,1,29307,C,A,1.2467,1,4,1561,0,0,1561,6BH5
2024-12-31T00:10:20.000000000Z,2024-12-31T00:10:20.000000000Z,160,1,29307,A,A,1.2465,1,4,1562,0,0,1562,6BH5
2024-12-31T00:10:30.000000000Z,2024-12-31T00:10:30.000000000Z,160,1,29307,C,A,1.2464,1,4,1563,0,0,1563,6BH5
2024-12-31T00:10:40.000000000Z,2024-12-31T00:10:40.000000000Z,160,1,29307,T,B,1.2464,1,4,1564,0,0,1564,6BH5
2024-12-31T00:10:50.000000000Z,2024-12-31T00:10:50.000000000Z,160,1,29307,T,B,1.2462,1,4,1565,0,0,1565,6BH5
2024-12-31T00:11:00.000000000Z,2024-12-31T00:11:00.000000000Z,160,1,29307,F,A,1.2461,1,4,1566,0,0,1566,6BH5
2024-12-31T00:11:10.000000000Z,2024-12-31T00:11:10.000000000Z,160,1,29307,F,B,1.2463,1,4,1567,0,0,1567,6BH5
2024-12-31T00:11:20.000000000Z,2024-12-31T00:11:20.000000000Z,160,1,29307,T,B,1.2463,1,4,1568,0,0,1568,6BH5
2024-12-31T00:11:30.000000000Z,2024-12-31T00:11:30.000000000Z,160,1,29307,C,A,1.2464,1,4,1569,0,0,1569,6BH5
2024-12-31T00:11:40.000000000Z,2024-12-31T00:11:40.000000000Z,160,1,29307,R,N,,0,4,1570,0,0,1570,6BH5
2024-12-31T00:11:50.000000000Z,2024-12-31T00:11:50.000000000Z,160,1,29307,F,A,1.2465,1,4,1571,0,0,1571,6BH5
2024-12-31T00:12:00.000000000Z,2024-12-31T00:12:00.000000000Z,160,1,29307,C,A,1.2464,1,4,1572,0,0,1572,6BH5
2024-12-31T00:12:10.000000000Z,2024-12-31T00:12:10.000000000Z,160,1,29307,A,A,1.2465,1,4,1573,0,0,1573,6BH5
2024-12-31T00:12:20.000000000Z,2024-12-31T00:12:20.000000000Z,160,1,29307,C,A,1.2463,1,4,1574,0,0,1574,6BH5
2024-12-31T00:12:30.000000000Z,2024-12-31T00:12:30.000000000Z,160,1,29307,F,A,1.2464,1,4,1575,0,0,1575,6BH5
2024-12-31T00:12:40.000000000Z,2024-12-31T00:12:40.000000000Z,160,1,29307,T,B,1.2463,1,4,1576,0,0,1576,6BH5
2024-12-31T00:12:50.000000000Z,2024-12-31T00:12:50.000000000Z,160,1,29307,C,A,1.2464,1,4,1577,0,0,1577,6BH5
2024-12-31T00:13:00.000000000Z,2024-12-31T00:13:00.000000000Z,160,1,29307,A,B,1.2464,1,4,1578,0,0,1578,6BH5
2024-12-31T00:13:10.000000000Z,2024-12-31T00:13:10.000000000Z,160,1,29307,A,A,1.2464,5,4,1579,0,0,1579,6BH5
2024-12-31T00:13:20.000000000Z,2024-12-31T00:13:20.000000000Z,160,1,29307,T,A,1.2463,5,4,1580,0,0,1580,6BH5
2024-12-31T00:13:30.000000000Z,2024-12-31T00:13:30.000000000Z,160,1,29307,A,A,1.2464,1,4,1581,0,0,1581,6BH5
2024-12-31T00:13:40.000000000Z,2024-12-31T00:13:40.000000000Z,160,1,29307,T,B,1.2466,2,4,1582,0,0,1582,6BH5
2024-12-31T00:13:50.000000000Z,2024-12-31T00:13:50.000000000Z,160,1,29307,A,A,1.2467,1,4,1583,0,0,1583,6BH5
2024-12-31T00:14:00.000000000Z,2024-12-31T00:14:00.000000000Z,160,1,29307,A,A,1.2465,1,4,1584,0,0,1584,6BH5
2024-12-31T00:14:10.000000000Z,2024-12-31T00:14:10.000000000Z,160,1,29307,A,A,1.2464,2,4,1585,0,0,1585,6BH5
2024-12-31T00:14:20.000000000Z,2024-12-31T00:14:20.000000000Z,160,1,29307,A,A,1.2466,1,4,1586,0,0,1586,6BH5
2024-12-31T00:14:30.000000000Z,2024-12-31T00:14:30.000000000Z,160,1,29307,F,B,1.2466,1,4,1587,0,0,1587,6BH5
2024-12-31T00:14:40.000000000Z,2024-12-31T00:14:40.000000000Z,160,1,29307,A,A,1.2467,1,4,1588,0,0,1588,6BH5
2024-12-31T00:14:50.000000000Z,2024-12-31T00:14:50.000000000Z,160,1,29307,T,B,1.2469,1,4,1589,0,0,1589,6BH5
2024-12-31T00:15:00.000000000Z,2024-12-31T00:15:00.000000000Z,160,1,29307,C,A,1.2471,1,4,1590,0,0,1590,6BH5
2024-12-31T00:15:10.000000000Z,2024-12-31T00:15:10.000000000Z,160,1,29307,F,B,1.2471,1,4,1591,0,0,1591,6BH5
2024-12-31T00:15:20.000000000Z,2024-12-31T00:15:20.000000000Z,160,1,29307,F,B,1.2471,1,4,1592,0,0,1592,6BH5
2024-12-31T00:15:30.000000000Z,2024-12-31T00:15:30.000000000Z,160,1,29307,T,A,1.247,1,4,1593,0,0,1593,6BH5
2024-12-31T00:15:40.000000000Z,2024-12-31T00:15:40.000000000Z,160,1,29307,T,A,1.2471,2,4,1594,0,0,1594,6BH5
2024-12-31T00:15:50.000000000Z,2024-12-31T00:15:50.000000000Z,160,1,29307,F,B,1.247,1,4,1595,0,0,1595,6BH5
2024-12-31T00:16:00.000000000Z,2024-12-31T00:16:00.000000000Z,160,1,29307,C,A,1.2469,2,4,1596,0,0,1596,6BH5
2024-12-31T00:16:10.000000000Z,2024-12-31T00:16:10.000000000Z,160,1,29307,T,A,1.2468,1,4,1597,0,0,1597,6BH5
2024-12-31T00:16:20.000000000Z,2024-12-31T00:16:20.000000000Z,160,1,29307,C,A,1.2467,2,4,1598,0,0,1598,6BH5
2024-12-31T00:16:30.000000000Z,2024-12-31T00:16:30.000000000Z,160,1,29307,R,N,,0,4,1599,0,0,1599,6BH5
2024-12-31T00:16:40.000000000Z,2024-12-31T00:16:40.000000000Z,160,1,29307,C,A,1.2469,1,4,1600,0,0,1600,6BH5
2024-12-31T00:16:50.000000000Z,2024-12-31T00:16:50.000000000Z,160,1,29307,T,A,1.2469,1,4,1601,0,0,1601,6BH5
2024-12-31T00:17:00.000000000Z,2024-12-31T00:17:00.000000000Z,160,1,29307,A,A,1.2468,1,4,1602,0,0,1602,6BH5
2024-12-31T00:17:10.000000000Z,2024-12-31T00:17:10.000000000Z,160,1,29307,C,B,1.247,5,4,1603,0,0,1603,6BH5
2024-12-31T00:17:20.000000000Z,2024-12-31T00:17:20.000000000Z,160,1,29307,T,A,1.2468,1,4,1604,0,0,1604,6BH5
2024-12-31T00:17:30.000000000Z,2024-12-31T00:17:30.000000000Z,160,1,29307,F,B,1.2469,1,4,1605,0,0,1605,6BH5
2024-12-31T00:17:40.000000000Z,2024-12-31T00:17:40.000000000Z,160,1,29307,A,A,1.2471,1,4,1606,0,0,1606,6BH5
2024-12-31T00:17:50.000000000Z,2024-12-31T00:17:50.000000000Z,160,1,29307,A,B,1.2471,10,4,1607,0,0,1607,6BH5
2024-12-31T00:18:00.000000000Z,2024-12-31T00:18:00.000000000Z,160,1,29307,A,A,1.2471,1,4,1608,0,0,1608,6BH5
2024-12-31T00:18:10.000000000Z,2024-12-31T00:18:10.000000000Z,160,1,29307,T,A,1.2473,1,4,1609,0,0,1609,6BH5
2024-12-31T00:18:20.000000000Z,2024-12-31T00:18:20.000000000Z,160,1,29307,T,B,1.2472,1,4,1610,0,0,1610,6BH5
2024-12-31T00:18:30.000000000Z,2024-12-31T00:18:30.000000000Z,160,1,29307,A,B,1.2472,5,4,1611,0,0,1611,6BH5
2024-12-31T00:18:40.000000000Z,2024-12-31T00:18:40.000000000Z,160,1,29307,R,N,,0,4,1612,0,0,1612,6BH5
2024-12-31T00:18:50.000000000Z,2024-12-31T00:18:50.000000000Z,160,1,29307,C,A,1.2471,1,4,1613,0,0,1613,6BH5
2024-12-31T00:19:00.000000000Z,2024-12-31T00:19:00.000000000Z,160,1,29307,A,A,1.2472,1,4,1614,0,0,1614,6BH5
2024-12-31T00:19:10.000000000Z,2024-12-31T00:19:10.000000000Z,160,1,29307,C,A,1.2474,1,4,1615,0,0,1615,6BH5
2024-12-31T00:19:20.000000000Z,2024-12-31T00:19:20.000000000Z,160,1,29307,A,A,1.2475,2,4,1616,0,0,1616,6BH5
2024-12-31T00:19:30.000000000Z,2024-12-31T00:19:30.000000000Z,160,1,29307,A,B,1.2474,1,4,1617,0,0,1617,6BH5
2024-12-31T00:19:40.000000000Z,2024-12-31T00:19:40.000000000Z,160,1,29307,T,A,1.2472,1,4,1618,0,0,1618,6BH5
2024-12-31T00:19:50.000000000Z,2024-12-31T00:19:50.000000000Z,160,1,29307,T,A,1.2473,2,4,1619,0,0,1619,6BH5
2024-12-31T00:20:00.000000000Z,2024-12-31T00:20:00.000000000Z,160,1,29307,T,A,1.2471,5,4,1620,0,0,1620,6BH5
2024-12-31T00:20:10.000000000Z,2024-12-31T00:20:10.000000000Z,160,1,29307,F,A,1.2472,1,4,1621,0,0,1621,6BH5
2024-12-31T00:20:20.000000000Z,2024-12-31T00:20:20.000000000Z,160,1,29307,C,A,1.2472,1,4,1622,0,0,1622,6BH5
2024-12-31T00:20:30.000000000Z,2024-12-31T00:20:30.000000000Z,160,1,29307,C,A,1.2473,2,4,1623,0,0,1623,6BH5
2024-12-31T00:20:40.000000000Z,2024-12-31T00:20:40.000000000Z,160,1,29307,T,A,1.2473,1,4,1624,0,0,1624,6BH5
2024-12-31T00:20:50.000000000Z,2024-12-31T00:20:50.000000000Z,160,1,29307,A,B,1.2473,3,4,1625,0,0,1625,6BH5
2024-12-31T00:21:00.000000000Z,2024-12-31T00:21:00.000000000Z,160,1,29307,T,A,1.2472,3,4,1626,0,0,1626,6BH5
2024-12-31T00:21:10.000000000Z,2024-12-31T00:21:10.000000000Z,160,1,29307,C,A,1.2471,1,4,1627,0,0,1627,6BH5
2024-12-31T00:21:20.000000000Z,2024-12-31T00:21:20.000000000Z,160,1,29307,T,A,1.2471,5,4,1628,0,0,1628,6BH5
2024-12-31T00:21:30.000000000Z,2024-12-31T00:21:30.000000000Z,160,1,29307,F,A,1.2472,1,4,1629,0,0,1629,6BH5
2024-12-31T00:21:40.000000000Z,2024-12-31T00:21:40.000000000Z,160,1,29307,C,B,1.2473,1,4,1630,0,0,1630,6BH5
2024-12-31T00:21:50.000000000Z,2024-12-31T00:21:50.000000000Z,160,1,29307,C,B,1.2474,1,4,1631,0,0,1631,6BH5
2024-12-31T00:22:00.000000000Z,2024-12-31T00:22:00.000000000Z,160,1,29307,C,B,1.2476,2,4,1632,0,0,1632,6BH5
2024-12-31T00:22:10.000000000Z,2024-12-31T00:22:10.000000000Z,160,1,29307,T,B,1.2475,1,4,1633,0,0,1633,6BH5
2024-12-31T00:22:20.000000000Z,2024-12-31T00:22:20.000000000Z,160,1,29307,R,N,,0,4,1634,0,0,1634,6BH5
2024-12-31T00:22:30.000000000Z,2024-12-31T00:22:30.000000000Z,160,1,29307,T,B,1.2472,3,4,1635,0,0,1635,6BH5
2024-12-31T00:22:40.000000000Z,2024-12-31T00:22:40.000000000Z,160,1,29307,C,A,1.2473,1,4,1636,0,0,1636,6BH5
2024-12-31T00:22:50.000000000Z,2024-12-31T00:22:50.000000000Z,160,1,29307,A,B,1.2473,1,4,1637,0,0,1637,6BH5
2024-12-31T00:23:00.000000000Z,2024-12-31T00:23:00.000000000Z,160,1,29307,A,B,1.2474,2,4,1638,0,0,1638,6BH5
2024-12-31T00:23:10.000000000Z,2024-12-31T00:23:10.000000000Z,160,1,29307,T,A,1.2474,2,4,1639,0,0,1639,6BH5
2024-12-31T00:23:20.000000000Z,2024-12-31T00:23:20.000000000Z,160,1,29307,C,B,1.2476,3,4,1640,0,0,1640,6BH5
2024-12-31T00:23:30.000000000Z,2024-12-31T00:23:30.000000000Z,160,1,29307,A,A,1.2478,3,4,1641,0,0,1641,6BH5
2024-12-31T00:23:40.000000000Z,2024-12-31T00:23:40.000000000Z,160,1,29307,T,A,1.2476,1,4,1642,0,0,1642,6BH5
2024-12-31T00:23:50.000000000Z,2024-12-31T00:23:50.000000000Z,160,1,29307,A,B,1.2476,1,4,1643,0,0,1643,6BH5
2024-12-31T00:24:00.000000000Z,2024-12-31T00:24:00.000000000Z,160,1,29307,F,A,1.2477,1,4,1644,0,0,1644,6BH5
2024-12-31T00:24:10.000000000Z,2024-12-31T00:24:10.000000000Z,160,1,29307,T,B,1.2476,1,4,1645,0,0,1645,6BH5
2024-12-31T00:24:20.000000000Z,2024-12-31T00:24:20.000000000Z,160,1,29307,A,B,1.2476,1,4,1646,0,0,1646,6BH5
2024-12-31T00:24:30.000000000Z,2024-12-31T00:24:30.000000000Z,160,1,29307,F,A,1.2477,2,4,1647,0,0,1647,6BH5
2024-12-31T00:24:40.000000000Z,2024-12-31T00:24:40.000000000Z,160,1,29307,A,A,1.2476,1,4,1648,0,0,1648,6BH5
2024-12-31T00:24:50.000000000Z,2024-12-31T00:24:50.000000000Z,160,1,29307,A,B,1.2477,1,4,1649,0,0,1649,6BH5
2024-12-31T00:25:00.000000000Z,2024-12-31T00:25:00.000000000Z,160,1,29307,A,A,1.2478,1,4,1650,0,0,1650,6BH5
2024-12-31T00:25:10.000000000Z,2024-12-31T00:25:10.000000000Z,160,1,29307,A,A,1.2476,1,4,1651,0,0,1651,6BH5
2024-12-31T00:25:20.000000000Z,2024-12-31T00:25:20.000000000Z,160,1,29307,T,B,1.2476,1,4,1652,0,0,1652,6BH5
2024-12-31T00:25:30.000000000Z,2024-12-31T00:25:30.000000000Z,160,1,29307,A,B,1.2475,1,4,1653,0,0,1653,6BH5
2024-12-31T00:25:40.000000000Z,2024-12-31T00:25:40.000000000Z,160,1,29307,C,A,1.2476,1,4,1654,0,0,1654,6BH5
2024-12-31T00:25:50.000000000Z,2024-12-31T00:25:50.000000000Z,160,1,29307,C,B,1.2475,1,4,1655,0,0,1655,6BH5
2024-12-31T00:26:00.000000000Z,2024-12-31T00:26:00.000000000Z,160,1,29307,C,B,1.2477,2,4,1656,0,0,1656,6BH5
2024-12-31T00:26:10.000000000Z,2024-12-31T00:26:10.000000000Z,160,1,29307,A,B,1.2477,2,4,1657,0,0,1657,6BH5
2024-12-31T00:26:20.000000000Z,2024-12-31T00:26:20.000000000Z,160,1,29307,R,N,,0,4,1658,0,0,1658,6BH5
2024-12-31T00:26:30.000000000Z,2024-12-31T00:26:30.000000000Z,160,1,29307,C,B,1.2476,2,4,1659,0,0,1659,6BH5
2024-12-31T00:26:40.000000000Z,2024-12-31T00:26:40.000000000Z,160,1,29307,C,B,1.2476,1,4,1660,0,0,1660,6BH5
2024-12-31T00:26:50.000000000Z,2024-12-31T00:26:50.000000000Z,160,1,29307,A,B,1.2476,1,4,1661,0,0,1661,6BH5
2024-12-31T00:27:00.000000000Z,2024-12-31T00:27:00.000000000Z,160,1,29307,T,A,1.2476,1,4,1662,0,0,1662,6BH5
2024-12-31T00:27:10.000000000Z,2024-12-31T00:27:10.000000000Z,160,1,29307,A,B,1.2476,1,4,1663,0,0,1663,6BH5
2024-12-31T00:27:20.000000000Z,2024-12-31T00:27:20.000000000Z,160,1,29307,C,A,1.2474,2,4,1664,0,0,1664,6BH5
2024-12-31T00:27:30.000000000Z,2024-12-31T00:27:30.000000000Z,160,1,29307,F,A,1.2472,1,4,1665,0,0,1665,6BH5
2024-12-31T00:27:40.000000000Z,2024-12-31T00:27:40.000000000Z,160,1,29307,A,A,1.2473,5,4,1666,0,0,1666,6BH5
2024-12-31T00:27:50.000000000Z,2024-12-31T00:27:50.000000000Z,160,1,29307,C,B,1.2473,1,4,1667,0,0,1667,6BH5
2024-12-31T00:28:00.000000000Z,2024-12-31T00:28:00.000000000Z,160,1,29307,A,B,1.2472,1,4,1668,0,0,1668,6BH5
2024-12-31T00:28:10.000000000Z,2024-12-31T00:28:10.000000000Z,160,1,29307,F,A,1.2473,3,4,1669,0,0,1669,6BH5
2024-12-31T00:28:20.000000000Z,2024-12-31T00:28:20.000000000Z,160,1,29307,A,B,1.2472,1,4,1670,0,0,1670,6BH5
2024-12-31T00:28:30.000000000Z,2024-12-31T00:28:30.000000000Z,160,1,29307,A,A,1.2473,1,4,1671,0,0,1671,6BH5
2024-12-31T00:28:40.000000000Z,2024-12-31T00:28:40.000000000Z,160,1,29307,T,B,1.2472,1,4,1672,0,0,1672,6BH5
2024-12-31T00:28:50.000000000Z,2024-12-31T00:28:50.000000000Z,160,1,29307,A,B,1.247,1,4,1673,0,0,1673,6BH5
2024-12-31T00:29:00.000000000Z,2024-12-31T00:29:00.000000000Z,160,1,29307,T,A,1.2472,1,4,1674,0,0,1674,6BH5
2024-12-31T00:29:10.000000000Z,2024-12-31T00:29:10.000000000Z,160,1,29307,C,A,1.2471,1,4,1675,0,0,1675,6BH5
2024-12-31T00:29:20.000000000Z,2024-12-31T00:29:20.000000000Z,160,1,29307,A,A,1.2472,1,4,1676,0,0,1676,6BH5
2024-12-31T00:29:30.000000000Z,2024-12-31T00:29:30.000000000Z,160,1,29307,R,N,,0,4,1677,0,0,1677,6BH5
2024-12-31T00:29:40.000000000Z,2024-12-31T00:29:40.000000000Z,160,1,29307,T,A,1.2472,1,4,1678,0,0,1678,6BH5
2024-12-31T00:29:50.000000000Z,2024-12-31T00:29:50.000000000Z,160,1,29307,F,B,1.2474,1,4,1679,0,0,1679,6BH5
2024-12-31T00:30:00.000000000Z,2024-12-31T00:30:00.000000000Z,160,1,29307,A,B,1.2472,1,4,1680,0,0,1680,6BH5
2024-12-31T00:30:10.000000000Z,2024-12-31T00:30:10.000000000Z,160,1,29307,T,B,1.2473,1,4,1681,0,0,1681,6BH5
2024-12-31T00:30:20.000000000Z,2024-12-31T00:30:20.000000000Z,160,1,29307,T,A,1.2473,1,4,1682,0,0,1682,6BH5
2024-12-31T00:30:30.000000000Z,2024-12-31T00:30:30.000000000Z,160,1,29307,C,A,1.2474,1,4,1683,0,0,1683,6BH5
2024-12-31T00:30:40.000000000Z,2024-12-31T00:30:40.000000000Z,160,1,29307,C,A,1.2474,1,4,1684,0,0,1684,6BH5
2024-12-31T00:30:50.000000000Z,2024-12-31T00:30:50.000000000Z,160,1,29307,A,B,1.2476,1,4,1685,0,0,1685,6BH5
2024-12-31T00:31:00.000000000Z,2024-12-31T00:31:00.000000000Z,160,1,29307,T,B,1.2474,1,4,1686,0,0,1686,6BH5
2024-12-31T00:31:10.000000000Z,2024-12-31T00:31:10.000000000Z,160,1,29307,A,A,1.2473,1,4,1687,0,0,1687,6BH5
2024-12-31T00:31:20.000000000Z,2024-12-31T00:31:20.000000000Z,160,1,29307,T,B,1.2475,1,4,1688,0,0,1688,6BH5
2024-12-31T00:31:30.000000000Z,2024-12-31T00:31:30.000000000Z,160,1,29307,C,B,1.2476,1,4,1689,0,0,1689,6BH5
2024-12-31T00:31:40.000000000Z,2024-12-31T00:31:40.000000000Z,160,1,29307,C,A,1.2474,1,4,1690,0,0,1690,6BH5
2024-12-31T00:31:50.000000000Z,2024-12-31T00:31:50.000000000Z,160,1,29307,R,N,,0,4,1691,0,0,1691,6BH5
2024-12-31T00:32:00.000000000Z,2024-12-31T00:32:00.000000000Z,160,1,29307,T,A,1.2474,1,4,1692,0,0,1692,6BH5
2024-12-31T00:32:10.000000000Z,2024-12-31T00:32:10.000000000Z,160,1,29307,T,B,1.2474,1,4,1693,0,0,1693,6BH5
2024-12-31T00:32:20.000000000Z,2024-12-31T00:32:20.000000000Z,160,1,29307,F,B,1.2473,1,4,1694,0,0,1694,6BH5
2024-12-31T00:32:30.000000000Z,2024-12-31T00:32:30.000000000Z,160,1,29307,C,B,1.2474,3,4,1695,0,0,1695,6BH5
2024-12-31T00:32:40.000000000Z,2024-12-31T00:32:40.000000000Z,160,1,29307,A,B,1.2473,1,4,1696,0,0,1696,6BH5
2024-12-31T00:32:50.000000000Z,2024-12-31T00:32:50.000000000Z,160,1,29307,C,B,1.2474,2,4,1697,0,0,1697,6BH5
2024-12-31T00:33:00.000000000Z,2024-12-31T00:33:00.000000000Z,160,1,29307,A,A,1.2475,2,4,1698,0,0,1698,6BH5
2024-12-31T00:33:10.000000000Z,2024-12-31T00:33:10.000000000Z,160,1,29307,A,B,1.2475,1,4,1699,0,0,1699,6BH5
2024-12-31T00:33:20.000000000Z,2024-12-31T00:33:20.000000000Z,160,1,29307,C,B,1.2474,1,4,1700,0,0,1700,6BH5
2024-12-31T00:33:30.000000000Z,2024-12-31T00:33:30.000000000Z,160,1,29307,A,B,1.2473,1,4,1701,0,0,1701,6BH5
2024-12-31T00:33:40.000000000Z,2024-12-31T00:33:40.000000000Z,160,1,29307,A,A,1.2473,1,4,1702,0,0,1702,6BH5
2024-12-31T00:33:50.000000000Z,2024-12-31T00:33:50.000000000Z,160,1,29307,T,A,1.2474,1,4,1703,0,0,1703,6BH5
2024-12-31T00:34:00.000000000Z,2024-12-31T00:34:00.000000000Z,160,1,29307,F,A,1.2473,2,4,1704,0,0,1704,6BH5
2024-12-31T00:34:10.000000000Z,2024-12-31T00:34:10.000000000Z,160,1,29307,R,N,,0,4,1705,0,0,1705,6BH5
2024-12-31T00:34:20.000000000Z,2024-12-31T00:34:20.000000000Z,160,1,29307,A,A,1.2473,1,4,1706,0,0,1706,6BH5
2024-12-31T00:34:30.000000000Z,2024-12-31T00:34:30.000000000Z,160,1,29307,A,A,1.2472,1,4,1707,0,0,1707,6BH5
2024-12-31T00:34:40.000000000Z,2024-12-31T00:34:40.000000000Z,160,1,29307,R,N,,0,4,1708,0,0,1708,6BH5
2024-12-31T00:34:50.000000000Z,2024-12-31T00:34:50.000000000Z,160,1,29307,T,B,1.2468,2,4,1709,0,0,1709,6BH5
2024-12-31T00:35:00.000000000Z,2024-12-31T00:35:00.000000000Z,160,1,29307,T,A,1.2467,2,4,1710,0,0,1710,6BH5
2024-12-31T00:35:10.000000000Z,2024-12-31T00:35:10.000000000Z,160,1,29307,R,N,,0,4,1711,0,0,1711,6BH5
2024-12-31T00:35:20.000000000Z,2024-12-31T00:35:20.000000000Z,160,1,29307,C,B,1.2469,1,4,1712,0,0,1712,6BH5
2024-12-31T00:35:30.000000000Z,2024-12-31T00:35:30.000000000Z,160,1,29307,C,A,1.247,1,4,1713,0,0,1713,6BH5
2024-12-31T00:35:40.000000000Z,2024-12-31T00:35:40.000000000Z,160,1,29307,T,B,1.2469,1,4,1714,0,0,1714,6BH5
2024-12-31T00:35:50.000000000Z,2024-12-31T00:35:50.000000000Z,160,1,29307,A,A,1.2468,1,4,1715,0,0,1715,6BH5
2024-12-31T00:36:00.000000000Z,2024-12-31T00:36:00.000000000Z,160,1,29307,T,B,1.2467,3,4,1716,0,0,1716,6BH5
2024-12-31T00:36:10.000000000Z,2024-12-31T00:36:10.000000000Z,160,1,29307,C,A,1.2466,10,4,1717,0,0,1717,6BH5
2024-12-31T00:36:20.000000000Z,2024-12-31T00:36:20.000000000Z,160,1,29307,T,A,1.2466,1,4,1718,0,0,1718,6BH5
2024-12-31T00:36:30.000000000Z,2024-12-31T00:36:30.000000000Z,160,1,29307,C,A,1.2466,1,4,1719,0,0,1719,6BH5
2024-12-31T00:36:40.000000000Z,2024-12-31T00:36:40.000000000Z,160,1,29307,A,B,1.2465,1,4,1720,0,0,1720,6BH5
2024-12-31T00:36:50.000000000Z,2024-12-31T00:36:50.000000000Z,160,1,29307,R,N,,0,4,1721,0,0,1721,6BH5
2024-12-31T00:37:00.000000000Z,2024-12-31T00:37:00.000000000Z,160,1,29307,R,N,,0,4,1722,0,0,1722,6BH5
2024-12-31T00:37:10.000000000Z,2024-12-31T00:37:10.000000000Z,160,1,29307,T,A,1.246,1,4,1723,0,0,1723,6BH5
2024-12-31T00:37:20.000000000Z,2024-12-31T00:37:20.000000000Z,160,1,29307,T,B,1.2461,1,4,1724,0,0,1724,6BH5
2024-12-31T00:37:30.000000000Z,2024-12-31T00:37:30.000000000Z,160,1,29307,C,B,1.246,1,4,1725,0,0,1725,6BH5
2024-12-31T00:37:40.000000000Z,2024-12-31T00:37:40.000000000Z,160,1,29307,A,A,1.246,3,4,1726,0,0,1726,6BH5
2024-12-31T00:37:50.000000000Z,2024-12-31T00:37:50.000000000Z,160,1,29307,F,A,1.246,1,4,1727,0,0,1727,6BH5
2024-12-31T00:38:00.000000000Z,2024-12-31T00:38:00.000000000Z,160,1,29307,R,N,,0,4,1728,0,0,1728,6BH5
2024-12-31T00:38:10.000000000Z,2024-12-31T00:38:10.000000000Z,160,1,29307,T,A,1.2464,1,4,1729,0,0,1729,6BH5
2024-12-31T00:38:20.000000000Z,2024-12-31T00:38:20.000000000Z,160,1,29307,R,N,,0,4,1730,0,0,1730,6BH5
2024-12-31T00:38:30.000000000Z,2024-12-31T00:38:30.000000000Z,160,1,29307,F,B,1.2463,1,4,1731,0,0,1731,6BH5
2024-12-31T00:38:40.000000000Z,2024-12-31T00:38:40.000000000Z,160,1,29307,C,A,1.2463,1,4,1732,0,0,1732,6BH5
2024-12-31T00:38:50.000000000Z,2024-12-31T00:38:50.000000000Z,160,1,29307,A,A,1.2464,1,4,1733,0,0,1733,6BH5
2024-12-31T00:39:00.000000000Z,2024-12-31T00:39:00.000000000Z,160,1,29307,A,B,1.2462,2,4,1734,0,0,1734,6BH5
2024-12-31T00:39:10.000000000Z,2024-12-31T00:39:10.000000000Z,160,1,29307,C,A,1.2462,1,4,1735,0,0,1735,6BH5
2024-12-31T00:39:20.000000000Z,2024-12-31T00:39:20.000000000Z,160,1,29307,A,A,1.2464,1,4,1736,0,0,1736,6BH5
2024-12-31T00:39:30.000000000Z,2024-12-31T00:39:30.000000000Z,160,1,29307,C,B,1.2464,1,4,1737,0,0,1737,6BH5
2024-12-31T00:39:40.000000000Z,2024-12-31T00:39:40.000000000Z,160,1,29307,A,A,1.2462,1,4,1738,0,0,1738,6BH5
2024-12-31T00:39:50.000000000Z,2024-12-31T00:39:50.000000000Z,160,1,29307,A,A,1.246,1,4,1739,0,0,1739,6BH5
2024-12-31T00:40:00.000000000Z,2024-12-31T00:40:00.000000000Z,160,1,29307,F,A,1.246,2,4,1740,0,0,1740,6BH5
2024-12-31T00:40:10.000000000Z,2024-12-31T00:40:10.000000000Z,160,1,29307,F,B,1.2459,1,4,1741,0,0,1741,6BH5
2024-12-31T00:40:20.000000000Z,2024-12-31T00:40:20.000000000Z,160,1,29307,T,A,1.246,1,4,1742,0,0,1742,6BH5
2024-12-31T00:40:30.000000000Z,2024-12-31T00:40:30.000000000Z,160,1,29307,T,B,1.2461,1,4,1743,0,0,1743,6BH5
2024-12-31T00:40:40.000000000Z,2024-12-31T00:40:40.000000000Z,160,1,29307,T,A,1.246,1,4,1744,0,0,1744,6BH5
2024-12-31T00:40:50.000000000Z,2024-12-31T00:40:50.000000000Z,160,1,29307,R,N,,0,4,1745,0,0,1745,6BH5
2024-12-31T00:41:00.000000000Z,2024-12-31T00:41:00.000000000Z,160,1,29307,A,A,1.2462,1,4,1746,0,0,1746,6BH5
2024-12-31T00:41:10.000000000Z,2024-12-31T00:41:10.000000000Z,160,1,29307,T,B,1.246,1,4,1747,0,0,1747,6BH5
2024-12-31T00:41:20.000000000Z,2024-12-31T00:41:20.000000000Z,160,1,29307,F,B,1.2461,1,4,1748,0,0,1748,6BH5
2024-12-31T00:41:30.000000000Z,2024-12-31T00:41:30.000000000Z,160,1,29307,T,B,1.2462,1,4,1749,0,0,1749,6BH5
2024-12-31T00:41:40.000000000Z,2024-12-31T00:41:40.000000000Z,160,1,29307,F,B,1.2463,1,4,1750,0,0,1750,6BH5
2024-12-31T00:41:50.000000000Z,2024-12-31T00:41:50.000000000Z,160,1,29307,A,B,1.2465,1,4,1751,0,0,1751,6BH5
2024-12-31T00:42:00.000000000Z,2024-12-31T00:42:00.000000000Z,160,1,29307,T,B,1.2466,1,4,1752,0,0,1752,6BH5
2024-12-31T00:42:10.000000000Z,2024-12-31T00:42:10.000000000Z,160,1,29307,F,A,1.2468,1,4,1753,0,0,1753,6BH5
2024-12-31T00:42:20.000000000Z,2024-12-31T00:42:20.000000000Z,160,1,29307,A,A,1.2468,5,4,1754,0,0,1754,6BH5
2024-12-31T00:42:30.000000000Z,2024-12-31T00:42:30.000000000Z,160,1,29307,T,B,1.2469,1,4,1755,0,0,1755,6BH5
2024-12-31T00:42:40.000000000Z,2024-12-31T00:42:40.000000000Z,160,1,29307,A,B,1.2471,1,4,1756,0,0,1756,6BH5
2024-12-31T00:42:50.000000000Z,2024-12-31T00:42:50.000000000Z,160,1,29307,A,B,1.2472,1,4,1757,0,0,1757,6BH5
2024-12-31T00:43:00.000000000Z,2024-12-31T00:43:00.000000000Z,160,1,29307,F,B,1.247,5,4,1758,0,0,1758,6BH5
2024-12-31T00:43:10.000000000Z,2024-12-31T00:43:10.000000000Z,160,1,29307,C,A,1.247,10,4,1759,0,0,1759,6BH5
2024-12-31T00:43:20.000000000Z,2024-12-31T00:43:20.000000000Z,160,1,29307,C,B,1.247,1,4,1760,0,0,1760,6BH5
2024-12-31T00:43:30.000000000Z,2024-12-31T00:43:30.000000000Z,160,1,29307,C,A,1.2469,1,4,1761,0,0,1761,6BH5
2024-12-31T00:43:40.000000000Z,2024-12-31T00:43:40.000000000Z,160,1,29307,F,A,1.2471,3,4,1762,0,0,1762,6BH5
2024-12-31T00:43:50.000000000Z,2024-12-31T00:43:50.000000000Z,160,1,29307,R,N,,0,4,1763,0,0,1763,6BH5
2024-12-31T00:44:00.000000000Z,2024-12-31T00:44:00.000000000Z,160,1,29307,F,B,1.2469,1,4,1764,0,0,1764,6BH5
2024-12-31T00:44:10.000000000Z,2024-12-31T00:44:10.000000000Z,160,1,29307,C,A,1.2471,2,4,1765,0,0,1765,6BH5
2024-12-31T00:44:20.000000000Z,2024-12-31T00:44:20.000000000Z,160,1,29307,C,A,1.2471,1,4,1766,0,0,1766,6BH5
2024-12-31T00:44:30.000000000Z,2024-12-31T00:44:30.000000000Z,160,1,29307,A,B,1.2469,1,4,1767,0,0,1767,6BH5
2024-12-31T00:44:40.000000000Z,2024-12-31T00:44:40.000000000Z,160,1,29307,A,B,1.2469,2,4,1768,0,0,1768,6BH5
2024-12-31T00:44:50.000000000Z,2024-12-31T00:44:50.000000000Z,160,1,29307,A,B,1.247,1,4,1769,0,0,1769,6BH5
2024-12-31T00:45:00.000000000Z,2024-12-31T00:45:00.000000000Z,160,1,29307,A,A,1.2468,1,4,1770,0,0,1770,6BH5
2024-12-31T00:45:10.000000000Z,2024-12-31T00:45:10.000000000Z,160,1,29307,C,A,1.247,1,4,1771,0,0,1771,6BH5
2024-12-31T00:45:20.000000000Z,2024-12-31T00:45:20.000000000Z,160,1,29307,R,N,,0,4,1772,0,0,1772,6BH5
2024-12-31T00:45:30.000000000Z,2024-12-31T00:45:30.000000000Z,160,1,29307,T,A,1.247,1,4,1773,0,0,1773,6BH5
2024-12-31T00:45:40.000000000Z,2024-12-31T00:45:40.000000000Z,160,1,29307,A,A,1.247,1,4,1774,0,0,1774,6BH5
2024-12-31T00:45:50.000000000Z,2024-12-31T00:45:50.000000000Z,160,1,29307,A,B,1.2471,1,4,1775,0,0,1775,6BH5
2024-12-31T00:46:00.000000000Z,2024-12-31T00:46:00.000000000Z,160,1,29307,F,B,1.247,2,4,1776,0,0,1776,6BH5
2024-12-31T00:46:10.000000000Z,2024-12-31T00:46:10.000000000Z,160,1,29307,F,A,1.2469,1,4,1777,0,0,1777,6BH5
2024-12-31T00:46:20.000000000Z,2024-12-31T00:46:20.000000000Z,160,1,29307,C,A,1.2469,2,4,1778,0,0,1778,6BH5
2024-12-31T00:46:30.000000000Z,2024-12-31T00:46:30.000000000Z,160,1,29307,A,B,1.247,2,4,1779,0,0,1779,6BH5
2024-12-31T00:46:40.000000000Z,2024-12-31T00:46:40.000000000Z,160,1,29307,F,B,1.2468,1,4,1780,0,0,1780,6BH5
2024-12-31T00:46:50.000000000Z,2024-12-31T00:46:50.000000000Z,160,1,29307,R,N,,0,4,1781,0,0,1781,6BH5
2024-12-31T00:47:00.000000000Z,2024-12-31T00:47:00.000000000Z,160,1,29307,A,B,1.247,2,4,1782,0,0,1782,6BH5
2024-12-31T00:47:10.000000000Z,2024-12-31T00:47:10.000000000Z,160,1,29307,F,B,1.2469,1,4,1783,0,0,1783,6BH5
2024-12-31T00:47:20.000000000Z,2024-12-31T00:47:20.000000000Z,160,1,29307,T,A,1.2467,1,4,1784,0,0,1784,6BH5
2024-12-31T00:47:30.000000000Z,2024-12-31T00:47:30.000000000Z,160,1,29307,R,N,,0,4,1785,0,0,1785,6BH5
2024-12-31T00:47:40.000000000Z,2024-12-31T00:47:40.000000000Z,160,1,29307,C,A,1.2466,2,4,1786,0,0,1786,6BH5
2024-12-31T00:47:50.000000000Z,2024-12-31T00:47:50.000000000Z,160,1,29307,C,A,1.2464,1,4,1787,0,0,1787,6BH5
2024-12-31T00:48:00.000000000Z,2024-12-31T00:48:00.000000000Z,160,1,29307,T,B,1.2464,1,4,1788,0,0,1788,6BH5
2024-12-31T00:48:10.000000000Z,2024-12-31T00:48:10.000000000Z,160,1,29307,A,B,1.2464,1,4,1789,0,0,1789,6BH5
2024-12-31T00:48:20.000000000Z,2024-12-31T00:48:20.000000000Z,160,1,29307,C,B,1.2464,2,4,1790,0,0,1790,6BH5
2024-12-31T00:48:30.000000000Z,2024-12-31T00:48:30.000000000Z,160,1,29307,A,A,1.2463,1,4,1791,0,0,1791,6BH5
2024-12-31T00:48:40.000000000Z,2024-12-31T00:48:40.000000000Z,160,1,29307,T,A,1.2463,1,4,1792,0,0,1792,6BH5
2024-12-31T00:48:50.000000000Z,2024-12-31T00:48:50.000000000Z,160,1,29307,C,A,1.2464,1,4,1793,0,0,1793,6BH5
2024-12-31T00:49:00.000000000Z,2024-12-31T00:49:00.000000000Z,160,1,29307,T,B,1.2466,1,4,1794,0,0,1794,6BH5
2024-12-31T00:49:10.000000000Z,2024-12-31T00:49:10.000000000Z,160,1,29307,A,A,1.2468,1,4,1795,0,0,1795,6BH5
2024-12-31T00:49:20.000000000Z,2024-12-31T00:49:20.000000000Z,160,1,29307,A,B,1.2468,1,4,1796,0,0,1796,6BH5
2024-12-31T00:49:30.000000000Z,2024-12-31T00:49:30.000000000Z,160,1,29307,F,B,1.2468,1,4,1797,0,0,1797,6BH5
2024-12-31T00:49:40.000000000Z,2024-12-31T00:49:40.000000000Z,160,1,29307,F,B,1.2467,3,4,1798,0,0,1798,6BH5
2024-12-31T00:49:50.000000000Z,2024-12-31T00:49:50.000000000Z,160,1,29307,A,B,1.2465,1,4,1799,0,0,1799,6BH5
2024-12-31T00:50:00.000000000Z,2024-12-31T00:50:00.000000000Z,160,1,29307,A,B,1.2463,1,4,1800,0,0,1800,6BH5
2024-12-31T00:50:10.000000000Z,2024-12-31T00:50:10.000000000Z,160,1,29307,T,B,1.2464,2,4,1801,0,0,1801,6BH5
2024-12-31T00:50:20.000000000Z,2024-12-31T00:50:20.000000000Z,160,1,29307,A,A,1.2463,1,4,1802,0,0,1802,6BH5
2024-12-31T00:50:30.000000000Z,2024-12-31T00:50:30.000000000Z,160,1,29307,T,B,1.2462,1,4,1803,0,0,1803,6BH5
2024-12-31T00:50:40.000000000Z,2024-12-31T00:50:40.000000000Z,160,1,29307,F,B,1.2464,2,4,1804,0,0,1804,6BH5
2024-12-31T00:50:50.000000000Z,2024-12-31T00:50:50.000000000Z,160,1,29307,C,A,1.2463,1,4,1805,0,0,1805,6BH5
2024-12-31T00:51:00.000000000Z,2024-12-31T00:51:00.000000000Z,160,1,29307,T,B,1.2461,1,4,1806,0,0,1806,6BH5
2024-12-31T00:51:10.000000000Z,2024-12-31T00:51:10.000000000Z,160,1,29307,R,N,,0,4,1807,0,0,1807,6BH5
2024-12-31T00:51:20.000000000Z,2024-12-31T00:51:20.000000000Z,160,1,29307,C,A,1.2459,1,4,1808,0,0,1808,6BH5
2024-12-31T00:51:30.000000000Z,2024-12-31T00:51:30.000000000Z,160,1,29307,C,A,1.246,1,4,1809,0,0,1809,6BH5
2024-12-31T00:51:40.000000000Z,2024-12-31T00:51:40.000000000Z,160,1,29307,T,B,1.2459,2,4,1810,0,0,1810,6BH5
2024-12-31T00:51:50.000000000Z,2024-12-31T00:51:50.000000000Z,160,1,29307,T,B,1.2459,1,4,1811,0,0,1811,6BH5
2024-12-31T00:52:00.000000000Z,2024-12-31T00:52:00.000000000Z,160,1,29307,T,A,1.246,1,4,1812,0,0,1812,6BH5
2024-12-31T00:52:10.000000000Z,2024-12-31T00:52:10.000000000Z,160,1,29307,T,B,1.2461,1,4,1813,0,0,1813,6BH5
2024-12-31T00:52:20.000000000Z,2024-12-31T00:52:20.000000000Z,160,1,29307,A,B,1.2463,3,4,1814,0,0,1814,6BH5
2024-12-31T00:52:30.000000000Z,2024-12-31T00:52:30.000000000Z,160,1,29307,T,A,1.2464,10,4,1815,0,0,1815,6BH5
2024-12-31T00:52:40.000000000Z,2024-12-31T00:52:40.000000000Z,160,1,29307,T,A,1.2464,1,4,1816,0,0,1816,6BH5
2024-12-31T00:52:50.000000000Z,2024-12-31T00:52:50.000000000Z,160,1,29307,A,B,1.2463,2,4,1817,0,0,1817,6BH5
2024-12-31T00:53:00.000000000Z,2024-12-31T00:53:00.000000000Z,160,1,29307,R,N,,0,4,1818,0,0,1818,6BH5
2024-12-31T00:53:10.000000000Z,2024-12-31T00:53:10.000000000Z,160,1,29307,A,A,1.2459,1,4,1819,0,0,1819,6BH5
2024-12-31T00:53:20.000000000Z,2024-12-31T00:53:20.000000000Z,160,1,29307,R,N,,0,4,1820,0,0,1820,6BH5
2024-12-31T00:53:30.000000000Z,2024-12-31T00:53:30.000000000Z,160,1,29307,A,B,1.2461,1,4,1821,0,0,1821,6BH5
2024-12-31T00:53:40.000000000Z,2024-12-31T00:53:40.000000000Z,160,1,29307,A,B,1.2461,2,4,1822,0,0,1822,6BH5
2024-12-31T00:53:50.000000000Z,2024-12-31T00:53:50.000000000Z,160,1,29307,F,B,1.2459,2,4,1823,0,0,1823,6BH5
2024-12-31T00:54:00.000000000Z,2024-12-31T00:54:00.000000000Z,160,1,29307,F,A,1.2459,1,4,1824,0,0,1824,6BH5
2024-12-31T00:54:10.000000000Z,2024-12-31T00:54:10.000000000Z,160,1,29307,T,B,1.2461,1,4,1825,0,0,1825,6BH5
2024-12-31T00:54:20.000000000Z,2024-12-31T00:54:20.000000000Z,160,1,29307,C,A,1.2461,1,4,1826,0,0,1826,6BH5
2024-12-31T00:54:30.000000000Z,2024-12-31T00:54:30.000000000Z,160,1,29307,A,B,1.2462,2,4,1827,0,0,1827,6BH5
2024-12-31T00:54:40.000000000Z,2024-12-31T00:54:40.000000000Z,160,1,29307,A,B,1.2463,2,4,1828,0,0,1828,6BH5
2024-12-31T00:54:50.000000000Z,2024-12-31T00:54:50.000000000Z,160,1,29307,T,A,1.2465,1,4,1829,0,0,1829,6BH5
2024-12-31T00:55:00.000000000Z,2024-12-31T00:55:00.000000000Z,160,1,29307,C,B,1.2466,1,4,1830,0,0,1830,6BH5
2024-12-31T00:55:10.000000000Z,2024-12-31T00:55:10.000000000Z,160,1,29307,C,A,1.2467,1,4,1831,0,0,1831,6BH5
2024-12-31T00:55:20.000000000Z,2024-12-31T00:55:20.000000000Z,160,1,29307,R,N,,0,4,1832,0,0,1832,6BH5
2024-12-31T00:55:30.000000000Z,2024-12-31T00:55:30.000000000Z,160,1,29307,A,B,1.2464,1,4,1833,0,0,1833,6BH5
2024-12-31T00:55:40.000000000Z,2024-12-31T00:55:40.000000000Z,160,1,29307,T,A,1.2464,1,4,1834,0,0,1834,6BH5
2024-12-31T00:55:50.000000000Z,2024-12-31T00:55:50.000000000Z,160,1,29307,A,A,1.2462,2,4,1835,0,0,1835,6BH5
2024-12-31T00:56:00.000000000Z,2024-12-31T00:56:00.000000000Z,160,1,29307,T,A,1.2464,1,4,1836,0,0,1836,6BH5
2024-12-31T00:56:10.000000000Z,2024-12-31T00:56:10.000000000Z,160,1,29307,C,B,1.2463,2,4,1837,0,0,1837,6BH5
2024-12-31T00:56:20.000000000Z,2024-12-31T00:56:20.000000000Z,160,1,29307,C,B,1.2465,1,4,1838,0,0,1838,6BH5
2024-12-31T00:56:30.000000000Z,2024-12-31T00:56:30.000000000Z,160,1,29307,A,B,1.2464,1,4,1839,0,0,1839,6BH5
2024-12-31T00:56:40.000000000Z,2024-12-31T00:56:40.000000000Z,160,1,29307,A,A,1.2463,3,4,1840,0,0,1840,6BH5
2024-12-31T00:56:50.000000000Z,2024-12-31T00:56:50.000000000Z,160,1,29307,A,A,1.2465,1,4,1841,0,0,1841,6BH5
2024-12-31T00:57:00.000000000Z,2024-12-31T00:57:00.000000000Z,160,1,29307,F,A,1.2464,1,4,1842,0,0,1842,6BH5
2024-12-31T00:57:10.000000000Z,2024-12-31T00:57:10.000000000Z,160,1,29307,C,B,1.2463,1,4,1843,0,0,1843,6BH5
2024-12-31T00:57:20.000000000Z,2024-12-31T00:57:20.000000000Z,160,1,29307,C,B,1.2461,1,4,1844,0,0,1844,6BH5
2024-12-31T00:57:30.000000000Z,2024-12-31T00:57:30.000000000Z,160,1,29307,T,A,1.2462,1,4,1845,0,0,1845,6BH5
2024-12-31T00:57:40.000000000Z,2024-12-31T00:57:40.000000000Z,160,1,29307,A,B,1.2461,2,4,1846,0,0,1846,6BH5
2024-12-31T00:57:50.000000000Z,2024-12-31T00:57:50.000000000Z,160,1,29307,C,A,1.2461,3,4,1847,0,0,1847,6BH5
2024-12-31T00:58:00.000000000Z,2024-12-31T00:58:00.000000000Z,160,1,29307,A,B,1.2461,2,4,1848,0,0,1848,6BH5
2024-12-31T00:58:10.000000000Z,2024-12-31T00:58:10.000000000Z,160,1,29307,A,B,1.2462,1,4,1849,0,0,1849,6BH5
2024-12-31T00:58:20.000000000Z,2024-12-31T00:58:20.000000000Z,160,1,29307,C,A,1.2463,2,4,1850,0,0,1850,6BH5
2024-12-31T00:58:30.000000000Z,2024-12-31T00:58:30.000000000Z,160,1,29307,F,B,1.2463,2,4,1851,0,0,1851,6BH5
2024-12-31T00:58:40.000000000Z,2024-12-31T00:58:40.000000000Z,160,1,29307,C,B,1.2462,1,4,1852,0,0,1852,6BH5
2024-12-31T00:58:50.000000000Z,2024-12-31T00:58:50.000000000Z,160,1,29307,T,A,1.2463,1,4,1853,0,0,1853,6BH5
2024-12-31T00:59:00.000000000Z,2024-12-31T00:59:00.000000000Z,160,1,29307,A,A,1.2462,1,4,1854,0,0,1854,6BH5
2024-12-31T00:59:10.000000000Z,2024-12-31T00:59:10.000000000Z,160,1,29307,F,B,1.2462,2,4,1855,0,0,1855,6BH5
2024-12-31T00:59:20.000000000Z,2024-12-31T00:59:20.000000000Z,160,1,29307,C,A,1.2462,1,4,1856,0,0,1856,6BH5
2024-12-31T00:59:30.000000000Z,2024-12-31T00:59:30.000000000Z,160,1,29307,R,N,,0,4,1857,0,0,1857,6BH5
2024-12-31T00:59:40.000000000Z,2024-12-31T00:59:40.000000000Z,160,1,29307,C,A,1.2464,1,4,1858,0,0,1858,6BH5
2024-12-31T00:59:50.000000000Z,2024-12-31T00:59:50.000000000Z,160,1,29307,F,B,1.2463,5,4,1859,0,0,1859,6BH5
2024-12-31T01:00:00.000000000Z,2024-12-31T01:00:00.000000000Z,160,1,29307,R,N,,0,4,1860,0,0,1860,6BH5
2024-12-31T01:00:10.000000000Z,2024-12-31T01:00:10.000000000Z,160,1,29307,T,A,1.2465,1,4,1861,0,0,1861,6BH5
2024-12-31T01:00:20.000000000Z,2024-12-31T01:00:20.000000000Z,160,1,29307,T,B,1.2463,1,4,1862,0,0,1862,6BH5
2024-12-31T01:00:30.000000000Z,2024-12-31T01:00:30.000000000Z,160,1,29307,A,B,1.2463,1,4,1863,0,0,1863,6BH5
2024-12-31T01:00:40.000000000Z,2024-12-31T01:00:40.000000000Z,160,1,29307,R,N,,0,4,1864,0,0,1864,6BH5
2024-12-31T01:00:50.000000000Z,2024-12-31T01:00:50.000000000Z,160,1,29307,R,N,,0,4,1865,0,0,1865,6BH5
2024-12-31T01:01:00.000000000Z,2024-12-31T01:01:00.000000000Z,160,1,29307,T,B,1.2467,1,4,1866,0,0,1866,6BH5
2024-12-31T01:01:10.000000000Z,2024-12-31T01:01:10.000000000Z,160,1,29307,C,A,1.2466,1,4,1867,0,0,1867,6BH5
2024-12-31T01:01:20.000000000Z,2024-12-31T01:01:20.000000000Z,160,1,29307,T,A,1.2465,1,4,1868,0,0,1868,6BH5
2024-12-31T01:01:30.000000000Z,2024-12-31T01:01:30.000000000Z,160,1,29307,A,B,1.2467,1,4,1869,0,0,1869,6BH5
2024-12-31T01:01:40.000000000Z,2024-12-31T01:01:40.000000000Z,160,1,29307,A,B,1.2468,1,4,1870,0,0,1870,6BH5
2024-12-31T01:01:50.000000000Z,2024-12-31T01:01:50.000000000Z,160,1,29307,T,A,1.2467,2,4,1871,0,0,1871,6BH5
2024-12-31T01:02:00.000000000Z,2024-12-31T01:02:00.000000000Z,160,1,29307,A,A,1.2466,3,4,1872,0,0,1872,6BH5
2024-12-31T01:02:10.000000000Z,2024-12-31T01:02:10.000000000Z,160,1,29307,C,A,1.2467,1,4,1873,0,0,1873,6BH5
2024-12-31T01:02:20.000000000Z,2024-12-31T01:02:20.000000000Z,160,1,29307,R,N,,0,4,1874,0,0,1874,6BH5
2024-12-31T01:02:30.000000000Z,2024-12-31T01:02:30.000000000Z,160,1,29307,R,N,,0,4,1875,0,0,1875,6BH5
2024-12-31T01:02:40.000000000Z,2024-12-31T01:02:40.000000000Z,160,1,29307,T,B,1.2464,1,4,1876,0,0,1876,6BH5
2024-12-31T01:02:50.000000000Z,2024-12-31T01:02:50.000000000Z,160,1,29307,A,B,1.2463,1,4,1877,0,0,1877,6BH5
2024-12-31T01:03:00.000000000Z,2024-12-31T01:03:00.000000000Z,160,1,29307,A,B,1.2463,1,4,1878,0,0,1878,6BH5
2024-12-31T01:03:10.000000000Z,2024-12-31T01:03:10.000000000Z,160,1,29307,T,B,1.2464,1,4,1879,0,0,1879,6BH5
2024-12-31T01:03:20.000000000Z,2024-12-31T01:03:20.000000000Z,160,1,29307,A,B,1.2463,1,4,1880,0,0,1880,6BH5
2024-12-31T01:03:30.000000000Z,2024-12-31T01:03:30.000000000Z,160,1,29307,C,A,1.2462,1,4,1881,0,0,1881,6BH5
2024-12-31T01:03:40.000000000Z,2024-12-31T01:03:40.000000000Z,160,1,29307,T,A,1.2461,1,4,1882,0,0,1882,6BH5
2024-12-31T01:03:50.000000000Z,2024-12-31T01:03:50.000000000Z,160,1,29307,C,B,1.2461,1,4,1883,0,0,1883,6BH5
2024-12-31T01:04:00.000000000Z,2024-12-31T01:04:00.000000000Z,160,1,29307,C,B,1.246,2,4,1884,0,0,1884,6BH5
2024-12-31T01:04:10.000000000Z,2024-12-31T01:04:10.000000000Z,160,1,29307,A,B,1.246,2,4,1885,0,0,1885,6BH5
2024-12-31T01:04:20.000000000Z,2024-12-31T01:04:20.000000000Z,160,1,29307,R,N,,0,4,1886,0,0,1886,6BH5
2024-12-31T01:04:30.000000000Z,2024-12-31T01:04:30.000000000Z,160,1,29307,C,B,1.2459,1,4,1887,0,0,1887,6BH5
2024-12-31T01:04:40.000000000Z,2024-12-31T01:04:40.000000000Z,160,1,29307,R,N,,0,4,1888,0,0,1888,6BH5
2024-12-31T01:04:50.000000000Z,2024-12-31T01:04:50.000000000Z,160,1,29307,A,A,1.2455,1,4,1889,0,0,1889,6BH5
2024-12-31T01:05:00.000000000Z,2024-12-31T01:05:00.000000000Z,160,1,29307,F,A,1.2455,1,4,1890,0,0,1890,6BH5
2024-12-31T01:05:10.000000000Z,2024-12-31T01:05:10.000000000Z,160,1,29307,C,A,1.2457,2,4,1891,0,0,1891,6BH5
2024-12-31T01:05:20.000000000Z,2024-12-31T01:05:20.000000000Z,160,1,29307,F,A,1.2455,1,4,1892,0,0,1892,6BH5
2024-12-31T01:05:30.000000000Z,2024-12-31T01:05:30.000000000Z,160,1,29307,C,B,1.2457,1,4,1893,0,0,1893,6BH5
2024-12-31T01:05:40.000000000Z,2024-12-31T01:05:40.000000000Z,160,1,29307,A,B,1.2455,1,4,1894,0,0,1894,6BH5
2024-12-31T01:05:50.000000000Z,2024-12-31T01:05:50.000000000Z,160,1,29307,C,A,1.2456,1,4,1895,0,0,1895,6BH5
2024-12-31T01:06:00.000000000Z,2024-12-31T01:06:00.000000000Z,160,1,29307,A,B,1.2456,10,4,1896,0,0,1896,6BH5
2024-12-31T01:06:10.000000000Z,2024-12-31T01:06:10.000000000Z,160,1,29307,F,A,1.2457,1,4,1897,0,0,1897,6BH5
2024-12-31T01:06:20.000000000Z,2024-12-31T01:06:20.000000000Z,160,1,29307,C,A,1.2457,1,4,1898,0,0,1898,6BH5
2024-12-31T01:06:30.000000000Z,2024-12-31T01:06:30.000000000Z,160,1,29307,R,N,,0,4,1899,0,0,1899,6BH5
2024-12-31T08:00:00.000000000Z,2024-12-31T08:00:00.000000000Z,160,1,29307,C,B,1.2458,10,4,1900,0,0,1900,6BH5
2024-12-31T08:00:08.000000000Z,2024-12-31T08:00:08.000000000Z,160,1,29307,A,B,1.2459,1,4,1901,0,0,1901,6BH5
2024-12-31T08:00:16.000000000Z,2024-12-31T08:00:16.000000000Z,160,1,29307,T,B,1.2459,1,4,1902,0,0,1902,6BH5
2024-12-31T08:00:24.000000000Z,2024-12-31T08:00:24.000000000Z,160,1,29307,A,B,1.2457,1,4,1903,0,0,1903,6BH5
2024-12-31T08:00:32.000000000Z,2024-12-31T08:00:32.000000000Z,160,1,29307,C,A,1.2455,2,4,1904,0,0,1904,6BH5
2024-12-31T08:00:40.000000000Z,2024-12-31T08:00:40.000000000Z,160,1,29307,C,B,1.2456,1,4,1905,0,0,1905,6BH5
2024-12-31T08:00:48.000000000Z,2024-12-31T08:00:48.000000000Z,160,1,29307,C,B,1.2456,1,4,1906,0,0,1906,6BH5
2024-12-31T08:00:56.000000000Z,2024-12-31T08:00:56.000000000Z,160,1,29307,F,B,1.2456,2,4,1907,0,0,1907,6BH5
2024-12-31T08:01:04.000000000Z,2024-12-31T08:01:04.000000000Z,160,1,29307,A,A,1.2457,5,4,1908,0,0,1908,6BH5
2024-12-31T08:01:12.000000000Z,2024-12-31T08:01:12.000000000Z,160,1,29307,T,B,1.2459,1,4,1909,0,0,1909,6BH5
2024-12-31T08:01:20.000000000Z,2024-12-31T08:01:20.000000000Z,160,1,29307,F,A,1.246,2,4,1910,0,0,1910,6BH5
2024-12-31T08:01:28.000000000Z,2024-12-31T08:01:28.000000000Z,160,1,29307,T,B,1.2461,1,4,1911,0,0,1911,6BH5
2024-12-31T08:01:36.000000000Z,2024-12-31T08:01:36.000000000Z,160,1,29307,R,N,,0,4,1912,0,0,1912,6BH5
2024-12-31T08:01:44.000000000Z,2024-12-31T08:01:44.000000000Z,160,1,29307,R,N,,0,4,1913,0,0,1913,6BH5
2024-12-31T08:01:52.000000000Z,2024-12-31T08:01:52.000000000Z,160,1,29307,C,B,1.246,1,4,1914,0,0,1914,6BH5
2024-12-31T08:02:00.000000000Z,2024-12-31T08:02:00.000000000Z,160,1,29307,A,B,1.2461,2,4,1915,0,0,1915,6BH5
2024-12-31T08:02:08.000000000Z,2024-12-31T08:02:08.000000000Z,160,1,29307,T,A,1.246,2,4,1916,0,0,1916,6BH5
2024-12-31T08:02:16.000000000Z,2024-12-31T08:02:16.000000000Z,160,1,29307,R,N,,0,4,1917,0,0,1917,6BH5
2024-12-31T08:02:24.000000000Z,2024-12-31T08:02:24.000000000Z,160,1,29307,C,A,1.246,2,4,1918,0,0,1918,6BH5
2024-12-31T08:02:32.000000000Z,2024-12-31T08:02:32.000000000Z,160,1,29307,T,A,1.2458,1,4,1919,0,0,1919,6BH5
2024-12-31T08:02:40.000000000Z,2024-12-31T08:02:40.000000000Z,160,1,29307,A,A,1.246,2,4,1920,0,0,1920,6BH5
2024-12-31T08:02:48.000000000Z,2024-12-31T08:02:48.000000000Z,160,1,29307,T,A,1.2461,1,4,1921,0,0,1921,6BH5
2024-12-31T08:02:56.000000000Z,2024-12-31T08:02:56.000000000Z,160,1,29307,A,A,1.246,1,4,1922,0,0,1922,6BH5
2024-12-31T08:03:04.000000000Z,2024-12-31T08:03:04.000000000Z,160,1,29307,T,B,1.2461,1,4,1923,0,0,1923,6BH5
2024-12-31T08:03:12.000000000Z,2024-12-31T08:03:12.000000000Z,160,1,29307,C,B,1.2462,1,4,1924,0,0,1924,6BH5
2024-12-31T08:03:20.000000000Z,2024-12-31T08:03:20.000000000Z,160,1,29307,A,B,1.2462,1,4,1925,0,0,1925,6BH5
2024-12-31T08:03:28.000000000Z,2024-12-31T08:03:28.000000000Z,160,1,29307,R,N,,0,4,1926,0,0,1926,6BH5
2024-12-31T08:03:36.000000000Z,2024-12-31T08:03:36.000000000Z,160,1,29307,T,A,1.2461,1,4,1927,0,0,1927,6BH5
2024-12-31T08:03:44.000000000Z,2024-12-31T08:03:44.000000000Z,160,1,29307,A,A,1.2463,2,4,1928,0,0,1928,6BH5
2024-12-31T08:03:52.000000000Z,2024-12-31T08:03:52.000000000Z,160,1,29307,T,A,1.2462,1,4,1929,0,0,1929,6BH5
2024-12-31T08:04:00.000000000Z,2024-12-31T08:04:00.000000000Z,160,1,29307,A,B,1.2464,1,4,1930,0,0,1930,6BH5
2024-12-31T08:04:08.000000000Z,2024-12-31T08:04:08.000000000Z,160,1,29307,C,B,1.2466,1,4,1931,0,0,1931,6BH5
2024-12-31T08:04:16.000000000Z,2024-12-31T08:04:16.000000000Z,160,1,29307,A,A,1.2466,1,4,1932,0,0,1932,6BH5
2024-12-31T08:04:24.000000000Z,2024-12-31T08:04:24.000000000Z,160,1,29307,T,A,1.2467,1,4,1933,0,0,1933,6BH5
2024-12-31T08:04:32.000000000Z,2024-12-31T08:04:32.000000000Z,160,1,29307,C,B,1.2466,1,4,1934,0,0,1934,6BH5
2024-12-31T08:04:40.000000000Z,2024-12-31T08:04:40.000000000Z,160,1,29307,C,A,1.2465,1,4,1935,0,0,1935,6BH5
2024-12-31T08:04:48.000000000Z,2024-12-31T08:04:48.000000000Z,160,1,29307,F,A,1.2466,1,4,1936,0,0,1936,6BH5
2024-12-31T08:04:56.000000000Z,2024-12-31T08:04:56.000000000Z,160,1,29307,R,N,,0,4,1937,0,0,1937,6BH5
2024-12-31T08:05:04.000000000Z,2024-12-31T08:05:04.000000000Z,160,1,29307,A,B,1.2469,1,4,1938,0,0,1938,6BH5
2024-12-31T08:05:12.000000000Z,2024-12-31T08:05:12.000000000Z,160,1,29307,F,B,1.2469,2,4,1939,0,0,1939,6BH5
2024-12-31T08:05:20.000000000Z,2024-12-31T08:05:20.000000000Z,160,1,29307,F,A,1.2468,1,4,1940,0,0,1940,6BH5
2024-12-31T08:05:28.000000000Z,2024-12-31T08:05:28.000000000Z,160,1,29307,F,B,1.2466,5,4,1941,0,0,1941,6BH5
2024-12-31T08:05:36.000000000Z,2024-12-31T08:05:36.000000000Z,160,1,29307,T,A,1.2466,1,4,1942,0,0,1942,6BH5
2024-12-31T08:05:44.000000000Z,2024-12-31T08:05:44.000000000Z,160,1,29307,F,A,1.2464,2,4,1943,0,0,1943,6BH5
2024-12-31T08:05:52.000000000Z,2024-12-31T08:05:52.000000000Z,160,1,29307,C,B,1.2464,1,4,1944,0,0,1944,6BH5
2024-12-31T08:06:00.000000000Z,2024-12-31T08:06:00.000000000Z,160,1,29307,T,A,1.2463,1,4,1945,0,0,1945,6BH5
2024-12-31T08:06:08.000000000Z,2024-12-31T08:06:08.000000000Z,160,1,29307,C,A,1.2464,3,4,1946,0,0,1946,6BH5
2024-12-31T08:06:16.000000000Z,2024-12-31T08:06:16.000000000Z,160,1,29307,A,B,1.2463,1,4,1947,0,0,1947,6BH5
2024-12-31T08:06:24.000000000Z,2024-12-31T08:06:24.000000000Z,160,1,29307,T,A,1.2463,1,4,1948,0,0,1948,6BH5
2024-12-31T08:06:32.000000000Z,2024-12-31T08:06:32.000000000Z,160,1,29307,C,A,1.2463,1,4,1949,0,0,1949,6BH5
2024-12-31T08:06:40.000000000Z,2024-12-31T08:06:40.000000000Z,160,1,29307,A,A,1.2461,5,4,1950,0,0,1950,6BH5
2024-12-31T08:06:48.000000000Z,2024-12-31T08:06:48.000000000Z,160,1,29307,T,B,1.2459,1,4,1951,0,0,1951,6BH5
2024-12-31T08:06:56.000000000Z,2024-12-31T08:06:56.000000000Z,160,1,29307,A,A,1.2458,1,4,1952,0,0,1952,6BH5
2024-12-31T08:07:04.000000000Z,2024-12-31T08:07:04.000000000Z,160,1,29307,C,B,1.246,2,4,1953,0,0,1953,6BH5
2024-12-31T08:07:12.000000000Z,2024-12-31T08:07:12.000000000Z,160,1,29307,A,A,1.2458,1,4,1954,0,0,1954,6BH5
2024-12-31T08:07:20.000000000Z,2024-12-31T08:07:20.000000000Z,160,1,29307,C,A,1.2459,2,4,1955,0,0,1955,6BH5
2024-12-31T08:07:28.000000000Z,2024-12-31T08:07:28.000000000Z,160,1,29307,T,A,1.2461,1,4,1956,0,0,1956,6BH5
2024-12-31T08:07:36.000000000Z,2024-12-31T08:07:36.000000000Z,160,1,29307,T,A,1.2462,2,4,1957,0,0,1957,6BH5
2024-12-31T08:07:44.000000000Z,2024-12-31T08:07:44.000000000Z,160,1,29307,R,N,,0,4,1958,0,0,1958,6BH5
2024-12-31T08:07:52.000000000Z,2024-12-31T08:07:52.000000000Z,160,1,29307,C,B,1.2463,1,4,1959,0,0,1959,6BH5
2024-12-31T08:08:00.000000000Z,2024-12-31T08:08:00.000000000Z,160,1,29307,F,A,1.2461,1,4,1960,0,0,1960,6BH5
2024-12-31T08:08:08.000000000Z,2024-12-31T08:08:08.000000000Z,160,1,29307,C,A,1.2461,1,4,1961,0,0,1961,6BH5
2024-12-31T08:08:16.000000000Z,2024-12-31T08:08:16.000000000Z,160,1,29307,T,A,1.2463,1,4,1962,0,0,1962,6BH5
2024-12-31T08:08:24.000000000Z,2024-12-31T08:08:24.000000000Z,160,1,29307,F,A,1.2464,1,4,1963,0,0,1963,6BH5
2024-12-31T08:08:32.000000000Z,2024-12-31T08:08:32.000000000Z,160,1,29307,R,N,,0,4,1964,0,0,1964,6BH5
2024-12-31T08:08:40.000000000Z,2024-12-31T08:08:40.000000000Z,160,1,29307,C,A,1.2463,1,4,1965,0,0,1965,6BH5
2024-12-31T08:08:48.000000000Z,2024-12-31T08:08:48.000000000Z,160,1,29307,A,A,1.2462,1,4,1966,0,0,1966,6BH5
2024-12-31T08:08:56.000000000Z,2024-12-31T08:08:56.000000000Z,160,1,29307,R,N,,0,4,1967,0,0,1967,6BH5
2024-12-31T08:09:04.000000000Z,2024-12-31T08:09:04.000000000Z,160,1,29307,C,B,1.2461,1,4,1968,0,0,1968,6BH5
2024-12-31T08:09:12.000000000Z,2024-12-31T08:09:12.000000000Z,160,1,29307,T,B,1.2463,1,4,1969,0,0,1969,6BH5
2024-12-31T08:09:20.000000000Z,2024-12-31T08:09:20.000000000Z,160,1,29307,A,B,1.2465,1,4,1970,0,0,1970,6BH5
2024-12-31T08:09:28.000000000Z,2024-12-31T08:09:28.000000000Z,160,1,29307,T,A,1.2467,1,4,1971,0,0,1971,6BH5
2024-12-31T08:09:36.000000000Z,2024-12-31T08:09:36.000000000Z,160,1,29307,C,A,1.2467,3,4,1972,0,0,1972,6BH5
2024-12-31T08:09:44.000000000Z,2024-12-31T08:09:44.000000000Z,160,1,29307,C,A,1.2468,1,4,1973,0,0,1973,6BH5
2024-12-31T08:09:52.000000000Z,2024-12-31T08:09:52.000000000Z,160,1,29307,A,B,1.247,1,4,1974,0,0,1974,6BH5
2024-12-31T08:10:00.000000000Z,2024-12-31T08:10:00.000000000Z,160,1,29307,C,A,1.2472,1,4,1975,0,0,1975,6BH5
2024-12-31T08:10:08.000000000Z,2024-12-31T08:10:08.000000000Z,160,1,29307,T,B,1.2472,2,4,1976,0,0,1976,6BH5
2024-12-31T08:10:16.000000000Z,2024-12-31T08:10:16.000000000Z,160,1,29307,T,A,1.247,1,4,1977,0,0,1977,6BH5
2024-12-31T08:10:24.000000000Z,2024-12-31T08:10:24.000000000Z,160,1,29307,R,N,,0,4,1978,0,0,1978,6BH5
2024-12-31T08:10:32.000000000Z,2024-12-31T08:10:32.000000000Z,160,1,29307,F,B,1.2468,1,4,1979,0,0,1979,6BH5
2024-12-31T08:10:40.000000000Z,2024-12-31T08:10:40.000000000Z,160,1,29307,T,B,1.2469,2,4,1980,0,0,1980,6BH5
2024-12-31T08:10:48.000000000Z,2024-12-31T08:10:48.000000000Z,160,1,29307,T,A,1.247,1,4,1981,0,0,1981,6BH5
2024-12-31T08:10:56.000000000Z,2024-12-31T08:10:56.000000000Z,160,1,29307,R,N,,0,4,1982,0,0,1982,6BH5
2024-12-31T08:11:04.000000000Z,2024-12-31T08:11:04.000000000Z,160,1,29307,A,A,1.2468,1,4,1983,0,0,1983,6BH5
2024-12-31T08:11:12.000000000Z,2024-12-31T08:11:12.000000000Z,160,1,29307,A,A,1.2467,10,4,1984,0,0,1984,6BH5
2024-12-31T08:11:20.000000000Z,2024-12-31T08:11:20.000000000Z,160,1,29307,A,A,1.2466,2,4,1985,0,0,1985,6BH5
2024-12-31T08:11:28.000000000Z,2024-12-31T08:11:28.000000000Z,160,1,29307,R,N,,0,4,1986,0,0,1986,6BH5
2024-12-31T08:11:36.000000000Z,2024-12-31T08:11:36.000000000Z,160,1,29307,R,N,,0,4,1987,0,0,1987,6BH5
2024-12-31T08:11:44.000000000Z,2024-12-31T08:11:44.000000000Z,160,1,29307,C,B,1.2465,1,4,1988,0,0,1988,6BH5
2024-12-31T08:11:52.000000000Z,2024-12-31T08:11:52.000000000Z,160,1,29307,F,A,1.2466,1,4,1989,0,0,1989,6BH5
2024-12-31T08:12:00.000000000Z,2024-12-31T08:12:00.000000000Z,160,1,29307,T,A,1.2465,1,4,1990,0,0,1990,6BH5
2024-12-31T08:12:08.000000000Z,2024-12-31T08:12:08.000000000Z,160,1,29307,F,A,1.2464,1,4,1991,0,0,1991,6BH5
2024-12-31T08:12:16.000000000Z,2024-12-31T08:12:16.000000000Z,160,1,29307,A,A,1.2464,2,4,1992,0,0,1992,6BH5
2024-12-31T08:12:24.000000000Z,2024-12-31T08:12:24.000000000Z,160,1,29307,C,A,1.2466,1,4,1993,0,0,1993,6BH5
2024-12-31T08:12:32.000000000Z,2024-12-31T08:12:32.000000000Z,160,1,29307,C,B,1.2464,1,4,1994,0,0,1994,6BH5
2024-12-31T08:12:40.000000000Z,2024-12-31T08:12:40.000000000Z,160,1,29307,T,B,1.2465,1,4,1995,0,0,1995,6BH5
2024-12-31T08:12:48.000000000Z,2024-12-31T08:12:48.000000000Z,160,1,29307,T,A,1.2464,3,4,1996,0,0,1996,6BH5
2024-12-31T08:12:56.000000000Z,2024-12-31T08:12:56.000000000Z,160,1,29307,C,B,1.2466,2,4,1997,0,0,1997,6BH5
2024-12-31T08:13:04.000000000Z,2024-12-31T08:13:04.000000000Z,160,1,29307,A,B,1.2467,1,4,1998,0,0,1998,6BH5
2024-12-31T08:13:12.000000000Z,2024-12-31T08:13:12.000000000Z,160,1,29307,C,A,1.2466,5,4,1999,0,0,1999,6BH5
2024-12-31T08:13:20.000000000Z,2024-12-31T08:13:20.000000000Z,160,1,29307,R,N,,0,4,2000,0,0,2000,6BH5
2024-12-31T08:13:28.000000000Z,2024-12-31T08:13:28.000000000Z,160,1,29307,F,A,1.2466,1,4,2001,0,0,2001,6BH5
2024-12-31T08:13:36.000000000Z,2024-12-31T08:13:36.000000000Z,160,1,29307,F,B,1.2468,1,4,2002,0,0,2002,6BH5
2024-12-31T08:13:44.000000000Z,2024-12-31T08:13:44.000000000Z,160,1,29307,C,B,1.2468,5,4,2003,0,0,2003,6BH5
2024-12-31T08:13:52.000000000Z,2024-12-31T08:13:52.000000000Z,160,1,29307,F,B,1.2468,1,4,2004,0,0,2004,6BH5
2024-12-31T08:14:00.000000000Z,2024-12-31T08:14:00.000000000Z,160,1,29307,A,A,1.2469,1,4,2005,0,0,2005,6BH5
2024-12-31T08:14:08.000000000Z,2024-12-31T08:14:08.000000000Z,160,1,29307,T,B,1.247,1,4,2006,0,0,2006,6BH5
2024-12-31T08:14:16.000000000Z,2024-12-31T08:14:16.000000000Z,160,1,29307,A,B,1.2469,1,4,2007,0,0,2007,6BH5
2024-12-31T08:14:24.000000000Z,2024-12-31T08:14:24.000000000Z,160,1,29307,F,A,1.247,10,4,2008,0,0,2008,6BH5
2024-12-31T08:14:32.000000000Z,2024-12-31T08:14:32.000000000Z,160,1,29307,T,A,1.2469,1,4,2009,0,0,2009,6BH5
2024-12-31T08:14:40.000000000Z,2024-12-31T08:14:40.000000000Z,160,1,29307,C,B,1.2468,1,4,2010,0,0,2010,6BH5
2024-12-31T08:14:48.000000000Z,2024-12-31T08:14:48.000000000Z,160,1,29307,T,A,1.2469,2,4,2011,0,0,2011,6BH5
2024-12-31T08:14:56.000000000Z,2024-12-31T08:14:56.000000000Z,160,1,29307,C,B,1.2468,1,4,2012,0,0,2012,6BH5
2024-12-31T08:15:04.000000000Z,2024-12-31T08:15:04.000000000Z,160,1,29307,C,B,1.2467,1,4,2013,0,0,2013,6BH5
2024-12-31T08:15:12.000000000Z,2024-12-31T08:15:12.000000000Z,160,1,29307,A,A,1.2468,3,4,2014,0,0,2014,6BH5
2024-12-31T08:15:20.000000000Z,2024-12-31T08:15:20.000000000Z,160,1,29307,T,A,1.2466,1,4,2015,0,0,2015,6BH5
2024-12-31T08:15:28.000000000Z,2024-12-31T08:15:28.000000000Z,160,1,29307,R,N,,0,4,2016,0,0,2016,6BH5
2024-12-31T08:15:36.000000000Z,2024-12-31T08:15:36.000000000Z,160,1,29307,T,B,1.2466,1,4,2017,0,0,2017,6BH5
2024-12-31T08:15:44.000000000Z,2024-12-31T08:15:44.000000000Z,160,1,29307,T,A,1.2464,1,4,2018,0,0,2018,6BH5
2024-12-31T08:15:52.000000000Z,2024-12-31T08:15:52.000000000Z,160,1,29307,A,B,1.2463,3,4,2019,0,0,2019,6BH5
2024-12-31T08:16:00.000000000Z,2024-12-31T08:16:00.000000000Z,160,1,29307,A,A,1.2464,1,4,2020,0,0,2020,6BH5
2024-12-31T08:16:08.000000000Z,2024-12-31T08:16:08.000000000Z,160,1,29307,C,B,1.2465,1,4,2021,0,0,2021,6BH5
2024-12-31T08:16:16.000000000Z,2024-12-31T08:16:16.000000000Z,160,1,29307,T,A,1.2463,1,4,2022,0,0,2022,6BH5
2024-12-31T08:16:24.000000000Z,2024-12-31T08:16:24.000000000Z,160,1,29307,C,B,1.2461,1,4,2023,0,0,2023,6BH5
2024-12-31T08:16:32.000000000Z,2024-12-31T08:16:32.000000000Z,160,1,29307,C,A,1.2463,2,4,2024,0,0,2024,6BH5
2024-12-31T08:16:40.000000000Z,2024-12-31T08:16:40.000000000Z,160,1,29307,A,B,1.2461,2,4,2025,0,0,2025,6BH5
2024-12-31T08:16:48.000000000Z,2024-12-31T08:16:48.000000000Z,160,1,29307,C,A,1.2463,3,4,2026,0,0,2026,6BH5
2024-12-31T08:16:56.000000000Z,2024-12-31T08:16:56.000000000Z,160,1,29307,A,A,1.2462,1,4,2027,0,0,2027,6BH5
2024-12-31T08:17:04.000000000Z,2024-12-31T08:17:04.000000000Z,160,1,29307,T,B,1.2463,2,4,2028,0,0,2028,6BH5
2024-12-31T08:17:12.000000000Z,2024-12-31T08:17:12.000000000Z,160,1,29307,R,N,,0,4,2029,0,0,2029,6BH5
2024-12-31T08:17:20.000000000Z,2024-12-31T08:17:20.000000000Z,160,1,29307,F,B,1.2464,2,4,2030,0,0,2030,6BH5
2024-12-31T08:17:28.000000000Z,2024-12-31T08:17:28.000000000Z,160,1,29307,A,B,1.2465,2,4,2031,0,0,2031,6BH5
2024-12-31T08:17:36.000000000Z,2024-12-31T08:17:36.000000000Z,160,1,29307,C,A,1.2465,1,4,2032,0,0,2032,6BH5
2024-12-31T08:17:44.000000000Z,2024-12-31T08:17:44.000000000Z,160,1,29307,T,B,1.2463,1,4,2033,0,0,2033,6BH5
2024-12-31T08:17:52.000000000Z,2024-12-31T08:17:52.000000000Z,160,1,29307,F,A,1.2464,1,4,2034,0,0,2034,6BH5
2024-12-31T08:18:00.000000000Z,2024-12-31T08:18:00.000000000Z,160,1,29307,A,A,1.2465,1,4,2035,0,0,2035,6BH5
2024-12-31T08:18:08.000000000Z,2024-12-31T08:18:08.000000000Z,160,1,29307,T,B,1.2463,5,4,2036,0,0,2036,6BH5
2024-12-31T08:18:16.000000000Z,2024-12-31T08:18:16.000000000Z,160,1,29307,R,N,,0,4,2037,0,0,2037,6BH5
2024-12-31T08:18:24.000000000Z,2024-12-31T08:18:24.000000000Z,160,1,29307,C,B,1.2462,1,4,2038,0,0,2038,6BH5
2024-12-31T08:18:32.000000000Z,2024-12-31T08:18:32.000000000Z,160,1,29307,F,B,1.2461,1,4,2039,0,0,2039,6BH5
2024-12-31T08:18:40.000000000Z,2024-12-31T08:18:40.000000000Z,160,1,29307,A,A,1.2462,2,4,2040,0,0,2040,6BH5
2024-12-31T08:18:48.000000000Z,2024-12-31T08:18:48.000000000Z,160,1,29307,C,A,1.2462,1,4,2041,0,0,2041,6BH5
2024-12-31T08:18:56.000000000Z,2024-12-31T08:18:56.000000000Z,160,1,29307,C,B,1.2464,1,4,2042,0,0,2042,6BH5
2024-12-31T08:19:04.000000000Z,2024-12-31T08:19:04.000000000Z,160,1,29307,T,B,1.2466,1,4,2043,0,0,2043,6BH5
2024-12-31T08:19:12.000000000Z,2024-12-31T08:19:12.000000000Z,160,1,29307,F,A,1.2468,1,4,2044,0,0,2044,6BH5
2024-12-31T08:19:20.000000000Z,2024-12-31T08:19:20.000000000Z,160,1,29307,A,A,1.2467,1,4,2045,0,0,2045,6BH5
2024-12-31T08:19:28.000000000Z,2024-12-31T08:19:28.000000000Z,160,1,29307,A,A,1.2469,2,4,2046,0,0,2046,6BH5
2024-12-31T08:19:36.000000000Z,2024-12-31T08:19:36.000000000Z,160,1,29307,T,A,1.2468,1,4,2047,0,0,2047,6BH5
2024-12-31T08:19:44.000000000Z,2024-12-31T08:19:44.000000000Z,160,1,29307,C,B,1.2468,1,4,2048,0,0,2048,6BH5
2024-12-31T08:19:52.000000000Z,2024-12-31T08:19:52.000000000Z,160,1,29307,F,A,1.2468,1,4,2049,0,0,2049,6BH5
2024-12-31T08:20:00.000000000Z,2024-12-31T08:20:00.000000000Z,160,1,29307,F,B,1.2466,1,4,2050,0,0,2050,6BH5
2024-12-31T08:20:08.000000000Z,2024-12-31T08:20:08.000000000Z,160,1,29307,A,B,1.2468,1,4,2051,0,0,2051,6BH5
2024-12-31T08:20:16.000000000Z,2024-12-31T08:20:16.000000000Z,160,1,29307,A,A,1.2466,1,4,2052,0,0,2052,6BH5
2024-12-31T08:20:24.000000000Z,2024-12-31T08:20:24.000000000Z,160,1,29307,A,B,1.2467,1,4,2053,0,0,2053,6BH5
2024-12-31T08:20:32.000000000Z,2024-12-31T08:20:32.000000000Z,160,1,29307,C,A,1.2468,1,4,2054,0,0,2054,6BH5
2024-12-31T08:20:40.000000000Z,2024-12-31T08:20:40.000000000Z,160,1,29307,A,B,1.2469,1,4,2055,0,0,2055,6BH5
2024-12-31T08:20:48.000000000Z,2024-12-31T08:20:48.000000000Z,160,1,29307,A,A,1.2467,2,4,2056,0,0,2056,6BH5
2024-12-31T08:20:56.000000000Z,2024-12-31T08:20:56.000000000Z,160,1,29307,F,B,1.2467,1,4,2057,0,0,2057,6BH5
2024-12-31T08:21:04.000000000Z,2024-12-31T08:21:04.000000000Z,160,1,29307,F,B,1.2468,2,4,2058,0,0,2058,6BH5
2024-12-31T08:21:12.000000000Z,2024-12-31T08:21:12.000000000Z,160,1,29307,T,A,1.2467,2,4,2059,0,0,2059,6BH5
2024-12-31T08:21:20.000000000Z,2024-12-31T08:21:20.000000000Z,160,1,29307,A,A,1.2467,1,4,2060,0,0,2060,6BH5
2024-12-31T08:21:28.000000000Z,2024-12-31T08:21:28.000000000Z,160,1,29307,A,B,1.2466,2,4,2061,0,0,2061,6BH5
2024-12-31T08:21:36.000000000Z,2024-12-31T08:21:36.000000000Z,160,1,29307,C,B,1.2466,1,4,2062,0,0,2062,6BH5
2024-12-31T08:21:44.000000000Z,2024-12-31T08:21:44.000000000Z,160,1,29307,R,N,,0,4,2063,0,0,2063,6BH5
2024-12-31T08:21:52.000000000Z,2024-12-31T08:21:52.000000000Z,160,1,29307,T,B,1.2468,1,4,2064,0,0,2064,6BH5
2024-12-31T08:22:00.000000000Z,2024-12-31T08:22:00.000000000Z,160,1,29307,A,A,1.2468,1,4,2065,0,0,2065,6BH5
2024-12-31T08:22:08.000000000Z,2024-12-31T08:22:08.000000000Z,160,1,29307,F,B,1.2468,1,4,2066,0,0,2066,6BH5
2024-12-31T08:22:16.000000000Z,2024-12-31T08:22:16.000000000Z,160,1,29307,T,A,1.2468,1,4,2067,0,0,2067,6BH5
2024-12-31T08:22:24.000000000Z,2024-12-31T08:22:24.000000000Z,160,1,29307,T,B,1.2466,1,4,2068,0,0,2068,6BH5
2024-12-31T08:22:32.000000000Z,2024-12-31T08:22:32.000000000Z,160,1,29307,A,A,1.2465,1,4,2069,0,0,2069,6BH5
2024-12-31T08:22:40.000000000Z,2024-12-31T08:22:40.000000000Z,160,1,29307,C,A,1.2465,1,4,2070,0,0,2070,6BH5
2024-12-31T08:22:48.000000000Z,2024-12-31T08:22:48.000000000Z,160,1,29307,R,N,,0,4,2071,0,0,2071,6BH5
2024-12-31T08:22:56.000000000Z,2024-12-31T08:22:56.000000000Z,160,1,29307,A,A,1.2466,1,4,2072,0,0,2072,6BH5
2024-12-31T08:23:04.000000000Z,2024-12-31T08:23:04.000000000Z,160,1,29307,T,B,1.2465,1,4,2073,0,0,2073,6BH5
2024-12-31T08:23:12.000000000Z,2024-12-31T08:23:12.000000000Z,160,1,29307,C,A,1.2464,1,4,2074,0,0,2074,6BH5
2024-12-31T08:23:20.000000000Z,2024-12-31T08:23:20.000000000Z,160,1,29307,A,A,1.2463,1,4,2075,0,0,2075,6BH5
2024-12-31T08:23:28.000000000Z,2024-12-31T08:23:28.000000000Z,160,1,29307,A,A,1.2465,2,4,2076,0,0,2076,6BH5
2024-12-31T08:23:36.000000000Z,2024-12-31T08:23:36.000000000Z,160,1,29307,A,B,1.2465,2,4,2077,0,0,2077,6BH5
2024-12-31T08:23:44.000000000Z,2024-12-31T08:23:44.000000000Z,160,1,29307,C,A,1.2463,1,4,2078,0,0,2078,6BH5
2024-12-31T08:23:52.000000000Z,2024-12-31T08:23:52.000000000Z,160,1,29307,A,B,1.2461,2,4,2079,0,0,2079,6BH5
2024-12-31T08:24:00.000000000Z,2024-12-31T08:24:00.000000000Z,160,1,29307,T,A,1.2463,1,4,2080,0,0,2080,6BH5
2024-12-31T08:24:08.000000000Z,2024-12-31T08:24:08.000000000Z,160,1,29307,A,B,1.2462,1,4,2081,0,0,2081,6BH5
2024-12-31T08:24:16.000000000Z,2024-12-31T08:24:16.000000000Z,160,1,29307,A,B,1.2463,3,4,2082,0,0,2082,6BH5
2024-12-31T08:24:24.000000000Z,2024-12-31T08:24:24.000000000Z,160,1,29307,T,B,1.2461,1,4,2083,0,0,2083,6BH5
2024-12-31T08:24:32.000000000Z,2024-12-31T08:24:32.000000000Z,160,1,29307,C,A,1.2463,3,4,2084,0,0,2084,6BH5
2024-12-31T08:24:40.000000000Z,2024-12-31T08:24:40.000000000Z,160,1,29307,A,B,1.2465,1,4,2085,0,0,2085,6BH5
2024-12-31T08:24:48.000000000Z,2024-12-31T08:24:48.000000000Z,160,1,29307,A,A,1.2465,1,4,2086,0,0,2086,6BH5
2024-12-31T08:24:56.000000000Z,2024-12-31T08:24:56.000000000Z,160,1,29307,A,B,1.2463,1,4,2087,0,0,2087,6BH5
2024-12-31T08:25:04.000000000Z,2024-12-31T08:25:04.000000000Z,160,1,29307,C,B,1.2462,1,4,2088,0,0,2088,6BH5
2024-12-31T08:25:12.000000000Z,2024-12-31T08:25:12.000000000Z,160,1,29307,F,B,1.2462,1,4,2089,0,0,2089,6BH5
2024-12-31T08:25:20.000000000Z,2024-12-31T08:25:20.000000000Z,160,1,29307,T,B,1.2462,1,4,2090,0,0,2090,6BH5
2024-12-31T08:25:28.000000000Z,2024-12-31T08:25:28.000000000Z,160,1,29307,C,A,1.2461,2,4,2091,0,0,2091,6BH5
2024-12-31T08:25:36.000000000Z,2024-12-31T08:25:36.000000000Z,160,1,29307,A,B,1.2459,1,4,2092,0,0,2092,6BH5
2024-12-31T08:25:44.000000000Z,2024-12-31T08:25:44.000000000Z,160,1,29307,T,B,1.2459,1,4,2093,0,0,2093,6BH5
2024-12-31T08:25:52.000000000Z,2024-12-31T08:25:52.000000000Z,160,1,29307,C,A,1.2459,1,4,2094,0,0,2094,6BH5
2024-12-31T08:26:00.000000000Z,2024-12-31T08:26:00.000000000Z,160,1,29307,T,B,1.2458,2,4,2095,0,0,2095,6BH5
2024-12-31T08:26:08.000000000Z,2024-12-31T08:26:08.000000000Z,160,1,29307,T,B,1.2456,1,4,2096,0,0,2096,6BH5
2024-12-31T08:26:16.000000000Z,2024-12-31T08:26:16.000000000Z,160,1,29307,T,B,1.2458,1,4,2097,0,0,2097,6BH5
2024-12-31T08:26:24.000000000Z,2024-12-31T08:26:24.000000000Z,160,1,29307,T,B,1.2458,5,4,2098,0,0,2098,6BH5
2024-12-31T08:26:32.000000000Z,2024-12-31T08:26:32.000000000Z,160,1,29307,A,A,1.2459,1,4,2099,0,0,2099,6BH5
2024-12-31T08:26:40.000000000Z,2024-12-31T08:26:40.000000000Z,160,1,29307,R,N,,0,4,2100,0,0,2100,6BH5
2024-12-31T08:26:48.000000000Z,2024-12-31T08:26:48.000000000Z,160,1,29307,T,B,1.2457,2,4,2101,0,0,2101,6BH5
2024-12-31T08:26:56.000000000Z,2024-12-31T08:26:56.000000000Z,160,1,29307,R,N,,0,4,2102,0,0,2102,6BH5
2024-12-31T08:27:04.000000000Z,2024-12-31T08:27:04.000000000Z,160,1,29307,F,A,1.2455,1,4,2103,0,0,2103,6BH5
2024-12-31T08:27:12.000000000Z,2024-12-31T08:27:12.000000000Z,160,1,29307,C,B,1.2456,1,4,2104,0,0,2104,6BH5
2024-12-31T08:27:20.000000000Z,2024-12-31T08:27:20.000000000Z,160,1,29307,A,A,1.2457,2,4,2105,0,0,2105,6BH5
2024-12-31T08:27:28.000000000Z,2024-12-31T08:27:28.000000000Z,160,1,29307,A,B,1.2456,1,4,2106,0,0,2106,6BH5
2024-12-31T08:27:36.000000000Z,2024-12-31T08:27:36.000000000Z,160,1,29307,T,A,1.2458,3,4,2107,0,0,2107,6BH5
2024-12-31T08:27:44.000000000Z,2024-12-31T08:27:44.000000000Z,160,1,29307,A,A,1.2457,1,4,2108,0,0,2108,6BH5
2024-12-31T08:27:52.000000000Z,2024-12-31T08:27:52.000000000Z,160,1,29307,A,A,1.2459,1,4,2109,0,0,2109,6BH5
2024-12-31T08:28:00.000000000Z,2024-12-31T08:28:00.000000000Z,160,1,29307,C,B,1.2461,1,4,2110,0,0,2110,6BH5
2024-12-31T08:28:08.000000000Z,2024-12-31T08:28:08.000000000Z,160,1,29307,C,A,1.246,2,4,2111,0,0,2111,6BH5
2024-12-31T08:28:16.000000000Z,2024-12-31T08:28:16.000000000Z,160,1,29307,T,B,1.2459,2,4,2112,0,0,2112,6BH5
2024-12-31T08:28:24.000000000Z,2024-12-31T08:28:24.000000000Z,160,1,29307,T,B,1.2459,1,4,2113,0,0,2113,6BH5
2024-12-31T08:28:32.000000000Z,2024-12-31T08:28:32.000000000Z,160,1,29307,C,A,1.246,3,4,2114,0,0,2114,6BH5
2024-12-31T08:28:40.000000000Z,2024-12-31T08:28:40.000000000Z,160,1,29307,A,B,1.246,1,4,2115,0,0,2115,6BH5
2024-12-31T08:28:48.000000000Z,2024-12-31T08:28:48.000000000Z,160,1,29307,C,A,1.2462,1,4,2116,0,0,2116,6BH5
2024-12-31T08:28:56.000000000Z,2024-12-31T08:28:56.000000000Z,160,1,29307,T,B,1.2463,2,4,2117,0,0,2117,6BH5
2024-12-31T08:29:04.000000000Z,2024-12-31T08:29:04.000000000Z,160,1,29307,A,B,1.2462,2,4,2118,0,0,2118,6BH5
2024-12-31T08:29:12.000000000Z,2024-12-31T08:29:12.000000000Z,160,1,29307,C,A,1.246,2,4,2119,0,0,2119,6BH5
2024-12-31T08:29:20.000000000Z,2024-12-31T08:29:20.000000000Z,160,1,29307,R,N,,0,4,2120,0,0,2120,6BH5
2024-12-31T08:29:28.000000000Z,2024-12-31T08:29:28.000000000Z,160,1,29307,T,A,1.246,1,4,2121,0,0,2121,6BH5
2024-12-31T08:29:36.000000000Z,2024-12-31T08:29:36.000000000Z,160,1,29307,C,A,1.2461,1,4,2122,0,0,2122,6BH5
2024-12-31T08:29:44.000000000Z,2024-12-31T08:29:44.000000000Z,160,1,29307,A,B,1.246,3,4,2123,0,0,2123,6BH5
2024-12-31T08:29:52.000000000Z,2024-12-31T08:29:52.000000000Z,160,1,29307,A,B,1.2459,1,4,2124,0,0,2124,6BH5
2024-12-31T08:30:00.000000000Z,2024-12-31T08:30:00.000000000Z,160,1,29307,A,B,1.2457,1,4,2125,0,0,2125,6BH5
2024-12-31T08:30:08.000000000Z,2024-12-31T08:30:08.000000000Z,160,1,29307,A,A,1.2458,1,4,2126,0,0,2126,6BH5
2024-12-31T08:30:16.000000000Z,2024-12-31T08:30:16.000000000Z,160,1,29307,A,B,1.2456,1,4,2127,0,0,2127,6BH5
2024-12-31T08:30:24.000000000Z,2024-12-31T08:30:24.000000000Z,160,1,29307,A,A,1.2457,2,4,2128,0,0,2128,6BH5
2024-12-31T08:30:32.000000000Z,2024-12-31T08:30:32.000000000Z,160,1,29307,T,B,1.2457,1,4,2129,0,0,2129,6BH5
2024-12-31T08:30:40.000000000Z,2024-12-31T08:30:40.000000000Z,160,1,29307,C,A,1.2458,2,4,2130,0,0,2130,6BH5
2024-12-31T08:30:48.000000000Z,2024-12-31T08:30:48.000000000Z,160,1,29307,A,B,1.2458,1,4,2131,0,0,2131,6BH5
2024-12-31T08:30:56.000000000Z,2024-12-31T08:30:56.000000000Z,160,1,29307,A,B,1.2456,1,4,2132,0,0,2132,6BH5
2024-12-31T08:31:04.000000000Z,2024-12-31T08:31:04.000000000Z,160,1,29307,T,A,1.2457,1,4,2133,0,0,2133,6BH5
2024-12-31T08:31:12.000000000Z,2024-12-31T08:31:12.000000000Z,160,1,29307,C,B,1.2455,1,4,2134,0,0,2134,6BH5
2024-12-31T08:31:20.000000000Z,2024-12-31T08:31:20.000000000Z,160,1,29307,F,A,1.2455,1,4,2135,0,0,2135,6BH5
2024-12-31T08:31:28.000000000Z,2024-12-31T08:31:28.000000000Z,160,1,29307,C,B,1.2454,1,4,2136,0,0,2136,6BH5
2024-12-31T08:31:36.000000000Z,2024-12-31T08:31:36.000000000Z,160,1,29307,A,B,1.2455,1,4,2137,0,0,2137,6BH5
2024-12-31T08:31:44.000000000Z,2024-12-31T08:31:44.000000000Z,160,1,29307,C,A,1.2457,1,4,2138,0,0,2138,6BH5
2024-12-31T08:31:52.000000000Z,2024-12-31T08:31:52.000000000Z,160,1,29307,F,A,1.2457,1,4,2139,0,0,2139,6BH5
2024-12-31T08:32:00.000000000Z,2024-12-31T08:32:00.000000000Z,160,1,29307,F,B,1.2457,1,4,2140,0,0,2140,6BH5
2024-12-31T08:32:08.000000000Z,2024-12-31T08:32:08.000000000Z,160,1,29307,A,B,1.2458,1,4,2141,0,0,2141,6BH5
2024-12-31T08:32:16.000000000Z,2024-12-31T08:32:16.000000000Z,160,1,29307,C,B,1.2456,1,4,2142,0,0,2142,6BH5
2024-12-31T08:32:24.000000000Z,2024-12-31T08:32:24.000000000Z,160,1,29307,A,B,1.2458,2,4,2143,0,0,2143,6BH5
2024-12-31T08:32:32.000000000Z,2024-12-31T08:32:32.000000000Z,160,1,29307,C,B,1.2457,1,4,2144,0,0,2144,6BH5
2024-12-31T08:32:40.000000000Z,2024-12-31T08:32:40.000000000Z,160,1,29307,T,B,1.2459,2,4,2145,0,0,2145,6BH5
2024-12-31T08:32:48.000000000Z,2024-12-31T08:32:48.000000000Z,160,1,29307,A,A,1.246,2,4,2146,0,0,2146,6BH5
2024-12-31T08:32:56.000000000Z,2024-12-31T08:32:56.000000000Z,160,1,29307,C,A,1.2461,1,4,2147,0,0,2147,6BH5
2024-12-31T08:33:04.000000000Z,2024-12-31T08:33:04.000000000Z,160,1,29307,C,A,1.2462,2,4,2148,0,0,2148,6BH5
2024-12-31T08:33:12.000000000Z,2024-12-31T08:33:12.000000000Z,160,1,29307,C,B,1.2462,1,4,2149,0,0,2149,6BH5
2024-12-31T08:33:20.000000000Z,2024-12-31T08:33:20.000000000Z,160,1,29307,T,B,1.2462,2,4,2150,0,0,2150,6BH5
2024-12-31T08:33:28.000000000Z,2024-12-31T08:33:28.000000000Z,160,1,29307,A,B,1.246,2,4,2151,0,0,2151,6BH5
2024-12-31T08:33:36.000000000Z,2024-12-31T08:33:36.000000000Z,160,1,29307,C,A,1.2461,1,4,2152,0,0,2152,6BH5
2024-12-31T08:33:44.000000000Z,2024-12-31T08:33:44.000000000Z,160,1,29307,A,A,1.2462,1,4,2153,0,0,2153,6BH5
2024-12-31T08:33:52.000000000Z,2024-12-31T08:33:52.000000000Z,160,1,29307,C,B,1.2464,1,4,2154,0,0,2154,6BH5
2024-12-31T08:34:00.000000000Z,2024-12-31T08:34:00.000000000Z,160,1,29307,R,N,,0,4,2155,0,0,2155,6BH5
2024-12-31T08:34:08.000000000Z,2024-12-31T08:34:08.000000000Z,160,1,29307,A,A,1.2462,1,4,2156,0,0,2156,6BH5
2024-12-31T08:34:16.000000000Z,2024-12-31T08:34:16.000000000Z,160,1,29307,R,N,,0,4,2157,0,0,2157,6BH5
2024-12-31T08:34:24.000000000Z,2024-12-31T08:34:24.000000000Z,160,1,29307,T,A,1.2462,1,4,2158,0,0,2158,6BH5
2024-12-31T08:34:32.000000000Z,2024-12-31T08:34:32.000000000Z,160,1,29307,C,B,1.2461,1,4,2159,0,0,2159,6BH5
2024-12-31T08:34:40.000000000Z,2024-12-31T08:34:40.000000000Z,160,1,29307,T,B,1.246,5,4,2160,0,0,2160,6BH5
2024-12-31T08:34:48.000000000Z,2024-12-31T08:34:48.000000000Z,160,1,29307,A,B,1.2461,2,4,2161,0,0,2161,6BH5
2024-12-31T08:34:56.000000000Z,2024-12-31T08:34:56.000000000Z,160,1,29307,F,A,1.2461,1,4,2162,0,0,2162,6BH5
2024-12-31T08:35:04.000000000Z,2024-12-31T08:35:04.000000000Z,160,1,29307,R,N,,0,4,2163,0,0,2163,6BH5
2024-12-31T08:35:12.000000000Z,2024-12-31T08:35:12.000000000Z,160,1,29307,A,B,1.246,1,4,2164,0,0,2164,6BH5
2024-12-31T08:35:20.000000000Z,2024-12-31T08:35:20.000000000Z,160,1,29307,R,N,,0,4,2165,0,0,2165,6BH5
2024-12-31T08:35:28.000000000Z,2024-12-31T08:35:28.000000000Z,160,1,29307,A,A,1.246,2,4,2166,0,0,2166,6BH5
2024-12-31T08:35:36.000000000Z,2024-12-31T08:35:36.000000000Z,160,1,29307,F,B,1.2461,1,4,2167,0,0,2167,6BH5
2024-12-31T08:35:44.000000000Z,2024-12-31T08:35:44.000000000Z,160,1,29307,A,A,1.2459,1,4,2168,0,0,2168,6BH5
2024-12-31T08:35:52.000000000Z,2024-12-31T08:35:52.000000000Z,160,1,29307,T,A,1.2461,2,4,2169,0,0,2169,6BH5
2024-12-31T08:36:00.000000000Z,2024-12-31T08:36:00.000000000Z,160,1,29307,C,B,1.2461,3,4,2170,0,0,2170,6BH5
2024-12-31T08:36:08.000000000Z,2024-12-31T08:36:08.000000000Z,160,1,29307,T,A,1.2461,1,4,2171,0,0,2171,6BH5
2024-12-31T08:36:16.000000000Z,2024-12-31T08:36:16.000000000Z,160,1,29307,A,B,1.2462,1,4,2172,0,0,2172,6BH5
2024-12-31T08:36:24.000000000Z,2024-12-31T08:36:24.000000000Z,160,1,29307,T,A,1.2463,1,4,2173,0,0,2173,6BH5
2024-12-31T08:36:32.000000000Z,2024-12-31T08:36:32.000000000Z,160,1,29307,T,A,1.2461,1,4,2174,0,0,2174,6BH5
2024-12-31T08:36:40.000000000Z,2024-12-31T08:36:40.000000000Z,160,1,29307,A,B,1.2462,5,4,2175,0,0,2175,6BH5
2024-12-31T08:36:48.000000000Z,2024-12-31T08:36:48.000000000Z,160,1,29307,F,A,1.2461,1,4,2176,0,0,2176,6BH5
2024-12-31T08:36:56.000000000Z,2024-12-31T08:36:56.000000000Z,160,1,29307,A,B,1.2463,1,4,2177,0,0,2177,6BH5
2024-12-31T08:37:04.000000000Z,2024-12-31T08:37:04.000000000Z,160,1,29307,A,B,1.2464,2,4,2178,0,0,2178,6BH5
2024-12-31T08:37:12.000000000Z,2024-12-31T08:37:12.000000000Z,160,1,29307,C,A,1.2463,2,4,2179,0,0,2179,6BH5
2024-12-31T08:37:20.000000000Z,2024-12-31T08:37:20.000000000Z,160,1,29307,T,B,1.2464,10,4,2180,0,0,2180,6BH5
2024-12-31T08:37:28.000000000Z,2024-12-31T08:37:28.000000000Z,160,1,29307,C,B,1.2463,1,4,2181,0,0,2181,6BH5
2024-12-31T08:37:36.000000000Z,2024-12-31T08:37:36.000000000Z,160,1,29307,C,B,1.2461,1,4,2182,0,0,2182,6BH5
2024-12-31T08:37:44.000000000Z,2024-12-31T08:37:44.000000000Z,160,1,29307,T,B,1.2463,1,4,2183,0,0,2183,6BH5
2024-12-31T08:37:52.000000000Z,2024-12-31T08:37:52.000000000Z,160,1,29307,T,B,1.2464,1,4,2184,0,0,2184,6BH5
2024-12-31T08:38:00.000000000Z,2024-12-31T08:38:00.000000000Z,160,1,29307,R,N,,0,4,2185,0,0,2185,6BH5
2024-12-31T08:38:08.000000000Z,2024-12-31T08:38:08.000000000Z,160,1,29307,R,N,,0,4,2186,0,0,2186,6BH5
2024-12-31T08:38:16.000000000Z,2024-12-31T08:38:16.000000000Z,160,1,29307,A,B,1.2462,1,4,2187,0,0,2187,6BH5
2024-12-31T08:38:24.000000000Z,2024-12-31T08:38:24.000000000Z,160,1,29307,T,A,1.2464,2,4,2188,0,0,2188,6BH5
2024-12-31T08:38:32.000000000Z,2024-12-31T08:38:32.000000000Z,160,1,29307,A,A,1.2462,1,4,2189,0,0,2189,6BH5
2024-12-31T08:38:40.000000000Z,2024-12-31T08:38:40.000000000Z,160,1,29307,C,B,1.2461,2,4,2190,0,0,2190,6BH5
2024-12-31T08:38:48.000000000Z,2024-12-31T08:38:48.000000000Z,160,1,29307,T,A,1.2461,1,4,2191,0,0,2191,6BH5
2024-12-31T08:38:56.000000000Z,2024-12-31T08:38:56.000000000Z,160,1,29307,F,A,1.2461,2,4,2192,0,0,2192,6BH5
2024-12-31T08:39:04.000000000Z,2024-12-31T08:39:04.000000000Z,160,1,29307,C,B,1.2461,1,4,2193,0,0,2193,6BH5
2024-12-31T08:39:12.000000000Z,2024-12-31T08:39:12.000000000Z,160,1,29307,R,N,,0,4,2194,0,0,2194,6BH5
2024-12-31T08:39:20.000000000Z,2024-12-31T08:39:20.000000000Z,160,1,29307,A,B,1.2458,1,4,2195,0,0,2195,6BH5
2024-12-31T08:39:28.000000000Z,2024-12-31T08:39:28.000000000Z,160,1,29307,F,A,1.2457,1,4,2196,0,0,2196,6BH5
2024-12-31T08:39:36.000000000Z,2024-12-31T08:39:36.000000000Z,160,1,29307,F,A,1.2459,2,4,2197,0,0,2197,6BH5
2024-12-31T08:39:44.000000000Z,2024-12-31T08:39:44.000000000Z,160,1,29307,F,B,1.2457,1,4,2198,0,0,2198,6BH5
2024-12-31T08:39:52.000000000Z,2024-12-31T08:39:52.000000000Z,160,1,29307,C,B,1.2458,1,4,2199,0,0,2199,6BH5
2024-12-31T08:40:00.000000000Z,2024-12-31T08:40:00.000000000Z,160,1,29307,C,A,1.2459,2,4,2200,0,0,2200,6BH5
2024-12-31T08:40:08.000000000Z,2024-12-31T08:40:08.000000000Z,160,1,29307,F,A,1.246,2,4,2201,0,0,2201,6BH5
2024-12-31T08:40:16.000000000Z,2024-12-31T08:40:16.000000000Z,160,1,29307,C,A,1.2462,1,4,2202,0,0,2202,6BH5
2024-12-31T08:40:24.000000000Z,2024-12-31T08:40:24.000000000Z,160,1,29307,A,A,1.2461,1,4,2203,0,0,2203,6BH5
2024-12-31T08:40:32.000000000Z,2024-12-31T08:40:32.000000000Z,160,1,29307,T,B,1.246,1,4,2204,0,0,2204,6BH5
2024-12-31T08:40:40.000000000Z,2024-12-31T08:40:40.000000000Z,160,1,29307,T,A,1.246,1,4,2205,0,0,2205,6BH5
2024-12-31T08:40:48.000000000Z,2024-12-31T08:40:48.000000000Z,160,1,29307,T,A,1.2459,5,4,2206,0,0,2206,6BH5
2024-12-31T08:40:56.000000000Z,2024-12-31T08:40:56.000000000Z,160,1,29307,A,A,1.246,1,4,2207,0,0,2207,6BH5
2024-12-31T08:41:04.000000000Z,2024-12-31T08:41:04.000000000Z,160,1,29307,F,A,1.2461,1,4,2208,0,0,2208,6BH5
2024-12-31T08:41:12.000000000Z,2024-12-31T08:41:12.000000000Z,160,1,29307,C,B,1.2463,10,4,2209,0,0,2209,6BH5
2024-12-31T08:41:20.000000000Z,2024-12-31T08:41:20.000000000Z,160,1,29307,F,B,1.2461,1,4,2210,0,0,2210,6BH5
2024-12-31T08:41:28.000000000Z,2024-12-31T08:41:28.000000000Z,160,1,29307,T,A,1.2463,1,4,2211,0,0,2211,6BH5
2024-12-31T08:41:36.000000000Z,2024-12-31T08:41:36.000000000Z,160,1,29307,F,A,1.2462,1,4,2212,0,0,2212,6BH5
2024-12-31T08:41:44.000000000Z,2024-12-31T08:41:44.000000000Z,160,1,29307,T,B,1.2462,1,4,2213,0,0,2213,6BH5
2024-12-31T08:41:52.000000000Z,2024-12-31T08:41:52.000000000Z,160,1,29307,T,B,1.2462,1,4,2214,0,0,2214,6BH5
2024-12-31T08:42:00.000000000Z,2024-12-31T08:42:00.000000000Z,160,1,29307,F,A,1.2463,1,4,2215,0,0,2215,6BH5
2024-12-31T08:42:08.000000000Z,2024-12-31T08:42:08.000000000Z,160,1,29307,A,A,1.2463,1,4,2216,0,0,2216,6BH5
2024-12-31T08:42:16.000000000Z,2024-12-31T08:42:16.000000000Z,160,1,29307,A,B,1.2465,1,4,2217,0,0,2217,6BH5
2024-12-31T08:42:24.000000000Z,2024-12-31T08:42:24.000000000Z,160,1,29307,C,B,1.2467,1,4,2218,0,0,2218,6BH5
2024-12-31T08:42:32.000000000Z,2024-12-31T08:42:32.000000000Z,160,1,29307,T,B,1.2469,1,4,2219,0,0,2219,6BH5
2024-12-31T08:42:40.000000000Z,2024-12-31T08:42:40.000000000Z,160,1,29307,T,B,1.2467,1,4,2220,0,0,2220,6BH5
2024-12-31T08:42:48.000000000Z,2024-12-31T08:42:48.000000000Z,160,1,29307,C,B,1.2469,1,4,2221,0,0,2221,6BH5
2024-12-31T08:42:56.000000000Z,2024-12-31T08:42:56.000000000Z,160,1,29307,A,B,1.247,1,4,2222,0,0,2222,6BH5
2024-12-31T08:43:04.000000000Z,2024-12-31T08:43:04.000000000Z,160,1,29307,R,N,,0,4,2223,0,0,2223,6BH5
2024-12-31T08:43:12.000000000Z,2024-12-31T08:43:12.000000000Z,160,1,29307,C,B,1.2466,1,4,2224,0,0,2224,6BH5
2024-12-31T08:43:20.000000000Z,2024-12-31T08:43:20.000000000Z,160,1,29307,T,B,1.2464,1,4,2225,0,0,2225,6BH5
2024-12-31T08:43:28.000000000Z,2024-12-31T08:43:28.000000000Z,160,1,29307,R,N,,0,4,2226,0,0,2226,6BH5
2024-12-31T08:43:36.000000000Z,2024-12-31T08:43:36.000000000Z,160,1,29307,T,B,1.2462,1,4,2227,0,0,2227,6BH5
2024-12-31T08:43:44.000000000Z,2024-12-31T08:43:44.000000000Z,160,1,29307,A,A,1.2464,2,4,2228,0,0,2228,6BH5
2024-12-31T08:43:52.000000000Z,2024-12-31T08:43:52.000000000Z,160,1,29307,F,A,1.2464,2,4,2229,0,0,2229,6BH5
2024-12-31T08:44:00.000000000Z,2024-12-31T08:44:00.000000000Z,160,1,29307,T,B,1.2464,1,4,2230,0,0,2230,6BH5
2024-12-31T08:44:08.000000000Z,2024-12-31T08:44:08.000000000Z,160,1,29307,T,A,1.2466,1,4,2231,0,0,2231,6BH5
2024-12-31T08:44:16.000000000Z,2024-12-31T08:44:16.000000000Z,160,1,29307,C,A,1.2465,5,4,2232,0,0,2232,6BH5
2024-12-31T08:44:24.000000000Z,2024-12-31T08:44:24.000000000Z,160,1,29307,A,A,1.2467,1,4,2233,0,0,2233,6BH5
2024-12-31T08:44:32.000000000Z,2024-12-31T08:44:32.000000000Z,160,1,29307,F,A,1.2467,2,4,2234,0,0,2234,6BH5
2024-12-31T08:44:40.000000000Z,2024-12-31T08:44:40.000000000Z,160,1,29307,A,A,1.2467,1,4,2235,0,0,2235,6BH5
2024-12-31T08:44:48.000000000Z,2024-12-31T08:44:48.000000000Z,160,1,29307,C,A,1.2466,1,4,2236,0,0,2236,6BH5
2024-12-31T08:44:56.000000000Z,2024-12-31T08:44:56.000000000Z,160,1,29307,C,B,1.2466,1,4,2237,0,0,2237,6BH5
2024-12-31T08:45:04.000000000Z,2024-12-31T08:45:04.000000000Z,160,1,29307,T,B,1.2464,1,4,2238,0,0,2238,6BH5
2024-12-31T08:45:12.000000000Z,2024-12-31T08:45:12.000000000Z,160,1,29307,A,B,1.2465,1,4,2239,0,0,2239,6BH5
2024-12-31T08:45:20.000000000Z,2024-12-31T08:45:20.000000000Z,160,1,29307,F,B,1.2464,1,4,2240,0,0,2240,6BH5
2024-12-31T08:45:28.000000000Z,2024-12-31T08:45:28.000000000Z,160,1,29307,F,B,1.2466,3,4,2241,0,0,2241,6BH5
2024-12-31T08:45:36.000000000Z,2024-12-31T08:45:36.000000000Z,160,1,29307,A,A,1.2465,2,4,2242,0,0,2242,6BH5
2024-12-31T08:45:44.000000000Z,2024-12-31T08:45:44.000000000Z,160,1,29307,R,N,,0,4,2243,0,0,2243,6BH5
2024-12-31T08:45:52.000000000Z,2024-12-31T08:45:52.000000000Z,160,1,29307,A,B,1.2464,2,4,2244,0,0,2244,6BH5
2024-12-31T08:46:00.000000000Z,2024-12-31T08:46:00.000000000Z,160,1,29307,A,A,1.2463,2,4,2245,0,0,2245,6BH5
2024-12-31T08:46:08.000000000Z,2024-12-31T08:46:08.000000000Z,160,1,29307,C,A,1.2464,3,4,2246,0,0,2246,6BH5
2024-12-31T08:46:16.000000000Z,2024-12-31T08:46:16.000000000Z,160,1,29307,R,N,,0,4,2247,0,0,2247,6BH5
2024-12-31T08:46:24.000000000Z,2024-12-31T08:46:24.000000000Z,160,1,29307,A,A,1.2467,2,4,2248,0,0,2248,6BH5
2024-12-31T08:46:32.000000000Z,2024-12-31T08:46:32.000000000Z,160,1,29307,A,A,1.2465,1,4,2249,0,0,2249,6BH5
2024-12-31T08:46:40.000000000Z,2024-12-31T08:46:40.000000000Z,160,1,29307,A,A,1.2465,1,4,2250,0,0,2250,6BH5
2024-12-31T08:46:48.000000000Z,2024-12-31T08:46:48.000000000Z,160,1,29307,F,A,1.2466,10,4,2251,0,0,2251,6BH5
2024-12-31T08:46:56.000000000Z,2024-12-31T08:46:56.000000000Z,160,1,29307,T,B,1.2467,1,4,2252,0,0,2252,6BH5
2024-12-31T08:47:04.000000000Z,2024-12-31T08:47:04.000000000Z,160,1,29307,A,A,1.2465,1,4,2253,0,0,2253,6BH5
2024-12-31T08:47:12.000000000Z,2024-12-31T08:47:12.000000000Z,160,1,29307,A,B,1.2465,2,4,2254,0,0,2254,6BH5
2024-12-31T08:47:20.000000000Z,2024-12-31T08:47:20.000000000Z,160,1,29307,T,B,1.2465,1,4,2255,0,0,2255,6BH5
2024-12-31T08:47:28.000000000Z,2024-12-31T08:47:28.000000000Z,160,1,29307,C,A,1.2464,2,4,2256,0,0,2256,6BH5
2024-12-31T08:47:36.000000000Z,2024-12-31T08:47:36.000000000Z,160,1,29307,A,A,1.2463,2,4,2257,0,0,2257,6BH5
2024-12-31T08:47:44.000000000Z,2024-12-31T08:47:44.000000000Z,160,1,29307,A,A,1.2463,1,4,2258,0,0,2258,6BH5
2024-12-31T08:47:52.000000000Z,2024-12-31T08:47:52.000000000Z,160,1,29307,C,B,1.2464,1,4,2259,0,0,2259,6BH5
2024-12-31T08:48:00.000000000Z,2024-12-31T08:48:00.000000000Z,160,1,29307,T,A,1.2466,2,4,2260,0,0,2260,6BH5
2024-12-31T08:48:08.000000000Z,2024-12-31T08:48:08.000000000Z,160,1,29307,T,A,1.2467,1,4,2261,0,0,2261,6BH5
2024-12-31T08:48:16.000000000Z,2024-12-31T08:48:16.000000000Z,160,1,29307,F,A,1.2466,3,4,2262,0,0,2262,6BH5
2024-12-31T08:48:24.000000000Z,2024-12-31T08:48:24.000000000Z,160,1,29307,F,A,1.2465,2,4,2263,0,0,2263,6BH5
2024-12-31T08:48:32.000000000Z,2024-12-31T08:48:32.000000000Z,160,1,29307,T,A,1.2467,1,4,2264,0,0,2264,6BH5
2024-12-31T08:48:40.000000000Z,2024-12-31T08:48:40.000000000Z,160,1,29307,A,B,1.2469,1,4,2265,0,0,2265,6BH5
2024-12-31T08:48:48.000000000Z,2024-12-31T08:48:48.000000000Z,160,1,29307,C,A,1.2471,3,4,2266,0,0,2266,6BH5
2024-12-31T08:48:56.000000000Z,2024-12-31T08:48:56.000000000Z,160,1,29307,A,A,1.2472,1,4,2267,0,0,2267,6BH5
2024-12-31T08:49:04.000000000Z,2024-12-31T08:49:04.000000000Z,160,1,29307,F,A,1.2471,1,4,2268,0,0,2268,6BH5
2024-12-31T08:49:12.000000000Z,2024-12-31T08:49:12.000000000Z,160,1,29307,R,N,,0,4,2269,0,0,2269,6BH5
2024-12-31T08:49:20.000000000Z,2024-12-31T08:49:20.000000000Z,160,1,29307,A,A,1.2472,2,4,2270,0,0,2270,6BH5
2024-12-31T08:49:28.000000000Z,2024-12-31T08:49:28.000000000Z,160,1,29307,C,B,1.2471,1,4,2271,0,0,2271,6BH5
2024-12-31T08:49:36.000000000Z,2024-12-31T08:49:36.000000000Z,160,1,29307,C,B,1.2472,1,4,2272,0,0,2272,6BH5
2024-12-31T08:49:44.000000000Z,2024-12-31T08:49:44.000000000Z,160,1,29307,T,A,1.247,1,4,2273,0,0,2273,6BH5
2024-12-31T08:49:52.000000000Z,2024-12-31T08:49:52.000000000Z,160,1,29307,A,A,1.2468,2,4,2274,0,0,2274,6BH5
2024-12-31T08:50:00.000000000Z,2024-12-31T08:50:00.000000000Z,160,1,29307,C,A,1.2468,2,4,2275,0,0,2275,6BH5
2024-12-31T08:50:08.000000000Z,2024-12-31T08:50:08.000000000Z,160,1,29307,R,N,,0,4,2276,0,0,2276,6BH5
2024-12-31T08:50:16.000000000Z,2024-12-31T08:50:16.000000000Z,160,1,29307,C,B,1.247,1,4,2277,0,0,2277,6BH5
2024-12-31T08:50:24.000000000Z,2024-12-31T08:50:24.000000000Z,160,1,29307,C,B,1.2468,2,4,2278,0,0,2278,6BH5
2024-12-31T08:50:32.000000000Z,2024-12-31T08:50:32.000000000Z,160,1,29307,A,B,1.2466,5,4,2279,0,0,2279,6BH5
2024-12-31T08:50:40.000000000Z,2024-12-31T08:50:40.000000000Z,160,1,29307,T,B,1.2464,1,4,2280,0,0,2280,6BH5
2024-12-31T08:50:48.000000000Z,2024-12-31T08:50:48.000000000Z,160,1,29307,F,B,1.2462,1,4,2281,0,0,2281,6BH5
2024-12-31T08:50:56.000000000Z,2024-12-31T08:50:56.000000000Z,160,1,29307,F,A,1.246,2,4,2282,0,0,2282,6BH5
2024-12-31T08:51:04.000000000Z,2024-12-31T08:51:04.000000000Z,160,1,29307,A,A,1.2461,1,4,2283,0,0,2283,6BH5
2024-12-31T08:51:12.000000000Z,2024-12-31T08:51:12.000000000Z,160,1,29307,C,B,1.2461,1,4,2284,0,0,2284,6BH5
2024-12-31T08:51:20.000000000Z,2024-12-31T08:51:20.000000000Z,160,1,29307,C,A,1.2462,1,4,2285,0,0,2285,6BH5
2024-12-31T08:51:28.000000000Z,2024-12-31T08:51:28.000000000Z,160,1,29307,T,A,1.2464,1,4,2286,0,0,2286,6BH5
2024-12-31T08:51:36.000000000Z,2024-12-31T08:51:36.000000000Z,160,1,29307,A,B,1.2465,1,4,2287,0,0,2287,6BH5
2024-12-31T08:51:44.000000000Z,2024-12-31T08:51:44.000000000Z,160,1,29307,A,B,1.2463,1,4,2288,0,0,2288,6BH5
2024-12-31T08:51:52.000000000Z,2024-12-31T08:51:52.000000000Z,160,1,29307,F,A,1.2461,5,4,2289,0,0,2289,6BH5
2024-12-31T08:52:00.000000000Z,2024-12-31T08:52:00.000000000Z,160,1,29307,C,B,1.2463,2,4,2290,0,0,2290,6BH5
2024-12-31T08:52:08.000000000Z,2024-12-31T08:52:08.000000000Z,160,1,29307,A,B,1.2463,2,4,2291,0,0,2291,6BH5
2024-12-31T08:52:16.000000000Z,2024-12-31T08:52:16.000000000Z,160,1,29307,C,A,1.2464,1,4,2292,0,0,2292,6BH5
2024-12-31T08:52:24.000000000Z,2024-12-31T08:52:24.000000000Z,160,1,29307,F,B,1.2466,2,4,2293,0,0,2293,6BH5
2024-12-31T08:52:32.000000000Z,2024-12-31T08:52:32.000000000Z,160,1,29307,F,A,1.2468,2,4,2294,0,0,2294,6BH5
2024-12-31T08:52:40.000000000Z,2024-12-31T08:52:40.000000000Z,160,1,29307,C,A,1.247,1,4,2295,0,0,2295,6BH5
2024-12-31T08:52:48.000000000Z,2024-12-31T08:52:48.000000000Z,160,1,29307,F,A,1.247,1,4,2296,0,0,2296,6BH5
2024-12-31T08:52:56.000000000Z,2024-12-31T08:52:56.000000000Z,160,1,29307,T,A,1.2469,1,4,2297,0,0,2297,6BH5
2024-12-31T08:53:04.000000000Z,2024-12-31T08:53:04.000000000Z,160,1,29307,T,A,1.2471,2,4,2298,0,0,2298,6BH5
2024-12-31T08:53:12.000000000Z,2024-12-31T08:53:12.000000000Z,160,1,29307,A,B,1.2471,1,4,2299,0,0,2299,6BH5
2024-12-31T08:53:20.000000000Z,2024-12-31T08:53:20.000000000Z,160,1,29307,C,B,1.2469,2,4,2300,0,0,2300,6BH5
2024-12-31T08:53:28.000000000Z,2024-12-31T08:53:28.000000000Z,160,1,29307,A,B,1.247,1,4,2301,0,0,2301,6BH5
2024-12-31T08:53:36.000000000Z,2024-12-31T08:53:36.000000000Z,160,1,29307,C,B,1.247,1,4,2302,0,0,2302,6BH5
2024-12-31T08:53:44.000000000Z,2024-12-31T08:53:44.000000000Z,160,1,29307,A,A,1.2472,2,4,2303,0,0,2303,6BH5
2024-12-31T08:53:52.000000000Z,2024-12-31T08:53:52.000000000Z,160,1,29307,C,A,1.2473,1,4,2304,0,0,2304,6BH5
2024-12-31T08:54:00.000000000Z,2024-12-31T08:54:00.000000000Z,160,1,29307,C,B,1.2472,1,4,2305,0,0,2305,6BH5
2024-12-31T08:54:08.000000000Z,2024-12-31T08:54:08.000000000Z,160,1,29307,R,N,,0,4,2306,0,0,2306,6BH5
2024-12-31T08:54:16.000000000Z,2024-12-31T08:54:16.000000000Z,160,1,29307,F,B,1.2475,2,4,2307,0,0,2307,6BH5
2024-12-31T08:54:24.000000000Z,2024-12-31T08:54:24.000000000Z,160,1,29307,T,B,1.2476,1,4,2308,0,0,2308,6BH5
2024-12-31T08:54:32.000000000Z,2024-12-31T08:54:32.000000000Z,160,1,29307,T,B,1.2475,1,4,2309,0,0,2309,6BH5
2024-12-31T08:54:40.000000000Z,2024-12-31T08:54:40.000000000Z,160,1,29307,A,A,1.2474,1,4,2310,0,0,2310,6BH5
2024-12-31T08:54:48.000000000Z,2024-12-31T08:54:48.000000000Z,160,1,29307,F,A,1.2475,2,4,2311,0,0,2311,6BH5
2024-12-31T08:54:56.000000000Z,2024-12-31T08:54:56.000000000Z,160,1,29307,F,A,1.2473,1,4,2312,0,0,2312,6BH5
2024-12-31T08:55:04.000000000Z,2024-12-31T08:55:04.000000000Z,160,1,29307,C,A,1.2472,1,4,2313,0,0,2313,6BH5
2024-12-31T08:55:12.000000000Z,2024-12-31T08:55:12.000000000Z,160,1,29307,R,N,,0,4,2314,0,0,2314,6BH5
2024-12-31T08:55:20.000000000Z,2024-12-31T08:55:20.000000000Z,160,1,29307,T,A,1.2473,2,4,2315,0,0,2315,6BH5
2024-12-31T08:55:28.000000000Z,2024-12-31T08:55:28.000000000Z,160,1,29307,A,A,1.2473,2,4,2316,0,0,2316,6BH5
2024-12-31T08:55:36.000000000Z,2024-12-31T08:55:36.000000000Z,160,1,29307,T,A,1.2472,5,4,2317,0,0,2317,6BH5
2024-12-31T08:55:44.000000000Z,2024-12-31T08:55:44.000000000Z,160,1,29307,A,B,1.2472,1,4,2318,0,0,2318,6BH5
2024-12-31T08:55:52.000000000Z,2024-12-31T08:55:52.000000000Z,160,1,29307,F,B,1.2473,2,4,2319,0,0,2319,6BH5
2024-12-31T08:56:00.000000000Z,2024-12-31T08:56:00.000000000Z,160,1,29307,F,A,1.2472,1,4,2320,0,0,2320,6BH5
2024-12-31T08:56:08.000000000Z,2024-12-31T08:56:08.000000000Z,160,1,29307,C,A,1.247,1,4,2321,0,0,2321,6BH5
2024-12-31T08:56:16.000000000Z,2024-12-31T08:56:16.000000000Z,160,1,29307,F,A,1.2471,2,4,2322,0,0,2322,6BH5
2024-12-31T08:56:24.000000000Z,2024-12-31T08:56:24.000000000Z,160,1,29307,T,A,1.2473,1,4,2323,0,0,2323,6BH5
2024-12-31T08:56:32.000000000Z,2024-12-31T08:56:32.000000000Z,160,1,29307,T,B,1.2474,1,4,2324,0,0,2324,6BH5
2024-12-31T08:56:40.000000000Z,2024-12-31T08:56:40.000000000Z,160,1,29307,T,A,1.2472,2,4,2325,0,0,2325,6BH5
2024-12-31T08:56:48.000000000Z,2024-12-31T08:56:48.000000000Z,160,1,29307,C,A,1.2471,1,4,2326,0,0,2326,6BH5
2024-12-31T08:56:56.000000000Z,2024-12-31T08:56:56.000000000Z,160,1,29307,C,A,1.2473,1,4,2327,0,0,2327,6BH5
2024-12-31T08:57:04.000000000Z,2024-12-31T08:57:04.000000000Z,160,1,29307,F,B,1.2472,1,4,2328,0,0,2328,6BH5
2024-12-31T08:57:12.000000000Z,2024-12-31T08:57:12.000000000Z,160,1,29307,F,B,1.2473,1,4,2329,0,0,2329,6BH5
2024-12-31T08:57:20.000000000Z,2024-12-31T08:57:20.000000000Z,160,1,29307,T,A,1.2473,3,4,2330,0,0,2330,6BH5
2024-12-31T08:57:28.000000000Z,2024-12-31T08:57:28.000000000Z,160,1,29307,A,A,1.2472,1,4,2331,0,0,2331,6BH5
2024-12-31T08:57:36.000000000Z,2024-12-31T08:57:36.000000000Z,160,1,29307,C,A,1.2473,2,4,2332,0,0,2332,6BH5
2024-12-31T08:57:44.000000000Z,2024-12-31T08:57:44.000000000Z,160,1,29307,C,A,1.2474,1,4,2333,0,0,2333,6BH5
2024-12-31T08:57:52.000000000Z,2024-12-31T08:57:52.000000000Z,160,1,29307,T,A,1.2475,1,4,2334,0,0,2334,6BH5
2024-12-31T08:58:00.000000000Z,2024-12-31T08:58:00.000000000Z,160,1,29307,A,B,1.2474,1,4,2335,0,0,2335,6BH5
2024-12-31T08:58:08.000000000Z,2024-12-31T08:58:08.000000000Z,160,1,29307,T,B,1.2472,2,4,2336,0,0,2336,6BH5
2024-12-31T08:58:16.000000000Z,2024-12-31T08:58:16.000000000Z,160,1,29307,R,N,,0,4,2337,0,0,2337,6BH5
2024-12-31T08:58:24.000000000Z,2024-12-31T08:58:24.000000000Z,160,1,29307,A,A,1.2472,2,4,2338,0,0,2338,6BH5
2024-12-31T08:58:32.000000000Z,2024-12-31T08:58:32.000000000Z,160,1,29307,A,B,1.2471,1,4,2339,0,0,2339,6BH5
2024-12-31T08:58:40.000000000Z,2024-12-31T08:58:40.000000000Z,160,1,29307,A,B,1.2469,10,4,2340,0,0,2340,6BH5
2024-12-31T08:58:48.000000000Z,2024-12-31T08:58:48.000000000Z,160,1,29307,C,B,1.2467,2,4,2341,0,0,2341,6BH5
2024-12-31T08:58:56.000000000Z,2024-12-31T08:58:56.000000000Z,160,1,29307,T,A,1.2469,2,4,2342,0,0,2342,6BH5
2024-12-31T08:59:04.000000000Z,2024-12-31T08:59:04.000000000Z,160,1,29307,A,A,1.247,2,4,2343,0,0,2343,6BH5
2024-12-31T08:59:12.000000000Z,2024-12-31T08:59:12.000000000Z,160,1,29307,C,B,1.2472,1,4,2344,0,0,2344,6BH5
2024-12-31T08:59:20.000000000Z,2024-12-31T08:59:20.000000000Z,160,1,29307,A,A,1.2471,2,4,2345,0,0,2345,6BH5
2024-12-31T08:59:28.000000000Z,2024-12-31T08:59:28.000000000Z,160,1,29307,F,B,1.2473,1,4,2346,0,0,2346,6BH5
2024-12-31T08:59:36.000000000Z,2024-12-31T08:59:36.000000000Z,160,1,29307,A,B,1.2471,1,4,2347,0,0,2347,6BH5
2024-12-31T08:59:44.000000000Z,2024-12-31T08:59:44.000000000Z,160,1,29307,R,N,,0,4,2348,0,0,2348,6BH5
2024-12-31T08:59:52.000000000Z,2024-12-31T08:59:52.000000000Z,160,1,29307,F,B,1.2472,1,4,2349,0,0,2349,6BH5
2024-12-31T09:00:00.000000000Z,2024-12-31T09:00:00.000000000Z,160,1,29307,T,A,1.2471,1,4,2350,0,0,2350,6BH5
2024-12-31T09:00:08.000000000Z,2024-12-31T09:00:08.000000000Z,160,1,29307,C,A,1.2471,1,4,2351,0,0,2351,6BH5
2024-12-31T09:00:16.000000000Z,2024-12-31T09:00:16.000000000Z,160,1,29307,C,A,1.2469,1,4,2352,0,0,2352,6BH5
2024-12-31T09:00:24.000000000Z,2024-12-31T09:00:24.000000000Z,160,1,29307,A,A,1.2467,1,4,2353,0,0,2353,6BH5
2024-12-31T09:00:32.000000000Z,2024-12-31T09:00:32.000000000Z,160,1,29307,A,B,1.2468,1,4,2354,0,0,2354,6BH5
2024-12-31T09:00:40.000000000Z,2024-12-31T09:00:40.000000000Z,160,1,29307,T,A,1.2469,5,4,2355,0,0,2355,6BH5
2024-12-31T09:00:48.000000000Z,2024-12-31T09:00:48.000000000Z,160,1,29307,F,B,1.247,3,4,2356,0,0,2356,6BH5
2024-12-31T09:00:56.000000000Z,2024-12-31T09:00:56.000000000Z,160,1,29307,T,A,1.247,3,4,2357,0,0,2357,6BH5
2024-12-31T09:01:04.000000000Z,2024-12-31T09:01:04.000000000Z,160,1,29307,A,A,1.2471,1,4,2358,0,0,2358,6BH5
2024-12-31T09:01:12.000000000Z,2024-12-31T09:01:12.000000000Z,160,1,29307,A,A,1.2469,1,4,2359,0,0,2359,6BH5
2024-12-31T09:01:20.000000000Z,2024-12-31T09:01:20.000000000Z,160,1,29307,R,N,,0,4,2360,0,0,2360,6BH5
2024-12-31T09:01:28.000000000Z,2024-12-31T09:01:28.000000000Z,160,1,29307,A,B,1.247,3,4,2361,0,0,2361,6BH5
2024-12-31T09:01:36.000000000Z,2024-12-31T09:01:36.000000000Z,160,1,29307,F,B,1.2468,2,4,2362,0,0,2362,6BH5
2024-12-31T09:01:44.000000000Z,2024-12-31T09:01:44.000000000Z,160,1,29307,A,B,1.2469,1,4,2363,0,0,2363,6BH5
2024-12-31T09:01:52.000000000Z,2024-12-31T09:01:52.000000000Z,160,1,29307,T,A,1.2468,1,4,2364,0,0,2364,6BH5
2024-12-31T09:02:00.000000000Z,2024-12-31T09:02:00.000000000Z,160,1,29307,T,B,1.2469,2,4,2365,0,0,2365,6BH5
2024-12-31T09:02:08.000000000Z,2024-12-31T09:02:08.000000000Z,160,1,29307,A,B,1.247,1,4,2366,0,0,2366,6BH5
2024-12-31T09:02:16.000000000Z,2024-12-31T09:02:16.000000000Z,160,1,29307,A,A,1.2469,1,4,2367,0,0,2367,6BH5
2024-12-31T09:02:24.000000000Z,2024-12-31T09:02:24.000000000Z,160,1,29307,C,A,1.2468,2,4,2368,0,0,2368,6BH5
2024-12-31T09:02:32.000000000Z,2024-12-31T09:02:32.000000000Z,160,1,29307,C,B,1.2469,2,4,2369,0,0,2369,6BH5
2024-12-31T09:02:40.000000000Z,2024-12-31T09:02:40.000000000Z,160,1,29307,C,A,1.2468,1,4,2370,0,0,2370,6BH5
2024-12-31T09:02:48.000000000Z,2024-12-31T09:02:48.000000000Z,160,1,29307,T,B,1.2467,1,4,2371,0,0,2371,6BH5
2024-12-31T09:02:56.000000000Z,2024-12-31T09:02:56.000000000Z,160,1,29307,T,A,1.2468,10,4,2372,0,0,2372,6BH5
2024-12-31T09:03:04.000000000Z,2024-12-31T09:03:04.000000000Z,160,1,29307,T,B,1.2467,1,4,2373,0,0,2373,6BH5
2024-12-31T09:03:12.000000000Z,2024-12-31T09:03:12.000000000Z,160,1,29307,C,B,1.2469,2,4,2374,0,0,2374,6BH5
2024-12-31T09:03:20.000000000Z,2024-12-31T09:03:20.000000000Z,160,1,29307,A,B,1.2469,2,4,2375,0,0,2375,6BH5
2024-12-31T09:03:28.000000000Z,2024-12-31T09:03:28.000000000Z,160,1,29307,A,B,1.2467,2,4,2376,0,0,2376,6BH5
2024-12-31T09:03:36.000000000Z,2024-12-31T09:03:36.000000000Z,160,1,29307,T,B,1.2468,2,4,2377,0,0,2377,6BH5
2024-12-31T09:03:44.000000000Z,2024-12-31T09:03:44.000000000Z,160,1,29307,C,A,1.2468,1,4,2378,0,0,2378,6BH5
2024-12-31T09:03:52.000000000Z,2024-12-31T09:03:52.000000000Z,160,1,29307,C,B,1.2467,1,4,2379,0,0,2379,6BH5
2024-12-31T09:04:00.000000000Z,2024-12-31T09:04:00.000000000Z,160,1,29307,A,B,1.2467,1,4,2380,0,0,2380,6BH5
2024-12-31T09:04:08.000000000Z,2024-12-31T09:04:08.000000000Z,160,1,29307,A,B,1.2466,1,4,2381,0,0,2381,6BH5
2024-12-31T09:04:16.000000000Z,2024-12-31T09:04:16.000000000Z,160,1,29307,F,B,1.2465,1,4,2382,0,0,2382,6BH5
2024-12-31T09:04:24.000000000Z,2024-12-31T09:04:24.000000000Z,160,1,29307,T,B,1.2464,1,4,2383,0,0,2383,6BH5
2024-12-31T09:04:32.000000000Z,2024-12-31T09:04:32.000000000Z,160,1,29307,T,A,1.2463,2,4,2384,0,0,2384,6BH5
2024-12-31T09:04:40.000000000Z,2024-12-31T09:04:40.000000000Z,160,1,29307,T,A,1.2462,1,4,2385,0,0,2385,6BH5
2024-12-31T09:04:48.000000000Z,2024-12-31T09:04:48.000000000Z,160,1,29307,F,B,1.2463,1,4,2386,0,0,2386,6BH5
2024-12-31T09:04:56.000000000Z,2024-12-31T09:04:56.000000000Z,160,1,29307,F,A,1.2464,1,4,2387,0,0,2387,6BH5
2024-12-31T09:05:04.000000000Z,2024-12-31T09:05:04.000000000Z,160,1,29307,A,B,1.2464,1,4,2388,0,0,2388,6BH5
2024-12-31T09:05:12.000000000Z,2024-12-31T09:05:12.000000000Z,160,1,29307,C,A,1.2465,1,4,2389,0,0,2389,6BH5
2024-12-31T09:05:20.000000000Z,2024-12-31T09:05:20.000000000Z,160,1,29307,C,A,1.2466,1,4,2390,0,0,2390,6BH5
2024-12-31T09:05:28.000000000Z,2024-12-31T09:05:28.000000000Z,160,1,29307,T,B,1.2466,1,4,2391,0,0,2391,6BH5
2024-12-31T09:05:36.000000000Z,2024-12-31T09:05:36.000000000Z,160,1,29307,T,A,1.2467,2,4,2392,0,0,2392,6BH5
2024-12-31T09:05:44.000000000Z,2024-12-31T09:05:44.000000000Z,160,1,29307,A,A,1.2466,5,4,2393,0,0,2393,6BH5
2024-12-31T09:05:52.000000000Z,2024-12-31T09:05:52.000000000Z,160,1,29307,A,B,1.2468,5,4,2394,0,0,2394,6BH5
2024-12-31T09:06:00.000000000Z,2024-12-31T09:06:00.000000000Z,160,1,29307,T,B,1.2466,1,4,2395,0,0,2395,6BH5
2024-12-31T09:06:08.000000000Z,2024-12-31T09:06:08.000000000Z,160,1,29307,A,A,1.2465,1,4,2396,0,0,2396,6BH5
2024-12-31T09:06:16.000000000Z,2024-12-31T09:06:16.000000000Z,160,1,29307,A,A,1.2466,1,4,2397,0,0,2397,6BH5
2024-12-31T09:06:24.000000000Z,2024-12-31T09:06:24.000000000Z,160,1,29307,R,N,,0,4,2398,0,0,2398,6BH5
2024-12-31T09:06:32.000000000Z,2024-12-31T09:06:32.000000000Z,160,1,29307,A,B,1.2463,1,4,2399,0,0,2399,6BH5
2024-12-31T13:30:00.000000000Z,2024-12-31T13:30:00.000000000Z,160,1,29307,F,A,1.2463,1,4,2400,0,0,2400,6BH5
2024-12-31T13:30:07.000000000Z,2024-12-31T13:30:07.000000000Z,160,1,29307,R,N,,0,4,2401,0,0,2401,6BH5
2024-12-31T13:30:14.000000000Z,2024-12-31T13:30:14.000000000Z,160,1,29307,A,A,1.2464,1,4,2402,0,0,2402,6BH5
2024-12-31T13:30:21.000000000Z,2024-12-31T13:30:21.000000000Z,160,1,29307,C,B,1.2465,1,4,2403,0,0,2403,6BH5
2024-12-31T13:30:28.000000000Z,2024-12-31T13:30:28.000000000Z,160,1,29307,F,B,1.2463,1,4,2404,0,0,2404,6BH5
2024-12-31T13:30:35.000000000Z,2024-12-31T13:30:35.000000000Z,160,1,29307,T,B,1.2461,1,4,2405,0,0,2405,6BH5
2024-12-31T13:30:42.000000000Z,2024-12-31T13:30:42.000000000Z,160,1,29307,R,N,,0,4,2406,0,0,2406,6BH5
2024-12-31T13:30:49.000000000Z,2024-12-31T13:30:49.000000000Z,160,1,29307,A,A,1.2461,1,4,2407,0,0,2407,6BH5
2024-12-31T13:30:56.000000000Z,2024-12-31T13:30:56.000000000Z,160,1,29307,F,B,1.2462,1,4,2408,0,0,2408,6BH5
2024-12-31T13:31:03.000000000Z,2024-12-31T13:31:03.000000000Z,160,1,29307,A,A,1.2461,1,4,2409,0,0,2409,6BH5
2024-12-31T13:31:10.000000000Z,2024-12-31T13:31:10.000000000Z,160,1,29307,T,A,1.2461,1,4,2410,0,0,2410,6BH5
2024-12-31T13:31:17.000000000Z,2024-12-31T13:31:17.000000000Z,160,1,29307,A,A,1.2461,1,4,2411,0,0,2411,6BH5
2024-12-31T13:31:24.000000000Z,2024-12-31T13:31:24.000000000Z,160,1,29307,T,A,1.2461,5,4,2412,0,0,2412,6BH5
2024-12-31T13:31:31.000000000Z,2024-12-31T13:31:31.000000000Z,160,1,29307,T,B,1.2461,10,4,2413,0,0,2413,6BH5
2024-12-31T13:31:38.000000000Z,2024-12-31T13:31:38.000000000Z,160,1,29307,R,N,,0,4,2414,0,0,2414,6BH5
2024-12-31T13:31:45.000000000Z,2024-12-31T13:31:45.000000000Z,160,1,29307,A,B,1.246,1,4,2415,0,0,2415,6BH5
2024-12-31T13:31:52.000000000Z,2024-12-31T13:31:52.000000000Z,160,1,29307,A,B,1.2458,1,4,2416,0,0,2416,6BH5
2024-12-31T13:31:59.000000000Z,2024-12-31T13:31:59.000000000Z,160,1,29307,T,B,1.2456,1,4,2417,0,0,2417,6BH5
2024-12-31T13:32:06.000000000Z,2024-12-31T13:32:06.000000000Z,160,1,29307,R,N,,0,4,2418,0,0,2418,6BH5
2024-12-31T13:32:13.000000000Z,2024-12-31T13:32:13.000000000Z,160,1,29307,C,B,1.2455,2,4,2419,0,0,2419,6BH5
2024-12-31T13:32:20.000000000Z,2024-12-31T13:32:20.000000000Z,160,1,29307,T,B,1.2455,2,4,2420,0,0,2420,6BH5
2024-12-31T13:32:27.000000000Z,2024-12-31T13:32:27.000000000Z,160,1,29307,A,B,1.2454,1,4,2421,0,0,2421,6BH5
2024-12-31T13:32:34.000000000Z,2024-12-31T13:32:34.000000000Z,160,1,29307,A,B,1.2455,1,4,2422,0,0,2422,6BH5
2024-12-31T13:32:41.000000000Z,2024-12-31T13:32:41.000000000Z,160,1,29307,A,A,1.2457,1,4,2423,0,0,2423,6BH5
2024-12-31T13:32:48.000000000Z,2024-12-31T13:32:48.000000000Z,160,1,29307,A,A,1.2456,1,4,2424,0,0,2424,6BH5
2024-12-31T13:32:55.000000000Z,2024-12-31T13:32:55.000000000Z,160,1,29307,F,A,1.2455,1,4,2425,0,0,2425,6BH5
2024-12-31T13:33:02.000000000Z,2024-12-31T13:33:02.000000000Z,160,1,29307,T,A,1.2453,1,4,2426,0,0,2426,6BH5
2024-12-31T13:33:09.000000000Z,2024-12-31T13:33:09.000000000Z,160,1,29307,C,A,1.2454,2,4,2427,0,0,2427,6BH5
2024-12-31T13:33:16.000000000Z,2024-12-31T13:33:16.000000000Z,160,1,29307,C,B,1.2454,1,4,2428,0,0,2428,6BH5
2024-12-31T13:33:23.000000000Z,2024-12-31T13:33:23.000000000Z,160,1,29307,A,A,1.2453,1,4,2429,0,0,2429,6BH5
2024-12-31T13:33:30.000000000Z,2024-12-31T13:33:30.000000000Z,160,1,29307,F,A,1.2454,1,4,2430,0,0,2430,6BH5
2024-12-31T13:33:37.000000000Z,2024-12-31T13:33:37.000000000Z,160,1,29307,T,A,1.2452,1,4,2431,0,0,2431,6BH5
2024-12-31T13:33:44.000000000Z,2024-12-31T13:33:44.000000000Z,160,1,29307,C,B,1.2452,2,4,2432,0,0,2432,6BH5
2024-12-31T13:33:51.000000000Z,2024-12-31T13:33:51.000000000Z,160,1,29307,R,N,,0,4,2433,0,0,2433,6BH5
2024-12-31T13:33:58.000000000Z,2024-12-31T13:33:58.000000000Z,160,1,29307,A,A,1.2453,1,4,2434,0,0,2434,6BH5
2024-12-31T13:34:05.000000000Z,2024-12-31T13:34:05.000000000Z,160,1,29307,T,B,1.2451,2,4,2435,0,0,2435,6BH5
2024-12-31T13:34:12.000000000Z,2024-12-31T13:34:12.000000000Z,160,1,29307,T,B,1.2453,1,4,2436,0,0,2436,6BH5
2024-12-31T13:34:19.000000000Z,2024-12-31T13:34:19.000000000Z,160,1,29307,T,A,1.2454,1,4,2437,0,0,2437,6BH5
2024-12-31T13:34:26.000000000Z,2024-12-31T13:34:26.000000000Z,160,1,29307,T,B,1.2453,2,4,2438,0,0,2438,6BH5
2024-12-31T13:34:33.000000000Z,2024-12-31T13:34:33.000000000Z,160,1,29307,C,B,1.2452,2,4,2439,0,0,2439,6BH5
2024-12-31T13:34:40.000000000Z,2024-12-31T13:34:40.000000000Z,160,1,29307,A,B,1.2452,1,4,2440,0,0,2440,6BH5
2024-12-31T13:34:47.000000000Z,2024-12-31T13:34:47.000000000Z,160,1,29307,C,A,1.2453,1,4,2441,0,0,2441,6BH5
2024-12-31T13:34:54.000000000Z,2024-12-31T13:34:54.000000000Z,160,1,29307,C,A,1.2454,1,4,2442,0,0,2442,6BH5
2024-12-31T13:35:01.000000000Z,2024-12-31T13:35:01.000000000Z,160,1,29307,T,A,1.2454,2,4,2443,0,0,2443,6BH5
2024-12-31T13:35:08.000000000Z,2024-12-31T13:35:08.000000000Z,160,1,29307,A,B,1.2456,1,4,2444,0,0,2444,6BH5
2024-12-31T13:35:15.000000000Z,2024-12-31T13:35:15.000000000Z,160,1,29307,C,A,1.2454,2,4,2445,0,0,2445,6BH5
2024-12-31T13:35:22.000000000Z,2024-12-31T13:35:22.000000000Z,160,1,29307,T,B,1.2452,2,4,2446,0,0,2446,6BH5
2024-12-31T13:35:29.000000000Z,2024-12-31T13:35:29.000000000Z,160,1,29307,A,B,1.2454,3,4,2447,0,0,2447,6BH5
2024-12-31T13:35:36.000000000Z,2024-12-31T13:35:36.000000000Z,160,1,29307,T,B,1.2455,1,4,2448,0,0,2448,6BH5
2024-12-31T13:35:43.000000000Z,2024-12-31T13:35:43.000000000Z,160,1,29307,F,A,1.2455,1,4,2449,0,0,2449,6BH5
2024-12-31T13:35:50.000000000Z,2024-12-31T13:35:50.000000000Z,160,1,29307,C,A,1.2456,1,4,2450,0,0,2450,6BH5
2024-12-31T13:35:57.000000000Z,2024-12-31T13:35:57.000000000Z,160,1,29307,A,A,1.2458,2,4,2451,0,0,2451,6BH5
2024-12-31T13:36:04.000000000Z,2024-12-31T13:36:04.000000000Z,160,1,29307,T,A,1.2459,1,4,2452,0,0,2452,6BH5
2024-12-31T13:36:11.000000000Z,2024-12-31T13:36:11.000000000Z,160,1,29307,A,B,1.246,1,4,2453,0,0,2453,6BH5
2024-12-31T13:36:18.000000000Z,2024-12-31T13:36:18.000000000Z,160,1,29307,C,A,1.2461,1,4,2454,0,0,2454,6BH5
2024-12-31T13:36:25.000000000Z,2024-12-31T13:36:25.000000000Z,160,1,29307,F,B,1.246,1,4,2455,0,0,2455,6BH5
2024-12-31T13:36:32.000000000Z,2024-12-31T13:36:32.000000000Z,160,1,29307,R,N,,0,4,2456,0,0,2456,6BH5
2024-12-31T13:36:39.000000000Z,2024-12-31T13:36:39.000000000Z,160,1,29307,C,A,1.246,1,4,2457,0,0,2457,6BH5
2024-12-31T13:36:46.000000000Z,2024-12-31T13:36:46.000000000Z,160,1,29307,A,A,1.2462,1,4,2458,0,0,2458,6BH5
2024-12-31T13:36:53.000000000Z,2024-12-31T13:36:53.000000000Z,160,1,29307,C,B,1.2462,1,4,2459,0,0,2459,6BH5
2024-12-31T13:37:00.000000000Z,2024-12-31T13:37:00.000000000Z,160,1,29307,F,B,1.2463,1,4,2460,0,0,2460,6BH5
2024-12-31T13:37:07.000000000Z,2024-12-31T13:37:07.000000000Z,160,1,29307,T,B,1.2463,2,4,2461,0,0,2461,6BH5
2024-12-31T13:37:14.000000000Z,2024-12-31T13:37:14.000000000Z,160,1,29307,F,B,1.2461,2,4,2462,0,0,2462,6BH5
2024-12-31T13:37:21.000000000Z,2024-12-31T13:37:21.000000000Z,160,1,29307,C,B,1.246,1,4,2463,0,0,2463,6BH5
2024-12-31T13:37:28.000000000Z,2024-12-31T13:37:28.000000000Z,160,1,29307,F,A,1.2462,1,4,2464,0,0,2464,6BH5
2024-12-31T13:37:35.000000000Z,2024-12-31T13:37:35.000000000Z,160,1,29307,C,B,1.2464,2,4,2465,0,0,2465,6BH5
2024-12-31T13:37:42.000000000Z,2024-12-31T13:37:42.000000000Z,160,1,29307,A,B,1.2463,1,4,2466,0,0,2466,6BH5
2024-12-31T13:37:49.000000000Z,2024-12-31T13:37:49.000000000Z,160,1,29307,A,B,1.2465,1,4,2467,0,0,2467,6BH5
2024-12-31T13:37:56.000000000Z,2024-12-31T13:37:56.000000000Z,160,1,29307,T,B,1.2466,1,4,2468,0,0,2468,6BH5
2024-12-31T13:38:03.000000000Z,2024-12-31T13:38:03.000000000Z,160,1,29307,C,A,1.2467,1,4,2469,0,0,2469,6BH5
2024-12-31T13:38:10.000000000Z,2024-12-31T13:38:10.000000000Z,160,1,29307,C,B,1.2465,1,4,2470,0,0,2470,6BH5
2024-12-31T13:38:17.000000000Z,2024-12-31T13:38:17.000000000Z,160,1,29307,C,A,1.2467,2,4,2471,0,0,2471,6BH5
2024-12-31T13:38:24.000000000Z,2024-12-31T13:38:24.000000000Z,160,1,29307,R,N,,0,4,2472,0,0,2472,6BH5
2024-12-31T13:38:31.000000000Z,2024-12-31T13:38:31.000000000Z,160,1,29307,F,A,1.2469,1,4,2473,0,0,2473,6BH5
2024-12-31T13:38:38.000000000Z,2024-12-31T13:38:38.000000000Z,160,1,29307,A,B,1.247,1,4,2474,0,0,2474,6BH5
2024-12-31T13:38:45.000000000Z,2024-12-31T13:38:45.000000000Z,160,1,29307,C,A,1.2471,1,4,2475,0,0,2475,6BH5
2024-12-31T13:38:52.000000000Z,2024-12-31T13:38:52.000000000Z,160,1,29307,A,B,1.2472,1,4,2476,0,0,2476,6BH5
2024-12-31T13:38:59.000000000Z,2024-12-31T13:38:59.000000000Z,160,1,29307,F,B,1.2471,1,4,2477,0,0,2477,6BH5
2024-12-31T13:39:06.000000000Z,2024-12-31T13:39:06.000000000Z,160,1,29307,C,B,1.247,1,4,2478,0,0,2478,6BH5
2024-12-31T13:39:13.000000000Z,2024-12-31T13:39:13.000000000Z,160,1,29307,A,B,1.2469,2,4,2479,0,0,2479,6BH5
2024-12-31T13:39:20.000000000Z,2024-12-31T13:39:20.000000000Z,160,1,29307,F,B,1.2467,1,4,2480,0,0,2480,6BH5
2024-12-31T13:39:27.000000000Z,2024-12-31T13:39:27.000000000Z,160,1,29307,C,A,1.2467,2,4,2481,0,0,2481,6BH5
2024-12-31T13:39:34.000000000Z,2024-12-31T13:39:34.000000000Z,160,1,29307,T,A,1.2468,1,4,2482,0,0,2482,6BH5
2024-12-31T13:39:41.000000000Z,2024-12-31T13:39:41.000000000Z,160,1,29307,F,B,1.247,1,4,2483,0,0,2483,6BH5
2024-12-31T13:39:48.000000000Z,2024-12-31T13:39:48.000000000Z,160,1,29307,F,A,1.2468,1,4,2484,0,0,2484,6BH5
2024-12-31T13:39:55.000000000Z,2024-12-31T13:39:55.000000000Z,160,1,29307,R,N,,0,4,2485,0,0,2485,6BH5
2024-12-31T13:40:02.000000000Z,2024-12-31T13:40:02.000000000Z,160,1,29307,A,A,1.2466,2,4,2486,0,0,2486,6BH5
2024-12-31T13:40:09.000000000Z,2024-12-31T13:40:09.000000000Z,160,1,29307,T,A,1.2464,1,4,2487,0,0,2487,6BH5
2024-12-31T13:40:16.000000000Z,2024-12-31T13:40:16.000000000Z,160,1,29307,T,A,1.2462,1,4,2488,0,0,2488,6BH5
2024-12-31T13:40:23.000000000Z,2024-12-31T13:40:23.000000000Z,160,1,29307,R,N,,0,4,2489,0,0,2489,6BH5
2024-12-31T13:40:30.000000000Z,2024-12-31T13:40:30.000000000Z,160,1,29307,F,A,1.2461,1,4,2490,0,0,2490,6BH5
2024-12-31T13:40:37.000000000Z,2024-12-31T13:40:37.000000000Z,160,1,29307,F,B,1.2462,1,4,2491,0,0,2491,6BH5
2024-12-31T13:40:44.000000000Z,2024-12-31T13:40:44.000000000Z,160,1,29307,F,B,1.2461,1,4,2492,0,0,2492,6BH5
2024-12-31T13:40:51.000000000Z,2024-12-31T13:40:51.000000000Z,160,1,29307,C,A,1.2463,5,4,2493,0,0,2493,6BH5
2024-12-31T13:40:58.000000000Z,2024-12-31T13:40:58.000000000Z,160,1,29307,R,N,,0,4,2494,0,0,2494,6BH5
2024-12-31T13:41:05.000000000Z,2024-12-31T13:41:05.000000000Z,160,1,29307,C,A,1.2466,1,4,2495,0,0,2495,6BH5
2024-12-31T13:41:12.000000000Z,2024-12-31T13:41:12.000000000Z,160,1,29307,T,B,1.2468,1,4,2496,0,0,2496,6BH5
2024-12-31T13:41:19.000000000Z,2024-12-31T13:41:19.000000000Z,160,1,29307,A,A,1.247,1,4,2497,0,0,2497,6BH5
2024-12-31T13:41:26.000000000Z,2024-12-31T13:41:26.000000000Z,160,1,29307,C,A,1.2472,1,4,2498,0,0,2498,6BH5
2024-12-31T13:41:33.000000000Z,2024-12-31T13:41:33.000000000Z,160,1,29307,F,A,1.2473,2,4,2499,0,0,2499,6BH5
2024-12-31T13:41:40.000000000Z,2024-12-31T13:41:40.000000000Z,160,1,29307,T,B,1.2472,2,4,2500,0,0,2500,6BH5
2024-12-31T13:41:47.000000000Z,2024-12-31T13:41:47.000000000Z,160,1,29307,T,B,1.2471,1,4,2501,0,0,2501,6BH5
2024-12-31T13:41:54.000000000Z,2024-12-31T13:41:54.000000000Z,160,1,29307,T,A,1.247,1,4,2502,0,0,2502,6BH5
2024-12-31T13:42:01.000000000Z,2024-12-31T13:42:01.000000000Z,160,1,29307,R,N,,0,4,2503,0,0,2503,6BH5
2024-12-31T13:42:08.000000000Z,2024-12-31T13:42:08.000000000Z,160,1,29307,F,B,1.2471,10,4,2504,0,0,2504,6BH5
2024-12-31T13:42:15.000000000Z,2024-12-31T13:42:15.000000000Z,160,1,29307,C,B,1.2473,1,4,2505,0,0,2505,6BH5
2024-12-31T13:42:22.000000000Z,2024-12-31T13:42:22.000000000Z,160,1,29307,A,B,1.2475,1,4,2506,0,0,2506,6BH5
2024-12-31T13:42:29.000000000Z,2024-12-31T13:42:29.000000000Z,160,1,29307,C,B,1.2475,1,4,2507,0,0,2507,6BH5
2024-12-31T13:42:36.000000000Z,2024-12-31T13:42:36.000000000Z,160,1,29307,A,B,1.2475,2,4,2508,0,0,2508,6BH5
2024-12-31T13:42:43.000000000Z,2024-12-31T13:42:43.000000000Z,160,1,29307,C,A,1.2477,1,4,2509,0,0,2509,6BH5
2024-12-31T13:42:50.000000000Z,2024-12-31T13:42:50.000000000Z,160,1,29307,C,B,1.2476,2,4,2510,0,0,2510,6BH5
2024-12-31T13:42:57.000000000Z,2024-12-31T13:42:57.000000000Z,160,1,29307,A,A,1.2477,1,4,2511,0,0,2511,6BH5
2024-12-31T13:43:04.000000000Z,2024-12-31T13:43:04.000000000Z,160,1,29307,R,N,,0,4,2512,0,0,2512,6BH5
2024-12-31T13:43:11.000000000Z,2024-12-31T13:43:11.000000000Z,160,1,29307,A,B,1.2477,1,4,2513,0,0,2513,6BH5
2024-12-31T13:43:18.000000000Z,2024-12-31T13:43:18.000000000Z,160,1,29307,A,B,1.2476,3,4,2514,0,0,2514,6BH5
2024-12-31T13:43:25.000000000Z,2024-12-31T13:43:25.000000000Z,160,1,29307,T,A,1.2478,1,4,2515,0,0,2515,6BH5
2024-12-31T13:43:32.000000000Z,2024-12-31T13:43:32.000000000Z,160,1,29307,C,B,1.2478,2,4,2516,0,0,2516,6BH5
2024-12-31T13:43:39.000000000Z,2024-12-31T13:43:39.000000000Z,160,1,29307,R,N,,0,4,2517,0,0,2517,6BH5
2024-12-31T13:43:46.000000000Z,2024-12-31T13:43:46.000000000Z,160,1,29307,C,B,1.2476,3,4,2518,0,0,2518,6BH5
2024-12-31T13:43:53.000000000Z,2024-12-31T13:43:53.000000000Z,160,1,29307,A,B,1.2476,2,4,2519,0,0,2519,6BH5
2024-12-31T13:44:00.000000000Z,2024-12-31T13:44:00.000000000Z,160,1,29307,F,B,1.2478,1,4,2520,0,0,2520,6BH5
2024-12-31T13:44:07.000000000Z,2024-12-31T13:44:07.000000000Z,160,1,29307,F,A,1.2479,2,4,2521,0,0,2521,6BH5
2024-12-31T13:44:14.000000000Z,2024-12-31T13:44:14.000000000Z,160,1,29307,F,B,1.2479,1,4,2522,0,0,2522,6BH5
2024-12-31T13:44:21.000000000Z,2024-12-31T13:44:21.000000000Z,160,1,29307,A,A,1.2478,1,4,2523,0,0,2523,6BH5
2024-12-31T13:44:28.000000000Z,2024-12-31T13:44:28.000000000Z,160,1,29307,A,B,1.2478,1,4,2524,0,0,2524,6BH5
2024-12-31T13:44:35.000000000Z,2024-12-31T13:44:35.000000000Z,160,1,29307,A,A,1.2479,3,4,2525,0,0,2525,6BH5
2024-12-31T13:44:42.000000000Z,2024-12-31T13:44:42.000000000Z,160,1,29307,T,B,1.248,3,4,2526,0,0,2526,6BH5
2024-12-31T13:44:49.000000000Z,2024-12-31T13:44:49.000000000Z,160,1,29307,C,A,1.2479,1,4,2527,0,0,2527,6BH5
2024-12-31T13:44:56.000000000Z,2024-12-31T13:44:56.000000000Z,160,1,29307,A,A,1.248,2,4,2528,0,0,2528,6BH5
2024-12-31T13:45:03.000000000Z,2024-12-31T13:45:03.000000000Z,160,1,29307,R,N,,0,4,2529,0,0,2529,6BH5
2024-12-31T13:45:10.000000000Z,2024-12-31T13:45:10.000000000Z,160,1,29307,C,A,1.2483,2,4,2530,0,0,2530,6BH5
2024-12-31T13:45:17.000000000Z,2024-12-31T13:45:17.000000000Z,160,1,29307,C,A,1.2485,1,4,2531,0,0,2531,6BH5
2024-12-31T13:45:24.000000000Z,2024-12-31T13:45:24.000000000Z,160,1,29307,R,N,,0,4,2532,0,0,2532,6BH5
2024-12-31T13:45:31.000000000Z,2024-12-31T13:45:31.000000000Z,160,1,29307,A,B,1.2487,1,4,2533,0,0,2533,6BH5
2024-12-31T13:45:38.000000000Z,2024-12-31T13:45:38.000000000Z,160,1,29307,A,A,1.2486,1,4,2534,0,0,2534,6BH5
2024-12-31T13:45:45.000000000Z,2024-12-31T13:45:45.000000000Z,160,1,29307,A,A,1.2487,1,4,2535,0,0,2535,6BH5
2024-12-31T13:45:52.000000000Z,2024-12-31T13:45:52.000000000Z,160,1,29307,F,A,1.2487,1,4,2536,0,0,2536,6BH5
2024-12-31T13:45:59.000000000Z,2024-12-31T13:45:59.000000000Z,160,1,29307,A,B,1.2486,1,4,2537,0,0,2537,6BH5
2024-12-31T13:46:06.000000000Z,2024-12-31T13:46:06.000000000Z,160,1,29307,C,B,1.2485,5,4,2538,0,0,2538,6BH5
2024-12-31T13:46:13.000000000Z,2024-12-31T13:46:13.000000000Z,160,1,29307,A,B,1.2486,1,4,2539,0,0,2539,6BH5
2024-12-31T13:46:20.000000000Z,2024-12-31T13:46:20.000000000Z,160,1,29307,C,A,1.2484,5,4,2540,0,0,2540,6BH5
2024-12-31T13:46:27.000000000Z,2024-12-31T13:46:27.000000000Z,160,1,29307,A,B,1.2484,1,4,2541,0,0,2541,6BH5
2024-12-31T13:46:34.000000000Z,2024-12-31T13:46:34.000000000Z,160,1,29307,C,B,1.2484,1,4,2542,0,0,2542,6BH5
2024-12-31T13:46:41.000000000Z,2024-12-31T13:46:41.000000000Z,160,1,29307,A,A,1.2482,1,4,2543,0,0,2543,6BH5
2024-12-31T13:46:48.000000000Z,2024-12-31T13:46:48.000000000Z,160,1,29307,C,A,1.2481,2,4,2544,0,0,2544,6BH5
2024-12-31T13:46:55.000000000Z,2024-12-31T13:46:55.000000000Z,160,1,29307,A,B,1.2482,2,4,2545,0,0,2545,6BH5
2024-12-31T13:47:02.000000000Z,2024-12-31T13:47:02.000000000Z,160,1,29307,R,N,,0,4,2546,0,0,2546,6BH5
2024-12-31T13:47:09.000000000Z,2024-12-31T13:47:09.000000000Z,160,1,29307,C,A,1.2482,1,4,2547,0,0,2547,6BH5
2024-12-31T13:47:16.000000000Z,2024-12-31T13:47:16.000000000Z,160,1,29307,A,A,1.2484,1,4,2548,0,0,2548,6BH5
2024-12-31T13:47:23.000000000Z,2024-12-31T13:47:23.000000000Z,160,1,29307,A,A,1.2485,1,4,2549,0,0,2549,6BH5
2024-12-31T13:47:30.000000000Z,2024-12-31T13:47:30.000000000Z,160,1,29307,T,B,1.2485,2,4,2550,0,0,2550,6BH5
2024-12-31T13:47:37.000000000Z,2024-12-31T13:47:37.000000000Z,160,1,29307,C,A,1.2486,1,4,2551,0,0,2551,6BH5
2024-12-31T13:47:44.000000000Z,2024-12-31T13:47:44.000000000Z,160,1,29307,C,B,1.2488,1,4,2552,0,0,2552,6BH5
2024-12-31T13:47:51.000000000Z,2024-12-31T13:47:51.000000000Z,160,1,29307,F,B,1.2488,2,4,2553,0,0,2553,6BH5
2024-12-31T13:47:58.000000000Z,2024-12-31T13:47:58.000000000Z,160,1,29307,F,B,1.2487,10,4,2554,0,0,2554,6BH5
2024-12-31T13:48:05.000000000Z,2024-12-31T13:48:05.000000000Z,160,1,29307,T,B,1.2489,1,4,2555,0,0,2555,6BH5
2024-12-31T13:48:12.000000000Z,2024-12-31T13:48:12.000000000Z,160,1,29307,A,A,1.249,1,4,2556,0,0,2556,6BH5
2024-12-31T13:48:19.000000000Z,2024-12-31T13:48:19.000000000Z,160,1,29307,T,A,1.2488,1,4,2557,0,0,2557,6BH5
2024-12-31T13:48:26.000000000Z,2024-12-31T13:48:26.000000000Z,160,1,29307,F,A,1.2488,1,4,2558,0,0,2558,6BH5
2024-12-31T13:48:33.000000000Z,2024-12-31T13:48:33.000000000Z,160,1,29307,C,B,1.2488,1,4,2559,0,0,2559,6BH5
2024-12-31T13:48:40.000000000Z,2024-12-31T13:48:40.000000000Z,160,1,29307,A,B,1.249,2,4,2560,0,0,2560,6BH5
2024-12-31T13:48:47.000000000Z,2024-12-31T13:48:47.000000000Z,160,1,29307,C,B,1.249,2,4,2561,0,0,2561,6BH5
2024-12-31T13:48:54.000000000Z,2024-12-31T13:48:54.000000000Z,160,1,29307,A,A,1.2489,1,4,2562,0,0,2562,6BH5
2024-12-31T13:49:01.000000000Z,2024-12-31T13:49:01.000000000Z,160,1,29307,T,B,1.249,1,4,2563,0,0,2563,6BH5
2024-12-31T13:49:08.000000000Z,2024-12-31T13:49:08.000000000Z,160,1,29307,T,A,1.249,1,4,2564,0,0,2564,6BH5
2024-12-31T13:49:15.000000000Z,2024-12-31T13:49:15.000000000Z,160,1,29307,F,A,1.2489,1,4,2565,0,0,2565,6BH5
2024-12-31T13:49:22.000000000Z,2024-12-31T13:49:22.000000000Z,160,1,29307,C,A,1.2489,1,4,2566,0,0,2566,6BH5
2024-12-31T13:49:29.000000000Z,2024-12-31T13:49:29.000000000Z,160,1,29307,T,A,1.249,1,4,2567,0,0,2567,6BH5
2024-12-31T13:49:36.000000000Z,2024-12-31T13:49:36.000000000Z,160,1,29307,A,B,1.2488,1,4,2568,0,0,2568,6BH5
2024-12-31T13:49:43.000000000Z,2024-12-31T13:49:43.000000000Z,160,1,29307,T,A,1.2489,1,4,2569,0,0,2569,6BH5
2024-12-31T13:49:50.000000000Z,2024-12-31T13:49:50.000000000Z,160,1,29307,F,B,1.2488,1,4,2570,0,0,2570,6BH5
2024-12-31T13:49:57.000000000Z,2024-12-31T13:49:57.000000000Z,160,1,29307,T,A,1.2487,1,4,2571,0,0,2571,6BH5
2024-12-31T13:50:04.000000000Z,2024-12-31T13:50:04.000000000Z,160,1,29307,T,B,1.2486,1,4,2572,0,0,2572,6BH5
2024-12-31T13:50:11.000000000Z,2024-12-31T13:50:11.000000000Z,160,1,29307,C,B,1.2485,1,4,2573,0,0,2573,6BH5
2024-12-31T13:50:18.000000000Z,2024-12-31T13:50:18.000000000Z,160,1,29307,T,A,1.2486,1,4,2574,0,0,2574,6BH5
2024-12-31T13:50:25.000000000Z,2024-12-31T13:50:25.000000000Z,160,1,29307,T,A,1.2485,1,4,2575,0,0,2575,6BH5
2024-12-31T13:50:32.000000000Z,2024-12-31T13:50:32.000000000Z,160,1,29307,A,A,1.2486,1,4,2576,0,0,2576,6BH5
2024-12-31T13:50:39.000000000Z,2024-12-31T13:50:39.000000000Z,160,1,29307,F,B,1.2484,5,4,2577,0,0,2577,6BH5
2024-12-31T13:50:46.000000000Z,2024-12-31T13:50:46.000000000Z,160,1,29307,T,A,1.2486,1,4,2578,0,0,2578,6BH5
2024-12-31T13:50:53.000000000Z,2024-12-31T13:50:53.000000000Z,160,1,29307,A,A,1.2487,1,4,2579,0,0,2579,6BH5
2024-12-31T13:51:00.000000000Z,2024-12-31T13:51:00.000000000Z,160,1,29307,F,B,1.2488,1,4,2580,0,0,2580,6BH5
2024-12-31T13:51:07.000000000Z,2024-12-31T13:51:07.000000000Z,160,1,29307,T,A,1.2487,1,4,2581,0,0,2581,6BH5
2024-12-31T13:51:14.000000000Z,2024-12-31T13:51:14.000000000Z,160,1,29307,C,B,1.2487,3,4,2582,0,0,2582,6BH5
2024-12-31T13:51:21.000000000Z,2024-12-31T13:51:21.000000000Z,160,1,29307,A,A,1.2486,2,4,2583,0,0,2583,6BH5
2024-12-31T13:51:28.000000000Z,2024-12-31T13:51:28.000000000Z,160,1,29307,C,B,1.2488,1,4,2584,0,0,2584,6BH5
2024-12-31T13:51:35.000000000Z,2024-12-31T13:51:35.000000000Z,160,1,29307,C,B,1.2488,1,4,2585,0,0,2585,6BH5
2024-12-31T13:51:42.000000000Z,2024-12-31T13:51:42.000000000Z,160,1,29307,A,A,1.2489,1,4,2586,0,0,2586,6BH5
2024-12-31T13:51:49.000000000Z,2024-12-31T13:51:49.000000000Z,160,1,29307,R,N,,0,4,2587,0,0,2587,6BH5
2024-12-31T13:51:56.000000000Z,2024-12-31T13:51:56.000000000Z,160,1,29307,R,N,,0,4,2588,0,0,2588,6BH5
2024-12-31T13:52:03.000000000Z,2024-12-31T13:52:03.000000000Z,160,1,29307,A,A,1.249,1,4,2589,0,0,2589,6BH5
2024-12-31T13:52:10.000000000Z,2024-12-31T13:52:10.000000000Z,160,1,29307,A,B,1.2491,1,4,2590,0,0,2590,6BH5
2024-12-31T13:52:17.000000000Z,2024-12-31T13:52:17.000000000Z,160,1,29307,T,A,1.2492,1,4,2591,0,0,2591,6BH5
2024-12-31T13:52:24.000000000Z,2024-12-31T13:52:24.000000000Z,160,1,29307,T,B,1.2492,2,4,2592,0,0,2592,6BH5
2024-12-31T13:52:31.000000000Z,2024-12-31T13:52:31.000000000Z,160,1,29307,A,B,1.2491,1,4,2593,0,0,2593,6BH5
2024-12-31T13:52:38.000000000Z,2024-12-31T13:52:38.000000000Z,160,1,29307,F,B,1.249,1,4,2594,0,0,2594,6BH5
2024-12-31T13:52:45.000000000Z,2024-12-31T13:52:45.000000000Z,160,1,29307,T,B,1.2491,1,4,2595,0,0,2595,6BH5
2024-12-31T13:52:52.000000000Z,2024-12-31T13:52:52.000000000Z,160,1,29307,T,B,1.2492,1,4,2596,0,0,2596,6BH5
2024-12-31T13:52:59.000000000Z,2024-12-31T13:52:59.000000000Z,160,1,29307,C,B,1.2492,2,4,2597,0,0,2597,6BH5
2024-12-31T13:53:06.000000000Z,2024-12-31T13:53:06.000000000Z,160,1,29307,A,B,1.2494,1,4,2598,0,0,2598,6BH5
2024-12-31T13:53:13.000000000Z,2024-12-31T13:53:13.000000000Z,160,1,29307,R,N,,0,4,2599,0,0,2599,6BH5
2024-12-31T13:53:20.000000000Z,2024-12-31T13:53:20.000000000Z,160,1,29307,A,A,1.2494,1,4,2600,0,0,2600,6BH5
2024-12-31T13:53:27.000000000Z,2024-12-31T13:53:27.000000000Z,160,1,29307,A,A,1.2496,2,4,2601,0,0,2601,6BH5
2024-12-31T13:53:34.000000000Z,2024-12-31T13:53:34.000000000Z,160,1,29307,T,B,1.2498,2,4,2602,0,0,2602,6BH5
2024-12-31T13:53:41.000000000Z,2024-12-31T13:53:41.000000000Z,160,1,29307,C,A,1.2499,1,4,2603,0,0,2603,6BH5
2024-12-31T13:53:48.000000000Z,2024-12-31T13:53:48.000000000Z,160,1,29307,A,A,1.2498,1,4,2604,0,0,2604,6BH5
2024-12-31T13:53:55.000000000Z,2024-12-31T13:53:55.000000000Z,160,1,29307,A,A,1.2497,2,4,2605,0,0,2605,6BH5
2024-12-31T13:54:02.000000000Z,2024-12-31T13:54:02.000000000Z,160,1,29307,C,A,1.2498,1,4,2606,0,0,2606,6BH5
2024-12-31T13:54:09.000000000Z,2024-12-31T13:54:09.000000000Z,160,1,29307,T,A,1.2497,1,4,2607,0,0,2607,6BH5
2024-12-31T13:54:16.000000000Z,2024-12-31T13:54:16.000000000Z,160,1,29307,F,A,1.2496,1,4,2608,0,0,2608,6BH5
2024-12-31T13:54:23.000000000Z,2024-12-31T13:54:23.000000000Z,160,1,29307,C,B,1.2497,1,4,2609,0,0,2609,6BH5
2024-12-31T13:54:30.000000000Z,2024-12-31T13:54:30.000000000Z,160,1,29307,A,A,1.2496,1,4,2610,0,0,2610,6BH5
2024-12-31T13:54:37.000000000Z,2024-12-31T13:54:37.000000000Z,160,1,29307,C,A,1.2498,1,4,2611,0,0,2611,6BH5
2024-12-31T13:54:44.000000000Z,2024-12-31T13:54:44.000000000Z,160,1,29307,A,A,1.2499,1,4,2612,0,0,2612,6BH5
2024-12-31T13:54:51.000000000Z,2024-12-31T13:54:51.000000000Z,160,1,29307,R,N,,0,4,2613,0,0,2613,6BH5
2024-12-31T13:54:58.000000000Z,2024-12-31T13:54:58.000000000Z,160,1,29307,F,B,1.2501,2,4,2614,0,0,2614,6BH5
2024-12-31T13:55:05.000000000Z,2024-12-31T13:55:05.000000000Z,160,1,29307,A,B,1.2503,1,4,2615,0,0,2615,6BH5
2024-12-31T13:55:12.000000000Z,2024-12-31T13:55:12.000000000Z,160,1,29307,F,B,1.2504,5,4,2616,0,0,2616,6BH5
2024-12-31T13:55:19.000000000Z,2024-12-31T13:55:19.000000000Z,160,1,29307,T,B,1.2505,5,4,2617,0,0,2617,6BH5
2024-12-31T13:55:26.000000000Z,2024-12-31T13:55:26.000000000Z,160,1,29307,F,A,1.2504,2,4,2618,0,0,2618,6BH5
2024-12-31T13:55:33.000000000Z,2024-12-31T13:55:33.000000000Z,160,1,29307,T,B,1.2506,3,4,2619,0,0,2619,6BH5
2024-12-31T13:55:40.000000000Z,2024-12-31T13:55:40.000000000Z,160,1,29307,A,B,1.2507,2,4,2620,0,0,2620,6BH5
2024-12-31T13:55:47.000000000Z,2024-12-31T13:55:47.000000000Z,160,1,29307,A,B,1.2507,2,4,2621,0,0,2621,6BH5
2024-12-31T13:55:54.000000000Z,2024-12-31T13:55:54.000000000Z,160,1,29307,T,B,1.2505,1,4,2622,0,0,2622,6BH5
2024-12-31T13:56:01.000000000Z,2024-12-31T13:56:01.000000000Z,160,1,29307,C,A,1.2506,1,4,2623,0,0,2623,6BH5
2024-12-31T13:56:08.000000000Z,2024-12-31T13:56:08.000000000Z,160,1,29307,A,B,1.2504,2,4,2624,0,0,2624,6BH5
2024-12-31T13:56:15.000000000Z,2024-12-31T13:56:15.000000000Z,160,1,29307,A,A,1.2506,1,4,2625,0,0,2625,6BH5
2024-12-31T13:56:22.000000000Z,2024-12-31T13:56:22.000000000Z,160,1,29307,A,B,1.2508,2,4,2626,0,0,2626,6BH5
2024-12-31T13:56:29.000000000Z,2024-12-31T13:56:29.000000000Z,160,1,29307,F,A,1.2507,2,4,2627,0,0,2627,6BH5
2024-12-31T13:56:36.000000000Z,2024-12-31T13:56:36.000000000Z,160,1,29307,R,N,,0,4,2628,0,0,2628,6BH5
2024-12-31T13:56:43.000000000Z,2024-12-31T13:56:43.000000000Z,160,1,29307,T,B,1.2506,2,4,2629,0,0,2629,6BH5
2024-12-31T13:56:50.000000000Z,2024-12-31T13:56:50.000000000Z,160,1,29307,C,B,1.2507,1,4,2630,0,0,2630,6BH5
2024-12-31T13:56:57.000000000Z,2024-12-31T13:56:57.000000000Z,160,1,29307,T,B,1.2506,1,4,2631,0,0,2631,6BH5
2024-12-31T13:57:04.000000000Z,2024-12-31T13:57:04.000000000Z,160,1,29307,C,B,1.2507,1,4,2632,0,0,2632,6BH5
2024-12-31T13:57:11.000000000Z,2024-12-31T13:57:11.000000000Z,160,1,29307,F,A,1.2506,1,4,2633,0,0,2633,6BH5
2024-12-31T13:57:18.000000000Z,2024-12-31T13:57:18.000000000Z,160,1,29307,C,A,1.2504,1,4,2634,0,0,2634,6BH5
2024-12-31T13:57:25.000000000Z,2024-12-31T13:57:25.000000000Z,160,1,29307,C,B,1.2504,1,4,2635,0,0,2635,6BH5
2024-12-31T13:57:32.000000000Z,2024-12-31T13:57:32.000000000Z,160,1,29307,F,B,1.2502,1,4,2636,0,0,2636,6BH5
2024-12-31T13:57:39.000000000Z,2024-12-31T13:57:39.000000000Z,160,1,29307,A,A,1.2502,2,4,2637,0,0,2637,6BH5
2024-12-31T13:57:46.000000000Z,2024-12-31T13:57:46.000000000Z,160,1,29307,A,B,1.25,1,4,2638,0,0,2638,6BH5
2024-12-31T13:57:53.000000000Z,2024-12-31T13:57:53.000000000Z,160,1,29307,A,A,1.25,1,4,2639,0,0,2639,6BH5
2024-12-31T13:58:00.000000000Z,2024-12-31T13:58:00.000000000Z,160,1,29307,T,B,1.2502,1,4,2640,0,0,2640,6BH5
2024-12-31T13:58:07.000000000Z,2024-12-31T13:58:07.000000000Z,160,1,29307,T,A,1.2503,2,4,2641,0,0,2641,6BH5
2024-12-31T13:58:14.000000000Z,2024-12-31T13:58:14.000000000Z,160,1,29307,A,A,1.2505,2,4,2642,0,0,2642,6BH5
2024-12-31T13:58:21.000000000Z,2024-12-31T13:58:21.000000000Z,160,1,29307,C,A,1.2507,1,4,2643,0,0,2643,6BH5
2024-12-31T13:58:28.000000000Z,2024-12-31T13:58:28.000000000Z,160,1,29307,R,N,,0,4,2644,0,0,2644,6BH5
2024-12-31T13:58:35.000000000Z,2024-12-31T13:58:35.000000000Z,160,1,29307,C,A,1.2503,2,4,2645,0,0,2645,6BH5
2024-12-31T13:58:42.000000000Z,2024-12-31T13:58:42.000000000Z,160,1,29307,T,B,1.2503,1,4,2646,0,0,2646,6BH5
2024-12-31T13:58:49.000000000Z,2024-12-31T13:58:49.000000000Z,160,1,29307,A,A,1.2505,1,4,2647,0,0,2647,6BH5
2024-12-31T13:58:56.000000000Z,2024-12-31T13:58:56.000000000Z,160,1,29307,A,B,1.2507,1,4,2648,0,0,2648,6BH5
2024-12-31T13:59:03.000000000Z,2024-12-31T13:59:03.000000000Z,160,1,29307,T,A,1.2505,1,4,2649,0,0,2649,6BH5
2024-12-31T13:59:10.000000000Z,2024-12-31T13:59:10.000000000Z,160,1,29307,A,A,1.2504,2,4,2650,0,0,2650,6BH5
2024-12-31T13:59:17.000000000Z,2024-12-31T13:59:17.000000000Z,160,1,29307,C,B,1.2503,1,4,2651,0,0,2651,6BH5
2024-12-31T13:59:24.000000000Z,2024-12-31T13:59:24.000000000Z,160,1,29307,T,B,1.2504,1,4,2652,0,0,2652,6BH5
2024-12-31T13:59:31.000000000Z,2024-12-31T13:59:31.000000000Z,160,1,29307,A,B,1.2505,1,4,2653,0,0,2653,6BH5
2024-12-31T13:59:38.000000000Z,2024-12-31T13:59:38.000000000Z,160,1,29307,T,B,1.2503,5,4,2654,0,0,2654,6BH5
2024-12-31T13:59:45.000000000Z,2024-12-31T13:59:45.000000000Z,160,1,29307,T,A,1.2503,2,4,2655,0,0,2655,6BH5
2024-12-31T13:59:52.000000000Z,2024-12-31T13:59:52.000000000Z,160,1,29307,T,B,1.2504,2,4,2656,0,0,2656,6BH5
2024-12-31T13:59:59.000000000Z,2024-12-31T13:59:59.000000000Z,160,1,29307,A,A,1.2505,1,4,2657,0,0,2657,6BH5
2024-12-31T14:00:06.000000000Z,2024-12-31T14:00:06.000000000Z,160,1,29307,F,B,1.2503,1,4,2658,0,0,2658,6BH5
2024-12-31T14:00:13.000000000Z,2024-12-31T14:00:13.000000000Z,160,1,29307,A,B,1.2505,3,4,2659,0,0,2659,6BH5
2024-12-31T14:00:20.000000000Z,2024-12-31T14:00:20.000000000Z,160,1,29307,A,A,1.2505,1,4,2660,0,0,2660,6BH5
2024-12-31T14:00:27.000000000Z,2024-12-31T14:00:27.000000000Z,160,1,29307,C,A,1.2506,2,4,2661,0,0,2661,6BH5
2024-12-31T14:00:34.000000000Z,2024-12-31T14:00:34.000000000Z,160,1,29307,C,B,1.2507,1,4,2662,0,0,2662,6BH5
2024-12-31T14:00:41.000000000Z,2024-12-31T14:00:41.000000000Z,160,1,29307,F,A,1.2506,1,4,2663,0,0,2663,6BH5
2024-12-31T14:00:48.000000000Z,2024-12-31T14:00:48.000000000Z,160,1,29307,F,A,1.2504,1,4,2664,0,0,2664,6BH5
2024-12-31T14:00:55.000000000Z,2024-12-31T14:00:55.000000000Z,160,1,29307,R,N,,0,4,2665,0,0,2665,6BH5
2024-12-31T14:01:02.000000000Z,2024-12-31T14:01:02.000000000Z,160,1,29307,R,N,,0,4,2666,0,0,2666,6BH5
2024-12-31T14:01:09.000000000Z,2024-12-31T14:01:09.000000000Z,160,1,29307,A,A,1.2505,1,4,2667,0,0,2667,6BH5
2024-12-31T14:01:16.000000000Z,2024-12-31T14:01:16.000000000Z,160,1,29307,A,A,1.2506,1,4,2668,0,0,2668,6BH5
2024-12-31T14:01:23.000000000Z,2024-12-31T14:01:23.000000000Z,160,1,29307,C,A,1.2507,3,4,2669,0,0,2669,6BH5
2024-12-31T14:01:30.000000000Z,2024-12-31T14:01:30.000000000Z,160,1,29307,A,A,1.2506,1,4,2670,0,0,2670,6BH5
2024-12-31T14:01:37.000000000Z,2024-12-31T14:01:37.000000000Z,160,1,29307,A,B,1.2505,2,4,2671,0,0,2671,6BH5
2024-12-31T14:01:44.000000000Z,2024-12-31T14:01:44.000000000Z,160,1,29307,C,A,1.2506,1,4,2672,0,0,2672,6BH5
2024-12-31T14:01:51.000000000Z,2024-12-31T14:01:51.000000000Z,160,1,29307,T,B,1.2504,1,4,2673,0,0,2673,6BH5
2024-12-31T14:01:58.000000000Z,2024-12-31T14:01:58.000000000Z,160,1,29307,C,A,1.2505,1,4,2674,0,0,2674,6BH5
2024-12-31T14:02:05.000000000Z,2024-12-31T14:02:05.000000000Z,160,1,29307,A,A,1.2506,1,4,2675,0,0,2675,6BH5
2024-12-31T14:02:12.000000000Z,2024-12-31T14:02:12.000000000Z,160,1,29307,F,A,1.2506,1,4,2676,0,0,2676,6BH5
2024-12-31T14:02:19.000000000Z,2024-12-31T14:02:19.000000000Z,160,1,29307,T,A,1.2507,1,4,2677,0,0,2677,6BH5
2024-12-31T14:02:26.000000000Z,2024-12-31T14:02:26.000000000Z,160,1,29307,R,N,,0,4,2678,0,0,2678,6BH5
2024-12-31T14:02:33.000000000Z,2024-12-31T14:02:33.000000000Z,160,1,29307,A,B,1.2505,1,4,2679,0,0,2679,6BH5
2024-12-31T14:02:40.000000000Z,2024-12-31T14:02:40.000000000Z,160,1,29307,C,A,1.2507,1,4,2680,0,0,2680,6BH5
2024-12-31T14:02:47.000000000Z,2024-12-31T14:02:47.000000000Z,160,1,29307,T,B,1.2509,2,4,2681,0,0,2681,6BH5
2024-12-31T14:02:54.000000000Z,2024-12-31T14:02:54.000000000Z,160,1,29307,A,A,1.2509,1,4,2682,0,0,2682,6BH5
2024-12-31T14:03:01.000000000Z,2024-12-31T14:03:01.000000000Z,160,1,29307,A,A,1.2511,1,4,2683,0,0,2683,6BH5
2024-12-31T14:03:08.000000000Z,2024-12-31T14:03:08.000000000Z,160,1,29307,F,B,1.2511,1,4,2684,0,0,2684,6BH5
2024-12-31T14:03:15.000000000Z,2024-12-31T14:03:15.000000000Z,160,1,29307,F,B,1.251,1,4,2685,0,0,2685,6BH5
2024-12-31T14:03:22.000000000Z,2024-12-31T14:03:22.000000000Z,160,1,29307,A,A,1.2509,2,4,2686,0,0,2686,6BH5
2024-12-31T14:03:29.000000000Z,2024-12-31T14:03:29.000000000Z,160,1,29307,A,A,1.2511,1,4,2687,0,0,2687,6BH5
2024-12-31T14:03:36.000000000Z,2024-12-31T14:03:36.000000000Z,160,1,29307,C,B,1.251,2,4,2688,0,0,2688,6BH5
2024-12-31T14:03:43.000000000Z,2024-12-31T14:03:43.000000000Z,160,1,29307,T,A,1.251,1,4,2689,0,0,2689,6BH5
2024-12-31T14:03:50.000000000Z,2024-12-31T14:03:50.000000000Z,160,1,29307,A,B,1.251,1,4,2690,0,0,2690,6BH5
2024-12-31T14:03:57.000000000Z,2024-12-31T14:03:57.000000000Z,160,1,29307,F,A,1.2511,1,4,2691,0,0,2691,6BH5
2024-12-31T14:04:04.000000000Z,2024-12-31T14:04:04.000000000Z,160,1,29307,F,A,1.2511,2,4,2692,0,0,2692,6BH5
2024-12-31T14:04:11.000000000Z,2024-12-31T14:04:11.000000000Z,160,1,29307,A,B,1.251,3,4,2693,0,0,2693,6BH5
2024-12-31T14:04:18.000000000Z,2024-12-31T14:04:18.000000000Z,160,1,29307,A,B,1.2509,1,4,2694,0,0,2694,6BH5
2024-12-31T14:04:25.000000000Z,2024-12-31T14:04:25.000000000Z,160,1,29307,T,B,1.251,2,4,2695,0,0,2695,6BH5
2024-12-31T14:04:32.000000000Z,2024-12-31T14:04:32.000000000Z,160,1,29307,A,A,1.2511,1,4,2696,0,0,2696,6BH5
2024-12-31T14:04:39.000000000Z,2024-12-31T14:04:39.000000000Z,160,1,29307,A,A,1.2511,3,4,2697,0,0,2697,6BH5
2024-12-31T14:04:46.000000000Z,2024-12-31T14:04:46.000000000Z,160,1,29307,T,A,1.2512,1,4,2698,0,0,2698,6BH5
2024-12-31T14:04:53.000000000Z,2024-12-31T14:04:53.000000000Z,160,1,29307,F,A,1.251,1,4,2699,0,0,2699,6BH5
2024-12-31T14:05:00.000000000Z,2024-12-31T14:05:00.000000000Z,160,1,29307,C,B,1.2512,1,4,2700,0,0,2700,6BH5
2024-12-31T14:05:07.000000000Z,2024-12-31T14:05:07.000000000Z,160,1,29307,A,A,1.2512,5,4,2701,0,0,2701,6BH5
2024-12-31T14:05:14.000000000Z,2024-12-31T14:05:14.000000000Z,160,1,29307,F,A,1.251,2,4,2702,0,0,2702,6BH5
2024-12-31T14:05:21.000000000Z,2024-12-31T14:05:21.000000000Z,160,1,29307,T,A,1.251,3,4,2703,0,0,2703,6BH5
2024-12-31T14:05:28.000000000Z,2024-12-31T14:05:28.000000000Z,160,1,29307,R,N,,0,4,2704,0,0,2704,6BH5
2024-12-31T14:05:35.000000000Z,2024-12-31T14:05:35.000000000Z,160,1,29307,F,A,1.2513,1,4,2705,0,0,2705,6BH5
2024-12-31T14:05:42.000000000Z,2024-12-31T14:05:42.000000000Z,160,1,29307,T,A,1.2512,3,4,2706,0,0,2706,6BH5
2024-12-31T14:05:49.000000000Z,2024-12-31T14:05:49.000000000Z,160,1,29307,A,B,1.2513,5,4,2707,0,0,2707,6BH5
2024-12-31T14:05:56.000000000Z,2024-12-31T14:05:56.000000000Z,160,1,29307,T,A,1.2511,1,4,2708,0,0,2708,6BH5
2024-12-31T14:06:03.000000000Z,2024-12-31T14:06:03.000000000Z,160,1,29307,R,N,,0,4,2709,0,0,2709,6BH5
2024-12-31T14:06:10.000000000Z,2024-12-31T14:06:10.000000000Z,160,1,29307,T,B,1.2509,1,4,2710,0,0,2710,6BH5
2024-12-31T14:06:17.000000000Z,2024-12-31T14:06:17.000000000Z,160,1,29307,A,A,1.251,5,4,2711,0,0,2711,6BH5
2024-12-31T14:06:24.000000000Z,2024-12-31T14:06:24.000000000Z,160,1,29307,F,A,1.2511,2,4,2712,0,0,2712,6BH5
2024-12-31T14:06:31.000000000Z,2024-12-31T14:06:31.000000000Z,160,1,29307,T,A,1.251,2,4,2713,0,0,2713,6BH5
2024-12-31T14:06:38.000000000Z,2024-12-31T14:06:38.000000000Z,160,1,29307,C,B,1.2508,3,4,2714,0,0,2714,6BH5
2024-12-31T14:06:45.000000000Z,2024-12-31T14:06:45.000000000Z,160,1,29307,A,A,1.2508,2,4,2715,0,0,2715,6BH5
2024-12-31T14:06:52.000000000Z,2024-12-31T14:06:52.000000000Z,160,1,29307,A,A,1.2506,2,4,2716,0,0,2716,6BH5
2024-12-31T14:06:59.000000000Z,2024-12-31T14:06:59.000000000Z,160,1,29307,T,B,1.2504,2,4,2717,0,0,2717,6BH5
2024-12-31T14:07:06.000000000Z,2024-12-31T14:07:06.000000000Z,160,1,29307,C,B,1.2503,1,4,2718,0,0,2718,6BH5
2024-12-31T14:07:13.000000000Z,2024-12-31T14:07:13.000000000Z,160,1,29307,T,A,1.2503,1,4,2719,0,0,2719,6BH5
2024-12-31T14:07:20.000000000Z,2024-12-31T14:07:20.000000000Z,160,1,29307,F,A,1.2502,1,4,2720,0,0,2720,6BH5
2024-12-31T14:07:27.000000000Z,2024-12-31T14:07:27.000000000Z,160,1,29307,A,A,1.2502,2,4,2721,0,0,2721,6BH5
2024-12-31T14:07:34.000000000Z,2024-12-31T14:07:34.000000000Z,160,1,29307,C,A,1.25,1,4,2722,0,0,2722,6BH5
2024-12-31T14:07:41.000000000Z,2024-12-31T14:07:41.000000000Z,160,1,29307,F,B,1.2498,1,4,2723,0,0,2723,6BH5
2024-12-31T14:07:48.000000000Z,2024-12-31T14:07:48.000000000Z,160,1,29307,T,A,1.2499,1,4,2724,0,0,2724,6BH5
2024-12-31T14:07:55.000000000Z,2024-12-31T14:07:55.000000000Z,160,1,29307,A,B,1.2497,1,4,2725,0,0,2725,6BH5
2024-12-31T14:08:02.000000000Z,2024-12-31T14:08:02.000000000Z,160,1,29307,A,B,1.2498,1,4,2726,0,0,2726,6BH5
2024-12-31T14:08:09.000000000Z,2024-12-31T14:08:09.000000000Z,160,1,29307,T,A,1.2496,1,4,2727,0,0,2727,6BH5
2024-12-31T14:08:16.000000000Z,2024-12-31T14:08:16.000000000Z,160,1,29307,A,A,1.2496,1,4,2728,0,0,2728,6BH5
2024-12-31T14:08:23.000000000Z,2024-12-31T14:08:23.000000000Z,160,1,29307,C,B,1.2495,1,4,2729,0,0,2729,6BH5
2024-12-31T14:08:30.000000000Z,2024-12-31T14:08:30.000000000Z,160,1,29307,A,B,1.2493,1,4,2730,0,0,2730,6BH5
2024-12-31T14:08:37.000000000Z,2024-12-31T14:08:37.000000000Z,160,1,29307,C,A,1.2493,1,4,2731,0,0,2731,6BH5
2024-12-31T14:08:44.000000000Z,2024-12-31T14:08:44.000000000Z,160,1,29307,F,B,1.2495,1,4,2732,0,0,2732,6BH5
2024-12-31T14:08:51.000000000Z,2024-12-31T14:08:51.000000000Z,160,1,29307,F,A,1.2493,1,4,2733,0,0,2733,6BH5
2024-12-31T14:08:58.000000000Z,2024-12-31T14:08:58.000000000Z,160,1,29307,C,A,1.2493,1,4,2734,0,0,2734,6BH5
2024-12-31T14:09:05.000000000Z,2024-12-31T14:09:05.000000000Z,160,1,29307,C,B,1.2494,1,4,2735,0,0,2735,6BH5
2024-12-31T14:09:12.000000000Z,2024-12-31T14:09:12.000000000Z,160,1,29307,T,B,1.2494,2,4,2736,0,0,2736,6BH5
2024-12-31T14:09:19.000000000Z,2024-12-31T14:09:19.000000000Z,160,1,29307,C,A,1.2495,1,4,2737,0,0,2737,6BH5
2024-12-31T14:09:26.000000000Z,2024-12-31T14:09:26.000000000Z,160,1,29307,A,B,1.2494,1,4,2738,0,0,2738,6BH5
2024-12-31T14:09:33.000000000Z,2024-12-31T14:09:33.000000000Z,160,1,29307,T,A,1.2496,1,4,2739,0,0,2739,6BH5
2024-12-31T14:09:40.000000000Z,2024-12-31T14:09:40.000000000Z,160,1,29307,R,N,,0,4,2740,0,0,2740,6BH5
2024-12-31T14:09:47.000000000Z,2024-12-31T14:09:47.000000000Z,160,1,29307,T,A,1.2494,1,4,2741,0,0,2741,6BH5
2024-12-31T14:09:54.000000000Z,2024-12-31T14:09:54.000000000Z,160,1,29307,A,B,1.2496,1,4,2742,0,0,2742,6BH5
2024-12-31T14:10:01.000000000Z,2024-12-31T14:10:01.000000000Z,160,1,29307,C,A,1.2496,1,4,2743,0,0,2743,6BH5
2024-12-31T14:10:08.000000000Z,2024-12-31T14:10:08.000000000Z,160,1,29307,A,A,1.2496,1,4,2744,0,0,2744,6BH5
2024-12-31T14:10:15.000000000Z,2024-12-31T14:10:15.000000000Z,160,1,29307,T,A,1.2497,1,4,2745,0,0,2745,6BH5
2024-12-31T14:10:22.000000000Z,2024-12-31T14:10:22.000000000Z,160,1,29307,A,A,1.2497,2,4,2746,0,0,2746,6BH5
2024-12-31T14:10:29.000000000Z,2024-12-31T14:10:29.000000000Z,160,1,29307,F,A,1.2496,1,4,2747,0,0,2747,6BH5
2024-12-31T14:10:36.000000000Z,2024-12-31T14:10:36.000000000Z,160,1,29307,A,A,1.2497,3,4,2748,0,0,2748,6BH5
2024-12-31T14:10:43.000000000Z,2024-12-31T14:10:43.000000000Z,160,1,29307,F,A,1.2495,1,4,2749,0,0,2749,6BH5
2024-12-31T14:10:50.000000000Z,2024-12-31T14:10:50.000000000Z,160,1,29307,T,A,1.2496,1,4,2750,0,0,2750,6BH5
2024-12-31T14:10:57.000000000Z,2024-12-31T14:10:57.000000000Z,160,1,29307,T,A,1.2498,1,4,2751,0,0,2751,6BH5
2024-12-31T14:11:04.000000000Z,2024-12-31T14:11:04.000000000Z,160,1,29307,C,A,1.2497,2,4,2752,0,0,2752,6BH5
2024-12-31T14:11:11.000000000Z,2024-12-31T14:11:11.000000000Z,160,1,29307,T,A,1.2497,1,4,2753,0,0,2753,6BH5
2024-12-31T14:11:18.000000000Z,2024-12-31T14:11:18.000000000Z,160,1,29307,T,B,1.2495,1,4,2754,0,0,2754,6BH5
2024-12-31T14:11:25.000000000Z,2024-12-31T14:11:25.000000000Z,160,1,29307,T,A,1.2493,1,4,2755,0,0,2755,6BH5
2024-12-31T14:11:32.000000000Z,2024-12-31T14:11:32.000000000Z,160,1,29307,F,A,1.2495,1,4,2756,0,0,2756,6BH5
2024-12-31T14:11:39.000000000Z,2024-12-31T14:11:39.000000000Z,160,1,29307,T,A,1.2493,2,4,2757,0,0,2757,6BH5
2024-12-31T14:11:46.000000000Z,2024-12-31T14:11:46.000000000Z,160,1,29307,C,B,1.2493,1,4,2758,0,0,2758,6BH5
2024-12-31T14:11:53.000000000Z,2024-12-31T14:11:53.000000000Z,160,1,29307,A,A,1.2494,1,4,2759,0,0,2759,6BH5
2024-12-31T14:12:00.000000000Z,2024-12-31T14:12:00.000000000Z,160,1,29307,T,B,1.2496,1,4,2760,0,0,2760,6BH5
2024-12-31T14:12:07.000000000Z,2024-12-31T14:12:07.000000000Z,160,1,29307,A,A,1.2496,1,4,2761,0,0,2761,6BH5
2024-12-31T14:12:14.000000000Z,2024-12-31T14:12:14.000000000Z,160,1,29307,R,N,,0,4,2762,0,0,2762,6BH5
2024-12-31T14:12:21.000000000Z,2024-12-31T14:12:21.000000000Z,160,1,29307,A,B,1.2497,1,4,2763,0,0,2763,6BH5
2024-12-31T14:12:28.000000000Z,2024-12-31T14:12:28.000000000Z,160,1,29307,T,A,1.2499,1,4,2764,0,0,2764,6BH5
2024-12-31T14:12:35.000000000Z,2024-12-31T14:12:35.000000000Z,160,1,29307,F,B,1.25,5,4,2765,0,0,2765,6BH5
2024-12-31T14:12:42.000000000Z,2024-12-31T14:12:42.000000000Z,160,1,29307,T,B,1.25,1,4,2766,0,0,2766,6BH5
2024-12-31T14:12:49.000000000Z,2024-12-31T14:12:49.000000000Z,160,1,29307,A,A,1.2498,10,4,2767,0,0,2767,6BH5
2024-12-31T14:12:56.000000000Z,2024-12-31T14:12:56.000000000Z,160,1,29307,R,N,,0,4,2768,0,0,2768,6BH5
2024-12-31T14:13:03.000000000Z,2024-12-31T14:13:03.000000000Z,160,1,29307,F,A,1.2496,1,4,2769,0,0,2769,6BH5
2024-12-31T14:13:10.000000000Z,2024-12-31T14:13:10.000000000Z,160,1,29307,T,A,1.2498,1,4,2770,0,0,2770,6BH5
2024-12-31T14:13:17.000000000Z,2024-12-31T14:13:17.000000000Z,160,1,29307,T,B,1.25,2,4,2771,0,0,2771,6BH5
2024-12-31T14:13:24.000000000Z,2024-12-31T14:13:24.000000000Z,160,1,29307,A,B,1.2502,1,4,2772,0,0,2772,6BH5
2024-12-31T14:13:31.000000000Z,2024-12-31T14:13:31.000000000Z,160,1,29307,A,A,1.2502,1,4,2773,0,0,2773,6BH5
2024-12-31T14:13:38.000000000Z,2024-12-31T14:13:38.000000000Z,160,1,29307,A,B,1.2503,1,4,2774,0,0,2774,6BH5
2024-12-31T14:13:45.000000000Z,2024-12-31T14:13:45.000000000Z,160,1,29307,R,N,,0,4,2775,0,0,2775,6BH5
2024-12-31T14:13:52.000000000Z,2024-12-31T14:13:52.000000000Z,160,1,29307,F,A,1.2505,1,4,2776,0,0,2776,6BH5
2024-12-31T14:13:59.000000000Z,2024-12-31T14:13:59.000000000Z,160,1,29307,T,B,1.2504,1,4,2777,0,0,2777,6BH5
2024-12-31T14:14:06.000000000Z,2024-12-31T14:14:06.000000000Z,160,1,29307,A,B,1.2504,1,4,2778,0,0,2778,6BH5
2024-12-31T14:14:13.000000000Z,2024-12-31T14:14:13.000000000Z,160,1,29307,F,A,1.2506,2,4,2779,0,0,2779,6BH5
2024-12-31T14:14:20.000000000Z,2024-12-31T14:14:20.000000000Z,160,1,29307,T,B,1.2505,5,4,2780,0,0,2780,6BH5
2024-12-31T14:14:27.000000000Z,2024-12-31T14:14:27.000000000Z,160,1,29307,F,A,1.2507,1,4,2781,0,0,2781,6BH5
2024-12-31T14:14:34.000000000Z,2024-12-31T14:14:34.000000000Z,160,1,29307,A,B,1.2506,1,4,2782,0,0,2782,6BH5
2024-12-31T14:14:41.000000000Z,2024-12-31T14:14:41.000000000Z,160,1,29307,F,A,1.2507,2,4,2783,0,0,2783,6BH5
2024-12-31T14:14:48.000000000Z,2024-12-31T14:14:48.000000000Z,160,1,29307,R,N,,0,4,2784,0,0,2784,6BH5
2024-12-31T14:14:55.000000000Z,2024-12-31T14:14:55.000000000Z,160,1,29307,C,B,1.2509,1,4,2785,0,0,2785,6BH5
2024-12-31T14:15:02.000000000Z,2024-12-31T14:15:02.000000000Z,160,1,29307,C,A,1.2509,3,4,2786,0,0,2786,6BH5
2024-12-31T14:15:09.000000000Z,2024-12-31T14:15:09.000000000Z,160,1,29307,C,A,1.2511,1,4,2787,0,0,2787,6BH5
2024-12-31T14:15:16.000000000Z,2024-12-31T14:15:16.000000000Z,160,1,29307,R,N,,0,4,2788,0,0,2788,6BH5
2024-12-31T14:15:23.000000000Z,2024-12-31T14:15:23.000000000Z,160,1,29307,F,A,1.2511,2,4,2789,0,0,2789,6BH5
2024-12-31T14:15:30.000000000Z,2024-12-31T14:15:30.000000000Z,160,1,29307,T,B,1.2512,1,4,2790,0,0,2790,6BH5
2024-12-31T14:15:37.000000000Z,2024-12-31T14:15:37.000000000Z,160,1,29307,R,N,,0,4,2791,0,0,2791,6BH5
2024-12-31T14:15:44.000000000Z,2024-12-31T14:15:44.000000000Z,160,1,29307,C,B,1.251,1,4,2792,0,0,2792,6BH5
2024-12-31T14:15:51.000000000Z,2024-12-31T14:15:51.000000000Z,160,1,29307,A,A,1.2509,1,4,2793,0,0,2793,6BH5
2024-12-31T14:15:58.000000000Z,2024-12-31T14:15:58.000000000Z,160,1,29307,R,N,,0,4,2794,0,0,2794,6BH5
2024-12-31T14:16:05.000000000Z,2024-12-31T14:16:05.000000000Z,160,1,29307,C,B,1.2511,1,4,2795,0,0,2795,6BH5
2024-12-31T14:16:12.000000000Z,2024-12-31T14:16:12.000000000Z,160,1,29307,T,A,1.2512,1,4,2796,0,0,2796,6BH5
2024-12-31T14:16:19.000000000Z,2024-12-31T14:16:19.000000000Z,160,1,29307,C,A,1.2511,2,4,2797,0,0,2797,6BH5
2024-12-31T14:16:26.000000000Z,2024-12-31T14:16:26.000000000Z,160,1,29307,A,B,1.251,1,4,2798,0,0,2798,6BH5
2024-12-31T14:16:33.000000000Z,2024-12-31T14:16:33.000000000Z,160,1,29307,T,A,1.2512,1,4,2799,0,0,2799,6BH5
2024-12-31T14:16:40.000000000Z,2024-12-31T14:16:40.000000000Z,160,1,29307,T,B,1.2513,2,4,2800,0,0,2800,6BH5
2024-12-31T14:16:47.000000000Z,2024-12-31T14:16:47.000000000Z,160,1,29307,F,B,1.2515,1,4,2801,0,0,2801,6BH5
2024-12-31T14:16:54.000000000Z,2024-12-31T14:16:54.000000000Z,160,1,29307,T,A,1.2514,10,4,2802,0,0,2802,6BH5
2024-12-31T14:17:01.000000000Z,2024-12-31T14:17:01.000000000Z,160,1,29307,T,B,1.2512,2,4,2803,0,0,2803,6BH5
2024-12-31T14:17:08.000000000Z,2024-12-31T14:17:08.000000000Z,160,1,29307,C,A,1.2514,1,4,2804,0,0,2804,6BH5
2024-12-31T14:17:15.000000000Z,2024-12-31T14:17:15.000000000Z,160,1,29307,A,A,1.2515,1,4,2805,0,0,2805,6BH5
2024-12-31T14:17:22.000000000Z,2024-12-31T14:17:22.000000000Z,160,1,29307,T,B,1.2514,5,4,2806,0,0,2806,6BH5
2024-12-31T14:17:29.000000000Z,2024-12-31T14:17:29.000000000Z,160,1,29307,C,B,1.2513,1,4,2807,0,0,2807,6BH5
2024-12-31T14:17:36.000000000Z,2024-12-31T14:17:36.000000000Z,160,1,29307,T,B,1.2514,1,4,2808,0,0,2808,6BH5
2024-12-31T14:17:43.000000000Z,2024-12-31T14:17:43.000000000Z,160,1,29307,R,N,,0,4,2809,0,0,2809,6BH5
2024-12-31T14:17:50.000000000Z,2024-12-31T14:17:50.000000000Z,160,1,29307,A,B,1.2515,1,4,2810,0,0,2810,6BH5
2024-12-31T14:17:57.000000000Z,2024-12-31T14:17:57.000000000Z,160,1,29307,A,A,1.2514,1,4,2811,0,0,2811,6BH5
2024-12-31T14:18:04.000000000Z,2024-12-31T14:18:04.000000000Z,160,1,29307,A,A,1.2513,10,4,2812,0,0,2812,6BH5
2024-12-31T14:18:11.000000000Z,2024-12-31T14:18:11.000000000Z,160,1,29307,T,B,1.2515,2,4,2813,0,0,2813,6BH5
2024-12-31T14:18:18.000000000Z,2024-12-31T14:18:18.000000000Z,160,1,29307,A,A,1.2514,1,4,2814,0,0,2814,6BH5
2024-12-31T14:18:25.000000000Z,2024-12-31T14:18:25.000000000Z,160,1,29307,T,B,1.2514,1,4,2815,0,0,2815,6BH5
2024-12-31T14:18:32.000000000Z,2024-12-31T14:18:32.000000000Z,160,1,29307,F,B,1.2515,1,4,2816,0,0,2816,6BH5
2024-12-31T14:18:39.000000000Z,2024-12-31T14:18:39.000000000Z,160,1,29307,A,B,1.2514,1,4,2817,0,0,2817,6BH5
2024-12-31T14:18:46.000000000Z,2024-12-31T14:18:46.000000000Z,160,1,29307,C,B,1.2514,2,4,2818,0,0,2818,6BH5
2024-12-31T14:18:53.000000000Z,2024-12-31T14:18:53.000000000Z,160,1,29307,T,B,1.2515,2,4,2819,0,0,2819,6BH5
2024-12-31T14:19:00.000000000Z,2024-12-31T14:19:00.000000000Z,160,1,29307,A,B,1.2515,2,4,2820,0,0,2820,6BH5
2024-12-31T14:19:07.000000000Z,2024-12-31T14:19:07.000000000Z,160,1,29307,C,B,1.2515,1,4,2821,0,0,2821,6BH5
2024-12-31T14:19:14.000000000Z,2024-12-31T14:19:14.000000000Z,160,1,29307,T,A,1.2514,1,4,2822,0,0,2822,6BH5
2024-12-31T14:19:21.000000000Z,2024-12-31T14:19:21.000000000Z,160,1,29307,F,B,1.2514,1,4,2823,0,0,2823,6BH5
2024-12-31T14:19:28.000000000Z,2024-12-31T14:19:28.000000000Z,160,1,29307,F,A,1.2515,1,4,2824,0,0,2824,6BH5
2024-12-31T14:19:35.000000000Z,2024-12-31T14:19:35.000000000Z,160,1,29307,A,A,1.2516,1,4,2825,0,0,2825,6BH5
2024-12-31T14:19:42.000000000Z,2024-12-31T14:19:42.000000000Z,160,1,29307,A,A,1.2514,3,4,2826,0,0,2826,6BH5
2024-12-31T14:19:49.000000000Z,2024-12-31T14:19:49.000000000Z,160,1,29307,T,B,1.2515,2,4,2827,0,0,2827,6BH5
2024-12-31T14:19:56.000000000Z,2024-12-31T14:19:56.000000000Z,160,1,29307,F,A,1.2517,5,4,2828,0,0,2828,6BH5
2024-12-31T14:20:03.000000000Z,2024-12-31T14:20:03.000000000Z,160,1,29307,A,A,1.2517,2,4,2829,0,0,2829,6BH5
2024-12-31T14:20:10.000000000Z,2024-12-31T14:20:10.000000000Z,160,1,29307,C,B,1.2518,1,4,2830,0,0,2830,6BH5
2024-12-31T14:20:17.000000000Z,2024-12-31T14:20:17.000000000Z,160,1,29307,F,B,1.2518,1,4,2831,0,0,2831,6BH5
2024-12-31T14:20:24.000000000Z,2024-12-31T14:20:24.000000000Z,160,1,29307,R,N,,0,4,2832,0,0,2832,6BH5
2024-12-31T14:20:31.000000000Z,2024-12-31T14:20:31.000000000Z,160,1,29307,F,B,1.2522,1,4,2833,0,0,2833,6BH5
2024-12-31T14:20:38.000000000Z,2024-12-31T14:20:38.000000000Z,160,1,29307,F,B,1.2521,1,4,2834,0,0,2834,6BH5
2024-12-31T14:20:45.000000000Z,2024-12-31T14:20:45.000000000Z,160,1,29307,C,B,1.2521,2,4,2835,0,0,2835,6BH5
2024-12-31T14:20:52.000000000Z,2024-12-31T14:20:52.000000000Z,160,1,29307,A,B,1.252,1,4,2836,0,0,2836,6BH5
2024-12-31T14:20:59.000000000Z,2024-12-31T14:20:59.000000000Z,160,1,29307,A,A,1.252,1,4,2837,0,0,2837,6BH5
2024-12-31T14:21:06.000000000Z,2024-12-31T14:21:06.000000000Z,160,1,29307,T,B,1.2518,1,4,2838,0,0,2838,6BH5
2024-12-31T14:21:13.000000000Z,2024-12-31T14:21:13.000000000Z,160,1,29307,F,B,1.2519,1,4,2839,0,0,2839,6BH5
2024-12-31T14:21:20.000000000Z,2024-12-31T14:21:20.000000000Z,160,1,29307,F,B,1.2517,1,4,2840,0,0,2840,6BH5
2024-12-31T14:21:27.000000000Z,2024-12-31T14:21:27.000000000Z,160,1,29307,R,N,,0,4,2841,0,0,2841,6BH5
2024-12-31T14:21:34.000000000Z,2024-12-31T14:21:34.000000000Z,160,1,29307,T,A,1.2518,1,4,2842,0,0,2842,6BH5
2024-12-31T14:21:41.000000000Z,2024-12-31T14:21:41.000000000Z,160,1,29307,A,B,1.2517,2,4,2843,0,0,2843,6BH5
2024-12-31T14:21:48.000000000Z,2024-12-31T14:21:48.000000000Z,160,1,29307,C,B,1.2519,1,4,2844,0,0,2844,6BH5
2024-12-31T14:21:55.000000000Z,2024-12-31T14:21:55.000000000Z,160,1,29307,C,A,1.252,1,4,2845,0,0,2845,6BH5
2024-12-31T14:22:02.000000000Z,2024-12-31T14:22:02.000000000Z,160,1,29307,A,B,1.252,1,4,2846,0,0,2846,6BH5
2024-12-31T14:22:09.000000000Z,2024-12-31T14:22:09.000000000Z,160,1,29307,A,B,1.252,5,4,2847,0,0,2847,6BH5
2024-12-31T14:22:16.000000000Z,2024-12-31T14:22:16.000000000Z,160,1,29307,F,A,1.2519,1,4,2848,0,0,2848,6BH5
2024-12-31T14:22:23.000000000Z,2024-12-31T14:22:23.000000000Z,160,1,29307,R,N,,0,4,2849,0,0,2849,6BH5
2024-12-31T14:22:30.000000000Z,2024-12-31T14:22:30.000000000Z,160,1,29307,A,B,1.2518,3,4,2850,0,0,2850,6BH5
2024-12-31T14:22:37.000000000Z,2024-12-31T14:22:37.000000000Z,160,1,29307,F,A,1.2519,2,4,2851,0,0,2851,6BH5
2024-12-31T14:22:44.000000000Z,2024-12-31T14:22:44.000000000Z,160,1,29307,A,A,1.252,1,4,2852,0,0,2852,6BH5
2024-12-31T14:22:51.000000000Z,2024-12-31T14:22:51.000000000Z,160,1,29307,T,B,1.2519,1,4,2853,0,0,2853,6BH5
2024-12-31T14:22:58.000000000Z,2024-12-31T14:22:58.000000000Z,160,1,29307,C,A,1.2521,1,4,2854,0,0,2854,6BH5
2024-12-31T14:23:05.000000000Z,2024-12-31T14:23:05.000000000Z,160,1,29307,F,B,1.2519,1,4,2855,0,0,2855,6BH5
2024-12-31T14:23:12.000000000Z,2024-12-31T14:23:12.000000000Z,160,1,29307,A,B,1.2521,1,4,2856,0,0,2856,6BH5
2024-12-31T14:23:19.000000000Z,2024-12-31T14:23:19.000000000Z,160,1,29307,A,B,1.2519,3,4,2857,0,0,2857,6BH5
2024-12-31T14:23:26.000000000Z,2024-12-31T14:23:26.000000000Z,160,1,29307,F,A,1.252,3,4,2858,0,0,2858,6BH5
2024-12-31T14:23:33.000000000Z,2024-12-31T14:23:33.000000000Z,160,1,29307,C,A,1.2519,1,4,2859,0,0,2859,6BH5
2024-12-31T14:23:40.000000000Z,2024-12-31T14:23:40.000000000Z,160,1,29307,A,B,1.252,1,4,2860,0,0,2860,6BH5
2024-12-31T14:23:47.000000000Z,2024-12-31T14:23:47.000000000Z,160,1,29307,C,B,1.252,5,4,2861,0,0,2861,6BH5
2024-12-31T14:23:54.000000000Z,2024-12-31T14:23:54.000000000Z,160,1,29307,A,A,1.2518,1,4,2862,0,0,2862,6BH5
2024-12-31T14:24:01.000000000Z,2024-12-31T14:24:01.000000000Z,160,1,29307,A,A,1.2518,1,4,2863,0,0,2863,6BH5
2024-12-31T14:24:08.000000000Z,2024-12-31T14:24:08.000000000Z,160,1,29307,F,A,1.2518,1,4,2864,0,0,2864,6BH5
2024-12-31T14:24:15.000000000Z,2024-12-31T14:24:15.000000000Z,160,1,29307,T,B,1.2519,2,4,2865,0,0,2865,6BH5
2024-12-31T14:24:22.000000000Z,2024-12-31T14:24:22.000000000Z,160,1,29307,R,N,,0,4,2866,0,0,2866,6BH5
2024-12-31T14:24:29.000000000Z,2024-12-31T14:24:29.000000000Z,160,1,29307,F,A,1.2521,2,4,2867,0,0,2867,6BH5
2024-12-31T14:24:36.000000000Z,2024-12-31T14:24:36.000000000Z,160,1,29307,C,B,1.252,1,4,2868,0,0,2868,6BH5
2024-12-31T14:24:43.000000000Z,2024-12-31T14:24:43.000000000Z,160,1,29307,T,B,1.2518,1,4,2869,0,0,2869,6BH5
2024-12-31T14:24:50.000000000Z,2024-12-31T14:24:50.000000000Z,160,1,29307,R,N,,0,4,2870,0,0,2870,6BH5
2024-12-31T14:24:57.000000000Z,2024-12-31T14:24:57.000000000Z,160,1,29307,F,A,1.2518,1,4,2871,0,0,2871,6BH5
2024-12-31T14:25:04.000000000Z,2024-12-31T14:25:04.000000000Z,160,1,29307,F,B,1.2517,1,4,2872,0,0,2872,6BH5
2024-12-31T14:25:11.000000000Z,2024-12-31T14:25:11.000000000Z,160,1,29307,T,B,1.2516,1,4,2873,0,0,2873,6BH5
2024-12-31T14:25:18.000000000Z,2024-12-31T14:25:18.000000000Z,160,1,29307,F,B,1.2516,2,4,2874,0,0,2874,6BH5
2024-12-31T14:25:25.000000000Z,2024-12-31T14:25:25.000000000Z,160,1,29307,R,N,,0,4,2875,0,0,2875,6BH5
2024-12-31T14:25:32.000000000Z,2024-12-31T14:25:32.000000000Z,160,1,29307,F,A,1.2517,2,4,2876,0,0,2876,6BH5
2024-12-31T14:25:39.000000000Z,2024-12-31T14:25:39.000000000Z,160,1,29307,T,B,1.2517,5,4,2877,0,0,2877,6BH5
2024-12-31T14:25:46.000000000Z,2024-12-31T14:25:46.000000000Z,160,1,29307,T,A,1.2518,2,4,2878,0,0,2878,6BH5
2024-12-31T14:25:53.000000000Z,2024-12-31T14:25:53.000000000Z,160,1,29307,T,A,1.2519,5,4,2879,0,0,2879,6BH5
2024-12-31T14:26:00.000000000Z,2024-12-31T14:26:00.000000000Z,160,1,29307,C,A,1.2518,1,4,2880,0,0,2880,6BH5
2024-12-31T14:26:07.000000000Z,2024-12-31T14:26:07.000000000Z,160,1,29307,C,B,1.2519,1,4,2881,0,0,2881,6BH5
2024-12-31T14:26:14.000000000Z,2024-12-31T14:26:14.000000000Z,160,1,29307,F,A,1.2521,3,4,2882,0,0,2882,6BH5
2024-12-31T14:26:21.000000000Z,2024-12-31T14:26:21.000000000Z,160,1,29307,F,B,1.2519,2,4,2883,0,0,2883,6BH5
2024-12-31T14:26:28.000000000Z,2024-12-31T14:26:28.000000000Z,160,1,29307,A,B,1.2519,2,4,2884,0,0,2884,6BH5
2024-12-31T14:26:35.000000000Z,2024-12-31T14:26:35.000000000Z,160,1,29307,F,B,1.2518,1,4,2885,0,0,2885,6BH5
2024-12-31T14:26:42.000000000Z,2024-12-31T14:26:42.000000000Z,160,1,29307,C,A,1.2517,1,4,2886,0,0,2886,6BH5
2024-12-31T14:26:49.000000000Z,2024-12-31T14:26:49.000000000Z,160,1,29307,F,B,1.2517,1,4,2887,0,0,2887,6BH5
2024-12-31T14:26:56.000000000Z,2024-12-31T14:26:56.000000000Z,160,1,29307,T,B,1.2518,2,4,2888,0,0,2888,6BH5
2024-12-31T14:27:03.000000000Z,2024-12-31T14:27:03.000000000Z,160,1,29307,F,B,1.2516,1,4,2889,0,0,2889,6BH5
2024-12-31T14:27:10.000000000Z,2024-12-31T14:27:10.000000000Z,160,1,29307,C,A,1.2516,1,4,2890,0,0,2890,6BH5
2024-12-31T14:27:17.000000000Z,2024-12-31T14:27:17.000000000Z,160,1,29307,T,A,1.2516,1,4,2891,0,0,2891,6BH5
2024-12-31T14:27:24.000000000Z,2024-12-31T14:27:24.000000000Z,160,1,29307,A,A,1.2516,1,4,2892,0,0,2892,6BH5
2024-12-31T14:27:31.000000000Z,2024-12-31T14:27:31.000000000Z,160,1,29307,T,B,1.2517,1,4,2893,0,0,2893,6BH5
2024-12-31T14:27:38.000000000Z,2024-12-31T14:27:38.000000000Z,160,1,29307,A,A,1.2516,2,4,2894,0,0,2894,6BH5
2024-12-31T14:27:45.000000000Z,2024-12-31T14:27:45.000000000Z,160,1,29307,R,N,,0,4,2895,0,0,2895,6BH5
2024-12-31T14:27:52.000000000Z,2024-12-31T14:27:52.000000000Z,160,1,29307,F,B,1.2518,1,4,2896,0,0,2896,6BH5
2024-12-31T14:27:59.000000000Z,2024-12-31T14:27:59.000000000Z,160,1,29307,R,N,,0,4,2897,0,0,2897,6BH5
2024-12-31T14:28:06.000000000Z,2024-12-31T14:28:06.000000000Z,160,1,29307,A,B,1.2519,5,4,2898,0,0,2898,6BH5
2024-12-31T14:28:13.000000000Z,2024-12-31T14:28:13.000000000Z,160,1,29307,C,A,1.2518,1,4,2899,0,0,2899,6BH5
2024-12-31T14:28:20.000000000Z,2024-12-31T14:28:20.000000000Z,160,1,29307,F,B,1.2516,2,4,2900,0,0,2900,6BH5
2024-12-31T14:28:27.000000000Z,2024-12-31T14:28:27.000000000Z,160,1,29307,C,A,1.2517,1,4,2901,0,0,2901,6BH5
2024-12-31T14:28:34.000000000Z,2024-12-31T14:28:34.000000000Z,160,1,29307,R,N,,0,4,2902,0,0,2902,6BH5
2024-12-31T14:28:41.000000000Z,2024-12-31T14:28:41.000000000Z,160,1,29307,T,B,1.2519,1,4,2903,0,0,2903,6BH5
2024-12-31T14:28:48.000000000Z,2024-12-31T14:28:48.000000000Z,160,1,29307,A,B,1.2521,2,4,2904,0,0,2904,6BH5
2024-12-31T14:28:55.000000000Z,2024-12-31T14:28:55.000000000Z,160,1,29307,T,B,1.252,1,4,2905,0,0,2905,6BH5
2024-12-31T14:29:02.000000000Z,2024-12-31T14:29:02.000000000Z,160,1,29307,A,B,1.252,1,4,2906,0,0,2906,6BH5
2024-12-31T14:29:09.000000000Z,2024-12-31T14:29:09.000000000Z,160,1,29307,A,A,1.252,1,4,2907,0,0,2907,6BH5
2024-12-31T14:29:16.000000000Z,2024-12-31T14:29:16.000000000Z,160,1,29307,A,B,1.2519,1,4,2908,0,0,2908,6BH5
2024-12-31T14:29:23.000000000Z,2024-12-31T14:29:23.000000000Z,160,1,29307,T,A,1.252,1,4,2909,0,0,2909,6BH5
2024-12-31T14:29:30.000000000Z,2024-12-31T14:29:30.000000000Z,160,1,29307,T,A,1.2521,1,4,2910,0,0,2910,6BH5
2024-12-31T14:29:37.000000000Z,2024-12-31T14:29:37.000000000Z,160,1,29307,C,A,1.2521,1,4,2911,0,0,2911,6BH5
2024-12-31T14:29:44.000000000Z,2024-12-31T14:29:44.000000000Z,160,1,29307,R,N,,0,4,2912,0,0,2912,6BH5
2024-12-31T14:29:51.000000000Z,2024-12-31T14:29:51.000000000Z,160,1,29307,T,B,1.2518,1,4,2913,0,0,2913,6BH5
2024-12-31T14:29:58.000000000Z,2024-12-31T14:29:58.000000000Z,160,1,29307,C,B,1.2517,1,4,2914,0,0,2914,6BH5
2024-12-31T14:30:05.000000000Z,2024-12-31T14:30:05.000000000Z,160,1,29307,T,A,1.2518,1,4,2915,0,0,2915,6BH5
2024-12-31T14:30:12.000000000Z,2024-12-31T14:30:12.000000000Z,160,1,29307,C,B,1.2516,1,4,2916,0,0,2916,6BH5
2024-12-31T14:30:19.000000000Z,2024-12-31T14:30:19.000000000Z,160,1,29307,C,B,1.2517,1,4,2917,0,0,2917,6BH5
2024-12-31T14:30:26.000000000Z,2024-12-31T14:30:26.000000000Z,160,1,29307,A,A,1.2518,1,4,2918,0,0,2918,6BH5
2024-12-31T14:30:33.000000000Z,2024-12-31T14:30:33.000000000Z,160,1,29307,F,A,1.2519,1,4,2919,0,0,2919,6BH5
2024-12-31T14:30:40.000000000Z,2024-12-31T14:30:40.000000000Z,160,1,29307,C,A,1.2519,1,4,2920,0,0,2920,6BH5
2024-12-31T14:30:47.000000000Z,2024-12-31T14:30:47.000000000Z,160,1,29307,C,A,1.252,1,4,2921,0,0,2921,6BH5
2024-12-31T14:30:54.000000000Z,2024-12-31T14:30:54.000000000Z,160,1,29307,A,A,1.2521,1,4,2922,0,0,2922,6BH5
2024-12-31T14:31:01.000000000Z,2024-12-31T14:31:01.000000000Z,160,1,29307,T,A,1.2522,1,4,2923,0,0,2923,6BH5
2024-12-31T14:31:08.000000000Z,2024-12-31T14:31:08.000000000Z,160,1,29307,A,B,1.2522,2,4,2924,0,0,2924,6BH5
2024-12-31T14:31:15.000000000Z,2024-12-31T14:31:15.000000000Z,160,1,29307,C,A,1.2522,2,4,2925,0,0,2925,6BH5
2024-12-31T14:31:22.000000000Z,2024-12-31T14:31:22.000000000Z,160,1,29307,A,B,1.2523,1,4,2926,0,0,2926,6BH5
2024-12-31T14:31:29.000000000Z,2024-12-31T14:31:29.000000000Z,160,1,29307,A,B,1.2521,1,4,2927,0,0,2927,6BH5
2024-12-31T14:31:36.000000000Z,2024-12-31T14:31:36.000000000Z,160,1,29307,T,B,1.2521,2,4,2928,0,0,2928,6BH5
2024-12-31T14:31:43.000000000Z,2024-12-31T14:31:43.000000000Z,160,1,29307,T,A,1.2523,3,4,2929,0,0,2929,6BH5
2024-12-31T14:31:50.000000000Z,2024-12-31T14:31:50.000000000Z,160,1,29307,C,B,1.2521,1,4,2930,0,0,2930,6BH5
2024-12-31T14:31:57.000000000Z,2024-12-31T14:31:57.000000000Z,160,1,29307,A,A,1.252,1,4,2931,0,0,2931,6BH5
2024-12-31T14:32:04.000000000Z,2024-12-31T14:32:04.000000000Z,160,1,29307,A,A,1.2519,1,4,2932,0,0,2932,6BH5
2024-12-31T14:32:11.000000000Z,2024-12-31T14:32:11.000000000Z,160,1,29307,R,N,,0,4,2933,0,0,2933,6BH5
2024-12-31T14:32:18.000000000Z,2024-12-31T14:32:18.000000000Z,160,1,29307,T,A,1.2518,1,4,2934,0,0,2934,6BH5
2024-12-31T14:32:25.000000000Z,2024-12-31T14:32:25.000000000Z,160,1,29307,F,B,1.2519,1,4,2935,0,0,2935,6BH5
2024-12-31T14:32:32.000000000Z,2024-12-31T14:32:32.000000000Z,160,1,29307,C,B,1.2517,2,4,2936,0,0,2936,6BH5
2024-12-31T14:32:39.000000000Z,2024-12-31T14:32:39.000000000Z,160,1,29307,T,A,1.2515,1,4,2937,0,0,2937,6BH5
2024-12-31T14:32:46.000000000Z,2024-12-31T14:32:46.000000000Z,160,1,29307,A,B,1.2516,1,4,2938,0,0,2938,6BH5
2024-12-31T14:32:53.000000000Z,2024-12-31T14:32:53.000000000Z,160,1,29307,F,B,1.2515,1,4,2939,0,0,2939,6BH5
2024-12-31T14:33:00.000000000Z,2024-12-31T14:33:00.000000000Z,160,1,29307,A,B,1.2517,1,4,2940,0,0,2940,6BH5
2024-12-31T14:33:07.000000000Z,2024-12-31T14:33:07.000000000Z,160,1,29307,R,N,,0,4,2941,0,0,2941,6BH5
2024-12-31T14:33:14.000000000Z,2024-12-31T14:33:14.000000000Z,160,1,29307,A,B,1.2515,1,4,2942,0,0,2942,6BH5
2024-12-31T14:33:21.000000000Z,2024-12-31T14:33:21.000000000Z,160,1,29307,A,A,1.2513,1,4,2943,0,0,2943,6BH5
2024-12-31T14:33:28.000000000Z,2024-12-31T14:33:28.000000000Z,160,1,29307,A,A,1.2512,1,4,2944,0,0,2944,6BH5
2024-12-31T14:33:35.000000000Z,2024-12-31T14:33:35.000000000Z,160,1,29307,C,B,1.2514,5,4,2945,0,0,2945,6BH5
2024-12-31T14:33:42.000000000Z,2024-12-31T14:33:42.000000000Z,160,1,29307,T,B,1.2516,1,4,2946,0,0,2946,6BH5
2024-12-31T14:33:49.000000000Z,2024-12-31T14:33:49.000000000Z,160,1,29307,R,N,,0,4,2947,0,0,2947,6BH5
2024-12-31T14:33:56.000000000Z,2024-12-31T14:33:56.000000000Z,160,1,29307,T,A,1.2514,1,4,2948,0,0,2948,6BH5
2024-12-31T14:34:03.000000000Z,2024-12-31T14:34:03.000000000Z,160,1,29307,A,B,1.2515,1,4,2949,0,0,2949,6BH5
2024-12-31T14:34:10.000000000Z,2024-12-31T14:34:10.000000000Z,160,1,29307,T,B,1.2514,1,4,2950,0,0,2950,6BH5
2024-12-31T14:34:17.000000000Z,2024-12-31T14:34:17.000000000Z,160,1,29307,A,A,1.2512,1,4,2951,0,0,2951,6BH5
2024-12-31T14:34:24.000000000Z,2024-12-31T14:34:24.000000000Z,160,1,29307,T,A,1.2514,1,4,2952,0,0,2952,6BH5
2024-12-31T14:34:31.000000000Z,2024-12-31T14:34:31.000000000Z,160,1,29307,F,A,1.2516,1,4,2953,0,0,2953,6BH5
2024-12-31T14:34:38.000000000Z,2024-12-31T14:34:38.000000000Z,160,1,29307,F,A,1.2518,2,4,2954,0,0,2954,6BH5
2024-12-31T14:34:45.000000000Z,2024-12-31T14:34:45.000000000Z,160,1,29307,F,A,1.2519,1,4,2955,0,0,2955,6BH5
2024-12-31T14:34:52.000000000Z,2024-12-31T14:34:52.000000000Z,160,1,29307,A,B,1.252,1,4,2956,0,0,2956,6BH5
2024-12-31T14:34:59.000000000Z,2024-12-31T14:34:59.000000000Z,160,1,29307,C,A,1.2519,1,4,2957,0,0,2957,6BH5
2024-12-31T14:35:06.000000000Z,2024-12-31T14:35:06.000000000Z,160,1,29307,F,A,1.2518,2,4,2958,0,0,2958,6BH5
2024-12-31T14:35:13.000000000Z,2024-12-31T14:35:13.000000000Z,160,1,29307,C,B,1.2516,1,4,2959,0,0,2959,6BH5
2024-12-31T14:35:20.000000000Z,2024-12-31T14:35:20.000000000Z,160,1,29307,F,B,1.2517,1,4,2960,0,0,2960,6BH5
2024-12-31T14:35:27.000000000Z,2024-12-31T14:35:27.000000000Z,160,1,29307,T,A,1.2518,2,4,2961,0,0,2961,6BH5
2024-12-31T14:35:34.000000000Z,2024-12-31T14:35:34.000000000Z,160,1,29307,A,A,1.2519,1,4,2962,0,0,2962,6BH5
2024-12-31T14:35:41.000000000Z,2024-12-31T14:35:41.000000000Z,160,1,29307,T,B,1.2521,1,4,2963,0,0,2963,6BH5
2024-12-31T14:35:48.000000000Z,2024-12-31T14:35:48.000000000Z,160,1,29307,C,A,1.2523,1,4,2964,0,0,2964,6BH5
2024-12-31T14:35:55.000000000Z,2024-12-31T14:35:55.000000000Z,160,1,29307,T,A,1.2525,2,4,2965,0,0,2965,6BH5
2024-12-31T14:36:02.000000000Z,2024-12-31T14:36:02.000000000Z,160,1,29307,C,B,1.2524,2,4,2966,0,0,2966,6BH5
2024-12-31T14:36:09.000000000Z,2024-12-31T14:36:09.000000000Z,160,1,29307,C,A,1.2525,5,4,2967,0,0,2967,6BH5
2024-12-31T14:36:16.000000000Z,2024-12-31T14:36:16.000000000Z,160,1,29307,F,B,1.2525,3,4,2968,0,0,2968,6BH5
2024-12-31T14:36:23.000000000Z,2024-12-31T14:36:23.000000000Z,160,1,29307,F,B,1.2524,2,4,2969,0,0,2969,6BH5
2024-12-31T14:36:30.000000000Z,2024-12-31T14:36:30.000000000Z,160,1,29307,A,B,1.2526,1,4,2970,0,0,2970,6BH5
2024-12-31T14:36:37.000000000Z,2024-12-31T14:36:37.000000000Z,160,1,29307,A,B,1.2528,2,4,2971,0,0,2971,6BH5
2024-12-31T14:36:44.000000000Z,2024-12-31T14:36:44.000000000Z,160,1,29307,C,A,1.2526,1,4,2972,0,0,2972,6BH5
2024-12-31T14:36:51.000000000Z,2024-12-31T14:36:51.000000000Z,160,1,29307,A,B,1.2524,1,4,2973,0,0,2973,6BH5
2024-12-31T14:36:58.000000000Z,2024-12-31T14:36:58.000000000Z,160,1,29307,C,A,1.2525,1,4,2974,0,0,2974,6BH5
2024-12-31T14:37:05.000000000Z,2024-12-31T14:37:05.000000000Z,160,1,29307,T,A,1.2526,1,4,2975,0,0,2975,6BH5
2024-12-31T14:37:12.000000000Z,2024-12-31T14:37:12.000000000Z,160,1,29307,A,A,1.2528,2,4,2976,0,0,2976,6BH5
2024-12-31T14:37:19.000000000Z,2024-12-31T14:37:19.000000000Z,160,1,29307,A,A,1.2527,1,4,2977,0,0,2977,6BH5
2024-12-31T14:37:26.000000000Z,2024-12-31T14:37:26.000000000Z,160,1,29307,A,A,1.2525,1,4,2978,0,0,2978,6BH5
2024-12-31T14:37:33.000000000Z,2024-12-31T14:37:33.000000000Z,160,1,29307,A,B,1.2524,1,4,2979,0,0,2979,6BH5
2024-12-31T14:37:40.000000000Z,2024-12-31T14:37:40.000000000Z,160,1,29307,T,B,1.2522,2,4,2980,0,0,2980,6BH5
2024-12-31T14:37:47.000000000Z,2024-12-31T14:37:47.000000000Z,160,1,29307,T,B,1.252,1,4,2981,0,0,2981,6BH5
2024-12-31T14:37:54.000000000Z,2024-12-31T14:37:54.000000000Z,160,1,29307,T,B,1.2522,1,4,2982,0,0,2982,6BH5
2024-12-31T14:38:01.000000000Z,2024-12-31T14:38:01.000000000Z,160,1,29307,T,A,1.2521,1,4,2983,0,0,2983,6BH5
2024-12-31T14:38:08.000000000Z,2024-12-31T14:38:08.000000000Z,160,1,29307,F,B,1.2521,1,4,2984,0,0,2984,6BH5
2024-12-31T14:38:15.000000000Z,2024-12-31T14:38:15.000000000Z,160,1,29307,F,A,1.2519,1,4,2985,0,0,2985,6BH5
2024-12-31T14:38:22.000000000Z,2024-12-31T14:38:22.000000000Z,160,1,29307,A,A,1.2518,1,4,2986,0,0,2986,6BH5
2024-12-31T14:38:29.000000000Z,2024-12-31T14:38:29.000000000Z,160,1,29307,A,B,1.2519,2,4,2987,0,0,2987,6BH5
2024-12-31T14:38:36.000000000Z,2024-12-31T14:38:36.000000000Z,160,1,29307,A,B,1.252,1,4,2988,0,0,2988,6BH5
2024-12-31T14:38:43.000000000Z,2024-12-31T14:38:43.000000000Z,160,1,29307,C,B,1.2521,1,4,2989,0,0,2989,6BH5
2024-12-31T14:38:50.000000000Z,2024-12-31T14:38:50.000000000Z,160,1,29307,A,B,1.2521,1,4,2990,0,0,2990,6BH5
2024-12-31T14:38:57.000000000Z,2024-12-31T14:38:57.000000000Z,160,1,29307,T,A,1.252,1,4,2991,0,0,2991,6BH5
2024-12-31T14:39:04.000000000Z,2024-12-31T14:39:04.000000000Z,160,1,29307,C,A,1.252,1,4,2992,0,0,2992,6BH5
2024-12-31T14:39:11.000000000Z,2024-12-31T14:39:11.000000000Z,160,1,29307,F,B,1.2519,1,4,2993,0,0,2993,6BH5
2024-12-31T14:39:18.000000000Z,2024-12-31T14:39:18.000000000Z,160,1,29307,F,A,1.252,1,4,2994,0,0,2994,6BH5
2024-12-31T14:39:25.000000000Z,2024-12-31T14:39:25.000000000Z,160,1,29307,C,A,1.2519,2,4,2995,0,0,2995,6BH5
2024-12-31T14:39:32.000000000Z,2024-12-31T14:39:32.000000000Z,160,1,29307,C,A,1.252,1,4,2996,0,0,2996,6BH5
2024-12-31T14:39:39.000000000Z,2024-12-31T14:39:39.000000000Z,160,1,29307,A,B,1.2518,1,4,2997,0,0,2997,6BH5
2024-12-31T14:39:46.000000000Z,2024-12-31T14:39:46.000000000Z,160,1,29307,T,A,1.2519,1,4,2998,0,0,2998,6BH5
2024-12-31T14:39:53.000000000Z,2024-12-31T14:39:53.000000000Z,160,1,29307,A,B,1.2521,1,4,2999,0,0,2999,6BH5
2025-01-02T00:00:00.000000000Z,2025-01-02T00:00:00.000000000Z,160,1,29307,R,N,,0,4,3000,0,0,3000,6BH5
2025-01-02T00:00:10.000000000Z,2025-01-02T00:00:10.000000000Z,160,1,29307,F,A,1.2522,1,4,3001,0,0,3001,6BH5
2025-01-02T00:00:20.000000000Z,2025-01-02T00:00:20.000000000Z,160,1,29307,C,A,1.2524,3,4,3002,0,0,3002,6BH5
2025-01-02T00:00:30.000000000Z,2025-01-02T00:00:30.000000000Z,160,1,29307,T,B,1.2525,1,4,3003,0,0,3003,6BH5
2025-01-02T00:00:40.000000000Z,2025-01-02T00:00:40.000000000Z,160,1,29307,C,A,1.2524,1,4,3004,0,0,3004,6BH5
2025-01-02T00:00:50.000000000Z,2025-01-02T00:00:50.000000000Z,160,1,29307,C,A,1.2523,2,4,3005,0,0,3005,6BH5
2025-01-02T00:01:00.000000000Z,2025-01-02T00:01:00.000000000Z,160,1,29307,T,B,1.2524,1,4,3006,0,0,3006,6BH5
2025-01-02T00:01:10.000000000Z,2025-01-02T00:01:10.000000000Z,160,1,29307,A,B,1.2525,2,4,3007,0,0,3007,6BH5
2025-01-02T00:01:20.000000000Z,2025-01-02T00:01:20.000000000Z,160,1,29307,T,B,1.2524,1,4,3008,0,0,3008,6BH5
2025-01-02T00:01:30.000000000Z,2025-01-02T00:01:30.000000000Z,160,1,29307,A,B,1.2523,1,4,3009,0,0,3009,6BH5
2025-01-02T00:01:40.000000000Z,2025-01-02T00:01:40.000000000Z,160,1,29307,A,A,1.2525,1,4,3010,0,0,3010,6BH5
2025-01-02T00:01:50.000000000Z,2025-01-02T00:01:50.000000000Z,160,1,29307,A,A,1.2523,2,4,3011,0,0,3011,6BH5
2025-01-02T00:02:00.000000000Z,2025-01-02T00:02:00.000000000Z,160,1,29307,A,B,1.2523,3,4,3012,0,0,3012,6BH5
2025-01-02T00:02:10.000000000Z,2025-01-02T00:02:10.000000000Z,160,1,29307,C,B,1.2521,1,4,3013,0,0,3013,6BH5
2025-01-02T00:02:20.000000000Z,2025-01-02T00:02:20.000000000Z,160,1,29307,C,B,1.2522,1,4,3014,0,0,3014,6BH5
2025-01-02T00:02:30.000000000Z,2025-01-02T00:02:30.000000000Z,160,1,29307,C,A,1.252,1,4,3015,0,0,3015,6BH5
2025-01-02T00:02:40.000000000Z,2025-01-02T00:02:40.000000000Z,160,1,29307,A,B,1.2521,1,4,3016,0,0,3016,6BH5
2025-01-02T00:02:50.000000000Z,2025-01-02T00:02:50.000000000Z,160,1,29307,T,A,1.2519,1,4,3017,0,0,3017,6BH5
2025-01-02T00:03:00.000000000Z,2025-01-02T00:03:00.000000000Z,160,1,29307,A,B,1.252,1,4,3018,0,0,3018,6BH5
2025-01-02T00:03:10.000000000Z,2025-01-02T00:03:10.000000000Z,160,1,29307,F,B,1.2521,1,4,3019,0,0,3019,6BH5
2025-01-02T00:03:20.000000000Z,2025-01-02T00:03:20.000000000Z,160,1,29307,F,B,1.252,1,4,3020,0,0,3020,6BH5
2025-01-02T00:03:30.000000000Z,2025-01-02T00:03:30.000000000Z,160,1,29307,F,A,1.252,1,4,3021,0,0,3021,6BH5
2025-01-02T00:03:40.000000000Z,2025-01-02T00:03:40.000000000Z,160,1,29307,C,A,1.252,10,4,3022,0,0,3022,6BH5
2025-01-02T00:03:50.000000000Z,2025-01-02T00:03:50.000000000Z,160,1,29307,T,A,1.2519,2,4,3023,0,0,3023,6BH5
2025-01-02T00:04:00.000000000Z,2025-01-02T00:04:00.000000000Z,160,1,29307,T,B,1.252,1,4,3024,0,0,3024,6BH5
2025-01-02T00:04:10.000000000Z,2025-01-02T00:04:10.000000000Z,160,1,29307,A,A,1.2519,2,4,3025,0,0,3025,6BH5
2025-01-02T00:04:20.000000000Z,2025-01-02T00:04:20.000000000Z,160,1,29307,F,A,1.252,1,4,3026,0,0,3026,6BH5
2025-01-02T00:04:30.000000000Z,2025-01-02T00:04:30.000000000Z,160,1,29307,T,B,1.2519,2,4,3027,0,0,3027,6BH5
2025-01-02T00:04:40.000000000Z,2025-01-02T00:04:40.000000000Z,160,1,29307,C,B,1.2518,1,4,3028,0,0,3028,6BH5
2025-01-02T00:04:50.000000000Z,2025-01-02T00:04:50.000000000Z,160,1,29307,A,A,1.2517,1,4,3029,0,0,3029,6BH5
2025-01-02T00:05:00.000000000Z,2025-01-02T00:05:00.000000000Z,160,1,29307,A,A,1.2517,2,4,3030,0,0,3030,6BH5
2025-01-02T00:05:10.000000000Z,2025-01-02T00:05:10.000000000Z,160,1,29307,T,A,1.2517,1,4,3031,0,0,3031,6BH5
2025-01-02T00:05:20.000000000Z,2025-01-02T00:05:20.000000000Z,160,1,29307,C,A,1.2518,3,4,3032,0,0,3032,6BH5
2025-01-02T00:05:30.000000000Z,2025-01-02T00:05:30.000000000Z,160,1,29307,A,B,1.2517,2,4,3033,0,0,3033,6BH5
2025-01-02T00:05:40.000000000Z,2025-01-02T00:05:40.000000000Z,160,1,29307,T,B,1.2515,10,4,3034,0,0,3034,6BH5
2025-01-02T00:05:50.000000000Z,2025-01-02T00:05:50.000000000Z,160,1,29307,F,B,1.2516,1,4,3035,0,0,3035,6BH5
2025-01-02T00:06:00.000000000Z,2025-01-02T00:06:00.000000000Z,160,1,29307,R,N,,0,4,3036,0,0,3036,6BH5
2025-01-02T00:06:10.000000000Z,2025-01-02T00:06:10.000000000Z,160,1,29307,F,A,1.2515,1,4,3037,0,0,3037,6BH5
2025-01-02T00:06:20.000000000Z,2025-01-02T00:06:20.000000000Z,160,1,29307,A,B,1.2516,5,4,3038,0,0,3038,6BH5
2025-01-02T00:06:30.000000000Z,2025-01-02T00:06:30.000000000Z,160,1,29307,A,B,1.2515,1,4,3039,0,0,3039,6BH5
2025-01-02T00:06:40.000000000Z,2025-01-02T00:06:40.000000000Z,160,1,29307,A,A,1.2516,1,4,3040,0,0,3040,6BH5
2025-01-02T00:06:50.000000000Z,2025-01-02T00:06:50.000000000Z,160,1,29307,A,A,1.2518,1,4,3041,0,0,3041,6BH5
2025-01-02T00:07:00.000000000Z,2025-01-02T00:07:00.000000000Z,160,1,29307,C,B,1.252,1,4,3042,0,0,3042,6BH5
2025-01-02T00:07:10.000000000Z,2025-01-02T00:07:10.000000000Z,160,1,29307,C,B,1.2521,1,4,3043,0,0,3043,6BH5
2025-01-02T00:07:20.000000000Z,2025-01-02T00:07:20.000000000Z,160,1,29307,A,B,1.252,1,4,3044,0,0,3044,6BH5
2025-01-02T00:07:30.000000000Z,2025-01-02T00:07:30.000000000Z,160,1,29307,A,A,1.2521,2,4,3045,0,0,3045,6BH5
2025-01-02T00:07:40.000000000Z,2025-01-02T00:07:40.000000000Z,160,1,29307,C,A,1.2521,1,4,3046,0,0,3046,6BH5
2025-01-02T00:07:50.000000000Z,2025-01-02T00:07:50.000000000Z,160,1,29307,A,A,1.2519,2,4,3047,0,0,3047,6BH5
2025-01-02T00:08:00.000000000Z,2025-01-02T00:08:00.000000000Z,160,1,29307,A,A,1.2519,1,4,3048,0,0,3048,6BH5
2025-01-02T00:08:10.000000000Z,2025-01-02T00:08:10.000000000Z,160,1,29307,C,A,1.2521,1,4,3049,0,0,3049,6BH5
2025-01-02T00:08:20.000000000Z,2025-01-02T00:08:20.000000000Z,160,1,29307,R,N,,0,4,3050,0,0,3050,6BH5
2025-01-02T00:08:30.000000000Z,2025-01-02T00:08:30.000000000Z,160,1,29307,R,N,,0,4,3051,0,0,3051,6BH5
2025-01-02T00:08:40.000000000Z,2025-01-02T00:08:40.000000000Z,160,1,29307,T,B,1.2522,1,4,3052,0,0,3052,6BH5
2025-01-02T00:08:50.000000000Z,2025-01-02T00:08:50.000000000Z,160,1,29307,T,A,1.2523,2,4,3053,0,0,3053,6BH5
2025-01-02T00:09:00.000000000Z,2025-01-02T00:09:00.000000000Z,160,1,29307,R,N,,0,4,3054,0,0,3054,6BH5
2025-01-02T00:09:10.000000000Z,2025-01-02T00:09:10.000000000Z,160,1,29307,F,A,1.2522,1,4,3055,0,0,3055,6BH5
2025-01-02T00:09:20.000000000Z,2025-01-02T00:09:20.000000000Z,160,1,29307,F,B,1.2523,1,4,3056,0,0,3056,6BH5
2025-01-02T00:09:30.000000000Z,2025-01-02T00:09:30.000000000Z,160,1,29307,C,A,1.2523,2,4,3057,0,0,3057,6BH5
2025-01-02T00:09:40.000000000Z,2025-01-02T00:09:40.000000000Z,160,1,29307,T,B,1.2521,1,4,3058,0,0,3058,6BH5
2025-01-02T00:09:50.000000000Z,2025-01-02T00:09:50.000000000Z,160,1,29307,T,B,1.2522,1,4,3059,0,0,3059,6BH5
2025-01-02T00:10:00.000000000Z,2025-01-02T00:10:00.000000000Z,160,1,29307,A,A,1.2524,1,4,3060,0,0,3060,6BH5
2025-01-02T00:10:10.000000000Z,2025-01-02T00:10:10.000000000Z,160,1,29307,A,A,1.2525,10,4,3061,0,0,3061,6BH5
2025-01-02T00:10:20.000000000Z,2025-01-02T00:10:20.000000000Z,160,1,29307,C,B,1.2526,1,4,3062,0,0,3062,6BH5
2025-01-02T00:10:30.000000000Z,2025-01-02T00:10:30.000000000Z,160,1,29307,R,N,,0,4,3063,0,0,3063,6BH5
2025-01-02T00:10:40.000000000Z,2025-01-02T00:10:40.000000000Z,160,1,29307,A,A,1.2524,1,4,3064,0,0,3064,6BH5
2025-01-02T00:10:50.000000000Z,2025-01-02T00:10:50.000000000Z,160,1,29307,C,B,1.2525,2,4,3065,0,0,3065,6BH5
2025-01-02T00:11:00.000000000Z,2025-01-02T00:11:00.000000000Z,160,1,29307,F,A,1.2524,1,4,3066,0,0,3066,6BH5
2025-01-02T00:11:10.000000000Z,2025-01-02T00:11:10.000000000Z,160,1,29307,R,N,,0,4,3067,0,0,3067,6BH5
2025-01-02T00:11:20.000000000Z,2025-01-02T00:11:20.000000000Z,160,1,29307,T,B,1.2524,1,4,3068,0,0,3068,6BH5
2025-01-02T00:11:30.000000000Z,2025-01-02T00:11:30.000000000Z,160,1,29307,A,A,1.2524,1,4,3069,0,0,3069,6BH5
2025-01-02T00:11:40.000000000Z,2025-01-02T00:11:40.000000000Z,160,1,29307,T,B,1.2523,1,4,3070,0,0,3070,6BH5
2025-01-02T00:11:50.000000000Z,2025-01-02T00:11:50.000000000Z,160,1,29307,A,B,1.2525,2,4,3071,0,0,3071,6BH5
2025-01-02T00:12:00.000000000Z,2025-01-02T00:12:00.000000000Z,160,1,29307,T,A,1.2524,1,4,3072,0,0,3072,6BH5
2025-01-02T00:12:10.000000000Z,2025-01-02T00:12:10.000000000Z,160,1,29307,A,B,1.2522,2,4,3073,0,0,3073,6BH5
2025-01-02T00:12:20.000000000Z,2025-01-02T00:12:20.000000000Z,160,1,29307,R,N,,0,4,3074,0,0,3074,6BH5
2025-01-02T00:12:30.000000000Z,2025-01-02T00:12:30.000000000Z,160,1,29307,A,A,1.2522,3,4,3075,0,0,3075,6BH5
2025-01-02T00:12:40.000000000Z,2025-01-02T00:12:40.000000000Z,160,1,29307,C,A,1.2521,1,4,3076,0,0,3076,6BH5
2025-01-02T00:12:50.000000000Z,2025-01-02T00:12:50.000000000Z,160,1,29307,A,B,1.252,1,4,3077,0,0,3077,6BH5
2025-01-02T00:13:00.000000000Z,2025-01-02T00:13:00.000000000Z,160,1,29307,F,A,1.2518,1,4,3078,0,0,3078,6BH5
2025-01-02T00:13:10.000000000Z,2025-01-02T00:13:10.000000000Z,160,1,29307,A,B,1.2519,1,4,3079,0,0,3079,6BH5
2025-01-02T00:13:20.000000000Z,2025-01-02T00:13:20.000000000Z,160,1,29307,C,A,1.2517,1,4,3080,0,0,3080,6BH5
2025-01-02T00:13:30.000000000Z,2025-01-02T00:13:30.000000000Z,160,1,29307,C,A,1.2516,1,4,3081,0,0,3081,6BH5
2025-01-02T00:13:40.000000000Z,2025-01-02T00:13:40.000000000Z,160,1,29307,A,A,1.2515,1,4,3082,0,0,3082,6BH5
2025-01-02T00:13:50.000000000Z,2025-01-02T00:13:50.000000000Z,160,1,29307,T,B,1.2515,1,4,3083,0,0,3083,6BH5
2025-01-02T00:14:00.000000000Z,2025-01-02T00:14:00.000000000Z,160,1,29307,C,B,1.2516,1,4,3084,0,0,3084,6BH5
2025-01-02T00:14:10.000000000Z,2025-01-02T00:14:10.000000000Z,160,1,29307,F,A,1.2516,1,4,3085,0,0,3085,6BH5
2025-01-02T00:14:20.000000000Z,2025-01-02T00:14:20.000000000Z,160,1,29307,T,A,1.2518,1,4,3086,0,0,3086,6BH5
2025-01-02T00:14:30.000000000Z,2025-01-02T00:14:30.000000000Z,160,1,29307,T,B,1.252,1,4,3087,0,0,3087,6BH5
2025-01-02T00:14:40.000000000Z,2025-01-02T00:14:40.000000000Z,160,1,29307,F,B,1.2519,1,4,3088,0,0,3088,6BH5
2025-01-02T00:14:50.000000000Z,2025-01-02T00:14:50.000000000Z,160,1,29307,A,B,1.252,1,4,3089,0,0,3089,6BH5
2025-01-02T00:15:00.000000000Z,2025-01-02T00:15:00.000000000Z,160,1,29307,T,A,1.2521,2,4,3090,0,0,3090,6BH5
2025-01-02T00:15:10.000000000Z,2025-01-02T00:15:10.000000000Z,160,1,29307,C,B,1.2523,3,4,3091,0,0,3091,6BH5
2025-01-02T00:15:20.000000000Z,2025-01-02T00:15:20.000000000Z,160,1,29307,T,A,1.2523,1,4,3092,0,0,3092,6BH5
2025-01-02T00:15:30.000000000Z,2025-01-02T00:15:30.000000000Z,160,1,29307,C,B,1.2523,1,4,3093,0,0,3093,6BH5
2025-01-02T00:15:40.000000000Z,2025-01-02T00:15:40.000000000Z,160,1,29307,A,A,1.2523,1,4,3094,0,0,3094,6BH5
2025-01-02T00:15:50.000000000Z,2025-01-02T00:15:50.000000000Z,160,1,29307,C,A,1.2525,1,4,3095,0,0,3095,6BH5
2025-01-02T00:16:00.000000000Z,2025-01-02T00:16:00.000000000Z,160,1,29307,F,A,1.2524,1,4,3096,0,0,3096,6BH5
2025-01-02T00:16:10.000000000Z,2025-01-02T00:16:10.000000000Z,160,1,29307,A,B,1.2523,1,4,3097,0,0,3097,6BH5
2025-01-02T00:16:20.000000000Z,2025-01-02T00:16:20.000000000Z,160,1,29307,C,B,1.2522,1,4,3098,0,0,3098,6BH5
2025-01-02T00:16:30.000000000Z,2025-01-02T00:16:30.000000000Z,160,1,29307,C,B,1.2521,1,4,3099,0,0,3099,6BH5
2025-01-02T00:16:40.000000000Z,2025-01-02T00:16:40.000000000Z,160,1,29307,T,A,1.2521,1,4,3100,0,0,3100,6BH5
2025-01-02T00:16:50.000000000Z,2025-01-02T00:16:50.000000000Z,160,1,29307,A,A,1.2519,1,4,3101,0,0,3101,6BH5
2025-01-02T00:17:00.000000000Z,2025-01-02T00:17:00.000000000Z,160,1,29307,R,N,,0,4,3102,0,0,3102,6BH5
2025-01-02T00:17:10.000000000Z,2025-01-02T00:17:10.000000000Z,160,1,29307,A,A,1.252,1,4,3103,0,0,3103,6BH5
2025-01-02T00:17:20.000000000Z,2025-01-02T00:17:20.000000000Z,160,1,29307,F,A,1.252,1,4,3104,0,0,3104,6BH5
2025-01-02T00:17:30.000000000Z,2025-01-02T00:17:30.000000000Z,160,1,29307,F,A,1.2521,2,4,3105,0,0,3105,6BH5
2025-01-02T00:17:40.000000000Z,2025-01-02T00:17:40.000000000Z,160,1,29307,A,B,1.2519,2,4,3106,0,0,3106,6BH5
2025-01-02T00:17:50.000000000Z,2025-01-02T00:17:50.000000000Z,160,1,29307,C,A,1.2518,1,4,3107,0,0,3107,6BH5
2025-01-02T00:18:00.000000000Z,2025-01-02T00:18:00.000000000Z,160,1,29307,C,B,1.2519,1,4,3108,0,0,3108,6BH5
2025-01-02T00:18:10.000000000Z,2025-01-02T00:18:10.000000000Z,160,1,29307,C,B,1.252,1,4,3109,0,0,3109,6BH5
2025-01-02T00:18:20.000000000Z,2025-01-02T00:18:20.000000000Z,160,1,29307,A,B,1.2519,1,4,3110,0,0,3110,6BH5
2025-01-02T00:18:30.000000000Z,2025-01-02T00:18:30.000000000Z,160,1,29307,C,B,1.2521,1,4,3111,0,0,3111,6BH5
2025-01-02T00:18:40.000000000Z,2025-01-02T00:18:40.000000000Z,160,1,29307,T,B,1.2523,1,4,3112,0,0,3112,6BH5
2025-01-02T00:18:50.000000000Z,2025-01-02T00:18:50.000000000Z,160,1,29307,A,A,1.2525,1,4,3113,0,0,3113,6BH5
2025-01-02T00:19:00.000000000Z,2025-01-02T00:19:00.000000000Z,160,1,29307,T,B,1.2525,1,4,3114,0,0,3114,6BH5
2025-01-02T00:19:10.000000000Z,2025-01-02T00:19:10.000000000Z,160,1,29307,F,B,1.2524,3,4,3115,0,0,3115,6BH5
2025-01-02T00:19:20.000000000Z,2025-01-02T00:19:20.000000000Z,160,1,29307,A,B,1.2525,2,4,3116,0,0,3116,6BH5
2025-01-02T00:19:30.000000000Z,2025-01-02T00:19:30.000000000Z,160,1,29307,F,A,1.2526,1,4,3117,0,0,3117,6BH5
2025-01-02T00:19:40.000000000Z,2025-01-02T00:19:40.000000000Z,160,1,29307,C,A,1.2524,1,4,3118,0,0,3118,6BH5
2025-01-02T00:19:50.000000000Z,2025-01-02T00:19:50.000000000Z,160,1,29307,T,A,1.2525,1,4,3119,0,0,3119,6BH5
2025-01-02T00:20:00.000000000Z,2025-01-02T00:20:00.000000000Z,160,1,29307,A,A,1.2523,2,4,3120,0,0,3120,6BH5
2025-01-02T00:20:10.000000000Z,2025-01-02T00:20:10.000000000Z,160,1,29307,A,B,1.2523,2,4,3121,0,0,3121,6BH5
2025-01-02T00:20:20.000000000Z,2025-01-02T00:20:20.000000000Z,160,1,29307,A,B,1.2522,10,4,3122,0,0,3122,6BH5
2025-01-02T00:20:30.000000000Z,2025-01-02T00:20:30.000000000Z,160,1,29307,T,A,1.2523,1,4,3123,0,0,3123,6BH5
2025-01-02T00:20:40.000000000Z,2025-01-02T00:20:40.000000000Z,160,1,29307,F,A,1.2522,2,4,3124,0,0,3124,6BH5
2025-01-02T00:20:50.000000000Z,2025-01-02T00:20:50.000000000Z,160,1,29307,C,A,1.2523,1,4,3125,0,0,3125,6BH5
2025-01-02T00:21:00.000000000Z,2025-01-02T00:21:00.000000000Z,160,1,29307,F,A,1.2523,2,4,3126,0,0,3126,6BH5
2025-01-02T00:21:10.000000000Z,2025-01-02T00:21:10.000000000Z,160,1,29307,R,N,,0,4,3127,0,0,3127,6BH5
2025-01-02T00:21:20.000000000Z,2025-01-02T00:21:20.000000000Z,160,1,29307,F,A,1.2526,1,4,3128,0,0,3128,6BH5
2025-01-02T00:21:30.000000000Z,2025-01-02T00:21:30.000000000Z,160,1,29307,F,A,1.2527,1,4,3129,0,0,3129,6BH5
2025-01-02T00:21:40.000000000Z,2025-01-02T00:21:40.000000000Z,160,1,29307,C,A,1.2529,2,4,3130,0,0,3130,6BH5
2025-01-02T00:21:50.000000000Z,2025-01-02T00:21:50.000000000Z,160,1,29307,A,A,1.2527,1,4,3131,0,0,3131,6BH5
2025-01-02T00:22:00.000000000Z,2025-01-02T00:22:00.000000000Z,160,1,29307,A,A,1.2526,1,4,3132,0,0,3132,6BH5
2025-01-02T00:22:10.000000000Z,2025-01-02T00:22:10.000000000Z,160,1,29307,T,A,1.2524,1,4,3133,0,0,3133,6BH5
2025-01-02T00:22:20.000000000Z,2025-01-02T00:22:20.000000000Z,160,1,29307,C,A,1.2523,1,4,3134,0,0,3134,6BH5
2025-01-02T00:22:30.000000000Z,2025-01-02T00:22:30.000000000Z,160,1,29307,F,B,1.2524,1,4,3135,0,0,3135,6BH5
2025-01-02T00:22:40.000000000Z,2025-01-02T00:22:40.000000000Z,160,1,29307,A,B,1.2522,1,4,3136,0,0,3136,6BH5
2025-01-02T00:22:50.000000000Z,2025-01-02T00:22:50.000000000Z,160,1,29307,F,B,1.2522,1,4,3137,0,0,3137,6BH5
2025-01-02T00:23:00.000000000Z,2025-01-02T00:23:00.000000000Z,160,1,29307,A,B,1.2522,1,4,3138,0,0,3138,6BH5
2025-01-02T00:23:10.000000000Z,2025-01-02T00:23:10.000000000Z,160,1,29307,A,B,1.2522,1,4,3139,0,0,3139,6BH5
2025-01-02T00:23:20.000000000Z,2025-01-02T00:23:20.000000000Z,160,1,29307,A,B,1.2522,1,4,3140,0,0,3140,6BH5
2025-01-02T00:23:30.000000000Z,2025-01-02T00:23:30.000000000Z,160,1,29307,F,A,1.2523,1,4,3141,0,0,3141,6BH5
2025-01-02T00:23:40.000000000Z,2025-01-02T00:23:40.000000000Z,160,1,29307,C,A,1.2521,1,4,3142,0,0,3142,6BH5
2025-01-02T00:23:50.000000000Z,2025-01-02T00:23:50.000000000Z,160,1,29307,A,B,1.252,1,4,3143,0,0,3143,6BH5
2025-01-02T00:24:00.000000000Z,2025-01-02T00:24:00.000000000Z,160,1,29307,F,A,1.2521,2,4,3144,0,0,3144,6BH5
2025-01-02T00:24:10.000000000Z,2025-01-02T00:24:10.000000000Z,160,1,29307,C,B,1.2522,1,4,3145,0,0,3145,6BH5
2025-01-02T00:24:20.000000000Z,2025-01-02T00:24:20.000000000Z,160,1,29307,A,A,1.2522,2,4,3146,0,0,3146,6BH5
2025-01-02T00:24:30.000000000Z,2025-01-02T00:24:30.000000000Z,160,1,29307,R,N,,0,4,3147,0,0,3147,6BH5
2025-01-02T00:24:40.000000000Z,2025-01-02T00:24:40.000000000Z,160,1,29307,F,A,1.2524,5,4,3148,0,0,3148,6BH5
2025-01-02T00:24:50.000000000Z,2025-01-02T00:24:50.000000000Z,160,1,29307,T,A,1.2524,1,4,3149,0,0,3149,6BH5
2025-01-02T00:25:00.000000000Z,2025-01-02T00:25:00.000000000Z,160,1,29307,A,A,1.2522,1,4,3150,0,0,3150,6BH5
2025-01-02T00:25:10.000000000Z,2025-01-02T00:25:10.000000000Z,160,1,29307,A,A,1.2522,1,4,3151,0,0,3151,6BH5
2025-01-02T00:25:20.000000000Z,2025-01-02T00:25:20.000000000Z,160,1,29307,F,B,1.2523,1,4,3152,0,0,3152,6BH5
2025-01-02T00:25:30.000000000Z,2025-01-02T00:25:30.000000000Z,160,1,29307,R,N,,0,4,3153,0,0,3153,6BH5
2025-01-02T00:25:40.000000000Z,2025-01-02T00:25:40.000000000Z,160,1,29307,T,A,1.252,1,4,3154,0,0,3154,6BH5
2025-01-02T00:25:50.000000000Z,2025-01-02T00:25:50.000000000Z,160,1,29307,A,B,1.2521,1,4,3155,0,0,3155,6BH5
2025-01-02T00:26:00.000000000Z,2025-01-02T00:26:00.000000000Z,160,1,29307,F,A,1.252,2,4,3156,0,0,3156,6BH5
2025-01-02T00:26:10.000000000Z,2025-01-02T00:26:10.000000000Z,160,1,29307,C,B,1.2519,1,4,3157,0,0,3157,6BH5
2025-01-02T00:26:20.000000000Z,2025-01-02T00:26:20.000000000Z,160,1,29307,A,A,1.252,1,4,3158,0,0,3158,6BH5
2025-01-02T00:26:30.000000000Z,2025-01-02T00:26:30.000000000Z,160,1,29307,F,B,1.2519,1,4,3159,0,0,3159,6BH5
2025-01-02T00:26:40.000000000Z,2025-01-02T00:26:40.000000000Z,160,1,29307,F,A,1.2521,1,4,3160,0,0,3160,6BH5
2025-01-02T00:26:50.000000000Z,2025-01-02T00:26:50.000000000Z,160,1,29307,A,B,1.2519,3,4,3161,0,0,3161,6BH5
2025-01-02T00:27:00.000000000Z,2025-01-02T00:27:00.000000000Z,160,1,29307,A,A,1.252,2,4,3162,0,0,3162,6BH5
2025-01-02T00:27:10.000000000Z,2025-01-02T00:27:10.000000000Z,160,1,29307,T,B,1.252,2,4,3163,0,0,3163,6BH5
2025-01-02T00:27:20.000000000Z,2025-01-02T00:27:20.000000000Z,160,1,29307,T,A,1.2522,3,4,3164,0,0,3164,6BH5
2025-01-02T00:27:30.000000000Z,2025-01-02T00:27:30.000000000Z,160,1,29307,T,A,1.252,1,4,3165,0,0,3165,6BH5
2025-01-02T00:27:40.000000000Z,2025-01-02T00:27:40.000000000Z,160,1,29307,C,A,1.2521,1,4,3166,0,0,3166,6BH5
2025-01-02T00:27:50.000000000Z,2025-01-02T00:27:50.000000000Z,160,1,29307,C,B,1.2521,1,4,3167,0,0,3167,6BH5
2025-01-02T00:28:00.000000000Z,2025-01-02T00:28:00.000000000Z,160,1,29307,T,B,1.2521,2,4,3168,0,0,3168,6BH5
2025-01-02T00:28:10.000000000Z,2025-01-02T00:28:10.000000000Z,160,1,29307,T,B,1.2521,2,4,3169,0,0,3169,6BH5
2025-01-02T00:28:20.000000000Z,2025-01-02T00:28:20.000000000Z,160,1,29307,T,A,1.2522,1,4,3170,0,0,3170,6BH5
2025-01-02T00:28:30.000000000Z,2025-01-02T00:28:30.000000000Z,160,1,29307,A,B,1.2524,1,4,3171,0,0,3171,6BH5
2025-01-02T00:28:40.000000000Z,2025-01-02T00:28:40.000000000Z,160,1,29307,A,A,1.2522,3,4,3172,0,0,3172,6BH5
2025-01-02T00:28:50.000000000Z,2025-01-02T00:28:50.000000000Z,160,1,29307,R,N,,0,4,3173,0,0,3173,6BH5
2025-01-02T00:29:00.000000000Z,2025-01-02T00:29:00.000000000Z,160,1,29307,C,B,1.2521,2,4,3174,0,0,3174,6BH5
2025-01-02T00:29:10.000000000Z,2025-01-02T00:29:10.000000000Z,160,1,29307,C,B,1.2519,1,4,3175,0,0,3175,6BH5
2025-01-02T00:29:20.000000000Z,2025-01-02T00:29:20.000000000Z,160,1,29307,A,B,1.2521,1,4,3176,0,0,3176,6BH5
2025-01-02T00:29:30.000000000Z,2025-01-02T00:29:30.000000000Z,160,1,29307,F,A,1.2522,1,4,3177,0,0,3177,6BH5
2025-01-02T00:29:40.000000000Z,2025-01-02T00:29:40.000000000Z,160,1,29307,F,B,1.2523,1,4,3178,0,0,3178,6BH5
2025-01-02T00:29:50.000000000Z,2025-01-02T00:29:50.000000000Z,160,1,29307,T,B,1.2522,1,4,3179,0,0,3179,6BH5
2025-01-02T00:30:00.000000000Z,2025-01-02T00:30:00.000000000Z,160,1,29307,R,N,,0,4,3180,0,0,3180,6BH5
2025-01-02T00:30:10.000000000Z,2025-01-02T00:30:10.000000000Z,160,1,29307,F,A,1.2522,2,4,3181,0,0,3181,6BH5
2025-01-02T00:30:20.000000000Z,2025-01-02T00:30:20.000000000Z,160,1,29307,A,B,1.2524,1,4,3182,0,0,3182,6BH5
2025-01-02T00:30:30.000000000Z,2025-01-02T00:30:30.000000000Z,160,1,29307,T,B,1.2526,2,4,3183,0,0,3183,6BH5
2025-01-02T00:30:40.000000000Z,2025-01-02T00:30:40.000000000Z,160,1,29307,A,A,1.2525,1,4,3184,0,0,3184,6BH5
2025-01-02T00:30:50.000000000Z,2025-01-02T00:30:50.000000000Z,160,1,29307,T,A,1.2523,2,4,3185,0,0,3185,6BH5
2025-01-02T00:31:00.000000000Z,2025-01-02T00:31:00.000000000Z,160,1,29307,T,A,1.2521,1,4,3186,0,0,3186,6BH5
2025-01-02T00:31:10.000000000Z,2025-01-02T00:31:10.000000000Z,160,1,29307,F,B,1.2523,1,4,3187,0,0,3187,6BH5
2025-01-02T00:31:20.000000000Z,2025-01-02T00:31:20.000000000Z,160,1,29307,T,B,1.2522,1,4,3188,0,0,3188,6BH5
2025-01-02T00:31:30.000000000Z,2025-01-02T00:31:30.000000000Z,160,1,29307,C,B,1.252,1,4,3189,0,0,3189,6BH5
2025-01-02T00:31:40.000000000Z,2025-01-02T00:31:40.000000000Z,160,1,29307,C,A,1.2519,2,4,3190,0,0,3190,6BH5
2025-01-02T00:31:50.000000000Z,2025-01-02T00:31:50.000000000Z,160,1,29307,C,A,1.2518,1,4,3191,0,0,3191,6BH5
2025-01-02T00:32:00.000000000Z,2025-01-02T00:32:00.000000000Z,160,1,29307,C,A,1.252,1,4,3192,0,0,3192,6BH5
2025-01-02T00:32:10.000000000Z,2025-01-02T00:32:10.000000000Z,160,1,29307,A,B,1.252,2,4,3193,0,0,3193,6BH5
2025-01-02T00:32:20.000000000Z,2025-01-02T00:32:20.000000000Z,160,1,29307,C,A,1.2519,1,4,3194,0,0,3194,6BH5
2025-01-02T00:32:30.000000000Z,2025-01-02T00:32:30.000000000Z,160,1,29307,A,B,1.2518,2,4,3195,0,0,3195,6BH5
2025-01-02T00:32:40.000000000Z,2025-01-02T00:32:40.000000000Z,160,1,29307,R,N,,0,4,3196,0,0,3196,6BH5
2025-01-02T00:32:50.000000000Z,2025-01-02T00:32:50.000000000Z,160,1,29307,T,B,1.2515,2,4,3197,0,0,3197,6BH5
2025-01-02T00:33:00.000000000Z,2025-01-02T00:33:00.000000000Z,160,1,29307,T,B,1.2513,1,4,3198,0,0,3198,6BH5
2025-01-02T00:33:10.000000000Z,2025-01-02T00:33:10.000000000Z,160,1,29307,A,A,1.2514,10,4,3199,0,0,3199,6BH5
2025-01-02T00:33:20.000000000Z,2025-01-02T00:33:20.000000000Z,160,1,29307,F,B,1.2512,1,4,3200,0,0,3200,6BH5
2025-01-02T00:33:30.000000000Z,2025-01-02T00:33:30.000000000Z,160,1,29307,F,A,1.2511,1,4,3201,0,0,3201,6BH5
2025-01-02T00:33:40.000000000Z,2025-01-02T00:33:40.000000000Z,160,1,29307,C,B,1.251,1,4,3202,0,0,3202,6BH5
2025-01-02T00:33:50.000000000Z,2025-01-02T00:33:50.000000000Z,160,1,29307,A,A,1.2511,1,4,3203,0,0,3203,6BH5
2025-01-02T00:34:00.000000000Z,2025-01-02T00:34:00.000000000Z,160,1,29307,C,A,1.2511,1,4,3204,0,0,3204,6BH5
2025-01-02T00:34:10.000000000Z,2025-01-02T00:34:10.000000000Z,160,1,29307,C,B,1.2512,1,4,3205,0,0,3205,6BH5
2025-01-02T00:34:20.000000000Z,2025-01-02T00:34:20.000000000Z,160,1,29307,A,A,1.2512,1,4,3206,0,0,3206,6BH5
2025-01-02T00:34:30.000000000Z,2025-01-02T00:34:30.000000000Z,160,1,29307,A,B,1.2513,2,4,3207,0,0,3207,6BH5
2025-01-02T00:34:40.000000000Z,2025-01-02T00:34:40.000000000Z,160,1,29307,C,A,1.2511,1,4,3208,0,0,3208,6BH5
2025-01-02T00:34:50.000000000Z,2025-01-02T00:34:50.000000000Z,160,1,29307,F,A,1.2513,2,4,3209,0,0,3209,6BH5
2025-01-02T00:35:00.000000000Z,2025-01-02T00:35:00.000000000Z,160,1,29307,A,A,1.2511,1,4,3210,0,0,3210,6BH5
2025-01-02T00:35:10.000000000Z,2025-01-02T00:35:10.000000000Z,160,1,29307,F,A,1.2511,1,4,3211,0,0,3211,6BH5
2025-01-02T00:35:20.000000000Z,2025-01-02T00:35:20.000000000Z,160,1,29307,R,N,,0,4,3212,0,0,3212,6BH5
2025-01-02T00:35:30.000000000Z,2025-01-02T00:35:30.000000000Z,160,1,29307,C,A,1.2512,2,4,3213,0,0,3213,6BH5
2025-01-02T00:35:40.000000000Z,2025-01-02T00:35:40.000000000Z,160,1,29307,T,A,1.2514,1,4,3214,0,0,3214,6BH5
2025-01-02T00:35:50.000000000Z,2025-01-02T00:35:50.000000000Z,160,1,29307,T,B,1.2514,1,4,3215,0,0,3215,6BH5
2025-01-02T00:36:00.000000000Z,2025-01-02T00:36:00.000000000Z,160,1,29307,R,N,,0,4,3216,0,0,3216,6BH5
2025-01-02T00:36:10.000000000Z,2025-01-02T00:36:10.000000000Z,160,1,29307,C,B,1.2517,1,4,3217,0,0,3217,6BH5
2025-01-02T00:36:20.000000000Z,2025-01-02T00:36:20.000000000Z,160,1,29307,T,B,1.2519,1,4,3218,0,0,3218,6BH5
2025-01-02T00:36:30.000000000Z,2025-01-02T00:36:30.000000000Z,160,1,29307,A,B,1.2521,1,4,3219,0,0,3219,6BH5
2025-01-02T00:36:40.000000000Z,2025-01-02T00:36:40.000000000Z,160,1,29307,R,N,,0,4,3220,0,0,3220,6BH5
2025-01-02T00:36:50.000000000Z,2025-01-02T00:36:50.000000000Z,160,1,29307,A,A,1.2524,1,4,3221,0,0,3221,6BH5
2025-01-02T00:37:00.000000000Z,2025-01-02T00:37:00.000000000Z,160,1,29307,T,B,1.2523,3,4,3222,0,0,3222,6BH5
2025-01-02T00:37:10.000000000Z,2025-01-02T00:37:10.000000000Z,160,1,29307,C,A,1.2521,2,4,3223,0,0,3223,6BH5
2025-01-02T00:37:20.000000000Z,2025-01-02T00:37:20.000000000Z,160,1,29307,R,N,,0,4,3224,0,0,3224,6BH5
2025-01-02T00:37:30.000000000Z,2025-01-02T00:37:30.000000000Z,160,1,29307,T,A,1.2524,1,4,3225,0,0,3225,6BH5
2025-01-02T00:37:40.000000000Z,2025-01-02T00:37:40.000000000Z,160,1,29307,F,A,1.2525,1,4,3226,0,0,3226,6BH5
2025-01-02T00:37:50.000000000Z,2025-01-02T00:37:50.000000000Z,160,1,29307,T,A,1.2527,2,4,3227,0,0,3227,6BH5
2025-01-02T00:38:00.000000000Z,2025-01-02T00:38:00.000000000Z,160,1,29307,C,B,1.2528,1,4,3228,0,0,3228,6BH5
2025-01-02T00:38:10.000000000Z,2025-01-02T00:38:10.000000000Z,160,1,29307,T,B,1.2527,1,4,3229,0,0,3229,6BH5
2025-01-02T00:38:20.000000000Z,2025-01-02T00:38:20.000000000Z,160,1,29307,C,B,1.2526,1,4,3230,0,0,3230,6BH5
2025-01-02T00:38:30.000000000Z,2025-01-02T00:38:30.000000000Z,160,1,29307,T,B,1.2525,1,4,3231,0,0,3231,6BH5
2025-01-02T00:38:40.000000000Z,2025-01-02T00:38:40.000000000Z,160,1,29307,F,A,1.2524,1,4,3232,0,0,3232,6BH5
2025-01-02T00:38:50.000000000Z,2025-01-02T00:38:50.000000000Z,160,1,29307,R,N,,0,4,3233,0,0,3233,6BH5
2025-01-02T00:39:00.000000000Z,2025-01-02T00:39:00.000000000Z,160,1,29307,F,A,1.2526,1,4,3234,0,0,3234,6BH5
2025-01-02T00:39:10.000000000Z,2025-01-02T00:39:10.000000000Z,160,1,29307,F,A,1.2527,1,4,3235,0,0,3235,6BH5
2025-01-02T00:39:20.000000000Z,2025-01-02T00:39:20.000000000Z,160,1,29307,T,B,1.2527,1,4,3236,0,0,3236,6BH5
2025-01-02T00:39:30.000000000Z,2025-01-02T00:39:30.000000000Z,160,1,29307,F,B,1.2525,1,4,3237,0,0,3237,6BH5
2025-01-02T00:39:40.000000000Z,2025-01-02T00:39:40.000000000Z,160,1,29307,C,B,1.2524,1,4,3238,0,0,3238,6BH5
2025-01-02T00:39:50.000000000Z,2025-01-02T00:39:50.000000000Z,160,1,29307,F,A,1.2524,1,4,3239,0,0,3239,6BH5
2025-01-02T00:40:00.000000000Z,2025-01-02T00:40:00.000000000Z,160,1,29307,F,B,1.2523,1,4,3240,0,0,3240,6BH5
2025-01-02T00:40:10.000000000Z,2025-01-02T00:40:10.000000000Z,160,1,29307,A,A,1.2521,5,4,3241,0,0,3241,6BH5
2025-01-02T00:40:20.000000000Z,2025-01-02T00:40:20.000000000Z,160,1,29307,C,B,1.2521,3,4,3242,0,0,3242,6BH5
2025-01-02T00:40:30.000000000Z,2025-01-02T00:40:30.000000000Z,160,1,29307,F,A,1.252,1,4,3243,0,0,3243,6BH5
2025-01-02T00:40:40.000000000Z,2025-01-02T00:40:40.000000000Z,160,1,29307,A,B,1.2522,2,4,3244,0,0,3244,6BH5
2025-01-02T00:40:50.000000000Z,2025-01-02T00:40:50.000000000Z,160,1,29307,A,B,1.252,5,4,3245,0,0,3245,6BH5
2025-01-02T00:41:00.000000000Z,2025-01-02T00:41:00.000000000Z,160,1,29307,T,A,1.2518,1,4,3246,0,0,3246,6BH5
2025-01-02T00:41:10.000000000Z,2025-01-02T00:41:10.000000000Z,160,1,29307,T,B,1.2516,1,4,3247,0,0,3247,6BH5
2025-01-02T00:41:20.000000000Z,2025-01-02T00:41:20.000000000Z,160,1,29307,T,B,1.2515,1,4,3248,0,0,3248,6BH5
2025-01-02T00:41:30.000000000Z,2025-01-02T00:41:30.000000000Z,160,1,29307,A,B,1.2516,1,4,3249,0,0,3249,6BH5
2025-01-02T00:41:40.000000000Z,2025-01-02T00:41:40.000000000Z,160,1,29307,A,B,1.2517,2,4,3250,0,0,3250,6BH5
2025-01-02T00:41:50.000000000Z,2025-01-02T00:41:50.000000000Z,160,1,29307,F,B,1.2517,1,4,3251,0,0,3251,6BH5
2025-01-02T00:42:00.000000000Z,2025-01-02T00:42:00.000000000Z,160,1,29307,A,B,1.2518,1,4,3252,0,0,3252,6BH5
2025-01-02T00:42:10.000000000Z,2025-01-02T00:42:10.000000000Z,160,1,29307,A,B,1.2517,1,4,3253,0,0,3253,6BH5
2025-01-02T00:42:20.000000000Z,2025-01-02T00:42:20.000000000Z,160,1,29307,A,A,1.2518,1,4,3254,0,0,3254,6BH5
2025-01-02T00:42:30.000000000Z,2025-01-02T00:42:30.000000000Z,160,1,29307,C,A,1.2516,1,4,3255,0,0,3255,6BH5
2025-01-02T00:42:40.000000000Z,2025-01-02T00:42:40.000000000Z,160,1,29307,C,B,1.2515,1,4,3256,0,0,3256,6BH5
2025-01-02T00:42:50.000000000Z,2025-01-02T00:42:50.000000000Z,160,1,29307,C,B,1.2516,1,4,3257,0,0,3257,6BH5
2025-01-02T00:43:00.000000000Z,2025-01-02T00:43:00.000000000Z,160,1,29307,A,B,1.2517,2,4,3258,0,0,3258,6BH5
2025-01-02T00:43:10.000000000Z,2025-01-02T00:43:10.000000000Z,160,1,29307,F,A,1.2518,2,4,3259,0,0,3259,6BH5
2025-01-02T00:43:20.000000000Z,2025-01-02T00:43:20.000000000Z,160,1,29307,A,A,1.2517,2,4,3260,0,0,3260,6BH5
2025-01-02T00:43:30.000000000Z,2025-01-02T00:43:30.000000000Z,160,1,29307,A,B,1.2516,2,4,3261,0,0,3261,6BH5
2025-01-02T00:43:40.000000000Z,2025-01-02T00:43:40.000000000Z,160,1,29307,F,A,1.2518,2,4,3262,0,0,3262,6BH5
2025-01-02T00:43:50.000000000Z,2025-01-02T00:43:50.000000000Z,160,1,29307,F,B,1.2516,1,4,3263,0,0,3263,6BH5
2025-01-02T00:44:00.000000000Z,2025-01-02T00:44:00.000000000Z,160,1,29307,A,B,1.2515,1,4,3264,0,0,3264,6BH5
2025-01-02T00:44:10.000000000Z,2025-01-02T00:44:10.000000000Z,160,1,29307,C,B,1.2513,1,4,3265,0,0,3265,6BH5
2025-01-02T00:44:20.000000000Z,2025-01-02T00:44:20.000000000Z,160,1,29307,C,B,1.2512,1,4,3266,0,0,3266,6BH5
2025-01-02T00:44:30.000000000Z,2025-01-02T00:44:30.000000000Z,160,1,29307,A,A,1.2511,1,4,3267,0,0,3267,6BH5
2025-01-02T00:44:40.000000000Z,2025-01-02T00:44:40.000000000Z,160,1,29307,C,A,1.2511,2,4,3268,0,0,3268,6BH5
2025-01-02T00:44:50.000000000Z,2025-01-02T00:44:50.000000000Z,160,1,29307,A,B,1.2511,1,4,3269,0,0,3269,6BH5
2025-01-02T00:45:00.000000000Z,2025-01-02T00:45:00.000000000Z,160,1,29307,T,A,1.2513,1,4,3270,0,0,3270,6BH5
2025-01-02T00:45:10.000000000Z,2025-01-02T00:45:10.000000000Z,160,1,29307,A,A,1.2511,1,4,3271,0,0,3271,6BH5
2025-01-02T00:45:20.000000000Z,2025-01-02T00:45:20.000000000Z,160,1,29307,C,B,1.251,1,4,3272,0,0,3272,6BH5
2025-01-02T00:45:30.000000000Z,2025-01-02T00:45:30.000000000Z,160,1,29307,A,A,1.251,5,4,3273,0,0,3273,6BH5
2025-01-02T00:45:40.000000000Z,2025-01-02T00:45:40.000000000Z,160,1,29307,C,B,1.2511,1,4,3274,0,0,3274,6BH5
2025-01-02T00:45:50.000000000Z,2025-01-02T00:45:50.000000000Z,160,1,29307,A,B,1.2511,1,4,3275,0,0,3275,6BH5
2025-01-02T00:46:00.000000000Z,2025-01-02T00:46:00.000000000Z,160,1,29307,C,B,1.2512,1,4,3276,0,0,3276,6BH5
2025-01-02T00:46:10.000000000Z,2025-01-02T00:46:10.000000000Z,160,1,29307,A,B,1.251,2,4,3277,0,0,3277,6BH5
2025-01-02T00:46:20.000000000Z,2025-01-02T00:46:20.000000000Z,160,1,29307,R,N,,0,4,3278,0,0,3278,6BH5
2025-01-02T00:46:30.000000000Z,2025-01-02T00:46:30.000000000Z,160,1,29307,A,B,1.2511,1,4,3279,0,0,3279,6BH5
2025-01-02T00:46:40.000000000Z,2025-01-02T00:46:40.000000000Z,160,1,29307,C,A,1.2509,2,4,3280,0,0,3280,6BH5
2025-01-02T00:46:50.000000000Z,2025-01-02T00:46:50.000000000Z,160,1,29307,A,B,1.2511,1,4,3281,0,0,3281,6BH5
2025-01-02T00:47:00.000000000Z,2025-01-02T00:47:00.000000000Z,160,1,29307,R,N,,0,4,3282,0,0,3282,6BH5
2025-01-02T00:47:10.000000000Z,2025-01-02T00:47:10.000000000Z,160,1,29307,F,A,1.2511,1,4,3283,0,0,3283,6BH5
2025-01-02T00:47:20.000000000Z,2025-01-02T00:47:20.000000000Z,160,1,29307,A,B,1.2509,2,4,3284,0,0,3284,6BH5
2025-01-02T00:47:30.000000000Z,2025-01-02T00:47:30.000000000Z,160,1,29307,C,A,1.2507,1,4,3285,0,0,3285,6BH5
2025-01-02T00:47:40.000000000Z,2025-01-02T00:47:40.000000000Z,160,1,29307,F,A,1.2508,1,4,3286,0,0,3286,6BH5
2025-01-02T00:47:50.000000000Z,2025-01-02T00:47:50.000000000Z,160,1,29307,T,B,1.2507,1,4,3287,0,0,3287,6BH5
2025-01-02T00:48:00.000000000Z,2025-01-02T00:48:00.000000000Z,160,1,29307,C,B,1.2506,1,4,3288,0,0,3288,6BH5
2025-01-02T00:48:10.000000000Z,2025-01-02T00:48:10.000000000Z,160,1,29307,C,B,1.2504,1,4,3289,0,0,3289,6BH5
2025-01-02T00:48:20.000000000Z,2025-01-02T00:48:20.000000000Z,160,1,29307,A,B,1.2505,1,4,3290,0,0,3290,6BH5
2025-01-02T00:48:30.000000000Z,2025-01-02T00:48:30.000000000Z,160,1,29307,F,B,1.2506,1,4,3291,0,0,3291,6BH5
2025-01-02T00:48:40.000000000Z,2025-01-02T00:48:40.000000000Z,160,1,29307,F,B,1.2507,1,4,3292,0,0,3292,6BH5
2025-01-02T00:48:50.000000000Z,2025-01-02T00:48:50.000000000Z,160,1,29307,T,A,1.2505,1,4,3293,0,0,3293,6BH5
2025-01-02T00:49:00.000000000Z,2025-01-02T00:49:00.000000000Z,160,1,29307,T,A,1.2507,1,4,3294,0,0,3294,6BH5
2025-01-02T00:49:10.000000000Z,2025-01-02T00:49:10.000000000Z,160,1,29307,C,B,1.2508,1,4,3295,0,0,3295,6BH5
2025-01-02T00:49:20.000000000Z,2025-01-02T00:49:20.000000000Z,160,1,29307,A,A,1.251,1,4,3296,0,0,3296,6BH5
2025-01-02T00:49:30.000000000Z,2025-01-02T00:49:30.000000000Z,160,1,29307,A,A,1.251,1,4,3297,0,0,3297,6BH5
2025-01-02T00:49:40.000000000Z,2025-01-02T00:49:40.000000000Z,160,1,29307,T,B,1.251,5,4,3298,0,0,3298,6BH5
2025-01-02T00:49:50.000000000Z,2025-01-02T00:49:50.000000000Z,160,1,29307,A,B,1.2511,1,4,3299,0,0,3299,6BH5
2025-01-02T00:50:00.000000000Z,2025-01-02T00:50:00.000000000Z,160,1,29307,C,A,1.2509,1,4,3300,0,0,3300,6BH5
2025-01-02T00:50:10.000000000Z,2025-01-02T00:50:10.000000000Z,160,1,29307,F,B,1.2509,1,4,3301,0,0,3301,6BH5
2025-01-02T00:50:20.000000000Z,2025-01-02T00:50:20.000000000Z,160,1,29307,A,A,1.251,1,4,3302,0,0,3302,6BH5
2025-01-02T00:50:30.000000000Z,2025-01-02T00:50:30.000000000Z,160,1,29307,A,B,1.2511,2,4,3303,0,0,3303,6BH5
2025-01-02T00:50:40.000000000Z,2025-01-02T00:50:40.000000000Z,160,1,29307,F,A,1.2513,1,4,3304,0,0,3304,6BH5
2025-01-02T00:50:50.000000000Z,2025-01-02T00:50:50.000000000Z,160,1,29307,C,A,1.2514,1,4,3305,0,0,3305,6BH5
2025-01-02T00:51:00.000000000Z,2025-01-02T00:51:00.000000000Z,160,1,29307,C,A,1.2513,1,4,3306,0,0,3306,6BH5
2025-01-02T00:51:10.000000000Z,2025-01-02T00:51:10.000000000Z,160,1,29307,C,A,1.2511,1,4,3307,0,0,3307,6BH5
2025-01-02T00:51:20.000000000Z,2025-01-02T00:51:20.000000000Z,160,1,29307,A,B,1.2511,1,4,3308,0,0,3308,6BH5
2025-01-02T00:51:30.000000000Z,2025-01-02T00:51:30.000000000Z,160,1,29307,A,B,1.2511,1,4,3309,0,0,3309,6BH5
2025-01-02T00:51:40.000000000Z,2025-01-02T00:51:40.000000000Z,160,1,29307,F,A,1.251,2,4,3310,0,0,3310,6BH5
2025-01-02T00:51:50.000000000Z,2025-01-02T00:51:50.000000000Z,160,1,29307,C,A,1.2508,2,4,3311,0,0,3311,6BH5
2025-01-02T00:52:00.000000000Z,2025-01-02T00:52:00.000000000Z,160,1,29307,F,B,1.2508,1,4,3312,0,0,3312,6BH5
2025-01-02T00:52:10.000000000Z,2025-01-02T00:52:10.000000000Z,160,1,29307,T,B,1.2509,1,4,3313,0,0,3313,6BH5
2025-01-02T00:52:20.000000000Z,2025-01-02T00:52:20.000000000Z,160,1,29307,F,A,1.2511,2,4,3314,0,0,3314,6BH5
2025-01-02T00:52:30.000000000Z,2025-01-02T00:52:30.000000000Z,160,1,29307,T,A,1.2512,1,4,3315,0,0,3315,6BH5
2025-01-02T00:52:40.000000000Z,2025-01-02T00:52:40.000000000Z,160,1,29307,A,A,1.2513,1,4,3316,0,0,3316,6BH5
2025-01-02T00:52:50.000000000Z,2025-01-02T00:52:50.000000000Z,160,1,29307,C,A,1.2514,2,4,3317,0,0,3317,6BH5
2025-01-02T00:53:00.000000000Z,2025-01-02T00:53:00.000000000Z,160,1,29307,F,A,1.2516,1,4,3318,0,0,3318,6BH5
2025-01-02T00:53:10.000000000Z,2025-01-02T00:53:10.000000000Z,160,1,29307,A,B,1.2517,1,4,3319,0,0,3319,6BH5
2025-01-02T00:53:20.000000000Z,2025-01-02T00:53:20.000000000Z,160,1,29307,T,A,1.2519,1,4,3320,0,0,3320,6BH5
2025-01-02T00:53:30.000000000Z,2025-01-02T00:53:30.000000000Z,160,1,29307,T,B,1.2521,1,4,3321,0,0,3321,6BH5
2025-01-02T00:53:40.000000000Z,2025-01-02T00:53:40.000000000Z,160,1,29307,T,B,1.2523,10,4,3322,0,0,3322,6BH5
2025-01-02T00:53:50.000000000Z,2025-01-02T00:53:50.000000000Z,160,1,29307,A,B,1.2522,1,4,3323,0,0,3323,6BH5
2025-01-02T00:54:00.000000000Z,2025-01-02T00:54:00.000000000Z,160,1,29307,F,A,1.252,10,4,3324,0,0,3324,6BH5
2025-01-02T00:54:10.000000000Z,2025-01-02T00:54:10.000000000Z,160,1,29307,C,B,1.2519,1,4,3325,0,0,3325,6BH5
2025-01-02T00:54:20.000000000Z,2025-01-02T00:54:20.000000000Z,160,1,29307,A,B,1.2517,1,4,3326,0,0,3326,6BH5
2025-01-02T00:54:30.000000000Z,2025-01-02T00:54:30.000000000Z,160,1,29307,R,N,,0,4,3327,0,0,3327,6BH5
2025-01-02T00:54:40.000000000Z,2025-01-02T00:54:40.000000000Z,160,1,29307,A,B,1.2514,1,4,3328,0,0,3328,6BH5
2025-01-02T00:54:50.000000000Z,2025-01-02T00:54:50.000000000Z,160,1,29307,T,A,1.2513,1,4,3329,0,0,3329,6BH5
2025-01-02T00:55:00.000000000Z,2025-01-02T00:55:00.000000000Z,160,1,29307,T,A,1.2513,1,4,3330,0,0,3330,6BH5
2025-01-02T00:55:10.000000000Z,2025-01-02T00:55:10.000000000Z,160,1,29307,F,B,1.2514,2,4,3331,0,0,3331,6BH5
2025-01-02T00:55:20.000000000Z,2025-01-02T00:55:20.000000000Z,160,1,29307,F,B,1.2513,10,4,3332,0,0,3332,6BH5
2025-01-02T00:55:30.000000000Z,2025-01-02T00:55:30.000000000Z,160,1,29307,C,A,1.2514,1,4,3333,0,0,3333,6BH5
2025-01-02T00:55:40.000000000Z,2025-01-02T00:55:40.000000000Z,160,1,29307,A,A,1.2515,1,4,3334,0,0,3334,6BH5
2025-01-02T00:55:50.000000000Z,2025-01-02T00:55:50.000000000Z,160,1,29307,A,A,1.2515,2,4,3335,0,0,3335,6BH5
2025-01-02T00:56:00.000000000Z,2025-01-02T00:56:00.000000000Z,160,1,29307,A,B,1.2517,1,4,3336,0,0,3336,6BH5
2025-01-02T00:56:10.000000000Z,2025-01-02T00:56:10.000000000Z,160,1,29307,A,A,1.2515,1,4,3337,0,0,3337,6BH5
2025-01-02T00:56:20.000000000Z,2025-01-02T00:56:20.000000000Z,160,1,29307,T,B,1.2514,3,4,3338,0,0,3338,6BH5
2025-01-02T00:56:30.000000000Z,2025-01-02T00:56:30.000000000Z,160,1,29307,T,B,1.2514,1,4,3339,0,0,3339,6BH5
2025-01-02T00:56:40.000000000Z,2025-01-02T00:56:40.000000000Z,160,1,29307,A,A,1.2512,1,4,3340,0,0,3340,6BH5
2025-01-02T00:56:50.000000000Z,2025-01-02T00:56:50.000000000Z,160,1,29307,R,N,,0,4,3341,0,0,3341,6BH5
2025-01-02T00:57:00.000000000Z,2025-01-02T00:57:00.000000000Z,160,1,29307,R,N,,0,4,3342,0,0,3342,6BH5
2025-01-02T00:57:10.000000000Z,2025-01-02T00:57:10.000000000Z,160,1,29307,T,B,1.251,1,4,3343,0,0,3343,6BH5
2025-01-02T00:57:20.000000000Z,2025-01-02T00:57:20.000000000Z,160,1,29307,C,A,1.2509,1,4,3344,0,0,3344,6BH5
2025-01-02T00:57:30.000000000Z,2025-01-02T00:57:30.000000000Z,160,1,29307,C,B,1.2508,5,4,3345,0,0,3345,6BH5
2025-01-02T00:57:40.000000000Z,2025-01-02T00:57:40.000000000Z,160,1,29307,C,B,1.2509,1,4,3346,0,0,3346,6BH5
2025-01-02T00:57:50.000000000Z,2025-01-02T00:57:50.000000000Z,160,1,29307,A,A,1.2509,1,4,3347,0,0,3347,6BH5
2025-01-02T00:58:00.000000000Z,2025-01-02T00:58:00.000000000Z,160,1,29307,A,A,1.2508,1,4,3348,0,0,3348,6BH5
2025-01-02T00:58:10.000000000Z,2025-01-02T00:58:10.000000000Z,160,1,29307,A,A,1.2506,2,4,3349,0,0,3349,6BH5
2025-01-02T00:58:20.000000000Z,2025-01-02T00:58:20.000000000Z,160,1,29307,T,A,1.2504,5,4,3350,0,0,3350,6BH5
2025-01-02T00:58:30.000000000Z,2025-01-02T00:58:30.000000000Z,160,1,29307,T,B,1.2502,2,4,3351,0,0,3351,6BH5
2025-01-02T00:58:40.000000000Z,2025-01-02T00:58:40.000000000Z,160,1,29307,T,A,1.2504,1,4,3352,0,0,3352,6BH5
2025-01-02T00:58:50.000000000Z,2025-01-02T00:58:50.000000000Z,160,1,29307,A,A,1.2502,5,4,3353,0,0,3353,6BH5
2025-01-02T00:59:00.000000000Z,2025-01-02T00:59:00.000000000Z,160,1,29307,A,B,1.2503,1,4,3354,0,0,3354,6BH5
2025-01-02T00:59:10.000000000Z,2025-01-02T00:59:10.000000000Z,160,1,29307,T,A,1.2505,1,4,3355,0,0,3355,6BH5
2025-01-02T00:59:20.000000000Z,2025-01-02T00:59:20.000000000Z,160,1,29307,T,A,1.2503,1,4,3356,0,0,3356,6BH5
2025-01-02T00:59:30.000000000Z,2025-01-02T00:59:30.000000000Z,160,1,29307,C,B,1.2503,1,4,3357,0,0,3357,6BH5
2025-01-02T00:59:40.000000000Z,2025-01-02T00:59:40.000000000Z,160,1,29307,F,A,1.2505,2,4,3358,0,0,3358,6BH5
2025-01-02T00:59:50.000000000Z,2025-01-02T00:59:50.000000000Z,160,1,29307,F,A,1.2506,1,4,3359,0,0,3359,6BH5
2025-01-02T01:00:00.000000000Z,2025-01-02T01:00:00.000000000Z,160,1,29307,T,A,1.2506,1,4,3360,0,0,3360,6BH5
2025-01-02T01:00:10.000000000Z,2025-01-02T01:00:10.000000000Z,160,1,29307,A,A,1.2507,1,4,3361,0,0,3361,6BH5
2025-01-02T01:00:20.000000000Z,2025-01-02T01:00:20.000000000Z,160,1,29307,A,A,1.2508,1,4,3362,0,0,3362,6BH5
2025-01-02T01:00:30.000000000Z,2025-01-02T01:00:30.000000000Z,160,1,29307,T,A,1.2507,1,4,3363,0,0,3363,6BH5
2025-01-02T01:00:40.000000000Z,2025-01-02T01:00:40.000000000Z,160,1,29307,C,B,1.2509,1,4,3364,0,0,3364,6BH5
2025-01-02T01:00:50.000000000Z,2025-01-02T01:00:50.000000000Z,160,1,29307,T,A,1.2509,1,4,3365,0,0,3365,6BH5
2025-01-02T01:01:00.000000000Z,2025-01-02T01:01:00.000000000Z,160,1,29307,T,B,1.2509,1,4,3366,0,0,3366,6BH5
2025-01-02T01:01:10.000000000Z,2025-01-02T01:01:10.000000000Z,160,1,29307,R,N,,0,4,3367,0,0,3367,6BH5
2025-01-02T01:01:20.000000000Z,2025-01-02T01:01:20.000000000Z,160,1,29307,A,B,1.2512,3,4,3368,0,0,3368,6BH5
2025-01-02T01:01:30.000000000Z,2025-01-02T01:01:30.000000000Z,160,1,29307,A,B,1.2511,5,4,3369,0,0,3369,6BH5
2025-01-02T01:01:40.000000000Z,2025-01-02T01:01:40.000000000Z,160,1,29307,C,A,1.2509,2,4,3370,0,0,3370,6BH5
2025-01-02T01:01:50.000000000Z,2025-01-02T01:01:50.000000000Z,160,1,29307,A,A,1.251,1,4,3371,0,0,3371,6BH5
2025-01-02T01:02:00.000000000Z,2025-01-02T01:02:00.000000000Z,160,1,29307,A,A,1.2511,2,4,3372,0,0,3372,6BH5
2025-01-02T01:02:10.000000000Z,2025-01-02T01:02:10.000000000Z,160,1,29307,A,B,1.2512,1,4,3373,0,0,3373,6BH5
2025-01-02T01:02:20.000000000Z,2025-01-02T01:02:20.000000000Z,160,1,29307,C,A,1.2514,2,4,3374,0,0,3374,6BH5
2025-01-02T01:02:30.000000000Z,2025-01-02T01:02:30.000000000Z,160,1,29307,C,A,1.2516,1,4,3375,0,0,3375,6BH5
2025-01-02T01:02:40.000000000Z,2025-01-02T01:02:40.000000000Z,160,1,29307,C,A,1.2516,2,4,3376,0,0,3376,6BH5
2025-01-02T01:02:50.000000000Z,2025-01-02T01:02:50.000000000Z,160,1,29307,T,B,1.2514,1,4,3377,0,0,3377,6BH5
2025-01-02T01:03:00.000000000Z,2025-01-02T01:03:00.000000000Z,160,1,29307,T,B,1.2514,1,4,3378,0,0,3378,6BH5
2025-01-02T01:03:10.000000000Z,2025-01-02T01:03:10.000000000Z,160,1,29307,T,A,1.2515,1,4,3379,0,0,3379,6BH5
2025-01-02T01:03:20.000000000Z,2025-01-02T01:03:20.000000000Z,160,1,29307,A,B,1.2516,1,4,3380,0,0,3380,6BH5
2025-01-02T01:03:30.000000000Z,2025-01-02T01:03:30.000000000Z,160,1,29307,F,B,1.2516,5,4,3381,0,0,3381,6BH5
2025-01-02T01:03:40.000000000Z,2025-01-02T01:03:40.000000000Z,160,1,29307,F,A,1.2516,1,4,3382,0,0,3382,6BH5
2025-01-02T01:03:50.000000000Z,2025-01-02T01:03:50.000000000Z,160,1,29307,C,B,1.2515,1,4,3383,0,0,3383,6BH5
2025-01-02T01:04:00.000000000Z,2025-01-02T01:04:00.000000000Z,160,1,29307,F,B,1.2514,3,4,3384,0,0,3384,6BH5
2025-01-02T01:04:10.000000000Z,2025-01-02T01:04:10.000000000Z,160,1,29307,F,A,1.2514,1,4,3385,0,0,3385,6BH5
2025-01-02T01:04:20.000000000Z,2025-01-02T01:04:20.000000000Z,160,1,29307,A,B,1.2513,1,4,3386,0,0,3386,6BH5
2025-01-02T01:04:30.000000000Z,2025-01-02T01:04:30.000000000Z,160,1,29307,A,B,1.2512,1,4,3387,0,0,3387,6BH5
2025-01-02T01:04:40.000000000Z,2025-01-02T01:04:40.000000000Z,160,1,29307,A,B,1.2511,1,4,3388,0,0,3388,6BH5
2025-01-02T01:04:50.000000000Z,2025-01-02T01:04:50.000000000Z,160,1,29307,F,B,1.2511,2,4,3389,0,0,3389,6BH5
2025-01-02T01:05:00.000000000Z,2025-01-02T01:05:00.000000000Z,160,1,29307,A,B,1.2509,2,4,3390,0,0,3390,6BH5
2025-01-02T01:05:10.000000000Z,2025-01-02T01:05:10.000000000Z,160,1,29307,F,B,1.251,5,4,3391,0,0,3391,6BH5
2025-01-02T01:05:20.000000000Z,2025-01-02T01:05:20.000000000Z,160,1,29307,C,B,1.251,1,4,3392,0,0,3392,6BH5
2025-01-02T01:05:30.000000000Z,2025-01-02T01:05:30.000000000Z,160,1,29307,C,B,1.2511,1,4,3393,0,0,3393,6BH5
2025-01-02T01:05:40.000000000Z,2025-01-02T01:05:40.000000000Z,160,1,29307,R,N,,0,4,3394,0,0,3394,6BH5
2025-01-02T01:05:50.000000000Z,2025-01-02T01:05:50.000000000Z,160,1,29307,A,A,1.2511,2,4,3395,0,0,3395,6BH5
2025-01-02T01:06:00.000000000Z,2025-01-02T01:06:00.000000000Z,160,1,29307,A,A,1.2511,1,4,3396,0,0,3396,6BH5
2025-01-02T01:06:10.000000000Z,2025-01-02T01:06:10.000000000Z,160,1,29307,C,A,1.2513,1,4,3397,0,0,3397,6BH5
2025-01-02T01:06:20.000000000Z,2025-01-02T01:06:20.000000000Z,160,1,29307,C,B,1.2514,1,4,3398,0,0,3398,6BH5
2025-01-02T01:06:30.000000000Z,2025-01-02T01:06:30.000000000Z,160,1,29307,C,A,1.2516,1,4,3399,0,0,3399,6BH5
2025-01-02T08:00:00.000000000Z,2025-01-02T08:00:00.000000000Z,160,1,29307,T,A,1.2517,2,4,3400,0,0,3400,6BH5
2025-01-02T08:00:08.000000000Z,2025-01-02T08:00:08.000000000Z,160,1,29307,T,B,1.2516,1,4,3401,0,0,3401,6BH5
2025-01-02T08:00:16.000000000Z,2025-01-02T08:00:16.000000000Z,160,1,29307,A,B,1.2514,1,4,3402,0,0,3402,6BH5
2025-01-02T08:00:24.000000000Z,2025-01-02T08:00:24.000000000Z,160,1,29307,A,B,1.2514,1,4,3403,0,0,3403,6BH5
2025-01-02T08:00:32.000000000Z,2025-01-02T08:00:32.000000000Z,160,1,29307,T,B,1.2513,2,4,3404,0,0,3404,6BH5
2025-01-02T08:00:40.000000000Z,2025-01-02T08:00:40.000000000Z,160,1,29307,A,B,1.2512,1,4,3405,0,0,3405,6BH5
2025-01-02T08:00:48.000000000Z,2025-01-02T08:00:48.000000000Z,160,1,29307,C,A,1.2513,1,4,3406,0,0,3406,6BH5
2025-01-02T08:00:56.000000000Z,2025-01-02T08:00:56.000000000Z,160,1,29307,T,B,1.2512,1,4,3407,0,0,3407,6BH5
2025-01-02T08:01:04.000000000Z,2025-01-02T08:01:04.000000000Z,160,1,29307,C,A,1.2511,1,4,3408,0,0,3408,6BH5
2025-01-02T08:01:12.000000000Z,2025-01-02T08:01:12.000000000Z,160,1,29307,F,A,1.2512,2,4,3409,0,0,3409,6BH5
2025-01-02T08:01:20.000000000Z,2025-01-02T08:01:20.000000000Z,160,1,29307,T,B,1.2513,1,4,3410,0,0,3410,6BH5
2025-01-02T08:01:28.000000000Z,2025-01-02T08:01:28.000000000Z,160,1,29307,A,A,1.2512,3,4,3411,0,0,3411,6BH5
2025-01-02T08:01:36.000000000Z,2025-01-02T08:01:36.000000000Z,160,1,29307,A,A,1.2513,1,4,3412,0,0,3412,6BH5
2025-01-02T08:01:44.000000000Z,2025-01-02T08:01:44.000000000Z,160,1,29307,F,B,1.2515,2,4,3413,0,0,3413,6BH5
2025-01-02T08:01:52.000000000Z,2025-01-02T08:01:52.000000000Z,160,1,29307,A,A,1.2515,2,4,3414,0,0,3414,6BH5
2025-01-02T08:02:00.000000000Z,2025-01-02T08:02:00.000000000Z,160,1,29307,A,A,1.2513,1,4,3415,0,0,3415,6BH5
2025-01-02T08:02:08.000000000Z,2025-01-02T08:02:08.000000000Z,160,1,29307,C,A,1.2511,1,4,3416,0,0,3416,6BH5
2025-01-02T08:02:16.000000000Z,2025-01-02T08:02:16.000000000Z,160,1,29307,T,B,1.2511,1,4,3417,0,0,3417,6BH5
2025-01-02T08:02:24.000000000Z,2025-01-02T08:02:24.000000000Z,160,1,29307,C,B,1.251,1,4,3418,0,0,3418,6BH5
2025-01-02T08:02:32.000000000Z,2025-01-02T08:02:32.000000000Z,160,1,29307,T,B,1.2512,1,4,3419,0,0,3419,6BH5
2025-01-02T08:02:40.000000000Z,2025-01-02T08:02:40.000000000Z,160,1,29307,F,A,1.2513,1,4,3420,0,0,3420,6BH5
2025-01-02T08:02:48.000000000Z,2025-01-02T08:02:48.000000000Z,160,1,29307,T,B,1.2514,2,4,3421,0,0,3421,6BH5
2025-01-02T08:02:56.000000000Z,2025-01-02T08:02:56.000000000Z,160,1,29307,C,A,1.2516,1,4,3422,0,0,3422,6BH5
2025-01-02T08:03:04.000000000Z,2025-01-02T08:03:04.000000000Z,160,1,29307,A,B,1.2518,2,4,3423,0,0,3423,6BH5
2025-01-02T08:03:12.000000000Z,2025-01-02T08:03:12.000000000Z,160,1,29307,C,A,1.2517,1,4,3424,0,0,3424,6BH5
2025-01-02T08:03:20.000000000Z,2025-01-02T08:03:20.000000000Z,160,1,29307,C,B,1.2516,1,4,3425,0,0,3425,6BH5
2025-01-02T08:03:28.000000000Z,2025-01-02T08:03:28.000000000Z,160,1,29307,A,B,1.2517,3,4,3426,0,0,3426,6BH5
2025-01-02T08:03:36.000000000Z,2025-01-02T08:03:36.000000000Z,160,1,29307,A,A,1.2516,1,4,3427,0,0,3427,6BH5
2025-01-02T08:03:44.000000000Z,2025-01-02T08:03:44.000000000Z,160,1,29307,C,B,1.2516,1,4,3428,0,0,3428,6BH5
2025-01-02T08:03:52.000000000Z,2025-01-02T08:03:52.000000000Z,160,1,29307,C,A,1.2517,2,4,3429,0,0,3429,6BH5
2025-01-02T08:04:00.000000000Z,2025-01-02T08:04:00.000000000Z,160,1,29307,A,B,1.2519,3,4,3430,0,0,3430,6BH5
2025-01-02T08:04:08.000000000Z,2025-01-02T08:04:08.000000000Z,160,1,29307,F,B,1.2519,1,4,3431,0,0,3431,6BH5
2025-01-02T08:04:16.000000000Z,2025-01-02T08:04:16.000000000Z,160,1,29307,F,A,1.252,1,4,3432,0,0,3432,6BH5
2025-01-02T08:04:24.000000000Z,2025-01-02T08:04:24.000000000Z,160,1,29307,F,A,1.2519,1,4,3433,0,0,3433,6BH5
2025-01-02T08:04:32.000000000Z,2025-01-02T08:04:32.000000000Z,160,1,29307,A,A,1.252,1,4,3434,0,0,3434,6BH5
2025-01-02T08:04:40.000000000Z,2025-01-02T08:04:40.000000000Z,160,1,29307,A,B,1.2518,1,4,3435,0,0,3435,6BH5
2025-01-02T08:04:48.000000000Z,2025-01-02T08:04:48.000000000Z,160,1,29307,A,A,1.252,1,4,3436,0,0,3436,6BH5
2025-01-02T08:04:56.000000000Z,2025-01-02T08:04:56.000000000Z,160,1,29307,A,B,1.2518,1,4,3437,0,0,3437,6BH5
2025-01-02T08:05:04.000000000Z,2025-01-02T08:05:04.000000000Z,160,1,29307,T,A,1.2519,2,4,3438,0,0,3438,6BH5
2025-01-02T08:05:12.000000000Z,2025-01-02T08:05:12.000000000Z,160,1,29307,C,A,1.2517,2,4,3439,0,0,3439,6BH5
2025-01-02T08:05:20.000000000Z,2025-01-02T08:05:20.000000000Z,160,1,29307,C,A,1.2516,1,4,3440,0,0,3440,6BH5
2025-01-02T08:05:28.000000000Z,2025-01-02T08:05:28.000000000Z,160,1,29307,F,A,1.2516,1,4,3441,0,0,3441,6BH5
2025-01-02T08:05:36.000000000Z,2025-01-02T08:05:36.000000000Z,160,1,29307,A,A,1.2516,1,4,3442,0,0,3442,6BH5
2025-01-02T08:05:44.000000000Z,2025-01-02T08:05:44.000000000Z,160,1,29307,C,A,1.2515,1,4,3443,0,0,3443,6BH5
2025-01-02T08:05:52.000000000Z,2025-01-02T08:05:52.000000000Z,160,1,29307,T,B,1.2514,1,4,3444,0,0,3444,6BH5
2025-01-02T08:06:00.000000000Z,2025-01-02T08:06:00.000000000Z,160,1,29307,A,A,1.2515,1,4,3445,0,0,3445,6BH5
2025-01-02T08:06:08.000000000Z,2025-01-02T08:06:08.000000000Z,160,1,29307,T,B,1.2516,1,4,3446,0,0,3446,6BH5
2025-01-02T08:06:16.000000000Z,2025-01-02T08:06:16.000000000Z,160,1,29307,R,N,,0,4,3447,0,0,3447,6BH5
2025-01-02T08:06:24.000000000Z,2025-01-02T08:06:24.000000000Z,160,1,29307,T,A,1.2515,2,4,3448,0,0,3448,6BH5
2025-01-02T08:06:32.000000000Z,2025-01-02T08:06:32.000000000Z,160,1,29307,C,A,1.2513,2,4,3449,0,0,3449,6BH5
2025-01-02T08:06:40.000000000Z,2025-01-02T08:06:40.000000000Z,160,1,29307,T,B,1.2513,1,4,3450,0,0,3450,6BH5
2025-01-02T08:06:48.000000000Z,2025-01-02T08:06:48.000000000Z,160,1,29307,C,B,1.2512,1,4,3451,0,0,3451,6BH5
2025-01-02T08:06:56.000000000Z,2025-01-02T08:06:56.000000000Z,160,1,29307,A,A,1.2512,1,4,3452,0,0,3452,6BH5
2025-01-02T08:07:04.000000000Z,2025-01-02T08:07:04.000000000Z,160,1,29307,A,B,1.2511,2,4,3453,0,0,3453,6BH5
2025-01-02T08:07:12.000000000Z,2025-01-02T08:07:12.000000000Z,160,1,29307,T,A,1.2513,1,4,3454,0,0,3454,6BH5
2025-01-02T08:07:20.000000000Z,2025-01-02T08:07:20.000000000Z,160,1,29307,C,A,1.2512,1,4,3455,0,0,3455,6BH5
2025-01-02T08:07:28.000000000Z,2025-01-02T08:07:28.000000000Z,160,1,29307,T,B,1.2511,1,4,3456,0,0,3456,6BH5
2025-01-02T08:07:36.000000000Z,2025-01-02T08:07:36.000000000Z,160,1,29307,A,B,1.251,1,4,3457,0,0,3457,6BH5
2025-01-02T08:07:44.000000000Z,2025-01-02T08:07:44.000000000Z,160,1,29307,A,B,1.2512,1,4,3458,0,0,3458,6BH5
2025-01-02T08:07:52.000000000Z,2025-01-02T08:07:52.000000000Z,160,1,29307,F,B,1.2513,1,4,3459,0,0,3459,6BH5
2025-01-02T08:08:00.000000000Z,2025-01-02T08:08:00.000000000Z,160,1,29307,C,A,1.2514,1,4,3460,0,0,3460,6BH5
2025-01-02T08:08:08.000000000Z,2025-01-02T08:08:08.000000000Z,160,1,29307,C,B,1.2516,1,4,3461,0,0,3461,6BH5
2025-01-02T08:08:16.000000000Z,2025-01-02T08:08:16.000000000Z,160,1,29307,F,B,1.2518,1,4,3462,0,0,3462,6BH5
2025-01-02T08:08:24.000000000Z,2025-01-02T08:08:24.000000000Z,160,1,29307,F,A,1.2519,1,4,3463,0,0,3463,6BH5
2025-01-02T08:08:32.000000000Z,2025-01-02T08:08:32.000000000Z,160,1,29307,A,B,1.2518,2,4,3464,0,0,3464,6BH5
2025-01-02T08:08:40.000000000Z,2025-01-02T08:08:40.000000000Z,160,1,29307,A,B,1.2519,1,4,3465,0,0,3465,6BH5
2025-01-02T08:08:48.000000000Z,2025-01-02T08:08:48.000000000Z,160,1,29307,T,B,1.2518,1,4,3466,0,0,3466,6BH5
2025-01-02T08:08:56.000000000Z,2025-01-02T08:08:56.000000000Z,160,1,29307,A,B,1.2519,1,4,3467,0,0,3467,6BH5
2025-01-02T08:09:04.000000000Z,2025-01-02T08:09:04.000000000Z,160,1,29307,C,A,1.252,5,4,3468,0,0,3468,6BH5
2025-01-02T08:09:12.000000000Z,2025-01-02T08:09:12.000000000Z,160,1,29307,C,A,1.2521,1,4,3469,0,0,3469,6BH5
2025-01-02T08:09:20.000000000Z,2025-01-02T08:09:20.000000000Z,160,1,29307,A,B,1.2521,1,4,3470,0,0,3470,6BH5
2025-01-02T08:09:28.000000000Z,2025-01-02T08:09:28.000000000Z,160,1,29307,T,B,1.2522,1,4,3471,0,0,3471,6BH5
2025-01-02T08:09:36.000000000Z,2025-01-02T08:09:36.000000000Z,160,1,29307,R,N,,0,4,3472,0,0,3472,6BH5
2025-01-02T08:09:44.000000000Z,2025-01-02T08:09:44.000000000Z,160,1,29307,A,B,1.2522,1,4,3473,0,0,3473,6BH5
2025-01-02T08:09:52.000000000Z,2025-01-02T08:09:52.000000000Z,160,1,29307,F,B,1.2521,1,4,3474,0,0,3474,6BH5
2025-01-02T08:10:00.000000000Z,2025-01-02T08:10:00.000000000Z,160,1,29307,F,B,1.2522,5,4,3475,0,0,3475,6BH5
2025-01-02T08:10:08.000000000Z,2025-01-02T08:10:08.000000000Z,160,1,29307,R,N,,0,4,3476,0,0,3476,6BH5
2025-01-02T08:10:16.000000000Z,2025-01-02T08:10:16.000000000Z,160,1,29307,T,B,1.2522,3,4,3477,0,0,3477,6BH5
2025-01-02T08:10:24.000000000Z,2025-01-02T08:10:24.000000000Z,160,1,29307,F,B,1.252,1,4,3478,0,0,3478,6BH5
2025-01-02T08:10:32.000000000Z,2025-01-02T08:10:32.000000000Z,160,1,29307,C,B,1.2518,2,4,3479,0,0,3479,6BH5
2025-01-02T08:10:40.000000000Z,2025-01-02T08:10:40.000000000Z,160,1,29307,A,B,1.2516,1,4,3480,0,0,3480,6BH5
2025-01-02T08:10:48.000000000Z,2025-01-02T08:10:48.000000000Z,160,1,29307,C,B,1.2518,1,4,3481,0,0,3481,6BH5
2025-01-02T08:10:56.000000000Z,2025-01-02T08:10:56.000000000Z,160,1,29307,C,A,1.2519,2,4,3482,0,0,3482,6BH5
2025-01-02T08:11:04.000000000Z,2025-01-02T08:11:04.000000000Z,160,1,29307,A,A,1.252,1,4,3483,0,0,3483,6BH5
2025-01-02T08:11:12.000000000Z,2025-01-02T08:11:12.000000000Z,160,1,29307,C,A,1.252,1,4,3484,0,0,3484,6BH5
2025-01-02T08:11:20.000000000Z,2025-01-02T08:11:20.000000000Z,160,1,29307,F,B,1.2521,1,4,3485,0,0,3485,6BH5
2025-01-02T08:11:28.000000000Z,2025-01-02T08:11:28.000000000Z,160,1,29307,A,B,1.252,1,4,3486,0,0,3486,6BH5
2025-01-02T08:11:36.000000000Z,2025-01-02T08:11:36.000000000Z,160,1,29307,T,A,1.2519,3,4,3487,0,0,3487,6BH5
2025-01-02T08:11:44.000000000Z,2025-01-02T08:11:44.000000000Z,160,1,29307,T,B,1.2519,1,4,3488,0,0,3488,6BH5
2025-01-02T08:11:52.000000000Z,2025-01-02T08:11:52.000000000Z,160,1,29307,F,A,1.2517,1,4,3489,0,0,3489,6BH5
2025-01-02T08:12:00.000000000Z,2025-01-02T08:12:00.000000000Z,160,1,29307,A,B,1.2517,1,4,3490,0,0,3490,6BH5
2025-01-02T08:12:08.000000000Z,2025-01-02T08:12:08.000000000Z,160,1,29307,F,A,1.2516,2,4,3491,0,0,3491,6BH5
2025-01-02T08:12:16.000000000Z,2025-01-02T08:12:16.000000000Z,160,1,29307,T,A,1.2514,1,4,3492,0,0,3492,6BH5
2025-01-02T08:12:24.000000000Z,2025-01-02T08:12:24.000000000Z,160,1,29307,C,A,1.2512,1,4,3493,0,0,3493,6BH5
2025-01-02T08:12:32.000000000Z,2025-01-02T08:12:32.000000000Z,160,1,29307,F,B,1.2513,2,4,3494,0,0,3494,6BH5
2025-01-02T08:12:40.000000000Z,2025-01-02T08:12:40.000000000Z,160,1,29307,T,A,1.2511,1,4,3495,0,0,3495,6BH5
2025-01-02T08:12:48.000000000Z,2025-01-02T08:12:48.000000000Z,160,1,29307,R,N,,0,4,3496,0,0,3496,6BH5
2025-01-02T08:12:56.000000000Z,2025-01-02T08:12:56.000000000Z,160,1,29307,C,B,1.2511,2,4,3497,0,0,3497,6BH5
2025-01-02T08:13:04.000000000Z,2025-01-02T08:13:04.000000000Z,160,1,29307,R,N,,0,4,3498,0,0,3498,6BH5
2025-01-02T08:13:12.000000000Z,2025-01-02T08:13:12.000000000Z,160,1,29307,A,B,1.2514,2,4,3499,0,0,3499,6BH5
2025-01-02T08:13:20.000000000Z,2025-01-02T08:13:20.000000000Z,160,1,29307,F,B,1.2516,1,4,3500,0,0,3500,6BH5
2025-01-02T08:13:28.000000000Z,2025-01-02T08:13:28.000000000Z,160,1,29307,A,B,1.2518,3,4,3501,0,0,3501,6BH5
2025-01-02T08:13:36.000000000Z,2025-01-02T08:13:36.000000000Z,160,1,29307,T,B,1.2517,3,4,3502,0,0,3502,6BH5
2025-01-02T08:13:44.000000000Z,2025-01-02T08:13:44.000000000Z,160,1,29307,A,A,1.2516,1,4,3503,0,0,3503,6BH5
2025-01-02T08:13:52.000000000Z,2025-01-02T08:13:52.000000000Z,160,1,29307,T,A,1.2516,1,4,3504,0,0,3504,6BH5
2025-01-02T08:14:00.000000000Z,2025-01-02T08:14:00.000000000Z,160,1,29307,C,A,1.2514,10,4,3505,0,0,3505,6BH5
2025-01-02T08:14:08.000000000Z,2025-01-02T08:14:08.000000000Z,160,1,29307,C,B,1.2512,1,4,3506,0,0,3506,6BH5
2025-01-02T08:14:16.000000000Z,2025-01-02T08:14:16.000000000Z,160,1,29307,A,B,1.2514,1,4,3507,0,0,3507,6BH5
2025-01-02T08:14:24.000000000Z,2025-01-02T08:14:24.000000000Z,160,1,29307,C,B,1.2514,1,4,3508,0,0,3508,6BH5
2025-01-02T08:14:32.000000000Z,2025-01-02T08:14:32.000000000Z,160,1,29307,T,B,1.2515,2,4,3509,0,0,3509,6BH5
2025-01-02T08:14:40.000000000Z,2025-01-02T08:14:40.000000000Z,160,1,29307,C,A,1.2517,2,4,3510,0,0,3510,6BH5
2025-01-02T08:14:48.000000000Z,2025-01-02T08:14:48.000000000Z,160,1,29307,C,B,1.2518,1,4,3511,0,0,3511,6BH5
2025-01-02T08:14:56.000000000Z,2025-01-02T08:14:56.000000000Z,160,1,29307,A,A,1.2519,1,4,3512,0,0,3512,6BH5
2025-01-02T08:15:04.000000000Z,2025-01-02T08:15:04.000000000Z,160,1,29307,F,B,1.252,2,4,3513,0,0,3513,6BH5
2025-01-02T08:15:12.000000000Z,2025-01-02T08:15:12.000000000Z,160,1,29307,A,A,1.2518,2,4,3514,0,0,3514,6BH5
2025-01-02T08:15:20.000000000Z,2025-01-02T08:15:20.000000000Z,160,1,29307,T,B,1.2517,1,4,3515,0,0,3515,6BH5
2025-01-02T08:15:28.000000000Z,2025-01-02T08:15:28.000000000Z,160,1,29307,A,A,1.2519,10,4,3516,0,0,3516,6BH5
2025-01-02T08:15:36.000000000Z,2025-01-02T08:15:36.000000000Z,160,1,29307,T,B,1.2521,2,4,3517,0,0,3517,6BH5
2025-01-02T08:15:44.000000000Z,2025-01-02T08:15:44.000000000Z,160,1,29307,C,A,1.2523,1,4,3518,0,0,3518,6BH5
2025-01-02T08:15:52.000000000Z,2025-01-02T08:15:52.000000000Z,160,1,29307,C,B,1.2523,2,4,3519,0,0,3519,6BH5
2025-01-02T08:16:00.000000000Z,2025-01-02T08:16:00.000000000Z,160,1,29307,C,A,1.2525,1,4,3520,0,0,3520,6BH5
2025-01-02T08:16:08.000000000Z,2025-01-02T08:16:08.000000000Z,160,1,29307,F,A,1.2523,1,4,3521,0,0,3521,6BH5
2025-01-02T08:16:16.000000000Z,2025-01-02T08:16:16.000000000Z,160,1,29307,C,B,1.2521,1,4,3522,0,0,3522,6BH5
2025-01-02T08:16:24.000000000Z,2025-01-02T08:16:24.000000000Z,160,1,29307,A,A,1.2521,2,4,3523,0,0,3523,6BH5
2025-01-02T08:16:32.000000000Z,2025-01-02T08:16:32.000000000Z,160,1,29307,C,B,1.2521,5,4,3524,0,0,3524,6BH5
2025-01-02T08:16:40.000000000Z,2025-01-02T08:16:40.000000000Z,160,1,29307,T,B,1.252,1,4,3525,0,0,3525,6BH5
2025-01-02T08:16:48.000000000Z,2025-01-02T08:16:48.000000000Z,160,1,29307,F,B,1.2519,1,4,3526,0,0,3526,6BH5
2025-01-02T08:16:56.000000000Z,2025-01-02T08:16:56.000000000Z,160,1,29307,T,A,1.2518,1,4,3527,0,0,3527,6BH5
2025-01-02T08:17:04.000000000Z,2025-01-02T08:17:04.000000000Z,160,1,29307,F,A,1.2518,2,4,3528,0,0,3528,6BH5
2025-01-02T08:17:12.000000000Z,2025-01-02T08:17:12.000000000Z,160,1,29307,T,B,1.2519,2,4,3529,0,0,3529,6BH5
2025-01-02T08:17:20.000000000Z,2025-01-02T08:17:20.000000000Z,160,1,29307,A,B,1.252,1,4,3530,0,0,3530,6BH5
2025-01-02T08:17:28.000000000Z,2025-01-02T08:17:28.000000000Z,160,1,29307,T,A,1.2518,1,4,3531,0,0,3531,6BH5
2025-01-02T08:17:36.000000000Z,2025-01-02T08:17:36.000000000Z,160,1,29307,T,A,1.2518,1,4,3532,0,0,3532,6BH5
2025-01-02T08:17:44.000000000Z,2025-01-02T08:17:44.000000000Z,160,1,29307,C,A,1.2519,1,4,3533,0,0,3533,6BH5
2025-01-02T08:17:52.000000000Z,2025-01-02T08:17:52.000000000Z,160,1,29307,C,B,1.2519,1,4,3534,0,0,3534,6BH5
2025-01-02T08:18:00.000000000Z,2025-01-02T08:18:00.000000000Z,160,1,29307,A,B,1.2518,2,4,3535,0,0,3535,6BH5
2025-01-02T08:18:08.000000000Z,2025-01-02T08:18:08.000000000Z,160,1,29307,A,B,1.2519,1,4,3536,0,0,3536,6BH5
2025-01-02T08:18:16.000000000Z,2025-01-02T08:18:16.000000000Z,160,1,29307,A,B,1.2521,1,4,3537,0,0,3537,6BH5
2025-01-02T08:18:24.000000000Z,2025-01-02T08:18:24.000000000Z,160,1,29307,T,B,1.2519,1,4,3538,0,0,3538,6BH5
2025-01-02T08:18:32.000000000Z,2025-01-02T08:18:32.000000000Z,160,1,29307,F,A,1.2518,1,4,3539,0,0,3539,6BH5
2025-01-02T08:18:40.000000000Z,2025-01-02T08:18:40.000000000Z,160,1,29307,C,B,1.2518,1,4,3540,0,0,3540,6BH5
2025-01-02T08:18:48.000000000Z,2025-01-02T08:18:48.000000000Z,160,1,29307,C,A,1.2518,1,4,3541,0,0,3541,6BH5
2025-01-02T08:18:56.000000000Z,2025-01-02T08:18:56.000000000Z,160,1,29307,C,A,1.2517,1,4,3542,0,0,3542,6BH5
2025-01-02T08:19:04.000000000Z,2025-01-02T08:19:04.000000000Z,160,1,29307,T,B,1.2516,2,4,3543,0,0,3543,6BH5
2025-01-02T08:19:12.000000000Z,2025-01-02T08:19:12.000000000Z,160,1,29307,T,A,1.2515,1,4,3544,0,0,3544,6BH5
2025-01-02T08:19:20.000000000Z,2025-01-02T08:19:20.000000000Z,160,1,29307,F,B,1.2517,2,4,3545,0,0,3545,6BH5
2025-01-02T08:19:28.000000000Z,2025-01-02T08:19:28.000000000Z,160,1,29307,R,N,,0,4,3546,0,0,3546,6BH5
2025-01-02T08:19:36.000000000Z,2025-01-02T08:19:36.000000000Z,160,1,29307,T,B,1.2519,1,4,3547,0,0,3547,6BH5
2025-01-02T08:19:44.000000000Z,2025-01-02T08:19:44.000000000Z,160,1,29307,T,B,1.252,1,4,3548,0,0,3548,6BH5
2025-01-02T08:19:52.000000000Z,2025-01-02T08:19:52.000000000Z,160,1,29307,T,A,1.2518,5,4,3549,0,0,3549,6BH5
2025-01-02T08:20:00.000000000Z,2025-01-02T08:20:00.000000000Z,160,1,29307,A,B,1.252,1,4,3550,0,0,3550,6BH5
2025-01-02T08:20:08.000000000Z,2025-01-02T08:20:08.000000000Z,160,1,29307,A,A,1.252,1,4,3551,0,0,3551,6BH5
2025-01-02T08:20:16.000000000Z,2025-01-02T08:20:16.000000000Z,160,1,29307,C,B,1.2519,3,4,3552,0,0,3552,6BH5
2025-01-02T08:20:24.000000000Z,2025-01-02T08:20:24.000000000Z,160,1,29307,A,B,1.252,1,4,3553,0,0,3553,6BH5
2025-01-02T08:20:32.000000000Z,2025-01-02T08:20:32.000000000Z,160,1,29307,A,B,1.2521,2,4,3554,0,0,3554,6BH5
2025-01-02T08:20:40.000000000Z,2025-01-02T08:20:40.000000000Z,160,1,29307,A,A,1.2522,1,4,3555,0,0,3555,6BH5
2025-01-02T08:20:48.000000000Z,2025-01-02T08:20:48.000000000Z,160,1,29307,F,A,1.252,1,4,3556,0,0,3556,6BH5
2025-01-02T08:20:56.000000000Z,2025-01-02T08:20:56.000000000Z,160,1,29307,C,B,1.2522,1,4,3557,0,0,3557,6BH5
2025-01-02T08:21:04.000000000Z,2025-01-02T08:21:04.000000000Z,160,1,29307,T,A,1.2524,3,4,3558,0,0,3558,6BH5
2025-01-02T08:21:12.000000000Z,2025-01-02T08:21:12.000000000Z,160,1,29307,A,B,1.2523,1,4,3559,0,0,3559,6BH5
2025-01-02T08:21:20.000000000Z,2025-01-02T08:21:20.000000000Z,160,1,29307,A,A,1.2521,1,4,3560,0,0,3560,6BH5
2025-01-02T08:21:28.000000000Z,2025-01-02T08:21:28.000000000Z,160,1,29307,A,A,1.252,1,4,3561,0,0,3561,6BH5
2025-01-02T08:21:36.000000000Z,2025-01-02T08:21:36.000000000Z,160,1,29307,T,B,1.2522,1,4,3562,0,0,3562,6BH5
2025-01-02T08:21:44.000000000Z,2025-01-02T08:21:44.000000000Z,160,1,29307,F,B,1.2522,2,4,3563,0,0,3563,6BH5
2025-01-02T08:21:52.000000000Z,2025-01-02T08:21:52.000000000Z,160,1,29307,C,B,1.2521,1,4,3564,0,0,3564,6BH5
2025-01-02T08:22:00.000000000Z,2025-01-02T08:22:00.000000000Z,160,1,29307,A,B,1.252,1,4,3565,0,0,3565,6BH5
2025-01-02T08:22:08.000000000Z,2025-01-02T08:22:08.000000000Z,160,1,29307,A,B,1.2519,1,4,3566,0,0,3566,6BH5
2025-01-02T08:22:16.000000000Z,2025-01-02T08:22:16.000000000Z,160,1,29307,F,A,1.252,1,4,3567,0,0,3567,6BH5
2025-01-02T08:22:24.000000000Z,2025-01-02T08:22:24.000000000Z,160,1,29307,T,A,1.252,1,4,3568,0,0,3568,6BH5
2025-01-02T08:22:32.000000000Z,2025-01-02T08:22:32.000000000Z,160,1,29307,A,B,1.2522,1,4,3569,0,0,3569,6BH5
2025-01-02T08:22:40.000000000Z,2025-01-02T08:22:40.000000000Z,160,1,29307,F,B,1.2523,2,4,3570,0,0,3570,6BH5
2025-01-02T08:22:48.000000000Z,2025-01-02T08:22:48.000000000Z,160,1,29307,F,B,1.2524,5,4,3571,0,0,3571,6BH5
2025-01-02T08:22:56.000000000Z,2025-01-02T08:22:56.000000000Z,160,1,29307,F,A,1.2523,1,4,3572,0,0,3572,6BH5
2025-01-02T08:23:04.000000000Z,2025-01-02T08:23:04.000000000Z,160,1,29307,F,B,1.2521,2,4,3573,0,0,3573,6BH5
2025-01-02T08:23:12.000000000Z,2025-01-02T08:23:12.000000000Z,160,1,29307,C,B,1.2521,1,4,3574,0,0,3574,6BH5
2025-01-02T08:23:20.000000000Z,2025-01-02T08:23:20.000000000Z,160,1,29307,T,A,1.252,1,4,3575,0,0,3575,6BH5
2025-01-02T08:23:28.000000000Z,2025-01-02T08:23:28.000000000Z,160,1,29307,A,A,1.2519,1,4,3576,0,0,3576,6BH5
2025-01-02T08:23:36.000000000Z,2025-01-02T08:23:36.000000000Z,160,1,29307,A,A,1.2521,1,4,3577,0,0,3577,6BH5
2025-01-02T08:23:44.000000000Z,2025-01-02T08:23:44.000000000Z,160,1,29307,T,A,1.2521,1,4,3578,0,0,3578,6BH5
2025-01-02T08:23:52.000000000Z,2025-01-02T08:23:52.000000000Z,160,1,29307,C,B,1.252,2,4,3579,0,0,3579,6BH5
2025-01-02T08:24:00.000000000Z,2025-01-02T08:24:00.000000000Z,160,1,29307,R,N,,0,4,3580,0,0,3580,6BH5
2025-01-02T08:24:08.000000000Z,2025-01-02T08:24:08.000000000Z,160,1,29307,T,A,1.2518,1,4,3581,0,0,3581,6BH5
2025-01-02T08:24:16.000000000Z,2025-01-02T08:24:16.000000000Z,160,1,29307,T,B,1.252,1,4,3582,0,0,3582,6BH5
2025-01-02T08:24:24.000000000Z,2025-01-02T08:24:24.000000000Z,160,1,29307,T,B,1.2519,5,4,3583,0,0,3583,6BH5
2025-01-02T08:24:32.000000000Z,2025-01-02T08:24:32.000000000Z,160,1,29307,A,B,1.2518,1,4,3584,0,0,3584,6BH5
2025-01-02T08:24:40.000000000Z,2025-01-02T08:24:40.000000000Z,160,1,29307,C,A,1.2519,1,4,3585,0,0,3585,6BH5
2025-01-02T08:24:48.000000000Z,2025-01-02T08:24:48.000000000Z,160,1,29307,C,B,1.2518,1,4,3586,0,0,3586,6BH5
2025-01-02T08:24:56.000000000Z,2025-01-02T08:24:56.000000000Z,160,1,29307,A,A,1.2517,1,4,3587,0,0,3587,6BH5
2025-01-02T08:25:04.000000000Z,2025-01-02T08:25:04.000000000Z,160,1,29307,C,A,1.2516,1,4,3588,0,0,3588,6BH5
2025-01-02T08:25:12.000000000Z,2025-01-02T08:25:12.000000000Z,160,1,29307,C,A,1.2515,2,4,3589,0,0,3589,6BH5
2025-01-02T08:25:20.000000000Z,2025-01-02T08:25:20.000000000Z,160,1,29307,T,B,1.2513,2,4,3590,0,0,3590,6BH5
2025-01-02T08:25:28.000000000Z,2025-01-02T08:25:28.000000000Z,160,1,29307,A,A,1.2511,1,4,3591,0,0,3591,6BH5
2025-01-02T08:25:36.000000000Z,2025-01-02T08:25:36.000000000Z,160,1,29307,A,B,1.2512,2,4,3592,0,0,3592,6BH5
2025-01-02T08:25:44.000000000Z,2025-01-02T08:25:44.000000000Z,160,1,29307,F,B,1.251,1,4,3593,0,0,3593,6BH5
2025-01-02T08:25:52.000000000Z,2025-01-02T08:25:52.000000000Z,160,1,29307,F,B,1.2511,1,4,3594,0,0,3594,6BH5
2025-01-02T08:26:00.000000000Z,2025-01-02T08:26:00.000000000Z,160,1,29307,A,A,1.2512,2,4,3595,0,0,3595,6BH5
2025-01-02T08:26:08.000000000Z,2025-01-02T08:26:08.000000000Z,160,1,29307,T,A,1.2512,1,4,3596,0,0,3596,6BH5
2025-01-02T08:26:16.000000000Z,2025-01-02T08:26:16.000000000Z,160,1,29307,T,A,1.2511,1,4,3597,0,0,3597,6BH5
2025-01-02T08:26:24.000000000Z,2025-01-02T08:26:24.000000000Z,160,1,29307,C,B,1.2509,1,4,3598,0,0,3598,6BH5
2025-01-02T08:26:32.000000000Z,2025-01-02T08:26:32.000000000Z,160,1,29307,F,A,1.251,5,4,3599,0,0,3599,6BH5
2025-01-02T08:26:40.000000000Z,2025-01-02T08:26:40.000000000Z,160,1,29307,T,A,1.2511,2,4,3600,0,0,3600,6BH5
2025-01-02T08:26:48.000000000Z,2025-01-02T08:26:48.000000000Z,160,1,29307,A,A,1.2512,2,4,3601,0,0,3601,6BH5
2025-01-02T08:26:56.000000000Z,2025-01-02T08:26:56.000000000Z,160,1,29307,A,A,1.251,1,4,3602,0,0,3602,6BH5
2025-01-02T08:27:04.000000000Z,2025-01-02T08:27:04.000000000Z,160,1,29307,A,A,1.2512,2,4,3603,0,0,3603,6BH5
2025-01-02T08:27:12.000000000Z,2025-01-02T08:27:12.000000000Z,160,1,29307,C,B,1.251,1,4,3604,0,0,3604,6BH5
2025-01-02T08:27:20.000000000Z,2025-01-02T08:27:20.000000000Z,160,1,29307,A,B,1.2509,5,4,3605,0,0,3605,6BH5
2025-01-02T08:27:28.000000000Z,2025-01-02T08:27:28.000000000Z,160,1,29307,A,B,1.2509,1,4,3606,0,0,3606,6BH5
2025-01-02T08:27:36.000000000Z,2025-01-02T08:27:36.000000000Z,160,1,29307,A,B,1.2507,1,4,3607,0,0,3607,6BH5
2025-01-02T08:27:44.000000000Z,2025-01-02T08:27:44.000000000Z,160,1,29307,A,A,1.2507,1,4,3608,0,0,3608,6BH5
2025-01-02T08:27:52.000000000Z,2025-01-02T08:27:52.000000000Z,160,1,29307,T,B,1.2508,2,4,3609,0,0,3609,6BH5
2025-01-02T08:28:00.000000000Z,2025-01-02T08:28:00.000000000Z,160,1,29307,T,A,1.2509,2,4,3610,0,0,3610,6BH5
2025-01-02T08:28:08.000000000Z,2025-01-02T08:28:08.000000000Z,160,1,29307,T,B,1.2511,1,4,3611,0,0,3611,6BH5
2025-01-02T08:28:16.000000000Z,2025-01-02T08:28:16.000000000Z,160,1,29307,C,B,1.2511,1,4,3612,0,0,3612,6BH5
2025-01-02T08:28:24.000000000Z,2025-01-02T08:28:24.000000000Z,160,1,29307,T,B,1.2512,2,4,3613,0,0,3613,6BH5
2025-01-02T08:28:32.000000000Z,2025-01-02T08:28:32.000000000Z,160,1,29307,A,A,1.251,1,4,3614,0,0,3614,6BH5
2025-01-02T08:28:40.000000000Z,2025-01-02T08:28:40.000000000Z,160,1,29307,C,A,1.251,2,4,3615,0,0,3615,6BH5
2025-01-02T08:28:48.000000000Z,2025-01-02T08:28:48.000000000Z,160,1,29307,F,B,1.2509,3,4,3616,0,0,3616,6BH5
2025-01-02T08:28:56.000000000Z,2025-01-02T08:28:56.000000000Z,160,1,29307,R,N,,0,4,3617,0,0,3617,6BH5
2025-01-02T08:29:04.000000000Z,2025-01-02T08:29:04.000000000Z,160,1,29307,A,B,1.2507,1,4,3618,0,0,3618,6BH5
2025-01-02T08:29:12.000000000Z,2025-01-02T08:29:12.000000000Z,160,1,29307,A,B,1.2507,1,4,3619,0,0,3619,6BH5
2025-01-02T08:29:20.000000000Z,2025-01-02T08:29:20.000000000Z,160,1,29307,C,B,1.2507,1,4,3620,0,0,3620,6BH5
2025-01-02T08:29:28.000000000Z,2025-01-02T08:29:28.000000000Z,160,1,29307,C,A,1.2509,1,4,3621,0,0,3621,6BH5
2025-01-02T08:29:36.000000000Z,2025-01-02T08:29:36.000000000Z,160,1,29307,A,B,1.2508,2,4,3622,0,0,3622,6BH5
2025-01-02T08:29:44.000000000Z,2025-01-02T08:29:44.000000000Z,160,1,29307,A,B,1.251,1,4,3623,0,0,3623,6BH5
2025-01-02T08:29:52.000000000Z,2025-01-02T08:29:52.000000000Z,160,1,29307,C,B,1.2511,1,4,3624,0,0,3624,6BH5
2025-01-02T08:30:00.000000000Z,2025-01-02T08:30:00.000000000Z,160,1,29307,T,A,1.2511,1,4,3625,0,0,3625,6BH5
2025-01-02T08:30:08.000000000Z,2025-01-02T08:30:08.000000000Z,160,1,29307,F,B,1.2512,1,4,3626,0,0,3626,6BH5
2025-01-02T08:30:16.000000000Z,2025-01-02T08:30:16.000000000Z,160,1,29307,A,A,1.251,3,4,3627,0,0,3627,6BH5
2025-01-02T08:30:24.000000000Z,2025-01-02T08:30:24.000000000Z,160,1,29307,A,B,1.2511,1,4,3628,0,0,3628,6BH5
2025-01-02T08:30:32.000000000Z,2025-01-02T08:30:32.000000000Z,160,1,29307,F,A,1.2511,1,4,3629,0,0,3629,6BH5
2025-01-02T08:30:40.000000000Z,2025-01-02T08:30:40.000000000Z,160,1,29307,R,N,,0,4,3630,0,0,3630,6BH5
2025-01-02T08:30:48.000000000Z,2025-01-02T08:30:48.000000000Z,160,1,29307,F,B,1.2514,1,4,3631,0,0,3631,6BH5
2025-01-02T08:30:56.000000000Z,2025-01-02T08:30:56.000000000Z,160,1,29307,A,A,1.2515,1,4,3632,0,0,3632,6BH5
2025-01-02T08:31:04.000000000Z,2025-01-02T08:31:04.000000000Z,160,1,29307,T,A,1.2516,1,4,3633,0,0,3633,6BH5
2025-01-02T08:31:12.000000000Z,2025-01-02T08:31:12.000000000Z,160,1,29307,A,B,1.2515,2,4,3634,0,0,3634,6BH5
2025-01-02T08:31:20.000000000Z,2025-01-02T08:31:20.000000000Z,160,1,29307,T,A,1.2514,1,4,3635,0,0,3635,6BH5
2025-01-02T08:31:28.000000000Z,2025-01-02T08:31:28.000000000Z,160,1,29307,A,B,1.2514,3,4,3636,0,0,3636,6BH5
2025-01-02T08:31:36.000000000Z,2025-01-02T08:31:36.000000000Z,160,1,29307,F,B,1.2514,2,4,3637,0,0,3637,6BH5
2025-01-02T08:31:44.000000000Z,2025-01-02T08:31:44.000000000Z,160,1,29307,A,B,1.2513,1,4,3638,0,0,3638,6BH5
2025-01-02T08:31:52.000000000Z,2025-01-02T08:31:52.000000000Z,160,1,29307,C,A,1.2515,1,4,3639,0,0,3639,6BH5
2025-01-02T08:32:00.000000000Z,2025-01-02T08:32:00.000000000Z,160,1,29307,F,B,1.2515,1,4,3640,0,0,3640,6BH5
2025-01-02T08:32:08.000000000Z,2025-01-02T08:32:08.000000000Z,160,1,29307,T,A,1.2517,1,4,3641,0,0,3641,6BH5
2025-01-02T08:32:16.000000000Z,2025-01-02T08:32:16.000000000Z,160,1,29307,A,B,1.2518,2,4,3642,0,0,3642,6BH5
2025-01-02T08:32:24.000000000Z,2025-01-02T08:32:24.000000000Z,160,1,29307,C,A,1.2518,1,4,3643,0,0,3643,6BH5
2025-01-02T08:32:32.000000000Z,2025-01-02T08:32:32.000000000Z,160,1,29307,A,A,1.252,1,4,3644,0,0,3644,6BH5
2025-01-02T08:32:40.000000000Z,2025-01-02T08:32:40.000000000Z,160,1,29307,F,B,1.252,2,4,3645,0,0,3645,6BH5
2025-01-02T08:32:48.000000000Z,2025-01-02T08:32:48.000000000Z,160,1,29307,C,A,1.2522,1,4,3646,0,0,3646,6BH5
2025-01-02T08:32:56.000000000Z,2025-01-02T08:32:56.000000000Z,160,1,29307,F,B,1.2521,1,4,3647,0,0,3647,6BH5
2025-01-02T08:33:04.000000000Z,2025-01-02T08:33:04.000000000Z,160,1,29307,C,B,1.252,1,4,3648,0,0,3648,6BH5
2025-01-02T08:33:12.000000000Z,2025-01-02T08:33:12.000000000Z,160,1,29307,A,B,1.252,1,4,3649,0,0,3649,6BH5
2025-01-02T08:33:20.000000000Z,2025-01-02T08:33:20.000000000Z,160,1,29307,T,B,1.252,5,4,3650,0,0,3650,6BH5
2025-01-02T08:33:28.000000000Z,2025-01-02T08:33:28.000000000Z,160,1,29307,A,B,1.252,1,4,3651,0,0,3651,6BH5
2025-01-02T08:33:36.000000000Z,2025-01-02T08:33:36.000000000Z,160,1,29307,R,N,,0,4,3652,0,0,3652,6BH5
2025-01-02T08:33:44.000000000Z,2025-01-02T08:33:44.000000000Z,160,1,29307,A,B,1.2519,1,4,3653,0,0,3653,6BH5
2025-01-02T08:33:52.000000000Z,2025-01-02T08:33:52.000000000Z,160,1,29307,A,A,1.2521,1,4,3654,0,0,3654,6BH5
2025-01-02T08:34:00.000000000Z,2025-01-02T08:34:00.000000000Z,160,1,29307,A,A,1.2521,1,4,3655,0,0,3655,6BH5
2025-01-02T08:34:08.000000000Z,2025-01-02T08:34:08.000000000Z,160,1,29307,A,B,1.2521,1,4,3656,0,0,3656,6BH5
2025-01-02T08:34:16.000000000Z,2025-01-02T08:34:16.000000000Z,160,1,29307,R,N,,0,4,3657,0,0,3657,6BH5
2025-01-02T08:34:24.000000000Z,2025-01-02T08:34:24.000000000Z,160,1,29307,T,B,1.2523,2,4,3658,0,0,3658,6BH5
2025-01-02T08:34:32.000000000Z,2025-01-02T08:34:32.000000000Z,160,1,29307,C,A,1.2525,1,4,3659,0,0,3659,6BH5
2025-01-02T08:34:40.000000000Z,2025-01-02T08:34:40.000000000Z,160,1,29307,T,A,1.2525,1,4,3660,0,0,3660,6BH5
2025-01-02T08:34:48.000000000Z,2025-01-02T08:34:48.000000000Z,160,1,29307,C,A,1.2523,1,4,3661,0,0,3661,6BH5
2025-01-02T08:34:56.000000000Z,2025-01-02T08:34:56.000000000Z,160,1,29307,T,B,1.2523,1,4,3662,0,0,3662,6BH5
2025-01-02T08:35:04.000000000Z,2025-01-02T08:35:04.000000000Z,160,1,29307,F,A,1.2523,1,4,3663,0,0,3663,6BH5
2025-01-02T08:35:12.000000000Z,2025-01-02T08:35:12.000000000Z,160,1,29307,F,B,1.2525,1,4,3664,0,0,3664,6BH5
2025-01-02T08:35:20.000000000Z,2025-01-02T08:35:20.000000000Z,160,1,29307,F,A,1.2524,1,4,3665,0,0,3665,6BH5
2025-01-02T08:35:28.000000000Z,2025-01-02T08:35:28.000000000Z,160,1,29307,F,A,1.2526,1,4,3666,0,0,3666,6BH5
2025-01-02T08:35:36.000000000Z,2025-01-02T08:35:36.000000000Z,160,1,29307,F,A,1.2526,2,4,3667,0,0,3667,6BH5
2025-01-02T08:35:44.000000000Z,2025-01-02T08:35:44.000000000Z,160,1,29307,T,A,1.2528,1,4,3668,0,0,3668,6BH5
2025-01-02T08:35:52.000000000Z,2025-01-02T08:35:52.000000000Z,160,1,29307,C,B,1.2526,2,4,3669,0,0,3669,6BH5
2025-01-02T08:36:00.000000000Z,2025-01-02T08:36:00.000000000Z,160,1,29307,T,B,1.2528,1,4,3670,0,0,3670,6BH5
2025-01-02T08:36:08.000000000Z,2025-01-02T08:36:08.000000000Z,160,1,29307,F,A,1.253,1,4,3671,0,0,3671,6BH5
2025-01-02T08:36:16.000000000Z,2025-01-02T08:36:16.000000000Z,160,1,29307,R,N,,0,4,3672,0,0,3672,6BH5
2025-01-02T08:36:24.000000000Z,2025-01-02T08:36:24.000000000Z,160,1,29307,A,B,1.253,1,4,3673,0,0,3673,6BH5
2025-01-02T08:36:32.000000000Z,2025-01-02T08:36:32.000000000Z,160,1,29307,R,N,,0,4,3674,0,0,3674,6BH5
2025-01-02T08:36:40.000000000Z,2025-01-02T08:36:40.000000000Z,160,1,29307,A,B,1.253,1,4,3675,0,0,3675,6BH5
2025-01-02T08:36:48.000000000Z,2025-01-02T08:36:48.000000000Z,160,1,29307,F,B,1.2528,1,4,3676,0,0,3676,6BH5
2025-01-02T08:36:56.000000000Z,2025-01-02T08:36:56.000000000Z,160,1,29307,T,A,1.2526,1,4,3677,0,0,3677,6BH5
2025-01-02T08:37:04.000000000Z,2025-01-02T08:37:04.000000000Z,160,1,29307,T,A,1.2525,1,4,3678,0,0,3678,6BH5
2025-01-02T08:37:12.000000000Z,2025-01-02T08:37:12.000000000Z,160,1,29307,T,B,1.2525,2,4,3679,0,0,3679,6BH5
2025-01-02T08:37:20.000000000Z,2025-01-02T08:37:20.000000000Z,160,1,29307,A,B,1.2525,2,4,3680,0,0,3680,6BH5
2025-01-02T08:37:28.000000000Z,2025-01-02T08:37:28.000000000Z,160,1,29307,T,B,1.2523,2,4,3681,0,0,3681,6BH5
2025-01-02T08:37:36.000000000Z,2025-01-02T08:37:36.000000000Z,160,1,29307,A,B,1.2522,1,4,3682,0,0,3682,6BH5
2025-01-02T08:37:44.000000000Z,2025-01-02T08:37:44.000000000Z,160,1,29307,R,N,,0,4,3683,0,0,3683,6BH5
2025-01-02T08:37:52.000000000Z,2025-01-02T08:37:52.000000000Z,160,1,29307,A,B,1.2522,1,4,3684,0,0,3684,6BH5
2025-01-02T08:38:00.000000000Z,2025-01-02T08:38:00.000000000Z,160,1,29307,A,A,1.252,1,4,3685,0,0,3685,6BH5
2025-01-02T08:38:08.000000000Z,2025-01-02T08:38:08.000000000Z,160,1,29307,C,A,1.2519,5,4,3686,0,0,3686,6BH5
2025-01-02T08:38:16.000000000Z,2025-01-02T08:38:16.000000000Z,160,1,29307,A,A,1.2521,1,4,3687,0,0,3687,6BH5
2025-01-02T08:38:24.000000000Z,2025-01-02T08:38:24.000000000Z,160,1,29307,C,B,1.2523,1,4,3688,0,0,3688,6BH5
2025-01-02T08:38:32.000000000Z,2025-01-02T08:38:32.000000000Z,160,1,29307,A,B,1.2525,1,4,3689,0,0,3689,6BH5
2025-01-02T08:38:40.000000000Z,2025-01-02T08:38:40.000000000Z,160,1,29307,T,B,1.2527,2,4,3690,0,0,3690,6BH5
2025-01-02T08:38:48.000000000Z,2025-01-02T08:38:48.000000000Z,160,1,29307,C,A,1.2526,3,4,3691,0,0,3691,6BH5
2025-01-02T08:38:56.000000000Z,2025-01-02T08:38:56.000000000Z,160,1,29307,F,B,1.2527,1,4,3692,0,0,3692,6BH5
2025-01-02T08:39:04.000000000Z,2025-01-02T08:39:04.000000000Z,160,1,29307,R,N,,0,4,3693,0,0,3693,6BH5
2025-01-02T08:39:12.000000000Z,2025-01-02T08:39:12.000000000Z,160,1,29307,A,A,1.2528,1,4,3694,0,0,3694,6BH5
2025-01-02T08:39:20.000000000Z,2025-01-02T08:39:20.000000000Z,160,1,29307,A,B,1.2527,1,4,3695,0,0,3695,6BH5
2025-01-02T08:39:28.000000000Z,2025-01-02T08:39:28.000000000Z,160,1,29307,F,A,1.2528,10,4,3696,0,0,3696,6BH5
2025-01-02T08:39:36.000000000Z,2025-01-02T08:39:36.000000000Z,160,1,29307,T,A,1.2528,1,4,3697,0,0,3697,6BH5
2025-01-02T08:39:44.000000000Z,2025-01-02T08:39:44.000000000Z,160,1,29307,A,B,1.2526,1,4,3698,0,0,3698,6BH5
2025-01-02T08:39:52.000000000Z,2025-01-02T08:39:52.000000000Z,160,1,29307,F,A,1.2527,1,4,3699,0,0,3699,6BH5
2025-01-02T08:40:00.000000000Z,2025-01-02T08:40:00.000000000Z,160,1,29307,A,B,1.2525,1,4,3700,0,0,3700,6BH5
2025-01-02T08:40:08.000000000Z,2025-01-02T08:40:08.000000000Z,160,1,29307,R,N,,0,4,3701,0,0,3701,6BH5
2025-01-02T08:40:16.000000000Z,2025-01-02T08:40:16.000000000Z,160,1,29307,T,B,1.2522,1,4,3702,0,0,3702,6BH5
2025-01-02T08:40:24.000000000Z,2025-01-02T08:40:24.000000000Z,160,1,29307,F,A,1.2521,1,4,3703,0,0,3703,6BH5
2025-01-02T08:40:32.000000000Z,2025-01-02T08:40:32.000000000Z,160,1,29307,A,B,1.2519,5,4,3704,0,0,3704,6BH5
2025-01-02T08:40:40.000000000Z,2025-01-02T08:40:40.000000000Z,160,1,29307,A,A,1.2521,1,4,3705,0,0,3705,6BH5
2025-01-02T08:40:48.000000000Z,2025-01-02T08:40:48.000000000Z,160,1,29307,C,A,1.2521,2,4,3706,0,0,3706,6BH5
2025-01-02T08:40:56.000000000Z,2025-01-02T08:40:56.000000000Z,160,1,29307,C,A,1.2521,1,4,3707,0,0,3707,6BH5
2025-01-02T08:41:04.000000000Z,2025-01-02T08:41:04.000000000Z,160,1,29307,F,B,1.252,1,4,3708,0,0,3708,6BH5
2025-01-02T08:41:12.000000000Z,2025-01-02T08:41:12.000000000Z,160,1,29307,A,B,1.2521,1,4,3709,0,0,3709,6BH5
2025-01-02T08:41:20.000000000Z,2025-01-02T08:41:20.000000000Z,160,1,29307,C,A,1.2522,1,4,3710,0,0,3710,6BH5
2025-01-02T08:41:28.000000000Z,2025-01-02T08:41:28.000000000Z,160,1,29307,R,N,,0,4,3711,0,0,3711,6BH5
2025-01-02T08:41:36.000000000Z,2025-01-02T08:41:36.000000000Z,160,1,29307,T,A,1.2524,1,4,3712,0,0,3712,6BH5
2025-01-02T08:41:44.000000000Z,2025-01-02T08:41:44.000000000Z,160,1,29307,A,B,1.2526,1,4,3713,0,0,3713,6BH5
2025-01-02T08:41:52.000000000Z,2025-01-02T08:41:52.000000000Z,160,1,29307,C,A,1.2528,1,4,3714,0,0,3714,6BH5
2025-01-02T08:42:00.000000000Z,2025-01-02T08:42:00.000000000Z,160,1,29307,T,B,1.2529,1,4,3715,0,0,3715,6BH5
2025-01-02T08:42:08.000000000Z,2025-01-02T08:42:08.000000000Z,160,1,29307,A,A,1.2528,3,4,3716,0,0,3716,6BH5
2025-01-02T08:42:16.000000000Z,2025-01-02T08:42:16.000000000Z,160,1,29307,T,A,1.2529,1,4,3717,0,0,3717,6BH5
2025-01-02T08:42:24.000000000Z,2025-01-02T08:42:24.000000000Z,160,1,29307,C,A,1.2529,1,4,3718,0,0,3718,6BH5
2025-01-02T08:42:32.000000000Z,2025-01-02T08:42:32.000000000Z,160,1,29307,A,A,1.253,2,4,3719,0,0,3719,6BH5
2025-01-02T08:42:40.000000000Z,2025-01-02T08:42:40.000000000Z,160,1,29307,A,B,1.2531,1,4,3720,0,0,3720,6BH5
2025-01-02T08:42:48.000000000Z,2025-01-02T08:42:48.000000000Z,160,1,29307,T,A,1.2532,1,4,3721,0,0,3721,6BH5
2025-01-02T08:42:56.000000000Z,2025-01-02T08:42:56.000000000Z,160,1,29307,A,B,1.2533,1,4,3722,0,0,3722,6BH5
2025-01-02T08:43:04.000000000Z,2025-01-02T08:43:04.000000000Z,160,1,29307,A,B,1.2531,1,4,3723,0,0,3723,6BH5
2025-01-02T08:43:12.000000000Z,2025-01-02T08:43:12.000000000Z,160,1,29307,A,A,1.2529,1,4,3724,0,0,3724,6BH5
2025-01-02T08:43:20.000000000Z,2025-01-02T08:43:20.000000000Z,160,1,29307,A,B,1.2528,3,4,3725,0,0,3725,6BH5
2025-01-02T08:43:28.000000000Z,2025-01-02T08:43:28.000000000Z,160,1,29307,A,B,1.253,2,4,3726,0,0,3726,6BH5
2025-01-02T08:43:36.000000000Z,2025-01-02T08:43:36.000000000Z,160,1,29307,A,B,1.2531,1,4,3727,0,0,3727,6BH5
2025-01-02T08:43:44.000000000Z,2025-01-02T08:43:44.000000000Z,160,1,29307,T,A,1.2532,1,4,3728,0,0,3728,6BH5
2025-01-02T08:43:52.000000000Z,2025-01-02T08:43:52.000000000Z,160,1,29307,T,B,1.2533,1,4,3729,0,0,3729,6BH5
2025-01-02T08:44:00.000000000Z,2025-01-02T08:44:00.000000000Z,160,1,29307,R,N,,0,4,3730,0,0,3730,6BH5
2025-01-02T08:44:08.000000000Z,2025-01-02T08:44:08.000000000Z,160,1,29307,C,A,1.2536,1,4,3731,0,0,3731,6BH5
2025-01-02T08:44:16.000000000Z,2025-01-02T08:44:16.000000000Z,160,1,29307,A,A,1.2537,1,4,3732,0,0,3732,6BH5
2025-01-02T08:44:24.000000000Z,2025-01-02T08:44:24.000000000Z,160,1,29307,C,B,1.2538,1,4,3733,0,0,3733,6BH5
2025-01-02T08:44:32.000000000Z,2025-01-02T08:44:32.000000000Z,160,1,29307,C,A,1.2539,1,4,3734,0,0,3734,6BH5
2025-01-02T08:44:40.000000000Z,2025-01-02T08:44:40.000000000Z,160,1,29307,A,B,1.2538,1,4,3735,0,0,3735,6BH5
2025-01-02T08:44:48.000000000Z,2025-01-02T08:44:48.000000000Z,160,1,29307,T,B,1.2539,1,4,3736,0,0,3736,6BH5
2025-01-02T08:44:56.000000000Z,2025-01-02T08:44:56.000000000Z,160,1,29307,C,B,1.2539,2,4,3737,0,0,3737,6BH5
2025-01-02T08:45:04.000000000Z,2025-01-02T08:45:04.000000000Z,160,1,29307,C,A,1.2538,1,4,3738,0,0,3738,6BH5
2025-01-02T08:45:12.000000000Z,2025-01-02T08:45:12.000000000Z,160,1,29307,T,B,1.2539,1,4,3739,0,0,3739,6BH5
2025-01-02T08:45:20.000000000Z,2025-01-02T08:45:20.000000000Z,160,1,29307,A,A,1.2539,2,4,3740,0,0,3740,6BH5
2025-01-02T08:45:28.000000000Z,2025-01-02T08:45:28.000000000Z,160,1,29307,R,N,,0,4,3741,0,0,3741,6BH5
2025-01-02T08:45:36.000000000Z,2025-01-02T08:45:36.000000000Z,160,1,29307,R,N,,0,4,3742,0,0,3742,6BH5
2025-01-02T08:45:44.000000000Z,2025-01-02T08:45:44.000000000Z,160,1,29307,T,A,1.254,1,4,3743,0,0,3743,6BH5
2025-01-02T08:45:52.000000000Z,2025-01-02T08:45:52.000000000Z,160,1,29307,T,A,1.254,1,4,3744,0,0,3744,6BH5
2025-01-02T08:46:00.000000000Z,2025-01-02T08:46:00.000000000Z,160,1,29307,A,A,1.2538,1,4,3745,0,0,3745,6BH5
2025-01-02T08:46:08.000000000Z,2025-01-02T08:46:08.000000000Z,160,1,29307,T,A,1.2538,2,4,3746,0,0,3746,6BH5
2025-01-02T08:46:16.000000000Z,2025-01-02T08:46:16.000000000Z,160,1,29307,R,N,,0,4,3747,0,0,3747,6BH5
2025-01-02T08:46:24.000000000Z,2025-01-02T08:46:24.000000000Z,160,1,29307,F,B,1.2536,1,4,3748,0,0,3748,6BH5
2025-01-02T08:46:32.000000000Z,2025-01-02T08:46:32.000000000Z,160,1,29307,A,A,1.2535,1,4,3749,0,0,3749,6BH5
2025-01-02T08:46:40.000000000Z,2025-01-02T08:46:40.000000000Z,160,1,29307,T,B,1.2534,1,4,3750,0,0,3750,6BH5
2025-01-02T08:46:48.000000000Z,2025-01-02T08:46:48.000000000Z,160,1,29307,R,N,,0,4,3751,0,0,3751,6BH5
2025-01-02T08:46:56.000000000Z,2025-01-02T08:46:56.000000000Z,160,1,29307,R,N,,0,4,3752,0,0,3752,6BH5
2025-01-02T08:47:04.000000000Z,2025-01-02T08:47:04.000000000Z,160,1,29307,A,B,1.2534,1,4,3753,0,0,3753,6BH5
2025-01-02T08:47:12.000000000Z,2025-01-02T08:47:12.000000000Z,160,1,29307,T,B,1.2535,1,4,3754,0,0,3754,6BH5
2025-01-02T08:47:20.000000000Z,2025-01-02T08:47:20.000000000Z,160,1,29307,T,B,1.2535,1,4,3755,0,0,3755,6BH5
2025-01-02T08:47:28.000000000Z,2025-01-02T08:47:28.000000000Z,160,1,29307,A,A,1.2537,1,4,3756,0,0,3756,6BH5
2025-01-02T08:47:36.000000000Z,2025-01-02T08:47:36.000000000Z,160,1,29307,C,A,1.2538,1,4,3757,0,0,3757,6BH5
2025-01-02T08:47:44.000000000Z,2025-01-02T08:47:44.000000000Z,160,1,29307,F,A,1.2539,1,4,3758,0,0,3758,6BH5
2025-01-02T08:47:52.000000000Z,2025-01-02T08:47:52.000000000Z,160,1,29307,C,B,1.2538,10,4,3759,0,0,3759,6BH5
2025-01-02T08:48:00.000000000Z,2025-01-02T08:48:00.000000000Z,160,1,29307,T,A,1.2539,1,4,3760,0,0,3760,6BH5
2025-01-02T08:48:08.000000000Z,2025-01-02T08:48:08.000000000Z,160,1,29307,C,A,1.254,2,4,3761,0,0,3761,6BH5
2025-01-02T08:48:16.000000000Z,2025-01-02T08:48:16.000000000Z,160,1,29307,A,A,1.2539,2,4,3762,0,0,3762,6BH5
2025-01-02T08:48:24.000000000Z,2025-01-02T08:48:24.000000000Z,160,1,29307,F,B,1.2538,2,4,3763,0,0,3763,6BH5
2025-01-02T08:48:32.000000000Z,2025-01-02T08:48:32.000000000Z,160,1,29307,F,A,1.2537,1,4,3764,0,0,3764,6BH5
2025-01-02T08:48:40.000000000Z,2025-01-02T08:48:40.000000000Z,160,1,29307,T,B,1.2538,3,4,3765,0,0,3765,6BH5
2025-01-02T08:48:48.000000000Z,2025-01-02T08:48:48.000000000Z,160,1,29307,C,A,1.2538,1,4,3766,0,0,3766,6BH5
2025-01-02T08:48:56.000000000Z,2025-01-02T08:48:56.000000000Z,160,1,29307,C,B,1.2539,1,4,3767,0,0,3767,6BH5
2025-01-02T08:49:04.000000000Z,2025-01-02T08:49:04.000000000Z,160,1,29307,A,B,1.2537,1,4,3768,0,0,3768,6BH5
2025-01-02T08:49:12.000000000Z,2025-01-02T08:49:12.000000000Z,160,1,29307,A,B,1.2538,1,4,3769,0,0,3769,6BH5
2025-01-02T08:49:20.000000000Z,2025-01-02T08:49:20.000000000Z,160,1,29307,A,A,1.2537,1,4,3770,0,0,3770,6BH5
2025-01-02T08:49:28.000000000Z,2025-01-02T08:49:28.000000000Z,160,1,29307,A,A,1.2536,1,4,3771,0,0,3771,6BH5
2025-01-02T08:49:36.000000000Z,2025-01-02T08:49:36.000000000Z,160,1,29307,F,B,1.2536,1,4,3772,0,0,3772,6BH5
2025-01-02T08:49:44.000000000Z,2025-01-02T08:49:44.000000000Z,160,1,29307,T,A,1.2534,1,4,3773,0,0,3773,6BH5
2025-01-02T08:49:52.000000000Z,2025-01-02T08:49:52.000000000Z,160,1,29307,A,B,1.2532,1,4,3774,0,0,3774,6BH5
2025-01-02T08:50:00.000000000Z,2025-01-02T08:50:00.000000000Z,160,1,29307,T,B,1.2531,1,4,3775,0,0,3775,6BH5
2025-01-02T08:50:08.000000000Z,2025-01-02T08:50:08.000000000Z,160,1,29307,A,A,1.2531,10,4,3776,0,0,3776,6BH5
2025-01-02T08:50:16.000000000Z,2025-01-02T08:50:16.000000000Z,160,1,29307,F,A,1.2533,1,4,3777,0,0,3777,6BH5
2025-01-02T08:50:24.000000000Z,2025-01-02T08:50:24.000000000Z,160,1,29307,T,A,1.2534,1,4,3778,0,0,3778,6BH5
2025-01-02T08:50:32.000000000Z,2025-01-02T08:50:32.000000000Z,160,1,29307,C,B,1.2534,5,4,3779,0,0,3779,6BH5
2025-01-02T08:50:40.000000000Z,2025-01-02T08:50:40.000000000Z,160,1,29307,A,B,1.2532,1,4,3780,0,0,3780,6BH5
2025-01-02T08:50:48.000000000Z,2025-01-02T08:50:48.000000000Z,160,1,29307,A,A,1.2532,1,4,3781,0,0,3781,6BH5
2025-01-02T08:50:56.000000000Z,2025-01-02T08:50:56.000000000Z,160,1,29307,A,B,1.2533,2,4,3782,0,0,3782,6BH5
2025-01-02T08:51:04.000000000Z,2025-01-02T08:51:04.000000000Z,160,1,29307,A,A,1.2532,3,4,3783,0,0,3783,6BH5
2025-01-02T08:51:12.000000000Z,2025-01-02T08:51:12.000000000Z,160,1,29307,R,N,,0,4,3784,0,0,3784,6BH5
2025-01-02T08:51:20.000000000Z,2025-01-02T08:51:20.000000000Z,160,1,29307,C,A,1.2529,1,4,3785,0,0,3785,6BH5
2025-01-02T08:51:28.000000000Z,2025-01-02T08:51:28.000000000Z,160,1,29307,T,A,1.253,3,4,3786,0,0,3786,6BH5
2025-01-02T08:51:36.000000000Z,2025-01-02T08:51:36.000000000Z,160,1,29307,C,B,1.2529,1,4,3787,0,0,3787,6BH5
2025-01-02T08:51:44.000000000Z,2025-01-02T08:51:44.000000000Z,160,1,29307,R,N,,0,4,3788,0,0,3788,6BH5
2025-01-02T08:51:52.000000000Z,2025-01-02T08:51:52.000000000Z,160,1,29307,R,N,,0,4,3789,0,0,3789,6BH5
2025-01-02T08:52:00.000000000Z,2025-01-02T08:52:00.000000000Z,160,1,29307,T,B,1.2528,1,4,3790,0,0,3790,6BH5
2025-01-02T08:52:08.000000000Z,2025-01-02T08:52:08.000000000Z,160,1,29307,A,A,1.2528,2,4,3791,0,0,3791,6BH5
2025-01-02T08:52:16.000000000Z,2025-01-02T08:52:16.000000000Z,160,1,29307,C,B,1.2528,2,4,3792,0,0,3792,6BH5
2025-01-02T08:52:24.000000000Z,2025-01-02T08:52:24.000000000Z,160,1,29307,T,A,1.2526,2,4,3793,0,0,3793,6BH5
2025-01-02T08:52:32.000000000Z,2025-01-02T08:52:32.000000000Z,160,1,29307,C,B,1.2524,1,4,3794,0,0,3794,6BH5
2025-01-02T08:52:40.000000000Z,2025-01-02T08:52:40.000000000Z,160,1,29307,A,A,1.2523,1,4,3795,0,0,3795,6BH5
2025-01-02T08:52:48.000000000Z,2025-01-02T08:52:48.000000000Z,160,1,29307,A,A,1.2521,2,4,3796,0,0,3796,6BH5
2025-01-02T08:52:56.000000000Z,2025-01-02T08:52:56.000000000Z,160,1,29307,R,N,,0,4,3797,0,0,3797,6BH5
2025-01-02T08:53:04.000000000Z,2025-01-02T08:53:04.000000000Z,160,1,29307,F,A,1.2522,3,4,3798,0,0,3798,6BH5
2025-01-02T08:53:12.000000000Z,2025-01-02T08:53:12.000000000Z,160,1,29307,R,N,,0,4,3799,0,0,3799,6BH5
2025-01-02T08:53:20.000000000Z,2025-01-02T08:53:20.000000000Z,160,1,29307,C,B,1.2523,1,4,3800,0,0,3800,6BH5
2025-01-02T08:53:28.000000000Z,2025-01-02T08:53:28.000000000Z,160,1,29307,R,N,,0,4,3801,0,0,3801,6BH5
2025-01-02T08:53:36.000000000Z,2025-01-02T08:53:36.000000000Z,160,1,29307,T,B,1.2521,1,4,3802,0,0,3802,6BH5
2025-01-02T08:53:44.000000000Z,2025-01-02T08:53:44.000000000Z,160,1,29307,R,N,,0,4,3803,0,0,3803,6BH5
2025-01-02T08:53:52.000000000Z,2025-01-02T08:53:52.000000000Z,160,1,29307,C,B,1.2519,1,4,3804,0,0,3804,6BH5
2025-01-02T08:54:00.000000000Z,2025-01-02T08:54:00.000000000Z,160,1,29307,A,B,1.2519,2,4,3805,0,0,3805,6BH5
2025-01-02T08:54:08.000000000Z,2025-01-02T08:54:08.000000000Z,160,1,29307,C,A,1.2518,1,4,3806,0,0,3806,6BH5
2025-01-02T08:54:16.000000000Z,2025-01-02T08:54:16.000000000Z,160,1,29307,C,A,1.2519,1,4,3807,0,0,3807,6BH5
2025-01-02T08:54:24.000000000Z,2025-01-02T08:54:24.000000000Z,160,1,29307,F,A,1.2519,1,4,3808,0,0,3808,6BH5
2025-01-02T08:54:32.000000000Z,2025-01-02T08:54:32.000000000Z,160,1,29307,A,A,1.2518,1,4,3809,0,0,3809,6BH5
2025-01-02T08:54:40.000000000Z,2025-01-02T08:54:40.000000000Z,160,1,29307,A,B,1.2516,2,4,3810,0,0,3810,6BH5
2025-01-02T08:54:48.000000000Z,2025-01-02T08:54:48.000000000Z,160,1,29307,C,B,1.2516,1,4,3811,0,0,3811,6BH5
2025-01-02T08:54:56.000000000Z,2025-01-02T08:54:56.000000000Z,160,1,29307,A,B,1.2517,1,4,3812,0,0,3812,6BH5
2025-01-02T08:55:04.000000000Z,2025-01-02T08:55:04.000000000Z,160,1,29307,R,N,,0,4,3813,0,0,3813,6BH5
2025-01-02T08:55:12.000000000Z,2025-01-02T08:55:12.000000000Z,160,1,29307,A,B,1.2515,1,4,3814,0,0,3814,6BH5
2025-01-02T08:55:20.000000000Z,2025-01-02T08:55:20.000000000Z,160,1,29307,T,A,1.2515,1,4,3815,0,0,3815,6BH5
2025-01-02T08:55:28.000000000Z,2025-01-02T08:55:28.000000000Z,160,1,29307,F,B,1.2514,1,4,3816,0,0,3816,6BH5
2025-01-02T08:55:36.000000000Z,2025-01-02T08:55:36.000000000Z,160,1,29307,T,B,1.2515,1,4,3817,0,0,3817,6BH5
2025-01-02T08:55:44.000000000Z,2025-01-02T08:55:44.000000000Z,160,1,29307,T,B,1.2516,1,4,3818,0,0,3818,6BH5
2025-01-02T08:55:52.000000000Z,2025-01-02T08:55:52.000000000Z,160,1,29307,T,B,1.2514,2,4,3819,0,0,3819,6BH5
2025-01-02T08:56:00.000000000Z,2025-01-02T08:56:00.000000000Z,160,1,29307,F,A,1.2512,1,4,3820,0,0,3820,6BH5
2025-01-02T08:56:08.000000000Z,2025-01-02T08:56:08.000000000Z,160,1,29307,T,A,1.2513,1,4,3821,0,0,3821,6BH5
2025-01-02T08:56:16.000000000Z,2025-01-02T08:56:16.000000000Z,160,1,29307,F,B,1.2512,1,4,3822,0,0,3822,6BH5
2025-01-02T08:56:24.000000000Z,2025-01-02T08:56:24.000000000Z,160,1,29307,T,A,1.251,1,4,3823,0,0,3823,6BH5
2025-01-02T08:56:32.000000000Z,2025-01-02T08:56:32.000000000Z,160,1,29307,F,B,1.2511,1,4,3824,0,0,3824,6BH5
2025-01-02T08:56:40.000000000Z,2025-01-02T08:56:40.000000000Z,160,1,29307,T,B,1.251,1,4,3825,0,0,3825,6BH5
2025-01-02T08:56:48.000000000Z,2025-01-02T08:56:48.000000000Z,160,1,29307,C,B,1.251,2,4,3826,0,0,3826,6BH5
2025-01-02T08:56:56.000000000Z,2025-01-02T08:56:56.000000000Z,160,1,29307,A,B,1.2509,1,4,3827,0,0,3827,6BH5
2025-01-02T08:57:04.000000000Z,2025-01-02T08:57:04.000000000Z,160,1,29307,F,A,1.251,1,4,3828,0,0,3828,6BH5
2025-01-02T08:57:12.000000000Z,2025-01-02T08:57:12.000000000Z,160,1,29307,T,B,1.2509,1,4,3829,0,0,3829,6BH5
2025-01-02T08:57:20.000000000Z,2025-01-02T08:57:20.000000000Z,160,1,29307,T,B,1.2511,3,4,3830,0,0,3830,6BH5
2025-01-02T08:57:28.000000000Z,2025-01-02T08:57:28.000000000Z,160,1,29307,C,A,1.2512,1,4,3831,0,0,3831,6BH5
2025-01-02T08:57:36.000000000Z,2025-01-02T08:57:36.000000000Z,160,1,29307,C,B,1.251,1,4,3832,0,0,3832,6BH5
2025-01-02T08:57:44.000000000Z,2025-01-02T08:57:44.000000000Z,160,1,29307,T,A,1.251,1,4,3833,0,0,3833,6BH5
2025-01-02T08:57:52.000000000Z,2025-01-02T08:57:52.000000000Z,160,1,29307,A,B,1.2509,1,4,3834,0,0,3834,6BH5
2025-01-02T08:58:00.000000000Z,2025-01-02T08:58:00.000000000Z,160,1,29307,A,B,1.2509,1,4,3835,0,0,3835,6BH5
2025-01-02T08:58:08.000000000Z,2025-01-02T08:58:08.000000000Z,160,1,29307,T,B,1.251,2,4,3836,0,0,3836,6BH5
2025-01-02T08:58:16.000000000Z,2025-01-02T08:58:16.000000000Z,160,1,29307,R,N,,0,4,3837,0,0,3837,6BH5
2025-01-02T08:58:24.000000000Z,2025-01-02T08:58:24.000000000Z,160,1,29307,A,B,1.2508,1,4,3838,0,0,3838,6BH5
2025-01-02T08:58:32.000000000Z,2025-01-02T08:58:32.000000000Z,160,1,29307,C,B,1.2509,1,4,3839,0,0,3839,6BH5
2025-01-02T08:58:40.000000000Z,2025-01-02T08:58:40.000000000Z,160,1,29307,T,A,1.2507,1,4,3840,0,0,3840,6BH5
2025-01-02T08:58:48.000000000Z,2025-01-02T08:58:48.000000000Z,160,1,29307,T,B,1.2508,1,4,3841,0,0,3841,6BH5
2025-01-02T08:58:56.000000000Z,2025-01-02T08:58:56.000000000Z,160,1,29307,C,A,1.2509,2,4,3842,0,0,3842,6BH5
2025-01-02T08:59:04.000000000Z,2025-01-02T08:59:04.000000000Z,160,1,29307,R,N,,0,4,3843,0,0,3843,6BH5
2025-01-02T08:59:12.000000000Z,2025-01-02T08:59:12.000000000Z,160,1,29307,C,B,1.2507,2,4,3844,0,0,3844,6BH5
2025-01-02T08:59:20.000000000Z,2025-01-02T08:59:20.000000000Z,160,1,29307,T,A,1.2508,3,4,3845,0,0,3845,6BH5
2025-01-02T08:59:28.000000000Z,2025-01-02T08:59:28.000000000Z,160,1,29307,T,B,1.2509,1,4,3846,0,0,3846,6BH5
2025-01-02T08:59:36.000000000Z,2025-01-02T08:59:36.000000000Z,160,1,29307,A,A,1.2508,1,4,3847,0,0,3847,6BH5
2025-01-02T08:59:44.000000000Z,2025-01-02T08:59:44.000000000Z,160,1,29307,A,B,1.2507,1,4,3848,0,0,3848,6BH5
2025-01-02T08:59:52.000000000Z,2025-01-02T08:59:52.000000000Z,160,1,29307,A,A,1.2507,1,4,3849,0,0,3849,6BH5
2025-01-02T09:00:00.000000000Z,2025-01-02T09:00:00.000000000Z,160,1,29307,A,A,1.2505,2,4,3850,0,0,3850,6BH5
2025-01-02T09:00:08.000000000Z,2025-01-02T09:00:08.000000000Z,160,1,29307,C,B,1.2503,10,4,3851,0,0,3851,6BH5
2025-01-02T09:00:16.000000000Z,2025-01-02T09:00:16.000000000Z,160,1,29307,T,A,1.2501,2,4,3852,0,0,3852,6BH5
2025-01-02T09:00:24.000000000Z,2025-01-02T09:00:24.000000000Z,160,1,29307,F,B,1.25,1,4,3853,0,0,3853,6BH5
2025-01-02T09:00:32.000000000Z,2025-01-02T09:00:32.000000000Z,160,1,29307,A,B,1.25,1,4,3854,0,0,3854,6BH5
2025-01-02T09:00:40.000000000Z,2025-01-02T09:00:40.000000000Z,160,1,29307,C,B,1.2502,1,4,3855,0,0,3855,6BH5
2025-01-02T09:00:48.000000000Z,2025-01-02T09:00:48.000000000Z,160,1,29307,F,B,1.2503,1,4,3856,0,0,3856,6BH5
2025-01-02T09:00:56.000000000Z,2025-01-02T09:00:56.000000000Z,160,1,29307,T,B,1.2501,1,4,3857,0,0,3857,6BH5
2025-01-02T09:01:04.000000000Z,2025-01-02T09:01:04.000000000Z,160,1,29307,R,N,,0,4,3858,0,0,3858,6BH5
2025-01-02T09:01:12.000000000Z,2025-01-02T09:01:12.000000000Z,160,1,29307,A,A,1.2501,3,4,3859,0,0,3859,6BH5
2025-01-02T09:01:20.000000000Z,2025-01-02T09:01:20.000000000Z,160,1,29307,T,A,1.2499,2,4,3860,0,0,3860,6BH5
2025-01-02T09:01:28.000000000Z,2025-01-02T09:01:28.000000000Z,160,1,29307,A,B,1.2501,1,4,3861,0,0,3861,6BH5
2025-01-02T09:01:36.000000000Z,2025-01-02T09:01:36.000000000Z,160,1,29307,T,A,1.2501,1,4,3862,0,0,3862,6BH5
2025-01-02T09:01:44.000000000Z,2025-01-02T09:01:44.000000000Z,160,1,29307,T,A,1.2503,1,4,3863,0,0,3863,6BH5
2025-01-02T09:01:52.000000000Z,2025-01-02T09:01:52.000000000Z,160,1,29307,A,A,1.2503,1,4,3864,0,0,3864,6BH5
2025-01-02T09:02:00.000000000Z,2025-01-02T09:02:00.000000000Z,160,1,29307,C,A,1.2504,2,4,3865,0,0,3865,6BH5
2025-01-02T09:02:08.000000000Z,2025-01-02T09:02:08.000000000Z,160,1,29307,T,A,1.2502,1,4,3866,0,0,3866,6BH5
2025-01-02T09:02:16.000000000Z,2025-01-02T09:02:16.000000000Z,160,1,29307,C,B,1.2502,1,4,3867,0,0,3867,6BH5
2025-01-02T09:02:24.000000000Z,2025-01-02T09:02:24.000000000Z,160,1,29307,T,B,1.2501,1,4,3868,0,0,3868,6BH5
2025-01-02T09:02:32.000000000Z,2025-01-02T09:02:32.000000000Z,160,1,29307,A,A,1.2502,1,4,3869,0,0,3869,6BH5
2025-01-02T09:02:40.000000000Z,2025-01-02T09:02:40.000000000Z,160,1,29307,R,N,,0,4,3870,0,0,3870,6BH5
2025-01-02T09:02:48.000000000Z,2025-01-02T09:02:48.000000000Z,160,1,29307,C,B,1.2504,1,4,3871,0,0,3871,6BH5
2025-01-02T09:02:56.000000000Z,2025-01-02T09:02:56.000000000Z,160,1,29307,F,A,1.2505,2,4,3872,0,0,3872,6BH5
2025-01-02T09:03:04.000000000Z,2025-01-02T09:03:04.000000000Z,160,1,29307,F,A,1.2506,1,4,3873,0,0,3873,6BH5
2025-01-02T09:03:12.000000000Z,2025-01-02T09:03:12.000000000Z,160,1,29307,T,B,1.2505,2,4,3874,0,0,3874,6BH5
2025-01-02T09:03:20.000000000Z,2025-01-02T09:03:20.000000000Z,160,1,29307,A,A,1.2505,1,4,3875,0,0,3875,6BH5
2025-01-02T09:03:28.000000000Z,2025-01-02T09:03:28.000000000Z,160,1,29307,A,B,1.2506,1,4,3876,0,0,3876,6BH5
2025-01-02T09:03:36.000000000Z,2025-01-02T09:03:36.000000000Z,160,1,29307,A,B,1.2507,1,4,3877,0,0,3877,6BH5
2025-01-02T09:03:44.000000000Z,2025-01-02T09:03:44.000000000Z,160,1,29307,A,A,1.2508,1,4,3878,0,0,3878,6BH5
2025-01-02T09:03:52.000000000Z,2025-01-02T09:03:52.000000000Z,160,1,29307,A,B,1.2507,2,4,3879,0,0,3879,6BH5
2025-01-02T09:04:00.000000000Z,2025-01-02T09:04:00.000000000Z,160,1,29307,C,B,1.2505,1,4,3880,0,0,3880,6BH5
2025-01-02T09:04:08.000000000Z,2025-01-02T09:04:08.000000000Z,160,1,29307,F,B,1.2507,2,4,3881,0,0,3881,6BH5
2025-01-02T09:04:16.000000000Z,2025-01-02T09:04:16.000000000Z,160,1,29307,A,A,1.2507,1,4,3882,0,0,3882,6BH5
2025-01-02T09:04:24.000000000Z,2025-01-02T09:04:24.000000000Z,160,1,29307,C,A,1.2506,2,4,3883,0,0,3883,6BH5
2025-01-02T09:04:32.000000000Z,2025-01-02T09:04:32.000000000Z,160,1,29307,T,A,1.2507,1,4,3884,0,0,3884,6BH5
2025-01-02T09:04:40.000000000Z,2025-01-02T09:04:40.000000000Z,160,1,29307,F,A,1.2509,2,4,3885,0,0,3885,6BH5
2025-01-02T09:04:48.000000000Z,2025-01-02T09:04:48.000000000Z,160,1,29307,T,B,1.2508,3,4,3886,0,0,3886,6BH5
2025-01-02T09:04:56.000000000Z,2025-01-02T09:04:56.000000000Z,160,1,29307,R,N,,0,4,3887,0,0,3887,6BH5
2025-01-02T09:05:04.000000000Z,2025-01-02T09:05:04.000000000Z,160,1,29307,A,A,1.2511,1,4,3888,0,0,3888,6BH5
2025-01-02T09:05:12.000000000Z,2025-01-02T09:05:12.000000000Z,160,1,29307,A,A,1.2513,1,4,3889,0,0,3889,6BH5
2025-01-02T09:05:20.000000000Z,2025-01-02T09:05:20.000000000Z,160,1,29307,F,A,1.2515,1,4,3890,0,0,3890,6BH5
2025-01-02T09:05:28.000000000Z,2025-01-02T09:05:28.000000000Z,160,1,29307,A,B,1.2515,1,4,3891,0,0,3891,6BH5
2025-01-02T09:05:36.000000000Z,2025-01-02T09:05:36.000000000Z,160,1,29307,C,B,1.2514,1,4,3892,0,0,3892,6BH5
2025-01-02T09:05:44.000000000Z,2025-01-02T09:05:44.000000000Z,160,1,29307,C,B,1.2512,2,4,3893,0,0,3893,6BH5
2025-01-02T09:05:52.000000000Z,2025-01-02T09:05:52.000000000Z,160,1,29307,C,A,1.251,2,4,3894,0,0,3894,6BH5
2025-01-02T09:06:00.000000000Z,2025-01-02T09:06:00.000000000Z,160,1,29307,T,A,1.251,2,4,3895,0,0,3895,6BH5
2025-01-02T09:06:08.000000000Z,2025-01-02T09:06:08.000000000Z,160,1,29307,T,B,1.2509,1,4,3896,0,0,3896,6BH5
2025-01-02T09:06:16.000000000Z,2025-01-02T09:06:16.000000000Z,160,1,29307,T,A,1.2508,2,4,3897,0,0,3897,6BH5
2025-01-02T09:06:24.000000000Z,2025-01-02T09:06:24.000000000Z,160,1,29307,C,A,1.2507,1,4,3898,0,0,3898,6BH5
2025-01-02T09:06:32.000000000Z,2025-01-02T09:06:32.000000000Z,160,1,29307,C,B,1.2506,1,4,3899,0,0,3899,6BH5
2025-01-02T13:30:00.000000000Z,2025-01-02T13:30:00.000000000Z,160,1,29307,A,B,1.2507,1,4,3900,0,0,3900,6BH5
2025-01-02T13:30:07.000000000Z,2025-01-02T13:30:07.000000000Z,160,1,29307,A,A,1.2506,3,4,3901,0,0,3901,6BH5
2025-01-02T13:30:14.000000000Z,2025-01-02T13:30:14.000000000Z,160,1,29307,A,A,1.2506,2,4,3902,0,0,3902,6BH5
2025-01-02T13:30:21.000000000Z,2025-01-02T13:30:21.000000000Z,160,1,29307,C,A,1.2506,1,4,3903,0,0,3903,6BH5
2025-01-02T13:30:28.000000000Z,2025-01-02T13:30:28.000000000Z,160,1,29307,C,B,1.2504,2,4,3904,0,0,3904,6BH5
2025-01-02T13:30:35.000000000Z,2025-01-02T13:30:35.000000000Z,160,1,29307,C,B,1.2506,1,4,3905,0,0,3905,6BH5
2025-01-02T13:30:42.000000000Z,2025-01-02T13:30:42.000000000Z,160,1,29307,A,B,1.2506,2,4,3906,0,0,3906,6BH5
2025-01-02T13:30:49.000000000Z,2025-01-02T13:30:49.000000000Z,160,1,29307,A,B,1.2505,1,4,3907,0,0,3907,6BH5
2025-01-02T13:30:56.000000000Z,2025-01-02T13:30:56.000000000Z,160,1,29307,F,A,1.2504,1,4,3908,0,0,3908,6BH5
2025-01-02T13:31:03.000000000Z,2025-01-02T13:31:03.000000000Z,160,1,29307,C,B,1.2503,1,4,3909,0,0,3909,6BH5
2025-01-02T13:31:10.000000000Z,2025-01-02T13:31:10.000000000Z,160,1,29307,T,B,1.2501,1,4,3910,0,0,3910,6BH5
2025-01-02T13:31:17.000000000Z,2025-01-02T13:31:17.000000000Z,160,1,29307,A,A,1.25,1,4,3911,0,0,3911,6BH5
2025-01-02T13:31:24.000000000Z,2025-01-02T13:31:24.000000000Z,160,1,29307,A,A,1.25,1,4,3912,0,0,3912,6BH5
2025-01-02T13:31:31.000000000Z,2025-01-02T13:31:31.000000000Z,160,1,29307,T,A,1.2502,1,4,3913,0,0,3913,6BH5
2025-01-02T13:31:38.000000000Z,2025-01-02T13:31:38.000000000Z,160,1,29307,A,B,1.2503,2,4,3914,0,0,3914,6BH5
2025-01-02T13:31:45.000000000Z,2025-01-02T13:31:45.000000000Z,160,1,29307,C,A,1.2501,2,4,3915,0,0,3915,6BH5
2025-01-02T13:31:52.000000000Z,2025-01-02T13:31:52.000000000Z,160,1,29307,F,A,1.2499,1,4,3916,0,0,3916,6BH5
2025-01-02T13:31:59.000000000Z,2025-01-02T13:31:59.000000000Z,160,1,29307,A,B,1.2499,5,4,3917,0,0,3917,6BH5
2025-01-02T13:32:06.000000000Z,2025-01-02T13:32:06.000000000Z,160,1,29307,F,B,1.2498,1,4,3918,0,0,3918,6BH5
2025-01-02T13:32:13.000000000Z,2025-01-02T13:32:13.000000000Z,160,1,29307,F,A,1.2496,2,4,3919,0,0,3919,6BH5
2025-01-02T13:32:20.000000000Z,2025-01-02T13:32:20.000000000Z,160,1,29307,A,B,1.2497,1,4,3920,0,0,3920,6BH5
2025-01-02T13:32:27.000000000Z,2025-01-02T13:32:27.000000000Z,160,1,29307,T,A,1.2495,1,4,3921,0,0,3921,6BH5
2025-01-02T13:32:34.000000000Z,2025-01-02T13:32:34.000000000Z,160,1,29307,T,A,1.2496,1,4,3922,0,0,3922,6BH5
2025-01-02T13:32:41.000000000Z,2025-01-02T13:32:41.000000000Z,160,1,29307,F,B,1.2494,2,4,3923,0,0,3923,6BH5
2025-01-02T13:32:48.000000000Z,2025-01-02T13:32:48.000000000Z,160,1,29307,T,A,1.2496,1,4,3924,0,0,3924,6BH5
2025-01-02T13:32:55.000000000Z,2025-01-02T13:32:55.000000000Z,160,1,29307,R,N,,0,4,3925,0,0,3925,6BH5
2025-01-02T13:33:02.000000000Z,2025-01-02T13:33:02.000000000Z,160,1,29307,C,B,1.2498,1,4,3926,0,0,3926,6BH5
2025-01-02T13:33:09.000000000Z,2025-01-02T13:33:09.000000000Z,160,1,29307,C,B,1.2496,1,4,3927,0,0,3927,6BH5
2025-01-02T13:33:16.000000000Z,2025-01-02T13:33:16.000000000Z,160,1,29307,T,A,1.2498,1,4,3928,0,0,3928,6BH5
2025-01-02T13:33:23.000000000Z,2025-01-02T13:33:23.000000000Z,160,1,29307,C,B,1.2499,2,4,3929,0,0,3929,6BH5
2025-01-02T13:33:30.000000000Z,2025-01-02T13:33:30.000000000Z,160,1,29307,T,B,1.25,1,4,3930,0,0,3930,6BH5
2025-01-02T13:33:37.000000000Z,2025-01-02T13:33:37.000000000Z,160,1,29307,C,A,1.25,2,4,3931,0,0,3931,6BH5
2025-01-02T13:33:44.000000000Z,2025-01-02T13:33:44.000000000Z,160,1,29307,C,A,1.2501,1,4,3932,0,0,3932,6BH5
2025-01-02T13:33:51.000000000Z,2025-01-02T13:33:51.000000000Z,160,1,29307,C,A,1.2499,2,4,3933,0,0,3933,6BH5
2025-01-02T13:33:58.000000000Z,2025-01-02T13:33:58.000000000Z,160,1,29307,T,A,1.2499,1,4,3934,0,0,3934,6BH5
2025-01-02T13:34:05.000000000Z,2025-01-02T13:34:05.000000000Z,160,1,29307,T,B,1.25,1,4,3935,0,0,3935,6BH5
2025-01-02T13:34:12.000000000Z,2025-01-02T13:34:12.000000000Z,160,1,29307,A,B,1.2499,1,4,3936,0,0,3936,6BH5
2025-01-02T13:34:19.000000000Z,2025-01-02T13:34:19.000000000Z,160,1,29307,F,B,1.2497,1,4,3937,0,0,3937,6BH5
2025-01-02T13:34:26.000000000Z,2025-01-02T13:34:26.000000000Z,160,1,29307,A,A,1.2497,1,4,3938,0,0,3938,6BH5
2025-01-02T13:34:33.000000000Z,2025-01-02T13:34:33.000000000Z,160,1,29307,T,A,1.2498,3,4,3939,0,0,3939,6BH5
2025-01-02T13:34:40.000000000Z,2025-01-02T13:34:40.000000000Z,160,1,29307,F,B,1.2496,1,4,3940,0,0,3940,6BH5
2025-01-02T13:34:47.000000000Z,2025-01-02T13:34:47.000000000Z,160,1,29307,A,A,1.2495,1,4,3941,0,0,3941,6BH5
2025-01-02T13:34:54.000000000Z,2025-01-02T13:34:54.000000000Z,160,1,29307,C,A,1.2493,1,4,3942,0,0,3942,6BH5
2025-01-02T13:35:01.000000000Z,2025-01-02T13:35:01.000000000Z,160,1,29307,A,B,1.2494,1,4,3943,0,0,3943,6BH5
2025-01-02T13:35:08.000000000Z,2025-01-02T13:35:08.000000000Z,160,1,29307,T,B,1.2492,1,4,3944,0,0,3944,6BH5
2025-01-02T13:35:15.000000000Z,2025-01-02T13:35:15.000000000Z,160,1,29307,F,A,1.2493,1,4,3945,0,0,3945,6BH5
2025-01-02T13:35:22.000000000Z,2025-01-02T13:35:22.000000000Z,160,1,29307,T,A,1.2492,2,4,3946,0,0,3946,6BH5
2025-01-02T13:35:29.000000000Z,2025-01-02T13:35:29.000000000Z,160,1,29307,R,N,,0,4,3947,0,0,3947,6BH5
2025-01-02T13:35:36.000000000Z,2025-01-02T13:35:36.000000000Z,160,1,29307,T,B,1.2495,2,4,3948,0,0,3948,6BH5
2025-01-02T13:35:43.000000000Z,2025-01-02T13:35:43.000000000Z,160,1,29307,F,B,1.2493,1,4,3949,0,0,3949,6BH5
2025-01-02T13:35:50.000000000Z,2025-01-02T13:35:50.000000000Z,160,1,29307,A,B,1.2492,1,4,3950,0,0,3950,6BH5
2025-01-02T13:35:57.000000000Z,2025-01-02T13:35:57.000000000Z,160,1,29307,A,B,1.2493,1,4,3951,0,0,3951,6BH5
2025-01-02T13:36:04.000000000Z,2025-01-02T13:36:04.000000000Z,160,1,29307,C,B,1.2492,2,4,3952,0,0,3952,6BH5
2025-01-02T13:36:11.000000000Z,2025-01-02T13:36:11.000000000Z,160,1,29307,T,A,1.2491,1,4,3953,0,0,3953,6BH5
2025-01-02T13:36:18.000000000Z,2025-01-02T13:36:18.000000000Z,160,1,29307,C,A,1.2492,2,4,3954,0,0,3954,6BH5
2025-01-02T13:36:25.000000000Z,2025-01-02T13:36:25.000000000Z,160,1,29307,R,N,,0,4,3955,0,0,3955,6BH5
2025-01-02T13:36:32.000000000Z,2025-01-02T13:36:32.000000000Z,160,1,29307,F,B,1.2494,2,4,3956,0,0,3956,6BH5
2025-01-02T13:36:39.000000000Z,2025-01-02T13:36:39.000000000Z,160,1,29307,C,B,1.2493,1,4,3957,0,0,3957,6BH5
2025-01-02T13:36:46.000000000Z,2025-01-02T13:36:46.000000000Z,160,1,29307,C,B,1.2492,1,4,3958,0,0,3958,6BH5
2025-01-02T13:36:53.000000000Z,2025-01-02T13:36:53.000000000Z,160,1,29307,A,A,1.2491,1,4,3959,0,0,3959,6BH5
2025-01-02T13:37:00.000000000Z,2025-01-02T13:37:00.000000000Z,160,1,29307,C,B,1.2492,1,4,3960,0,0,3960,6BH5
2025-01-02T13:37:07.000000000Z,2025-01-02T13:37:07.000000000Z,160,1,29307,C,B,1.2493,1,4,3961,0,0,3961,6BH5
2025-01-02T13:37:14.000000000Z,2025-01-02T13:37:14.000000000Z,160,1,29307,C,A,1.2495,1,4,3962,0,0,3962,6BH5
2025-01-02T13:37:21.000000000Z,2025-01-02T13:37:21.000000000Z,160,1,29307,T,B,1.2493,2,4,3963,0,0,3963,6BH5
2025-01-02T13:37:28.000000000Z,2025-01-02T13:37:28.000000000Z,160,1,29307,T,A,1.2493,1,4,3964,0,0,3964,6BH5
2025-01-02T13:37:35.000000000Z,2025-01-02T13:37:35.000000000Z,160,1,29307,A,B,1.2492,1,4,3965,0,0,3965,6BH5
2025-01-02T13:37:42.000000000Z,2025-01-02T13:37:42.000000000Z,160,1,29307,C,B,1.2491,1,4,3966,0,0,3966,6BH5
2025-01-02T13:37:49.000000000Z,2025-01-02T13:37:49.000000000Z,160,1,29307,R,N,,0,4,3967,0,0,3967,6BH5
2025-01-02T13:37:56.000000000Z,2025-01-02T13:37:56.000000000Z,160,1,29307,F,A,1.2491,1,4,3968,0,0,3968,6BH5
2025-01-02T13:38:03.000000000Z,2025-01-02T13:38:03.000000000Z,160,1,29307,C,A,1.2492,1,4,3969,0,0,3969,6BH5
2025-01-02T13:38:10.000000000Z,2025-01-02T13:38:10.000000000Z,160,1,29307,F,A,1.2493,2,4,3970,0,0,3970,6BH5
2025-01-02T13:38:17.000000000Z,2025-01-02T13:38:17.000000000Z,160,1,29307,C,A,1.2495,1,4,3971,0,0,3971,6BH5
2025-01-02T13:38:24.000000000Z,2025-01-02T13:38:24.000000000Z,160,1,29307,R,N,,0,4,3972,0,0,3972,6BH5
2025-01-02T13:38:31.000000000Z,2025-01-02T13:38:31.000000000Z,160,1,29307,F,B,1.2497,1,4,3973,0,0,3973,6BH5
2025-01-02T13:38:38.000000000Z,2025-01-02T13:38:38.000000000Z,160,1,29307,C,B,1.2497,1,4,3974,0,0,3974,6BH5
2025-01-02T13:38:45.000000000Z,2025-01-02T13:38:45.000000000Z,160,1,29307,C,A,1.2496,1,4,3975,0,0,3975,6BH5
2025-01-02T13:38:52.000000000Z,2025-01-02T13:38:52.000000000Z,160,1,29307,F,B,1.2496,1,4,3976,0,0,3976,6BH5
2025-01-02T13:38:59.000000000Z,2025-01-02T13:38:59.000000000Z,160,1,29307,T,A,1.2496,1,4,3977,0,0,3977,6BH5
2025-01-02T13:39:06.000000000Z,2025-01-02T13:39:06.000000000Z,160,1,29307,A,B,1.2497,1,4,3978,0,0,3978,6BH5
2025-01-02T13:39:13.000000000Z,2025-01-02T13:39:13.000000000Z,160,1,29307,A,A,1.2498,10,4,3979,0,0,3979,6BH5
2025-01-02T13:39:20.000000000Z,2025-01-02T13:39:20.000000000Z,160,1,29307,F,B,1.2497,1,4,3980,0,0,3980,6BH5
2025-01-02T13:39:27.000000000Z,2025-01-02T13:39:27.000000000Z,160,1,29307,T,B,1.2496,1,4,3981,0,0,3981,6BH5
2025-01-02T13:39:34.000000000Z,2025-01-02T13:39:34.000000000Z,160,1,29307,C,B,1.2495,1,4,3982,0,0,3982,6BH5
2025-01-02T13:39:41.000000000Z,2025-01-02T13:39:41.000000000Z,160,1,29307,A,B,1.2496,1,4,3983,0,0,3983,6BH5
2025-01-02T13:39:48.000000000Z,2025-01-02T13:39:48.000000000Z,160,1,29307,T,B,1.2497,2,4,3984,0,0,3984,6BH5
2025-01-02T13:39:55.000000000Z,2025-01-02T13:39:55.000000000Z,160,1,29307,R,N,,0,4,3985,0,0,3985,6BH5
2025-01-02T13:40:02.000000000Z,2025-01-02T13:40:02.000000000Z,160,1,29307,R,N,,0,4,3986,0,0,3986,6BH5
2025-01-02T13:40:09.000000000Z,2025-01-02T13:40:09.000000000Z,160,1,29307,C,A,1.2496,2,4,3987,0,0,3987,6BH5
2025-01-02T13:40:16.000000000Z,2025-01-02T13:40:16.000000000Z,160,1,29307,F,B,1.2497,1,4,3988,0,0,3988,6BH5
2025-01-02T13:40:23.000000000Z,2025-01-02T13:40:23.000000000Z,160,1,29307,T,A,1.2498,10,4,3989,0,0,3989,6BH5
2025-01-02T13:40:30.000000000Z,2025-01-02T13:40:30.000000000Z,160,1,29307,R,N,,0,4,3990,0,0,3990,6BH5
2025-01-02T13:40:37.000000000Z,2025-01-02T13:40:37.000000000Z,160,1,29307,A,B,1.2499,1,4,3991,0,0,3991,6BH5
2025-01-02T13:40:44.000000000Z,2025-01-02T13:40:44.000000000Z,160,1,29307,F,B,1.2498,1,4,3992,0,0,3992,6BH5
2025-01-02T13:40:51.000000000Z,2025-01-02T13:40:51.000000000Z,160,1,29307,F,A,1.2499,1,4,3993,0,0,3993,6BH5
2025-01-02T13:40:58.000000000Z,2025-01-02T13:40:58.000000000Z,160,1,29307,F,B,1.25,1,4,3994,0,0,3994,6BH5
2025-01-02T13:41:05.000000000Z,2025-01-02T13:41:05.000000000Z,160,1,29307,A,A,1.2501,1,4,3995,0,0,3995,6BH5
2025-01-02T13:41:12.000000000Z,2025-01-02T13:41:12.000000000Z,160,1,29307,T,A,1.2501,1,4,3996,0,0,3996,6BH5
2025-01-02T13:41:19.000000000Z,2025-01-02T13:41:19.000000000Z,160,1,29307,R,N,,0,4,3997,0,0,3997,6BH5
2025-01-02T13:41:26.000000000Z,2025-01-02T13:41:26.000000000Z,160,1,29307,T,B,1.2502,1,4,3998,0,0,3998,6BH5
2025-01-02T13:41:33.000000000Z,2025-01-02T13:41:33.000000000Z,160,1,29307,R,N,,0,4,3999,0,0,3999,6BH5
2025-01-02T13:41:40.000000000Z,2025-01-02T13:41:40.000000000Z,160,1,29307,A,A,1.2503,1,4,4000,0,0,4000,6BH5
2025-01-02T13:41:47.000000000Z,2025-01-02T13:41:47.000000000Z,160,1,29307,F,A,1.2504,2,4,4001,0,0,4001,6BH5
2025-01-02T13:41:54.000000000Z,2025-01-02T13:41:54.000000000Z,160,1,29307,C,A,1.2502,1,4,4002,0,0,4002,6BH5
2025-01-02T13:42:01.000000000Z,2025-01-02T13:42:01.000000000Z,160,1,29307,A,A,1.2504,1,4,4003,0,0,4003,6BH5
2025-01-02T13:42:08.000000000Z,2025-01-02T13:42:08.000000000Z,160,1,29307,T,A,1.2505,2,4,4004,0,0,4004,6BH5
2025-01-02T13:42:15.000000000Z,2025-01-02T13:42:15.000000000Z,160,1,29307,T,B,1.2504,2,4,4005,0,0,4005,6BH5
2025-01-02T13:42:22.000000000Z,2025-01-02T13:42:22.000000000Z,160,1,29307,C,A,1.2504,3,4,4006,0,0,4006,6BH5
2025-01-02T13:42:29.000000000Z,2025-01-02T13:42:29.000000000Z,160,1,29307,T,A,1.2502,2,4,4007,0,0,4007,6BH5
2025-01-02T13:42:36.000000000Z,2025-01-02T13:42:36.000000000Z,160,1,29307,R,N,,0,4,4008,0,0,4008,6BH5
2025-01-02T13:42:43.000000000Z,2025-01-02T13:42:43.000000000Z,160,1,29307,T,A,1.2499,1,4,4009,0,0,4009,6BH5
2025-01-02T13:42:50.000000000Z,2025-01-02T13:42:50.000000000Z,160,1,29307,C,B,1.25,1,4,4010,0,0,4010,6BH5
2025-01-02T13:42:57.000000000Z,2025-01-02T13:42:57.000000000Z,160,1,29307,T,B,1.2502,1,4,4011,0,0,4011,6BH5
2025-01-02T13:43:04.000000000Z,2025-01-02T13:43:04.000000000Z,160,1,29307,F,A,1.2502,1,4,4012,0,0,4012,6BH5
2025-01-02T13:43:11.000000000Z,2025-01-02T13:43:11.000000000Z,160,1,29307,C,A,1.2502,1,4,4013,0,0,4013,6BH5
2025-01-02T13:43:18.000000000Z,2025-01-02T13:43:18.000000000Z,160,1,29307,F,A,1.2502,3,4,4014,0,0,4014,6BH5
2025-01-02T13:43:25.000000000Z,2025-01-02T13:43:25.000000000Z,160,1,29307,C,B,1.2501,1,4,4015,0,0,4015,6BH5
2025-01-02T13:43:32.000000000Z,2025-01-02T13:43:32.000000000Z,160,1,29307,C,B,1.2499,1,4,4016,0,0,4016,6BH5
2025-01-02T13:43:39.000000000Z,2025-01-02T13:43:39.000000000Z,160,1,29307,A,B,1.25,1,4,4017,0,0,4017,6BH5
2025-01-02T13:43:46.000000000Z,2025-01-02T13:43:46.000000000Z,160,1,29307,F,B,1.2502,2,4,4018,0,0,4018,6BH5
2025-01-02T13:43:53.000000000Z,2025-01-02T13:43:53.000000000Z,160,1,29307,T,B,1.2502,1,4,4019,0,0,4019,6BH5
2025-01-02T13:44:00.000000000Z,2025-01-02T13:44:00.000000000Z,160,1,29307,T,B,1.2503,1,4,4020,0,0,4020,6BH5
2025-01-02T13:44:07.000000000Z,2025-01-02T13:44:07.000000000Z,160,1,29307,C,A,1.2505,1,4,4021,0,0,4021,6BH5
2025-01-02T13:44:14.000000000Z,2025-01-02T13:44:14.000000000Z,160,1,29307,A,B,1.2503,1,4,4022,0,0,4022,6BH5
2025-01-02T13:44:21.000000000Z,2025-01-02T13:44:21.000000000Z,160,1,29307,R,N,,0,4,4023,0,0,4023,6BH5
2025-01-02T13:44:28.000000000Z,2025-01-02T13:44:28.000000000Z,160,1,29307,T,A,1.2505,3,4,4024,0,0,4024,6BH5
2025-01-02T13:44:35.000000000Z,2025-01-02T13:44:35.000000000Z,160,1,29307,R,N,,0,4,4025,0,0,4025,6BH5
2025-01-02T13:44:42.000000000Z,2025-01-02T13:44:42.000000000Z,160,1,29307,T,A,1.2504,5,4,4026,0,0,4026,6BH5
2025-01-02T13:44:49.000000000Z,2025-01-02T13:44:49.000000000Z,160,1,29307,C,B,1.2505,1,4,4027,0,0,4027,6BH5
2025-01-02T13:44:56.000000000Z,2025-01-02T13:44:56.000000000Z,160,1,29307,F,A,1.2506,3,4,4028,0,0,4028,6BH5
2025-01-02T13:45:03.000000000Z,2025-01-02T13:45:03.000000000Z,160,1,29307,T,A,1.2504,10,4,4029,0,0,4029,6BH5
2025-01-02T13:45:10.000000000Z,2025-01-02T13:45:10.000000000Z,160,1,29307,R,N,,0,4,4030,0,0,4030,6BH5
2025-01-02T13:45:17.000000000Z,2025-01-02T13:45:17.000000000Z,160,1,29307,T,A,1.2502,1,4,4031,0,0,4031,6BH5
2025-01-02T13:45:24.000000000Z,2025-01-02T13:45:24.000000000Z,160,1,29307,T,A,1.2504,2,4,4032,0,0,4032,6BH5
2025-01-02T13:45:31.000000000Z,2025-01-02T13:45:31.000000000Z,160,1,29307,C,B,1.2504,1,4,4033,0,0,4033,6BH5
2025-01-02T13:45:38.000000000Z,2025-01-02T13:45:38.000000000Z,160,1,29307,T,B,1.2505,2,4,4034,0,0,4034,6BH5
2025-01-02T13:45:45.000000000Z,2025-01-02T13:45:45.000000000Z,160,1,29307,A,A,1.2504,1,4,4035,0,0,4035,6BH5
2025-01-02T13:45:52.000000000Z,2025-01-02T13:45:52.000000000Z,160,1,29307,A,A,1.2502,1,4,4036,0,0,4036,6BH5
2025-01-02T13:45:59.000000000Z,2025-01-02T13:45:59.000000000Z,160,1,29307,A,A,1.25,10,4,4037,0,0,4037,6BH5
2025-01-02T13:46:06.000000000Z,2025-01-02T13:46:06.000000000Z,160,1,29307,A,B,1.2499,1,4,4038,0,0,4038,6BH5
2025-01-02T13:46:13.000000000Z,2025-01-02T13:46:13.000000000Z,160,1,29307,C,A,1.2498,1,4,4039,0,0,4039,6BH5
2025-01-02T13:46:20.000000000Z,2025-01-02T13:46:20.000000000Z,160,1,29307,T,A,1.2498,5,4,4040,0,0,4040,6BH5
2025-01-02T13:46:27.000000000Z,2025-01-02T13:46:27.000000000Z,160,1,29307,F,A,1.2496,10,4,4041,0,0,4041,6BH5
2025-01-02T13:46:34.000000000Z,2025-01-02T13:46:34.000000000Z,160,1,29307,A,A,1.2496,1,4,4042,0,0,4042,6BH5
2025-01-02T13:46:41.000000000Z,2025-01-02T13:46:41.000000000Z,160,1,29307,F,B,1.2495,2,4,4043,0,0,4043,6BH5
2025-01-02T13:46:48.000000000Z,2025-01-02T13:46:48.000000000Z,160,1,29307,A,A,1.2495,1,4,4044,0,0,4044,6BH5
2025-01-02T13:46:55.000000000Z,2025-01-02T13:46:55.000000000Z,160,1,29307,C,A,1.2496,1,4,4045,0,0,4045,6BH5
2025-01-02T13:47:02.000000000Z,2025-01-02T13:47:02.000000000Z,160,1,29307,F,B,1.2497,1,4,4046,0,0,4046,6BH5
2025-01-02T13:47:09.000000000Z,2025-01-02T13:47:09.000000000Z,160,1,29307,T,A,1.2499,1,4,4047,0,0,4047,6BH5
2025-01-02T13:47:16.000000000Z,2025-01-02T13:47:16.000000000Z,160,1,29307,F,A,1.2497,1,4,4048,0,0,4048,6BH5
2025-01-02T13:47:23.000000000Z,2025-01-02T13:47:23.000000000Z,160,1,29307,F,B,1.2497,1,4,4049,0,0,4049,6BH5
2025-01-02T13:47:30.000000000Z,2025-01-02T13:47:30.000000000Z,160,1,29307,A,B,1.2497,3,4,4050,0,0,4050,6BH5
2025-01-02T13:47:37.000000000Z,2025-01-02T13:47:37.000000000Z,160,1,29307,T,B,1.2497,1,4,4051,0,0,4051,6BH5
2025-01-02T13:47:44.000000000Z,2025-01-02T13:47:44.000000000Z,160,1,29307,C,A,1.2498,2,4,4052,0,0,4052,6BH5
2025-01-02T13:47:51.000000000Z,2025-01-02T13:47:51.000000000Z,160,1,29307,F,A,1.2498,2,4,4053,0,0,4053,6BH5
2025-01-02T13:47:58.000000000Z,2025-01-02T13:47:58.000000000Z,160,1,29307,T,B,1.2498,1,4,4054,0,0,4054,6BH5
2025-01-02T13:48:05.000000000Z,2025-01-02T13:48:05.000000000Z,160,1,29307,C,B,1.2498,3,4,4055,0,0,4055,6BH5
2025-01-02T13:48:12.000000000Z,2025-01-02T13:48:12.000000000Z,160,1,29307,A,B,1.25,2,4,4056,0,0,4056,6BH5
2025-01-02T13:48:19.000000000Z,2025-01-02T13:48:19.000000000Z,160,1,29307,R,N,,0,4,4057,0,0,4057,6BH5
2025-01-02T13:48:26.000000000Z,2025-01-02T13:48:26.000000000Z,160,1,29307,C,A,1.2501,1,4,4058,0,0,4058,6BH5
2025-01-02T13:48:33.000000000Z,2025-01-02T13:48:33.000000000Z,160,1,29307,A,B,1.2499,2,4,4059,0,0,4059,6BH5
2025-01-02T13:48:40.000000000Z,2025-01-02T13:48:40.000000000Z,160,1,29307,F,A,1.25,2,4,4060,0,0,4060,6BH5
2025-01-02T13:48:47.000000000Z,2025-01-02T13:48:47.000000000Z,160,1,29307,A,B,1.2502,2,4,4061,0,0,4061,6BH5
2025-01-02T13:48:54.000000000Z,2025-01-02T13:48:54.000000000Z,160,1,29307,C,A,1.2501,1,4,4062,0,0,4062,6BH5
2025-01-02T13:49:01.000000000Z,2025-01-02T13:49:01.000000000Z,160,1,29307,A,A,1.25,1,4,4063,0,0,4063,6BH5
2025-01-02T13:49:08.000000000Z,2025-01-02T13:49:08.000000000Z,160,1,29307,C,A,1.2502,1,4,4064,0,0,4064,6BH5
2025-01-02T13:49:15.000000000Z,2025-01-02T13:49:15.000000000Z,160,1,29307,F,A,1.2503,1,4,4065,0,0,4065,6BH5
2025-01-02T13:49:22.000000000Z,2025-01-02T13:49:22.000000000Z,160,1,29307,T,B,1.2502,1,4,4066,0,0,4066,6BH5
2025-01-02T13:49:29.000000000Z,2025-01-02T13:49:29.000000000Z,160,1,29307,A,A,1.2502,1,4,4067,0,0,4067,6BH5
2025-01-02T13:49:36.000000000Z,2025-01-02T13:49:36.000000000Z,160,1,29307,F,A,1.2504,1,4,4068,0,0,4068,6BH5
2025-01-02T13:49:43.000000000Z,2025-01-02T13:49:43.000000000Z,160,1,29307,A,B,1.2505,2,4,4069,0,0,4069,6BH5
2025-01-02T13:49:50.000000000Z,2025-01-02T13:49:50.000000000Z,160,1,29307,C,A,1.2506,1,4,4070,0,0,4070,6BH5
2025-01-02T13:49:57.000000000Z,2025-01-02T13:49:57.000000000Z,160,1,29307,C,B,1.2507,1,4,4071,0,0,4071,6BH5
2025-01-02T13:50:04.000000000Z,2025-01-02T13:50:04.000000000Z,160,1,29307,A,B,1.2506,2,4,4072,0,0,4072,6BH5
2025-01-02T13:50:11.000000000Z,2025-01-02T13:50:11.000000000Z,160,1,29307,T,A,1.2507,5,4,4073,0,0,4073,6BH5
2025-01-02T13:50:18.000000000Z,2025-01-02T13:50:18.000000000Z,160,1,29307,T,A,1.2506,1,4,4074,0,0,4074,6BH5
2025-01-02T13:50:25.000000000Z,2025-01-02T13:50:25.000000000Z,160,1,29307,T,B,1.2508,1,4,4075,0,0,4075,6BH5
2025-01-02T13:50:32.000000000Z,2025-01-02T13:50:32.000000000Z,160,1,29307,C,B,1.2507,3,4,4076,0,0,4076,6BH5
2025-01-02T13:50:39.000000000Z,2025-01-02T13:50:39.000000000Z,160,1,29307,C,B,1.2509,1,4,4077,0,0,4077,6BH5
2025-01-02T13:50:46.000000000Z,2025-01-02T13:50:46.000000000Z,160,1,29307,C,A,1.2508,2,4,4078,0,0,4078,6BH5
2025-01-02T13:50:53.000000000Z,2025-01-02T13:50:53.000000000Z,160,1,29307,F,B,1.2508,1,4,4079,0,0,4079,6BH5
2025-01-02T13:51:00.000000000Z,2025-01-02T13:51:00.000000000Z,160,1,29307,A,B,1.2506,1,4,4080,0,0,4080,6BH5
2025-01-02T13:51:07.000000000Z,2025-01-02T13:51:07.000000000Z,160,1,29307,A,B,1.2507,1,4,4081,0,0,4081,6BH5
2025-01-02T13:51:14.000000000Z,2025-01-02T13:51:14.000000000Z,160,1,29307,C,A,1.2508,1,4,4082,0,0,4082,6BH5
2025-01-02T13:51:21.000000000Z,2025-01-02T13:51:21.000000000Z,160,1,29307,F,B,1.2509,1,4,4083,0,0,4083,6BH5
2025-01-02T13:51:28.000000000Z,2025-01-02T13:51:28.000000000Z,160,1,29307,A,A,1.2509,1,4,4084,0,0,4084,6BH5
2025-01-02T13:51:35.000000000Z,2025-01-02T13:51:35.000000000Z,160,1,29307,C,A,1.2507,10,4,4085,0,0,4085,6BH5
2025-01-02T13:51:42.000000000Z,2025-01-02T13:51:42.000000000Z,160,1,29307,T,B,1.2509,1,4,4086,0,0,4086,6BH5
2025-01-02T13:51:49.000000000Z,2025-01-02T13:51:49.000000000Z,160,1,29307,A,A,1.251,1,4,4087,0,0,4087,6BH5
2025-01-02T13:51:56.000000000Z,2025-01-02T13:51:56.000000000Z,160,1,29307,A,B,1.2511,2,4,4088,0,0,4088,6BH5
2025-01-02T13:52:03.000000000Z,2025-01-02T13:52:03.000000000Z,160,1,29307,C,A,1.2512,1,4,4089,0,0,4089,6BH5
2025-01-02T13:52:10.000000000Z,2025-01-02T13:52:10.000000000Z,160,1,29307,C,A,1.2513,2,4,4090,0,0,4090,6BH5
2025-01-02T13:52:17.000000000Z,2025-01-02T13:52:17.000000000Z,160,1,29307,A,B,1.2513,5,4,4091,0,0,4091,6BH5
2025-01-02T13:52:24.000000000Z,2025-01-02T13:52:24.000000000Z,160,1,29307,T,B,1.2514,1,4,4092,0,0,4092,6BH5
2025-01-02T13:52:31.000000000Z,2025-01-02T13:52:31.000000000Z,160,1,29307,T,B,1.2515,1,4,4093,0,0,4093,6BH5
2025-01-02T13:52:38.000000000Z,2025-01-02T13:52:38.000000000Z,160,1,29307,T,A,1.2517,3,4,4094,0,0,4094,6BH5
2025-01-02T13:52:45.000000000Z,2025-01-02T13:52:45.000000000Z,160,1,29307,T,A,1.2518,1,4,4095,0,0,4095,6BH5
2025-01-02T13:52:52.000000000Z,2025-01-02T13:52:52.000000000Z,160,1,29307,F,B,1.2516,1,4,4096,0,0,4096,6BH5
2025-01-02T13:52:59.000000000Z,2025-01-02T13:52:59.000000000Z,160,1,29307,C,B,1.2515,3,4,4097,0,0,4097,6BH5
2025-01-02T13:53:06.000000000Z,2025-01-02T13:53:06.000000000Z,160,1,29307,T,A,1.2513,2,4,4098,0,0,4098,6BH5
2025-01-02T13:53:13.000000000Z,2025-01-02T13:53:13.000000000Z,160,1,29307,C,A,1.2511,5,4,4099,0,0,4099,6BH5
2025-01-02T13:53:20.000000000Z,2025-01-02T13:53:20.000000000Z,160,1,29307,T,A,1.2512,1,4,4100,0,0,4100,6BH5
2025-01-02T13:53:27.000000000Z,2025-01-02T13:53:27.000000000Z,160,1,29307,F,B,1.2514,1,4,4101,0,0,4101,6BH5
2025-01-02T13:53:34.000000000Z,2025-01-02T13:53:34.000000000Z,160,1,29307,A,A,1.2512,1,4,4102,0,0,4102,6BH5
2025-01-02T13:53:41.000000000Z,2025-01-02T13:53:41.000000000Z,160,1,29307,R,N,,0,4,4103,0,0,4103,6BH5
2025-01-02T13:53:48.000000000Z,2025-01-02T13:53:48.000000000Z,160,1,29307,T,A,1.2514,1,4,4104,0,0,4104,6BH5
2025-01-02T13:53:55.000000000Z,2025-01-02T13:53:55.000000000Z,160,1,29307,A,A,1.2515,1,4,4105,0,0,4105,6BH5
2025-01-02T13:54:02.000000000Z,2025-01-02T13:54:02.000000000Z,160,1,29307,A,B,1.2515,1,4,4106,0,0,4106,6BH5
2025-01-02T13:54:09.000000000Z,2025-01-02T13:54:09.000000000Z,160,1,29307,F,B,1.2516,1,4,4107,0,0,4107,6BH5
2025-01-02T13:54:16.000000000Z,2025-01-02T13:54:16.000000000Z,160,1,29307,R,N,,0,4,4108,0,0,4108,6BH5
2025-01-02T13:54:23.000000000Z,2025-01-02T13:54:23.000000000Z,160,1,29307,T,A,1.2515,1,4,4109,0,0,4109,6BH5
2025-01-02T13:54:30.000000000Z,2025-01-02T13:54:30.000000000Z,160,1,29307,T,A,1.2513,3,4,4110,0,0,4110,6BH5
2025-01-02T13:54:37.000000000Z,2025-01-02T13:54:37.000000000Z,160,1,29307,T,A,1.2512,1,4,4111,0,0,4111,6BH5
2025-01-02T13:54:44.000000000Z,2025-01-02T13:54:44.000000000Z,160,1,29307,T,B,1.2511,2,4,4112,0,0,4112,6BH5
2025-01-02T13:54:51.000000000Z,2025-01-02T13:54:51.000000000Z,160,1,29307,A,A,1.2513,2,4,4113,0,0,4113,6BH5
2025-01-02T13:54:58.000000000Z,2025-01-02T13:54:58.000000000Z,160,1,29307,T,B,1.2514,1,4,4114,0,0,4114,6BH5
2025-01-02T13:55:05.000000000Z,2025-01-02T13:55:05.000000000Z,160,1,29307,A,B,1.2514,1,4,4115,0,0,4115,6BH5
2025-01-02T13:55:12.000000000Z,2025-01-02T13:55:12.000000000Z,160,1,29307,T,B,1.2514,1,4,4116,0,0,4116,6BH5
2025-01-02T13:55:19.000000000Z,2025-01-02T13:55:19.000000000Z,160,1,29307,C,A,1.2513,2,4,4117,0,0,4117,6BH5
2025-01-02T13:55:26.000000000Z,2025-01-02T13:55:26.000000000Z,160,1,29307,F,A,1.2514,1,4,4118,0,0,4118,6BH5
2025-01-02T13:55:33.000000000Z,2025-01-02T13:55:33.000000000Z,160,1,29307,R,N,,0,4,4119,0,0,4119,6BH5
2025-01-02T13:55:40.000000000Z,2025-01-02T13:55:40.000000000Z,160,1,29307,R,N,,0,4,4120,0,0,4120,6BH5
2025-01-02T13:55:47.000000000Z,2025-01-02T13:55:47.000000000Z,160,1,29307,A,B,1.2512,10,4,4121,0,0,4121,6BH5
2025-01-02T13:55:54.000000000Z,2025-01-02T13:55:54.000000000Z,160,1,29307,T,B,1.2513,1,4,4122,0,0,4122,6BH5
2025-01-02T13:56:01.000000000Z,2025-01-02T13:56:01.000000000Z,160,1,29307,A,A,1.2513,2,4,4123,0,0,4123,6BH5
2025-01-02T13:56:08.000000000Z,2025-01-02T13:56:08.000000000Z,160,1,29307,R,N,,0,4,4124,0,0,4124,6BH5
2025-01-02T13:56:15.000000000Z,2025-01-02T13:56:15.000000000Z,160,1,29307,A,B,1.2514,1,4,4125,0,0,4125,6BH5
2025-01-02T13:56:22.000000000Z,2025-01-02T13:56:22.000000000Z,160,1,29307,C,A,1.2514,1,4,4126,0,0,4126,6BH5
2025-01-02T13:56:29.000000000Z,2025-01-02T13:56:29.000000000Z,160,1,29307,T,B,1.2513,1,4,4127,0,0,4127,6BH5
2025-01-02T13:56:36.000000000Z,2025-01-02T13:56:36.000000000Z,160,1,29307,A,B,1.2512,1,4,4128,0,0,4128,6BH5
2025-01-02T13:56:43.000000000Z,2025-01-02T13:56:43.000000000Z,160,1,29307,C,B,1.2512,2,4,4129,0,0,4129,6BH5
2025-01-02T13:56:50.000000000Z,2025-01-02T13:56:50.000000000Z,160,1,29307,C,B,1.2514,1,4,4130,0,0,4130,6BH5
2025-01-02T13:56:57.000000000Z,2025-01-02T13:56:57.000000000Z,160,1,29307,F,B,1.2516,2,4,4131,0,0,4131,6BH5
2025-01-02T13:57:04.000000000Z,2025-01-02T13:57:04.000000000Z,160,1,29307,C,B,1.2518,2,4,4132,0,0,4132,6BH5
2025-01-02T13:57:11.000000000Z,2025-01-02T13:57:11.000000000Z,160,1,29307,T,B,1.2519,1,4,4133,0,0,4133,6BH5
2025-01-02T13:57:18.000000000Z,2025-01-02T13:57:18.000000000Z,160,1,29307,A,A,1.2519,1,4,4134,0,0,4134,6BH5
2025-01-02T13:57:25.000000000Z,2025-01-02T13:57:25.000000000Z,160,1,29307,A,A,1.252,1,4,4135,0,0,4135,6BH5
2025-01-02T13:57:32.000000000Z,2025-01-02T13:57:32.000000000Z,160,1,29307,T,B,1.2522,2,4,4136,0,0,4136,6BH5
2025-01-02T13:57:39.000000000Z,2025-01-02T13:57:39.000000000Z,160,1,29307,A,B,1.2521,1,4,4137,0,0,4137,6BH5
2025-01-02T13:57:46.000000000Z,2025-01-02T13:57:46.000000000Z,160,1,29307,A,A,1.2521,1,4,4138,0,0,4138,6BH5
2025-01-02T13:57:53.000000000Z,2025-01-02T13:57:53.000000000Z,160,1,29307,T,A,1.2522,1,4,4139,0,0,4139,6BH5
2025-01-02T13:58:00.000000000Z,2025-01-02T13:58:00.000000000Z,160,1,29307,T,A,1.2523,3,4,4140,0,0,4140,6BH5
2025-01-02T13:58:07.000000000Z,2025-01-02T13:58:07.000000000Z,160,1,29307,T,A,1.2522,3,4,4141,0,0,4141,6BH5
2025-01-02T13:58:14.000000000Z,2025-01-02T13:58:14.000000000Z,160,1,29307,A,A,1.2522,1,4,4142,0,0,4142,6BH5
2025-01-02T13:58:21.000000000Z,2025-01-02T13:58:21.000000000Z,160,1,29307,C,B,1.2523,1,4,4143,0,0,4143,6BH5
2025-01-02T13:58:28.000000000Z,2025-01-02T13:58:28.000000000Z,160,1,29307,T,A,1.2523,2,4,4144,0,0,4144,6BH5
2025-01-02T13:58:35.000000000Z,2025-01-02T13:58:35.000000000Z,160,1,29307,A,A,1.2524,1,4,4145,0,0,4145,6BH5
2025-01-02T13:58:42.000000000Z,2025-01-02T13:58:42.000000000Z,160,1,29307,A,A,1.2523,1,4,4146,0,0,4146,6BH5
2025-01-02T13:58:49.000000000Z,2025-01-02T13:58:49.000000000Z,160,1,29307,A,B,1.2525,1,4,4147,0,0,4147,6BH5
2025-01-02T13:58:56.000000000Z,2025-01-02T13:58:56.000000000Z,160,1,29307,T,B,1.2525,1,4,4148,0,0,4148,6BH5
2025-01-02T13:59:03.000000000Z,2025-01-02T13:59:03.000000000Z,160,1,29307,T,B,1.2525,1,4,4149,0,0,4149,6BH5
2025-01-02T13:59:10.000000000Z,2025-01-02T13:59:10.000000000Z,160,1,29307,F,B,1.2523,1,4,4150,0,0,4150,6BH5
2025-01-02T13:59:17.000000000Z,2025-01-02T13:59:17.000000000Z,160,1,29307,A,B,1.2522,1,4,4151,0,0,4151,6BH5
2025-01-02T13:59:24.000000000Z,2025-01-02T13:59:24.000000000Z,160,1,29307,F,B,1.2523,1,4,4152,0,0,4152,6BH5
2025-01-02T13:59:31.000000000Z,2025-01-02T13:59:31.000000000Z,160,1,29307,T,A,1.2523,1,4,4153,0,0,4153,6BH5
2025-01-02T13:59:38.000000000Z,2025-01-02T13:59:38.000000000Z,160,1,29307,F,B,1.2523,1,4,4154,0,0,4154,6BH5
2025-01-02T13:59:45.000000000Z,2025-01-02T13:59:45.000000000Z,160,1,29307,R,N,,0,4,4155,0,0,4155,6BH5
2025-01-02T13:59:52.000000000Z,2025-01-02T13:59:52.000000000Z,160,1,29307,A,A,1.2522,1,4,4156,0,0,4156,6BH5
2025-01-02T13:59:59.000000000Z,2025-01-02T13:59:59.000000000Z,160,1,29307,A,B,1.2523,5,4,4157,0,0,4157,6BH5
2025-01-02T14:00:06.000000000Z,2025-01-02T14:00:06.000000000Z,160,1,29307,F,A,1.2522,1,4,4158,0,0,4158,6BH5
2025-01-02T14:00:13.000000000Z,2025-01-02T14:00:13.000000000Z,160,1,29307,C,A,1.2523,2,4,4159,0,0,4159,6BH5
2025-01-02T14:00:20.000000000Z,2025-01-02T14:00:20.000000000Z,160,1,29307,A,B,1.2524,1,4,4160,0,0,4160,6BH5
2025-01-02T14:00:27.000000000Z,2025-01-02T14:00:27.000000000Z,160,1,29307,T,A,1.2525,1,4,4161,0,0,4161,6BH5
2025-01-02T14:00:34.000000000Z,2025-01-02T14:00:34.000000000Z,160,1,29307,F,A,1.2524,1,4,4162,0,0,4162,6BH5
2025-01-02T14:00:41.000000000Z,2025-01-02T14:00:41.000000000Z,160,1,29307,T,A,1.2525,1,4,4163,0,0,4163,6BH5
2025-01-02T14:00:48.000000000Z,2025-01-02T14:00:48.000000000Z,160,1,29307,T,A,1.2524,2,4,4164,0,0,4164,6BH5
2025-01-02T14:00:55.000000000Z,2025-01-02T14:00:55.000000000Z,160,1,29307,A,B,1.2523,1,4,4165,0,0,4165,6BH5
2025-01-02T14:01:02.000000000Z,2025-01-02T14:01:02.000000000Z,160,1,29307,A,A,1.2522,1,4,4166,0,0,4166,6BH5
2025-01-02T14:01:09.000000000Z,2025-01-02T14:01:09.000000000Z,160,1,29307,A,B,1.2522,2,4,4167,0,0,4167,6BH5
2025-01-02T14:01:16.000000000Z,2025-01-02T14:01:16.000000000Z,160,1,29307,T,A,1.252,1,4,4168,0,0,4168,6BH5
2025-01-02T14:01:23.000000000Z,2025-01-02T14:01:23.000000000Z,160,1,29307,F,A,1.2522,1,4,4169,0,0,4169,6BH5
2025-01-02T14:01:30.000000000Z,2025-01-02T14:01:30.000000000Z,160,1,29307,A,A,1.2521,1,4,4170,0,0,4170,6BH5
2025-01-02T14:01:37.000000000Z,2025-01-02T14:01:37.000000000Z,160,1,29307,C,B,1.252,1,4,4171,0,0,4171,6BH5
2025-01-02T14:01:44.000000000Z,2025-01-02T14:01:44.000000000Z,160,1,29307,T,B,1.252,1,4,4172,0,0,4172,6BH5
2025-01-02T14:01:51.000000000Z,2025-01-02T14:01:51.000000000Z,160,1,29307,A,B,1.2519,1,4,4173,0,0,4173,6BH5
2025-01-02T14:01:58.000000000Z,2025-01-02T14:01:58.000000000Z,160,1,29307,T,A,1.2519,1,4,4174,0,0,4174,6BH5
2025-01-02T14:02:05.000000000Z,2025-01-02T14:02:05.000000000Z,160,1,29307,C,A,1.2518,1,4,4175,0,0,4175,6BH5
2025-01-02T14:02:12.000000000Z,2025-01-02T14:02:12.000000000Z,160,1,29307,R,N,,0,4,4176,0,0,4176,6BH5
2025-01-02T14:02:19.000000000Z,2025-01-02T14:02:19.000000000Z,160,1,29307,R,N,,0,4,4177,0,0,4177,6BH5
2025-01-02T14:02:26.000000000Z,2025-01-02T14:02:26.000000000Z,160,1,29307,T,B,1.2515,10,4,4178,0,0,4178,6BH5
2025-01-02T14:02:33.000000000Z,2025-01-02T14:02:33.000000000Z,160,1,29307,R,N,,0,4,4179,0,0,4179,6BH5
2025-01-02T14:02:40.000000000Z,2025-01-02T14:02:40.000000000Z,160,1,29307,R,N,,0,4,4180,0,0,4180,6BH5
2025-01-02T14:02:47.000000000Z,2025-01-02T14:02:47.000000000Z,160,1,29307,T,A,1.2515,2,4,4181,0,0,4181,6BH5
2025-01-02T14:02:54.000000000Z,2025-01-02T14:02:54.000000000Z,160,1,29307,C,B,1.2516,1,4,4182,0,0,4182,6BH5
2025-01-02T14:03:01.000000000Z,2025-01-02T14:03:01.000000000Z,160,1,29307,A,B,1.2516,1,4,4183,0,0,4183,6BH5
2025-01-02T14:03:08.000000000Z,2025-01-02T14:03:08.000000000Z,160,1,29307,T,A,1.2516,1,4,4184,0,0,4184,6BH5
2025-01-02T14:03:15.000000000Z,2025-01-02T14:03:15.000000000Z,160,1,29307,A,A,1.2518,1,4,4185,0,0,4185,6BH5
2025-01-02T14:03:22.000000000Z,2025-01-02T14:03:22.000000000Z,160,1,29307,T,B,1.2516,2,4,4186,0,0,4186,6BH5
2025-01-02T14:03:29.000000000Z,2025-01-02T14:03:29.000000000Z,160,1,29307,A,A,1.2514,1,4,4187,0,0,4187,6BH5
2025-01-02T14:03:36.000000000Z,2025-01-02T14:03:36.000000000Z,160,1,29307,T,A,1.2513,1,4,4188,0,0,4188,6BH5
2025-01-02T14:03:43.000000000Z,2025-01-02T14:03:43.000000000Z,160,1,29307,C,B,1.2512,1,4,4189,0,0,4189,6BH5
2025-01-02T14:03:50.000000000Z,2025-01-02T14:03:50.000000000Z,160,1,29307,C,B,1.2511,1,4,4190,0,0,4190,6BH5
2025-01-02T14:03:57.000000000Z,2025-01-02T14:03:57.000000000Z,160,1,29307,A,B,1.2512,1,4,4191,0,0,4191,6BH5
2025-01-02T14:04:04.000000000Z,2025-01-02T14:04:04.000000000Z,160,1,29307,C,B,1.2512,1,4,4192,0,0,4192,6BH5
2025-01-02T14:04:11.000000000Z,2025-01-02T14:04:11.000000000Z,160,1,29307,T,A,1.2514,1,4,4193,0,0,4193,6BH5
2025-01-02T14:04:18.000000000Z,2025-01-02T14:04:18.000000000Z,160,1,29307,T,B,1.2513,1,4,4194,0,0,4194,6BH5
2025-01-02T14:04:25.000000000Z,2025-01-02T14:04:25.000000000Z,160,1,29307,C,B,1.2512,1,4,4195,0,0,4195,6BH5
2025-01-02T14:04:32.000000000Z,2025-01-02T14:04:32.000000000Z,160,1,29307,R,N,,0,4,4196,0,0,4196,6BH5
2025-01-02T14:04:39.000000000Z,2025-01-02T14:04:39.000000000Z,160,1,29307,A,A,1.2515,2,4,4197,0,0,4197,6BH5
2025-01-02T14:04:46.000000000Z,2025-01-02T14:04:46.000000000Z,160,1,29307,C,B,1.2515,1,4,4198,0,0,4198,6BH5
2025-01-02T14:04:53.000000000Z,2025-01-02T14:04:53.000000000Z,160,1,29307,T,A,1.2515,1,4,4199,0,0,4199,6BH5
2025-01-02T14:05:00.000000000Z,2025-01-02T14:05:00.000000000Z,160,1,29307,A,B,1.2516,10,4,4200,0,0,4200,6BH5
2025-01-02T14:05:07.000000000Z,2025-01-02T14:05:07.000000000Z,160,1,29307,T,B,1.2516,1,4,4201,0,0,4201,6BH5
2025-01-02T14:05:14.000000000Z,2025-01-02T14:05:14.000000000Z,160,1,29307,A,A,1.2515,1,4,4202,0,0,4202,6BH5
2025-01-02T14:05:21.000000000Z,2025-01-02T14:05:21.000000000Z,160,1,29307,A,B,1.2516,1,4,4203,0,0,4203,6BH5
2025-01-02T14:05:28.000000000Z,2025-01-02T14:05:28.000000000Z,160,1,29307,A,B,1.2516,2,4,4204,0,0,4204,6BH5
2025-01-02T14:05:35.000000000Z,2025-01-02T14:05:35.000000000Z,160,1,29307,A,A,1.2515,1,4,4205,0,0,4205,6BH5
2025-01-02T14:05:42.000000000Z,2025-01-02T14:05:42.000000000Z,160,1,29307,C,B,1.2515,1,4,4206,0,0,4206,6BH5
2025-01-02T14:05:49.000000000Z,2025-01-02T14:05:49.000000000Z,160,1,29307,A,B,1.2515,2,4,4207,0,0,4207,6BH5
2025-01-02T14:05:56.000000000Z,2025-01-02T14:05:56.000000000Z,160,1,29307,R,N,,0,4,4208,0,0,4208,6BH5
2025-01-02T14:06:03.000000000Z,2025-01-02T14:06:03.000000000Z,160,1,29307,A,B,1.2515,2,4,4209,0,0,4209,6BH5
2025-01-02T14:06:10.000000000Z,2025-01-02T14:06:10.000000000Z,160,1,29307,F,A,1.2517,1,4,4210,0,0,4210,6BH5
2025-01-02T14:06:17.000000000Z,2025-01-02T14:06:17.000000000Z,160,1,29307,A,B,1.2517,1,4,4211,0,0,4211,6BH5
2025-01-02T14:06:24.000000000Z,2025-01-02T14:06:24.000000000Z,160,1,29307,T,A,1.2517,2,4,4212,0,0,4212,6BH5
2025-01-02T14:06:31.000000000Z,2025-01-02T14:06:31.000000000Z,160,1,29307,T,B,1.2516,1,4,4213,0,0,4213,6BH5
2025-01-02T14:06:38.000000000Z,2025-01-02T14:06:38.000000000Z,160,1,29307,A,A,1.2517,2,4,4214,0,0,4214,6BH5
2025-01-02T14:06:45.000000000Z,2025-01-02T14:06:45.000000000Z,160,1,29307,F,B,1.2519,5,4,4215,0,0,4215,6BH5
2025-01-02T14:06:52.000000000Z,2025-01-02T14:06:52.000000000Z,160,1,29307,R,N,,0,4,4216,0,0,4216,6BH5
2025-01-02T14:06:59.000000000Z,2025-01-02T14:06:59.000000000Z,160,1,29307,F,B,1.2517,3,4,4217,0,0,4217,6BH5
2025-01-02T14:07:06.000000000Z,2025-01-02T14:07:06.000000000Z,160,1,29307,T,A,1.2517,1,4,4218,0,0,4218,6BH5
2025-01-02T14:07:13.000000000Z,2025-01-02T14:07:13.000000000Z,160,1,29307,F,A,1.2518,2,4,4219,0,0,4219,6BH5
2025-01-02T14:07:20.000000000Z,2025-01-02T14:07:20.000000000Z,160,1,29307,T,B,1.2516,1,4,4220,0,0,4220,6BH5
2025-01-02T14:07:27.000000000Z,2025-01-02T14:07:27.000000000Z,160,1,29307,A,A,1.2517,1,4,4221,0,0,4221,6BH5
2025-01-02T14:07:34.000000000Z,2025-01-02T14:07:34.000000000Z,160,1,29307,A,B,1.2517,1,4,4222,0,0,4222,6BH5
2025-01-02T14:07:41.000000000Z,2025-01-02T14:07:41.000000000Z,160,1,29307,A,B,1.2516,1,4,4223,0,0,4223,6BH5
2025-01-02T14:07:48.000000000Z,2025-01-02T14:07:48.000000000Z,160,1,29307,T,B,1.2516,1,4,4224,0,0,4224,6BH5
2025-01-02T14:07:55.000000000Z,2025-01-02T14:07:55.000000000Z,160,1,29307,A,B,1.2515,3,4,4225,0,0,4225,6BH5
2025-01-02T14:08:02.000000000Z,2025-01-02T14:08:02.000000000Z,160,1,29307,A,B,1.2516,2,4,4226,0,0,4226,6BH5
2025-01-02T14:08:09.000000000Z,2025-01-02T14:08:09.000000000Z,160,1,29307,C,A,1.2517,1,4,4227,0,0,4227,6BH5
2025-01-02T14:08:16.000000000Z,2025-01-02T14:08:16.000000000Z,160,1,29307,C,B,1.2517,1,4,4228,0,0,4228,6BH5
2025-01-02T14:08:23.000000000Z,2025-01-02T14:08:23.000000000Z,160,1,29307,F,B,1.2516,2,4,4229,0,0,4229,6BH5
2025-01-02T14:08:30.000000000Z,2025-01-02T14:08:30.000000000Z,160,1,29307,A,B,1.2515,1,4,4230,0,0,4230,6BH5
2025-01-02T14:08:37.000000000Z,2025-01-02T14:08:37.000000000Z,160,1,29307,A,B,1.2516,1,4,4231,0,0,4231,6BH5
2025-01-02T14:08:44.000000000Z,2025-01-02T14:08:44.000000000Z,160,1,29307,F,B,1.2516,1,4,4232,0,0,4232,6BH5
2025-01-02T14:08:51.000000000Z,2025-01-02T14:08:51.000000000Z,160,1,29307,F,B,1.2516,1,4,4233,0,0,4233,6BH5
2025-01-02T14:08:58.000000000Z,2025-01-02T14:08:58.000000000Z,160,1,29307,T,A,1.2516,1,4,4234,0,0,4234,6BH5
2025-01-02T14:09:05.000000000Z,2025-01-02T14:09:05.000000000Z,160,1,29307,T,A,1.2516,2,4,4235,0,0,4235,6BH5
2025-01-02T14:09:12.000000000Z,2025-01-02T14:09:12.000000000Z,160,1,29307,C,B,1.2515,1,4,4236,0,0,4236,6BH5
2025-01-02T14:09:19.000000000Z,2025-01-02T14:09:19.000000000Z,160,1,29307,F,A,1.2513,1,4,4237,0,0,4237,6BH5
2025-01-02T14:09:26.000000000Z,2025-01-02T14:09:26.000000000Z,160,1,29307,F,B,1.2511,3,4,4238,0,0,4238,6BH5
2025-01-02T14:09:33.000000000Z,2025-01-02T14:09:33.000000000Z,160,1,29307,A,B,1.2512,1,4,4239,0,0,4239,6BH5
2025-01-02T14:09:40.000000000Z,2025-01-02T14:09:40.000000000Z,160,1,29307,A,B,1.2511,1,4,4240,0,0,4240,6BH5
2025-01-02T14:09:47.000000000Z,2025-01-02T14:09:47.000000000Z,160,1,29307,F,B,1.2509,1,4,4241,0,0,4241,6BH5
2025-01-02T14:09:54.000000000Z,2025-01-02T14:09:54.000000000Z,160,1,29307,R,N,,0,4,4242,0,0,4242,6BH5
2025-01-02T14:10:01.000000000Z,2025-01-02T14:10:01.000000000Z,160,1,29307,C,A,1.2509,1,4,4243,0,0,4243,6BH5
2025-01-02T14:10:08.000000000Z,2025-01-02T14:10:08.000000000Z,160,1,29307,A,A,1.251,1,4,4244,0,0,4244,6BH5
2025-01-02T14:10:15.000000000Z,2025-01-02T14:10:15.000000000Z,160,1,29307,A,A,1.2509,1,4,4245,0,0,4245,6BH5
2025-01-02T14:10:22.000000000Z,2025-01-02T14:10:22.000000000Z,160,1,29307,T,A,1.2507,1,4,4246,0,0,4246,6BH5
2025-01-02T14:10:29.000000000Z,2025-01-02T14:10:29.000000000Z,160,1,29307,C,B,1.2507,1,4,4247,0,0,4247,6BH5
2025-01-02T14:10:36.000000000Z,2025-01-02T14:10:36.000000000Z,160,1,29307,A,A,1.2505,2,4,4248,0,0,4248,6BH5
2025-01-02T14:10:43.000000000Z,2025-01-02T14:10:43.000000000Z,160,1,29307,T,B,1.2506,1,4,4249,0,0,4249,6BH5
2025-01-02T14:10:50.000000000Z,2025-01-02T14:10:50.000000000Z,160,1,29307,T,A,1.2506,1,4,4250,0,0,4250,6BH5
2025-01-02T14:10:57.000000000Z,2025-01-02T14:10:57.000000000Z,160,1,29307,A,A,1.2504,3,4,4251,0,0,4251,6BH5
2025-01-02T14:11:04.000000000Z,2025-01-02T14:11:04.000000000Z,160,1,29307,T,A,1.2503,1,4,4252,0,0,4252,6BH5
2025-01-02T14:11:11.000000000Z,2025-01-02T14:11:11.000000000Z,160,1,29307,C,A,1.2503,1,4,4253,0,0,4253,6BH5
2025-01-02T14:11:18.000000000Z,2025-01-02T14:11:18.000000000Z,160,1,29307,A,B,1.2502,1,4,4254,0,0,4254,6BH5
2025-01-02T14:11:25.000000000Z,2025-01-02T14:11:25.000000000Z,160,1,29307,C,A,1.2501,2,4,4255,0,0,4255,6BH5
2025-01-02T14:11:32.000000000Z,2025-01-02T14:11:32.000000000Z,160,1,29307,T,A,1.2501,1,4,4256,0,0,4256,6BH5
2025-01-02T14:11:39.000000000Z,2025-01-02T14:11:39.000000000Z,160,1,29307,A,B,1.2502,1,4,4257,0,0,4257,6BH5
2025-01-02T14:11:46.000000000Z,2025-01-02T14:11:46.000000000Z,160,1,29307,T,B,1.2502,1,4,4258,0,0,4258,6BH5
2025-01-02T14:11:53.000000000Z,2025-01-02T14:11:53.000000000Z,160,1,29307,C,A,1.2503,1,4,4259,0,0,4259,6BH5
2025-01-02T14:12:00.000000000Z,2025-01-02T14:12:00.000000000Z,160,1,29307,R,N,,0,4,4260,0,0,4260,6BH5
2025-01-02T14:12:07.000000000Z,2025-01-02T14:12:07.000000000Z,160,1,29307,C,B,1.2504,1,4,4261,0,0,4261,6BH5
2025-01-02T14:12:14.000000000Z,2025-01-02T14:12:14.000000000Z,160,1,29307,T,B,1.2505,1,4,4262,0,0,4262,6BH5
2025-01-02T14:12:21.000000000Z,2025-01-02T14:12:21.000000000Z,160,1,29307,A,A,1.2506,5,4,4263,0,0,4263,6BH5
2025-01-02T14:12:28.000000000Z,2025-01-02T14:12:28.000000000Z,160,1,29307,A,B,1.2505,1,4,4264,0,0,4264,6BH5
2025-01-02T14:12:35.000000000Z,2025-01-02T14:12:35.000000000Z,160,1,29307,T,A,1.2507,1,4,4265,0,0,4265,6BH5
2025-01-02T14:12:42.000000000Z,2025-01-02T14:12:42.000000000Z,160,1,29307,A,A,1.2506,1,4,4266,0,0,4266,6BH5
2025-01-02T14:12:49.000000000Z,2025-01-02T14:12:49.000000000Z,160,1,29307,A,A,1.2505,2,4,4267,0,0,4267,6BH5
2025-01-02T14:12:56.000000000Z,2025-01-02T14:12:56.000000000Z,160,1,29307,T,A,1.2506,2,4,4268,0,0,4268,6BH5
2025-01-02T14:13:03.000000000Z,2025-01-02T14:13:03.000000000Z,160,1,29307,A,B,1.2506,3,4,4269,0,0,4269,6BH5
2025-01-02T14:13:10.000000000Z,2025-01-02T14:13:10.000000000Z,160,1,29307,A,A,1.2505,1,4,4270,0,0,4270,6BH5
2025-01-02T14:13:17.000000000Z,2025-01-02T14:13:17.000000000Z,160,1,29307,A,B,1.2504,1,4,4271,0,0,4271,6BH5
2025-01-02T14:13:24.000000000Z,2025-01-02T14:13:24.000000000Z,160,1,29307,F,A,1.2505,1,4,4272,0,0,4272,6BH5
2025-01-02T14:13:31.000000000Z,2025-01-02T14:13:31.000000000Z,160,1,29307,C,B,1.2506,2,4,4273,0,0,4273,6BH5
2025-01-02T14:13:38.000000000Z,2025-01-02T14:13:38.000000000Z,160,1,29307,A,A,1.2506,1,4,4274,0,0,4274,6BH5
2025-01-02T14:13:45.000000000Z,2025-01-02T14:13:45.000000000Z,160,1,29307,R,N,,0,4,4275,0,0,4275,6BH5
2025-01-02T14:13:52.000000000Z,2025-01-02T14:13:52.000000000Z,160,1,29307,C,A,1.2507,2,4,4276,0,0,4276,6BH5
2025-01-02T14:13:59.000000000Z,2025-01-02T14:13:59.000000000Z,160,1,29307,C,A,1.2506,1,4,4277,0,0,4277,6BH5
2025-01-02T14:14:06.000000000Z,2025-01-02T14:14:06.000000000Z,160,1,29307,A,B,1.2507,1,4,4278,0,0,4278,6BH5
2025-01-02T14:14:13.000000000Z,2025-01-02T14:14:13.000000000Z,160,1,29307,T,A,1.2508,2,4,4279,0,0,4279,6BH5
2025-01-02T14:14:20.000000000Z,2025-01-02T14:14:20.000000000Z,160,1,29307,C,A,1.2507,1,4,4280,0,0,4280,6BH5
2025-01-02T14:14:27.000000000Z,2025-01-02T14:14:27.000000000Z,160,1,29307,T,A,1.2505,1,4,4281,0,0,4281,6BH5
2025-01-02T14:14:34.000000000Z,2025-01-02T14:14:34.000000000Z,160,1,29307,A,B,1.2506,1,4,4282,0,0,4282,6BH5
2025-01-02T14:14:41.000000000Z,2025-01-02T14:14:41.000000000Z,160,1,29307,C,A,1.2508,1,4,4283,0,0,4283,6BH5
2025-01-02T14:14:48.000000000Z,2025-01-02T14:14:48.000000000Z,160,1,29307,T,A,1.2509,1,4,4284,0,0,4284,6BH5
2025-01-02T14:14:55.000000000Z,2025-01-02T14:14:55.000000000Z,160,1,29307,C,B,1.2508,1,4,4285,0,0,4285,6BH5
2025-01-02T14:15:02.000000000Z,2025-01-02T14:15:02.000000000Z,160,1,29307,F,B,1.251,1,4,4286,0,0,4286,6BH5
2025-01-02T14:15:09.000000000Z,2025-01-02T14:15:09.000000000Z,160,1,29307,F,B,1.2512,3,4,4287,0,0,4287,6BH5
2025-01-02T14:15:16.000000000Z,2025-01-02T14:15:16.000000000Z,160,1,29307,T,B,1.2512,1,4,4288,0,0,4288,6BH5
2025-01-02T14:15:23.000000000Z,2025-01-02T14:15:23.000000000Z,160,1,29307,T,B,1.2513,1,4,4289,0,0,4289,6BH5
2025-01-02T14:15:30.000000000Z,2025-01-02T14:15:30.000000000Z,160,1,29307,R,N,,0,4,4290,0,0,4290,6BH5
2025-01-02T14:15:37.000000000Z,2025-01-02T14:15:37.000000000Z,160,1,29307,T,A,1.2516,2,4,4291,0,0,4291,6BH5
2025-01-02T14:15:44.000000000Z,2025-01-02T14:15:44.000000000Z,160,1,29307,T,A,1.2517,1,4,4292,0,0,4292,6BH5
2025-01-02T14:15:51.000000000Z,2025-01-02T14:15:51.000000000Z,160,1,29307,A,B,1.2518,2,4,4293,0,0,4293,6BH5
2025-01-02T14:15:58.000000000Z,2025-01-02T14:15:58.000000000Z,160,1,29307,A,A,1.2519,2,4,4294,0,0,4294,6BH5
2025-01-02T14:16:05.000000000Z,2025-01-02T14:16:05.000000000Z,160,1,29307,C,B,1.2519,3,4,4295,0,0,4295,6BH5
2025-01-02T14:16:12.000000000Z,2025-01-02T14:16:12.000000000Z,160,1,29307,T,B,1.252,2,4,4296,0,0,4296,6BH5
2025-01-02T14:16:19.000000000Z,2025-01-02T14:16:19.000000000Z,160,1,29307,F,A,1.2521,1,4,4297,0,0,4297,6BH5
2025-01-02T14:16:26.000000000Z,2025-01-02T14:16:26.000000000Z,160,1,29307,T,B,1.2523,2,4,4298,0,0,4298,6BH5
2025-01-02T14:16:33.000000000Z,2025-01-02T14:16:33.000000000Z,160,1,29307,C,B,1.2523,3,4,4299,0,0,4299,6BH5
2025-01-02T14:16:40.000000000Z,2025-01-02T14:16:40.000000000Z,160,1,29307,A,A,1.2523,10,4,4300,0,0,4300,6BH5
2025-01-02T14:16:47.000000000Z,2025-01-02T14:16:47.000000000Z,160,1,29307,C,B,1.2523,1,4,4301,0,0,4301,6BH5
2025-01-02T14:16:54.000000000Z,2025-01-02T14:16:54.000000000Z,160,1,29307,R,N,,0,4,4302,0,0,4302,6BH5
2025-01-02T14:17:01.000000000Z,2025-01-02T14:17:01.000000000Z,160,1,29307,T,A,1.2525,1,4,4303,0,0,4303,6BH5
2025-01-02T14:17:08.000000000Z,2025-01-02T14:17:08.000000000Z,160,1,29307,C,B,1.2523,1,4,4304,0,0,4304,6BH5
2025-01-02T14:17:15.000000000Z,2025-01-02T14:17:15.000000000Z,160,1,29307,C,B,1.2523,2,4,4305,0,0,4305,6BH5
2025-01-02T14:17:22.000000000Z,2025-01-02T14:17:22.000000000Z,160,1,29307,A,A,1.2521,5,4,4306,0,0,4306,6BH5
2025-01-02T14:17:29.000000000Z,2025-01-02T14:17:29.000000000Z,160,1,29307,A,A,1.2519,1,4,4307,0,0,4307,6BH5
2025-01-02T14:17:36.000000000Z,2025-01-02T14:17:36.000000000Z,160,1,29307,A,A,1.252,2,4,4308,0,0,4308,6BH5
2025-01-02T14:17:43.000000000Z,2025-01-02T14:17:43.000000000Z,160,1,29307,C,A,1.2519,1,4,4309,0,0,4309,6BH5
2025-01-02T14:17:50.000000000Z,2025-01-02T14:17:50.000000000Z,160,1,29307,A,B,1.2518,1,4,4310,0,0,4310,6BH5
2025-01-02T14:17:57.000000000Z,2025-01-02T14:17:57.000000000Z,160,1,29307,F,B,1.2516,1,4,4311,0,0,4311,6BH5
2025-01-02T14:18:04.000000000Z,2025-01-02T14:18:04.000000000Z,160,1,29307,F,A,1.2515,1,4,4312,0,0,4312,6BH5
2025-01-02T14:18:11.000000000Z,2025-01-02T14:18:11.000000000Z,160,1,29307,C,B,1.2516,2,4,4313,0,0,4313,6BH5
2025-01-02T14:18:18.000000000Z,2025-01-02T14:18:18.000000000Z,160,1,29307,R,N,,0,4,4314,0,0,4314,6BH5
2025-01-02T14:18:25.000000000Z,2025-01-02T14:18:25.000000000Z,160,1,29307,F,A,1.2518,1,4,4315,0,0,4315,6BH5
2025-01-02T14:18:32.000000000Z,2025-01-02T14:18:32.000000000Z,160,1,29307,T,A,1.2517,1,4,4316,0,0,4316,6BH5
2025-01-02T14:18:39.000000000Z,2025-01-02T14:18:39.000000000Z,160,1,29307,A,B,1.2516,1,4,4317,0,0,4317,6BH5
2025-01-02T14:18:46.000000000Z,2025-01-02T14:18:46.000000000Z,160,1,29307,C,A,1.2515,3,4,4318,0,0,4318,6BH5
2025-01-02T14:18:53.000000000Z,2025-01-02T14:18:53.000000000Z,160,1,29307,C,A,1.2516,1,4,4319,0,0,4319,6BH5
2025-01-02T14:19:00.000000000Z,2025-01-02T14:19:00.000000000Z,160,1,29307,T,A,1.2516,1,4,4320,0,0,4320,6BH5
2025-01-02T14:19:07.000000000Z,2025-01-02T14:19:07.000000000Z,160,1,29307,F,B,1.2518,2,4,4321,0,0,4321,6BH5
2025-01-02T14:19:14.000000000Z,2025-01-02T14:19:14.000000000Z,160,1,29307,A,A,1.2519,1,4,4322,0,0,4322,6BH5
2025-01-02T14:19:21.000000000Z,2025-01-02T14:19:21.000000000Z,160,1,29307,A,B,1.2519,2,4,4323,0,0,4323,6BH5
2025-01-02T14:19:28.000000000Z,2025-01-02T14:19:28.000000000Z,160,1,29307,F,B,1.252,1,4,4324,0,0,4324,6BH5
2025-01-02T14:19:35.000000000Z,2025-01-02T14:19:35.000000000Z,160,1,29307,F,B,1.2522,1,4,4325,0,0,4325,6BH5
2025-01-02T14:19:42.000000000Z,2025-01-02T14:19:42.000000000Z,160,1,29307,T,A,1.2521,5,4,4326,0,0,4326,6BH5
2025-01-02T14:19:49.000000000Z,2025-01-02T14:19:49.000000000Z,160,1,29307,T,A,1.252,2,4,4327,0,0,4327,6BH5
2025-01-02T14:19:56.000000000Z,2025-01-02T14:19:56.000000000Z,160,1,29307,C,A,1.2521,1,4,4328,0,0,4328,6BH5
2025-01-02T14:20:03.000000000Z,2025-01-02T14:20:03.000000000Z,160,1,29307,F,A,1.2521,1,4,4329,0,0,4329,6BH5
2025-01-02T14:20:10.000000000Z,2025-01-02T14:20:10.000000000Z,160,1,29307,C,A,1.2523,3,4,4330,0,0,4330,6BH5
2025-01-02T14:20:17.000000000Z,2025-01-02T14:20:17.000000000Z,160,1,29307,T,B,1.2523,1,4,4331,0,0,4331,6BH5
2025-01-02T14:20:24.000000000Z,2025-01-02T14:20:24.000000000Z,160,1,29307,F,B,1.2521,1,4,4332,0,0,4332,6BH5
2025-01-02T14:20:31.000000000Z,2025-01-02T14:20:31.000000000Z,160,1,29307,A,B,1.2523,1,4,4333,0,0,4333,6BH5
2025-01-02T14:20:38.000000000Z,2025-01-02T14:20:38.000000000Z,160,1,29307,A,A,1.2524,1,4,4334,0,0,4334,6BH5
2025-01-02T14:20:45.000000000Z,2025-01-02T14:20:45.000000000Z,160,1,29307,C,B,1.2523,1,4,4335,0,0,4335,6BH5
2025-01-02T14:20:52.000000000Z,2025-01-02T14:20:52.000000000Z,160,1,29307,A,B,1.2525,2,4,4336,0,0,4336,6BH5
2025-01-02T14:20:59.000000000Z,2025-01-02T14:20:59.000000000Z,160,1,29307,T,A,1.2524,1,4,4337,0,0,4337,6BH5
2025-01-02T14:21:06.000000000Z,2025-01-02T14:21:06.000000000Z,160,1,29307,T,A,1.2523,2,4,4338,0,0,4338,6BH5
2025-01-02T14:21:13.000000000Z,2025-01-02T14:21:13.000000000Z,160,1,29307,T,B,1.2525,1,4,4339,0,0,4339,6BH5
2025-01-02T14:21:20.000000000Z,2025-01-02T14:21:20.000000000Z,160,1,29307,C,B,1.2525,1,4,4340,0,0,4340,6BH5
2025-01-02T14:21:27.000000000Z,2025-01-02T14:21:27.000000000Z,160,1,29307,A,A,1.2523,1,4,4341,0,0,4341,6BH5
2025-01-02T14:21:34.000000000Z,2025-01-02T14:21:34.000000000Z,160,1,29307,C,A,1.2522,1,4,4342,0,0,4342,6BH5
2025-01-02T14:21:41.000000000Z,2025-01-02T14:21:41.000000000Z,160,1,29307,A,A,1.2523,1,4,4343,0,0,4343,6BH5
2025-01-02T14:21:48.000000000Z,2025-01-02T14:21:48.000000000Z,160,1,29307,A,A,1.2522,1,4,4344,0,0,4344,6BH5
2025-01-02T14:21:55.000000000Z,2025-01-02T14:21:55.000000000Z,160,1,29307,R,N,,0,4,4345,0,0,4345,6BH5
2025-01-02T14:22:02.000000000Z,2025-01-02T14:22:02.000000000Z,160,1,29307,T,B,1.2523,1,4,4346,0,0,4346,6BH5
2025-01-02T14:22:09.000000000Z,2025-01-02T14:22:09.000000000Z,160,1,29307,F,A,1.2522,1,4,4347,0,0,4347,6BH5
2025-01-02T14:22:16.000000000Z,2025-01-02T14:22:16.000000000Z,160,1,29307,R,N,,0,4,4348,0,0,4348,6BH5
2025-01-02T14:22:23.000000000Z,2025-01-02T14:22:23.000000000Z,160,1,29307,F,B,1.2525,10,4,4349,0,0,4349,6BH5
2025-01-02T14:22:30.000000000Z,2025-01-02T14:22:30.000000000Z,160,1,29307,T,A,1.2525,1,4,4350,0,0,4350,6BH5
2025-01-02T14:22:37.000000000Z,2025-01-02T14:22:37.000000000Z,160,1,29307,A,B,1.2524,1,4,4351,0,0,4351,6BH5
2025-01-02T14:22:44.000000000Z,2025-01-02T14:22:44.000000000Z,160,1,29307,A,B,1.2523,2,4,4352,0,0,4352,6BH5
2025-01-02T14:22:51.000000000Z,2025-01-02T14:22:51.000000000Z,160,1,29307,A,B,1.2524,2,4,4353,0,0,4353,6BH5
2025-01-02T14:22:58.000000000Z,2025-01-02T14:22:58.000000000Z,160,1,29307,C,A,1.2526,1,4,4354,0,0,4354,6BH5
2025-01-02T14:23:05.000000000Z,2025-01-02T14:23:05.000000000Z,160,1,29307,A,A,1.2525,1,4,4355,0,0,4355,6BH5
2025-01-02T14:23:12.000000000Z,2025-01-02T14:23:12.000000000Z,160,1,29307,A,B,1.2524,2,4,4356,0,0,4356,6BH5
2025-01-02T14:23:19.000000000Z,2025-01-02T14:23:19.000000000Z,160,1,29307,A,A,1.2524,3,4,4357,0,0,4357,6BH5
2025-01-02T14:23:26.000000000Z,2025-01-02T14:23:26.000000000Z,160,1,29307,T,A,1.2524,2,4,4358,0,0,4358,6BH5
2025-01-02T14:23:33.000000000Z,2025-01-02T14:23:33.000000000Z,160,1,29307,F,A,1.2523,1,4,4359,0,0,4359,6BH5
2025-01-02T14:23:40.000000000Z,2025-01-02T14:23:40.000000000Z,160,1,29307,R,N,,0,4,4360,0,0,4360,6BH5
2025-01-02T14:23:47.000000000Z,2025-01-02T14:23:47.000000000Z,160,1,29307,A,B,1.2523,1,4,4361,0,0,4361,6BH5
2025-01-02T14:23:54.000000000Z,2025-01-02T14:23:54.000000000Z,160,1,29307,R,N,,0,4,4362,0,0,4362,6BH5
2025-01-02T14:24:01.000000000Z,2025-01-02T14:24:01.000000000Z,160,1,29307,R,N,,0,4,4363,0,0,4363,6BH5
2025-01-02T14:24:08.000000000Z,2025-01-02T14:24:08.000000000Z,160,1,29307,T,B,1.2524,1,4,4364,0,0,4364,6BH5
2025-01-02T14:24:15.000000000Z,2025-01-02T14:24:15.000000000Z,160,1,29307,A,B,1.2523,1,4,4365,0,0,4365,6BH5
2025-01-02T14:24:22.000000000Z,2025-01-02T14:24:22.000000000Z,160,1,29307,A,B,1.2524,1,4,4366,0,0,4366,6BH5
2025-01-02T14:24:29.000000000Z,2025-01-02T14:24:29.000000000Z,160,1,29307,A,B,1.2523,2,4,4367,0,0,4367,6BH5
2025-01-02T14:24:36.000000000Z,2025-01-02T14:24:36.000000000Z,160,1,29307,A,A,1.2521,2,4,4368,0,0,4368,6BH5
2025-01-02T14:24:43.000000000Z,2025-01-02T14:24:43.000000000Z,160,1,29307,F,B,1.2521,3,4,4369,0,0,4369,6BH5
2025-01-02T14:24:50.000000000Z,2025-01-02T14:24:50.000000000Z,160,1,29307,T,B,1.2522,2,4,4370,0,0,4370,6BH5
2025-01-02T14:24:57.000000000Z,2025-01-02T14:24:57.000000000Z,160,1,29307,T,B,1.252,1,4,4371,0,0,4371,6BH5
2025-01-02T14:25:04.000000000Z,2025-01-02T14:25:04.000000000Z,160,1,29307,C,A,1.2518,1,4,4372,0,0,4372,6BH5
2025-01-02T14:25:11.000000000Z,2025-01-02T14:25:11.000000000Z,160,1,29307,A,A,1.2519,1,4,4373,0,0,4373,6BH5
2025-01-02T14:25:18.000000000Z,2025-01-02T14:25:18.000000000Z,160,1,29307,C,A,1.252,1,4,4374,0,0,4374,6BH5
2025-01-02T14:25:25.000000000Z,2025-01-02T14:25:25.000000000Z,160,1,29307,C,B,1.2519,3,4,4375,0,0,4375,6BH5
2025-01-02T14:25:32.000000000Z,2025-01-02T14:25:32.000000000Z,160,1,29307,F,A,1.252,1,4,4376,0,0,4376,6BH5
2025-01-02T14:25:39.000000000Z,2025-01-02T14:25:39.000000000Z,160,1,29307,C,A,1.252,1,4,4377,0,0,4377,6BH5
2025-01-02T14:25:46.000000000Z,2025-01-02T14:25:46.000000000Z,160,1,29307,A,A,1.2521,1,4,4378,0,0,4378,6BH5
2025-01-02T14:25:53.000000000Z,2025-01-02T14:25:53.000000000Z,160,1,29307,A,A,1.2523,1,4,4379,0,0,4379,6BH5
2025-01-02T14:26:00.000000000Z,2025-01-02T14:26:00.000000000Z,160,1,29307,A,B,1.2521,1,4,4380,0,0,4380,6BH5
2025-01-02T14:26:07.000000000Z,2025-01-02T14:26:07.000000000Z,160,1,29307,T,A,1.2522,1,4,4381,0,0,4381,6BH5
2025-01-02T14:26:14.000000000Z,2025-01-02T14:26:14.000000000Z,160,1,29307,F,A,1.2522,1,4,4382,0,0,4382,6BH5
2025-01-02T14:26:21.000000000Z,2025-01-02T14:26:21.000000000Z,160,1,29307,F,B,1.2522,1,4,4383,0,0,4383,6BH5
2025-01-02T14:26:28.000000000Z,2025-01-02T14:26:28.000000000Z,160,1,29307,C,B,1.2523,3,4,4384,0,0,4384,6BH5
2025-01-02T14:26:35.000000000Z,2025-01-02T14:26:35.000000000Z,160,1,29307,C,A,1.2525,1,4,4385,0,0,4385,6BH5
2025-01-02T14:26:42.000000000Z,2025-01-02T14:26:42.000000000Z,160,1,29307,T,B,1.2523,1,4,4386,0,0,4386,6BH5
2025-01-02T14:26:49.000000000Z,2025-01-02T14:26:49.000000000Z,160,1,29307,R,N,,0,4,4387,0,0,4387,6BH5
2025-01-02T14:26:56.000000000Z,2025-01-02T14:26:56.000000000Z,160,1,29307,A,B,1.252,1,4,4388,0,0,4388,6BH5
2025-01-02T14:27:03.000000000Z,2025-01-02T14:27:03.000000000Z,160,1,29307,T,B,1.2522,1,4,4389,0,0,4389,6BH5
2025-01-02T14:27:10.000000000Z,2025-01-02T14:27:10.000000000Z,160,1,29307,A,A,1.2523,1,4,4390,0,0,4390,6BH5
2025-01-02T14:27:17.000000000Z,2025-01-02T14:27:17.000000000Z,160,1,29307,A,B,1.2524,2,4,4391,0,0,4391,6BH5
2025-01-02T14:27:24.000000000Z,2025-01-02T14:27:24.000000000Z,160,1,29307,C,A,1.2522,2,4,4392,0,0,4392,6BH5
2025-01-02T14:27:31.000000000Z,2025-01-02T14:27:31.000000000Z,160,1,29307,F,B,1.2524,1,4,4393,0,0,4393,6BH5
2025-01-02T14:27:38.000000000Z,2025-01-02T14:27:38.000000000Z,160,1,29307,C,A,1.2525,1,4,4394,0,0,4394,6BH5
2025-01-02T14:27:45.000000000Z,2025-01-02T14:27:45.000000000Z,160,1,29307,F,B,1.2526,1,4,4395,0,0,4395,6BH5
2025-01-02T14:27:52.000000000Z,2025-01-02T14:27:52.000000000Z,160,1,29307,C,B,1.2525,1,4,4396,0,0,4396,6BH5
2025-01-02T14:27:59.000000000Z,2025-01-02T14:27:59.000000000Z,160,1,29307,R,N,,0,4,4397,0,0,4397,6BH5
2025-01-02T14:28:06.000000000Z,2025-01-02T14:28:06.000000000Z,160,1,29307,F,B,1.2523,1,4,4398,0,0,4398,6BH5
2025-01-02T14:28:13.000000000Z,2025-01-02T14:28:13.000000000Z,160,1,29307,A,B,1.2524,1,4,4399,0,0,4399,6BH5
2025-01-02T14:28:20.000000000Z,2025-01-02T14:28:20.000000000Z,160,1,29307,A,A,1.2522,2,4,4400,0,0,4400,6BH5
2025-01-02T14:28:27.000000000Z,2025-01-02T14:28:27.000000000Z,160,1,29307,T,B,1.2523,2,4,4401,0,0,4401,6BH5
2025-01-02T14:28:34.000000000Z,2025-01-02T14:28:34.000000000Z,160,1,29307,A,A,1.2522,2,4,4402,0,0,4402,6BH5
2025-01-02T14:28:41.000000000Z,2025-01-02T14:28:41.000000000Z,160,1,29307,T,A,1.2523,1,4,4403,0,0,4403,6BH5
2025-01-02T14:28:48.000000000Z,2025-01-02T14:28:48.000000000Z,160,1,29307,F,A,1.2523,1,4,4404,0,0,4404,6BH5
2025-01-02T14:28:55.000000000Z,2025-01-02T14:28:55.000000000Z,160,1,29307,C,B,1.2521,1,4,4405,0,0,4405,6BH5
2025-01-02T14:29:02.000000000Z,2025-01-02T14:29:02.000000000Z,160,1,29307,T,A,1.2521,1,4,4406,0,0,4406,6BH5
2025-01-02T14:29:09.000000000Z,2025-01-02T14:29:09.000000000Z,160,1,29307,A,B,1.252,1,4,4407,0,0,4407,6BH5
2025-01-02T14:29:16.000000000Z,2025-01-02T14:29:16.000000000Z,160,1,29307,T,A,1.2519,1,4,4408,0,0,4408,6BH5
2025-01-02T14:29:23.000000000Z,2025-01-02T14:29:23.000000000Z,160,1,29307,A,A,1.252,1,4,4409,0,0,4409,6BH5
2025-01-02T14:29:30.000000000Z,2025-01-02T14:29:30.000000000Z,160,1,29307,T,A,1.2518,2,4,4410,0,0,4410,6BH5
2025-01-02T14:29:37.000000000Z,2025-01-02T14:29:37.000000000Z,160,1,29307,C,A,1.2517,2,4,4411,0,0,4411,6BH5
2025-01-02T14:29:44.000000000Z,2025-01-02T14:29:44.000000000Z,160,1,29307,A,A,1.2515,1,4,4412,0,0,4412,6BH5
2025-01-02T14:29:51.000000000Z,2025-01-02T14:29:51.000000000Z,160,1,29307,F,B,1.2513,1,4,4413,0,0,4413,6BH5
2025-01-02T14:29:58.000000000Z,2025-01-02T14:29:58.000000000Z,160,1,29307,A,A,1.2512,1,4,4414,0,0,4414,6BH5
2025-01-02T14:30:05.000000000Z,2025-01-02T14:30:05.000000000Z,160,1,29307,R,N,,0,4,4415,0,0,4415,6BH5
2025-01-02T14:30:12.000000000Z,2025-01-02T14:30:12.000000000Z,160,1,29307,C,B,1.251,1,4,4416,0,0,4416,6BH5
2025-01-02T14:30:19.000000000Z,2025-01-02T14:30:19.000000000Z,160,1,29307,A,B,1.2508,2,4,4417,0,0,4417,6BH5
2025-01-02T14:30:26.000000000Z,2025-01-02T14:30:26.000000000Z,160,1,29307,F,B,1.2509,1,4,4418,0,0,4418,6BH5
2025-01-02T14:30:33.000000000Z,2025-01-02T14:30:33.000000000Z,160,1,29307,C,A,1.2507,1,4,4419,0,0,4419,6BH5
2025-01-02T14:30:40.000000000Z,2025-01-02T14:30:40.000000000Z,160,1,29307,C,A,1.2505,1,4,4420,0,0,4420,6BH5
2025-01-02T14:30:47.000000000Z,2025-01-02T14:30:47.000000000Z,160,1,29307,C,A,1.2504,1,4,4421,0,0,4421,6BH5
2025-01-02T14:30:54.000000000Z,2025-01-02T14:30:54.000000000Z,160,1,29307,A,A,1.2506,1,4,4422,0,0,4422,6BH5
2025-01-02T14:31:01.000000000Z,2025-01-02T14:31:01.000000000Z,160,1,29307,T,A,1.2507,2,4,4423,0,0,4423,6BH5
2025-01-02T14:31:08.000000000Z,2025-01-02T14:31:08.000000000Z,160,1,29307,F,A,1.2508,1,4,4424,0,0,4424,6BH5
2025-01-02T14:31:15.000000000Z,2025-01-02T14:31:15.000000000Z,160,1,29307,A,B,1.2506,1,4,4425,0,0,4425,6BH5
2025-01-02T14:31:22.000000000Z,2025-01-02T14:31:22.000000000Z,160,1,29307,C,B,1.2507,3,4,4426,0,0,4426,6BH5
2025-01-02T14:31:29.000000000Z,2025-01-02T14:31:29.000000000Z,160,1,29307,T,A,1.2505,1,4,4427,0,0,4427,6BH5
2025-01-02T14:31:36.000000000Z,2025-01-02T14:31:36.000000000Z,160,1,29307,A,A,1.2504,1,4,4428,0,0,4428,6BH5
2025-01-02T14:31:43.000000000Z,2025-01-02T14:31:43.000000000Z,160,1,29307,C,A,1.2505,1,4,4429,0,0,4429,6BH5
2025-01-02T14:31:50.000000000Z,2025-01-02T14:31:50.000000000Z,160,1,29307,C,A,1.2504,2,4,4430,0,0,4430,6BH5
2025-01-02T14:31:57.000000000Z,2025-01-02T14:31:57.000000000Z,160,1,29307,C,A,1.2506,1,4,4431,0,0,4431,6BH5
2025-01-02T14:32:04.000000000Z,2025-01-02T14:32:04.000000000Z,160,1,29307,C,B,1.2504,1,4,4432,0,0,4432,6BH5
2025-01-02T14:32:11.000000000Z,2025-01-02T14:32:11.000000000Z,160,1,29307,A,B,1.2506,5,4,4433,0,0,4433,6BH5
2025-01-02T14:32:18.000000000Z,2025-01-02T14:32:18.000000000Z,160,1,29307,F,A,1.2507,2,4,4434,0,0,4434,6BH5
2025-01-02T14:32:25.000000000Z,2025-01-02T14:32:25.000000000Z,160,1,29307,C,B,1.2507,1,4,4435,0,0,4435,6BH5
2025-01-02T14:32:32.000000000Z,2025-01-02T14:32:32.000000000Z,160,1,29307,C,A,1.2505,2,4,4436,0,0,4436,6BH5
2025-01-02T14:32:39.000000000Z,2025-01-02T14:32:39.000000000Z,160,1,29307,A,A,1.2504,1,4,4437,0,0,4437,6BH5
2025-01-02T14:32:46.000000000Z,2025-01-02T14:32:46.000000000Z,160,1,29307,T,A,1.2506,1,4,4438,0,0,4438,6BH5
2025-01-02T14:32:53.000000000Z,2025-01-02T14:32:53.000000000Z,160,1,29307,F,B,1.2505,1,4,4439,0,0,4439,6BH5
2025-01-02T14:33:00.000000000Z,2025-01-02T14:33:00.000000000Z,160,1,29307,A,B,1.2506,1,4,4440,0,0,4440,6BH5
2025-01-02T14:33:07.000000000Z,2025-01-02T14:33:07.000000000Z,160,1,29307,A,A,1.2508,1,4,4441,0,0,4441,6BH5
2025-01-02T14:33:14.000000000Z,2025-01-02T14:33:14.000000000Z,160,1,29307,F,B,1.2507,2,4,4442,0,0,4442,6BH5
2025-01-02T14:33:21.000000000Z,2025-01-02T14:33:21.000000000Z,160,1,29307,A,B,1.2507,1,4,4443,0,0,4443,6BH5
2025-01-02T14:33:28.000000000Z,2025-01-02T14:33:28.000000000Z,160,1,29307,T,A,1.2508,1,4,4444,0,0,4444,6BH5
2025-01-02T14:33:35.000000000Z,2025-01-02T14:33:35.000000000Z,160,1,29307,A,B,1.2507,1,4,4445,0,0,4445,6BH5
2025-01-02T14:33:42.000000000Z,2025-01-02T14:33:42.000000000Z,160,1,29307,C,B,1.2505,3,4,4446,0,0,4446,6BH5
2025-01-02T14:33:49.000000000Z,2025-01-02T14:33:49.000000000Z,160,1,29307,A,A,1.2505,2,4,4447,0,0,4447,6BH5
2025-01-02T14:33:56.000000000Z,2025-01-02T14:33:56.000000000Z,160,1,29307,F,A,1.2504,1,4,4448,0,0,4448,6BH5
2025-01-02T14:34:03.000000000Z,2025-01-02T14:34:03.000000000Z,160,1,29307,A,B,1.2505,3,4,4449,0,0,4449,6BH5
2025-01-02T14:34:10.000000000Z,2025-01-02T14:34:10.000000000Z,160,1,29307,C,A,1.2503,1,4,4450,0,0,4450,6BH5
2025-01-02T14:34:17.000000000Z,2025-01-02T14:34:17.000000000Z,160,1,29307,C,B,1.2505,1,4,4451,0,0,4451,6BH5
2025-01-02T14:34:24.000000000Z,2025-01-02T14:34:24.000000000Z,160,1,29307,F,A,1.2503,2,4,4452,0,0,4452,6BH5
2025-01-02T14:34:31.000000000Z,2025-01-02T14:34:31.000000000Z,160,1,29307,F,A,1.2504,1,4,4453,0,0,4453,6BH5
2025-01-02T14:34:38.000000000Z,2025-01-02T14:34:38.000000000Z,160,1,29307,R,N,,0,4,4454,0,0,4454,6BH5
2025-01-02T14:34:45.000000000Z,2025-01-02T14:34:45.000000000Z,160,1,29307,A,A,1.2502,1,4,4455,0,0,4455,6BH5
2025-01-02T14:34:52.000000000Z,2025-01-02T14:34:52.000000000Z,160,1,29307,F,B,1.2501,1,4,4456,0,0,4456,6BH5
2025-01-02T14:34:59.000000000Z,2025-01-02T14:34:59.000000000Z,160,1,29307,T,A,1.2502,2,4,4457,0,0,4457,6BH5
2025-01-02T14:35:06.000000000Z,2025-01-02T14:35:06.000000000Z,160,1,29307,A,A,1.2504,2,4,4458,0,0,4458,6BH5
2025-01-02T14:35:13.000000000Z,2025-01-02T14:35:13.000000000Z,160,1,29307,C,A,1.2503,1,4,4459,0,0,4459,6BH5
2025-01-02T14:35:20.000000000Z,2025-01-02T14:35:20.000000000Z,160,1,29307,A,B,1.2503,1,4,4460,0,0,4460,6BH5
2025-01-02T14:35:27.000000000Z,2025-01-02T14:35:27.000000000Z,160,1,29307,T,B,1.2502,2,4,4461,0,0,4461,6BH5
2025-01-02T14:35:34.000000000Z,2025-01-02T14:35:34.000000000Z,160,1,29307,A,A,1.25,1,4,4462,0,0,4462,6BH5
2025-01-02T14:35:41.000000000Z,2025-01-02T14:35:41.000000000Z,160,1,29307,A,A,1.2501,3,4,4463,0,0,4463,6BH5
2025-01-02T14:35:48.000000000Z,2025-01-02T14:35:48.000000000Z,160,1,29307,A,A,1.2502,2,4,4464,0,0,4464,6BH5
2025-01-02T14:35:55.000000000Z,2025-01-02T14:35:55.000000000Z,160,1,29307,A,A,1.2501,1,4,4465,0,0,4465,6BH5
2025-01-02T14:36:02.000000000Z,2025-01-02T14:36:02.000000000Z,160,1,29307,R,N,,0,4,4466,0,0,4466,6BH5
2025-01-02T14:36:09.000000000Z,2025-01-02T14:36:09.000000000Z,160,1,29307,A,A,1.2501,1,4,4467,0,0,4467,6BH5
2025-01-02T14:36:16.000000000Z,2025-01-02T14:36:16.000000000Z,160,1,29307,C,B,1.2502,1,4,4468,0,0,4468,6BH5
2025-01-02T14:36:23.000000000Z,2025-01-02T14:36:23.000000000Z,160,1,29307,F,A,1.2502,2,4,4469,0,0,4469,6BH5
2025-01-02T14:36:30.000000000Z,2025-01-02T14:36:30.000000000Z,160,1,29307,A,A,1.2502,5,4,4470,0,0,4470,6BH5
2025-01-02T14:36:37.000000000Z,2025-01-02T14:36:37.000000000Z,160,1,29307,T,A,1.2502,1,4,4471,0,0,4471,6BH5
2025-01-02T14:36:44.000000000Z,2025-01-02T14:36:44.000000000Z,160,1,29307,R,N,,0,4,4472,0,0,4472,6BH5
2025-01-02T14:36:51.000000000Z,2025-01-02T14:36:51.000000000Z,160,1,29307,A,A,1.2502,1,4,4473,0,0,4473,6BH5
2025-01-02T14:36:58.000000000Z,2025-01-02T14:36:58.000000000Z,160,1,29307,R,N,,0,4,4474,0,0,4474,6BH5
2025-01-02T14:37:05.000000000Z,2025-01-02T14:37:05.000000000Z,160,1,29307,T,B,1.2502,1,4,4475,0,0,4475,6BH5
2025-01-02T14:37:12.000000000Z,2025-01-02T14:37:12.000000000Z,160,1,29307,T,B,1.2503,1,4,4476,0,0,4476,6BH5
2025-01-02T14:37:19.000000000Z,2025-01-02T14:37:19.000000000Z,160,1,29307,C,B,1.2502,1,4,4477,0,0,4477,6BH5
2025-01-02T14:37:26.000000000Z,2025-01-02T14:37:26.000000000Z,160,1,29307,R,N,,0,4,4478,0,0,4478,6BH5
2025-01-02T14:37:33.000000000Z,2025-01-02T14:37:33.000000000Z,160,1,29307,C,B,1.2501,1,4,4479,0,0,4479,6BH5
2025-01-02T14:37:40.000000000Z,2025-01-02T14:37:40.000000000Z,160,1,29307,A,B,1.25,2,4,4480,0,0,4480,6BH5
2025-01-02T14:37:47.000000000Z,2025-01-02T14:37:47.000000000Z,160,1,29307,C,A,1.2499,2,4,4481,0,0,4481,6BH5
2025-01-02T14:37:54.000000000Z,2025-01-02T14:37:54.000000000Z,160,1,29307,C,A,1.2499,1,4,4482,0,0,4482,6BH5
2025-01-02T14:38:01.000000000Z,2025-01-02T14:38:01.000000000Z,160,1,29307,F,A,1.25,1,4,4483,0,0,4483,6BH5
2025-01-02T14:38:08.000000000Z,2025-01-02T14:38:08.000000000Z,160,1,29307,C,A,1.2499,1,4,4484,0,0,4484,6BH5
2025-01-02T14:38:15.000000000Z,2025-01-02T14:38:15.000000000Z,160,1,29307,A,A,1.2497,1,4,4485,0,0,4485,6BH5
2025-01-02T14:38:22.000000000Z,2025-01-02T14:38:22.000000000Z,160,1,29307,A,A,1.2496,2,4,4486,0,0,4486,6BH5
2025-01-02T14:38:29.000000000Z,2025-01-02T14:38:29.000000000Z,160,1,29307,A,B,1.2497,1,4,4487,0,0,4487,6BH5
2025-01-02T14:38:36.000000000Z,2025-01-02T14:38:36.000000000Z,160,1,29307,F,A,1.2498,1,4,4488,0,0,4488,6BH5
2025-01-02T14:38:43.000000000Z,2025-01-02T14:38:43.000000000Z,160,1,29307,A,B,1.2497,1,4,4489,0,0,4489,6BH5
2025-01-02T14:38:50.000000000Z,2025-01-02T14:38:50.000000000Z,160,1,29307,F,B,1.2495,2,4,4490,0,0,4490,6BH5
2025-01-02T14:38:57.000000000Z,2025-01-02T14:38:57.000000000Z,160,1,29307,T,A,1.2496,1,4,4491,0,0,4491,6BH5
2025-01-02T14:39:04.000000000Z,2025-01-02T14:39:04.000000000Z,160,1,29307,C,A,1.2494,1,4,4492,0,0,4492,6BH5
2025-01-02T14:39:11.000000000Z,2025-01-02T14:39:11.000000000Z,160,1,29307,C,A,1.2492,1,4,4493,0,0,4493,6BH5
2025-01-02T14:39:18.000000000Z,2025-01-02T14:39:18.000000000Z,160,1,29307,A,A,1.249,2,4,4494,0,0,4494,6BH5
2025-01-02T14:39:25.000000000Z,2025-01-02T14:39:25.000000000Z,160,1,29307,A,A,1.249,1,4,4495,0,0,4495,6BH5
2025-01-02T14:39:32.000000000Z,2025-01-02T14:39:32.000000000Z,160,1,29307,T,A,1.249,1,4,4496,0,0,4496,6BH5
2025-01-02T14:39:39.000000000Z,2025-01-02T14:39:39.000000000Z,160,1,29307,C,A,1.2491,1,4,4497,0,0,4497,6BH5
2025-01-02T14:39:46.000000000Z,2025-01-02T14:39:46.000000000Z,160,1,29307,C,B,1.249,1,4,4498,0,0,4498,6BH5
2025-01-02T14:39:53.000000000Z,2025-01-02T14:39:53.000000000Z,160,1,29307,C,A,1.2491,1,4,4499,0,0,4499,6BH5
