ts_recv,ts_event,rtype,publisher_id,instrument_id,action,side,depth,price,size,flags,ts_in_delta,sequence,symbol,bid_px_00,ask_px_00,bid_sz_00,ask_sz_00,bid_ct_00,ask_ct_00,bid_px_01,ask_px_01,bid_sz_01,ask_sz_01,bid_ct_01,ask_ct_01,bid_px_02,ask_px_02,bid_sz_02,ask_sz_02,bid_ct_02,ask_ct_02,bid_px_03,ask_px_03,bid_sz_03,ask_sz_03,bid_ct_03,ask_ct_03,bid_px_04,ask_px_04,bid_sz_04,ask_sz_04,bid_ct_04,ask_ct_04,bid_px_05,ask_px_05,bid_sz_05,ask_sz_05,bid_ct_05,ask_ct_05,bid_px_06,ask_px_06,bid_sz_06,ask_sz_06,bid_ct_06,ask_ct_06,bid_px_07,ask_px_07,bid_sz_07,ask_sz_07,bid_ct_07,ask_ct_07,bid_px_08,ask_px_08,bid_sz_08,ask_sz_08,bid_ct_08,ask_ct_08,bid_px_09,ask_px_09,bid_sz_09,ask_sz_09,bid_ct_09,ask_ct_09
2024-12-30T08:00:00.000000000Z,2024-12-30T08:00:00.000000000Z,10,1,29307,A,N,0,1.2504,0,0,0,0,6BH5,1.2503,1.2505,46,46,7,3,1.2502,1.2506,41,11,3,4,1.2501,1.2507,64,280,2,6,1.25,1.2508,35,6,7,7,1.2499,1.2509,14,34,1,3,1.2498,1.251,5,36,1,5,1.2497,1.2511,18,49,5,7,1.2496,1.2512,6,36,2,6,1.2495,1.2513,22,42,3,3,1.2494,1.2514,28,38,7,7
2024-12-30T08:00:05.000000000Z,2024-12-30T08:00:05.000000000Z,10,1,29307,A,N,0,1.2503,0,0,0,1,6BH5,1.2502,1.2504,40,32,1,2,1.2501,1.2505,11,22,6,2,1.25,1.2506,38,45,5,7,1.2499,1.2507,9,29,7,7,1.2498,1.2508,15,24,7,4,1.2497,1.2509,42,29,2,1,1.2496,1.251,5,25,5,4,1.2495,1.2511,14,16,4,1,1.2494,1.2512,12,46,2,2,1.2493,1.2513,45,6,3,2
2024-12-30T08:00:10.000000000Z,2024-12-30T08:00:10.000000000Z,10,1,29307,A,N,0,1.2503,0,0,0,2,6BH5,1.2502,1.2504,27,16,6,3,1.2501,1.2505,23,16,2,2,1.25,1.2506,41,42,1,3,1.2499,1.2507,40,13,4,2,1.2498,1.2508,9,37,5,7,1.2497,1.2509,33,22,5,6,1.2496,1.251,36,46,7,7,1.2495,1.2511,15,30,4,3,1.2494,1.2512,49,31,3,6,1.2493,1.2513,20,43,4,5
2024-12-30T08:00:15.000000000Z,2024-12-30T08:00:15.000000000Z,10,1,29307,A,N,0,1.2502,0,0,0,3,6BH5,1.2501,1.2503,352,40,5,5,1.25,1.2504,44,36,2,3,1.2499,1.2505,40,46,7,3,1.2498,1.2506,40,29,4,5,1.2497,1.2507,49,21,7,1,1.2496,1.2508,35,10,3,4,1.2495,1.2509,8,44,4,1,1.2494,1.251,49,30,2,7,1.2493,1.2511,28,17,5,2,1.2492,1.2512,35,47,2,7
2024-12-30T08:00:20.000000000Z,2024-12-30T08:00:20.000000000Z,10,1,29307,A,N,0,1.2502,0,0,0,4,6BH5,1.2501,1.2503,28,37,6,3,1.25,1.2504,21,25,3,2,1.2499,1.2505,288,336,2,6,1.2498,1.2506,36,15,6,2,1.2497,1.2507,23,22,5,2,1.2496,1.2508,47,31,3,5,1.2495,1.2509,27,46,1,6,1.2494,1.251,36,48,7,2,1.2493,1.2511,13,15,2,5,1.2492,1.2512,30,12,5,5
2024-12-30T08:00:25.000000000Z,2024-12-30T08:00:25.000000000Z,10,1,29307,A,N,0,1.2501,0,0,0,5,6BH5,1.25,1.2502,5,42,2,5,1.2499,1.2503,10,27,4,4,1.2498,1.2504,13,16,6,3,1.2497,1.2505,16,10,4,1,1.2496,1.2506,7,38,2,7,1.2495,1.2507,46,47,5,1,1.2494,1.2508,31,45,4,2,1.2493,1.2509,25,5,4,3,1.2492,1.251,15,11,2,7,1.2491,1.2511,30,44,5,2
2024-12-30T08:00:30.000000000Z,2024-12-30T08:00:30.000000000Z,10,1,29307,A,N,0,1.25,0,0,0,6,6BH5,1.2499,1.2501,45,45,5,4,1.2498,1.2502,12,47,4,2,1.2497,1.2503,8,42,6,1,1.2496,1.2504,25,10,1,1,1.2495,1.2505,28,26,5,1,1.2494,1.2506,30,23,2,4,1.2493,1.2507,32,6,6,7,1.2492,1.2508,42,43,4,6,1.2491,1.2509,35,30,4,2,1.249,1.251,14,22,7,1
2024-12-30T08:00:35.000000000Z,2024-12-30T08:00:35.000000000Z,10,1,29307,A,N,0,1.2501,0,0,0,7,6BH5,1.25,1.2502,9,41,6,6,1.2499,1.2503,19,21,3,5,1.2498,1.2504,32,26,5,2,1.2497,1.2505,22,21,4,6,1.2496,1.2506,328,352,3,1,1.2495,1.2507,13,27,7,4,1.2494,1.2508,43,26,3,6,1.2493,1.2509,44,41,2,2,1.2492,1.251,36,29,3,5,1.2491,1.2511,42,6,2,5
2024-12-30T08:00:40.000000000Z,2024-12-30T08:00:40.000000000Z,10,1,29307,A,N,0,1.2501,0,0,0,8,6BH5,1.25,1.2502,28,18,5,6,1.2499,1.2503,48,39,5,7,1.2498,1.2504,6,44,5,6,1.2497,1.2505,38,15,4,3,1.2496,1.2506,304,328,4,4,1.2495,1.2507,21,8,2,1,1.2494,1.2508,47,13,2,7,1.2493,1.2509,24,43,7,1,1.2492,1.251,39,27,6,2,1.2491,1.2511,27,41,1,7
2024-12-30T08:00:45.000000000Z,2024-12-30T08:00:45.000000000Z,10,1,29307,A,N,0,1.25,0,0,0,9,6BH5,1.2499,1.2501,23,34,5,5,1.2498,1.2502,320,240,1,3,1.2497,1.2503,13,12,2,5,1.2496,1.2504,47,40,6,6,1.2495,1.2505,13,38,3,1,1.2494,1.2506,40,48,5,1,1.2493,1.2507,8,6,5,6,1.2492,1.2508,152,224,4,7,1.2491,1.2509,21,11,2,5,1.249,1.251,112,40,2,1
2024-12-30T08:00:50.000000000Z,2024-12-30T08:00:50.000000000Z,10,1,29307,A,N,0,1.25,0,0,0,10,6BH5,1.2499,1.2501,33,39,1,4,1.2498,1.2502,48,34,4,2,1.2497,1.2503,42,11,4,1,1.2496,1.2504,280,176,6,3,1.2495,1.2505,37,15,2,6,1.2494,1.2506,37,25,4,3,1.2493,1.2507,30,41,6,7,1.2492,1.2508,45,9,2,5,1.2491,1.2509,30,29,4,6,1.249,1.251,46,6,4,4
2024-12-30T08:00:55.000000000Z,2024-12-30T08:00:55.000000000Z,10,1,29307,A,N,0,1.2499,0,0,0,11,6BH5,1.2498,1.25,47,13,2,3,1.2497,1.2501,46,35,6,5,1.2496,1.2502,33,25,4,6,1.2495,1.2503,34,25,4,7,1.2494,1.2504,26,24,6,5,1.2493,1.2505,44,15,7,7,1.2492,1.2506,17,22,6,1,1.2491,1.2507,36,19,5,2,1.249,1.2508,15,17,1,2,1.2489,1.2509,5,43,3,4
2024-12-30T08:01:00.000000000Z,2024-12-30T08:01:00.000000000Z,10,1,29307,A,N,0,1.2498,0,0,0,12,6BH5,1.2497,1.2499,45,19,7,7,1.2496,1.25,22,26,7,4,1.2495,1.2501,7,37,3,5,1.2494,1.2502,48,13,5,7,1.2493,1.2503,49,32,5,5,1.2492,1.2504,46,26,7,4,1.2491,1.2505,41,43,4,2,1.249,1.2506,29,32,5,7,1.2489,1.2507,10,16,3,3,1.2488,1.2508,6,19,4,5
2024-12-30T08:01:05.000000000Z,2024-12-30T08:01:05.000000000Z,10,1,29307,A,N,0,1.2497,0,0,0,13,6BH5,1.2496,1.2498,14,21,2,4,1.2495,1.2499,34,7,3,4,1.2494,1.25,44,9,4,6,1.2493,1.2501,43,15,5,4,1.2492,1.2502,32,11,7,6,1.2491,1.2503,10,8,7,3,1.249,1.2504,10,30,4,3,1.2489,1.2505,33,24,2,2,1.2488,1.2506,18,40,3,4,1.2487,1.2507,27,25,7,2
2024-12-30T08:01:10.000000000Z,2024-12-30T08:01:10.000000000Z,10,1,29307,A,N,0,1.2498,0,0,0,14,6BH5,1.2497,1.2499,35,29,1,2,1.2496,1.25,7,25,1,6,1.2495,1.2501,20,22,7,3,1.2494,1.2502,49,8,4,7,1.2493,1.2503,5,48,2,7,1.2492,1.2504,40,22,7,7,1.2491,1.2505,43,42,7,7,1.249,1.2506,44,26,1,2,1.2489,1.2507,28,25,5,3,1.2488,1.2508,16,17,6,4
2024-12-30T08:01:15.000000000Z,2024-12-30T08:01:15.000000000Z,10,1,29307,A,N,0,1.2499,0,0,0,15,6BH5,1.2498,1.25,18,35,4,5,1.2497,1.2501,39,14,1,3,1.2496,1.2502,48,11,2,3,1.2495,1.2503,48,26,5,7,1.2494,1.2504,34,24,6,5,1.2493,1.2505,27,9,2,1,1.2492,1.2506,43,31,1,2,1.2491,1.2507,9,19,3,2,1.249,1.2508,13,15,6,4,1.2489,1.2509,39,17,3,4
2024-12-30T08:01:20.000000000Z,2024-12-30T08:01:20.000000000Z,10,1,29307,A,N,0,1.25,0,0,0,16,6BH5,1.2499,1.2501,19,42,1,6,1.2498,1.2502,47,44,6,3,1.2497,1.2503,36,42,1,6,1.2496,1.2504,45,43,1,2,1.2495,1.2505,41,45,7,1,1.2494,1.2506,26,43,2,5,1.2493,1.2507,5,38,3,6,1.2492,1.2508,13,10,7,1,1.2491,1.2509,40,25,3,1,1.249,1.251,39,40,3,5
2024-12-30T08:01:25.000000000Z,2024-12-30T08:01:25.000000000Z,10,1,29307,A,N,0,1.2501,0,0,0,17,6BH5,1.25,1.2502,25,37,7,7,1.2499,1.2503,36,26,3,3,1.2498,1.2504,29,21,7,5,1.2497,1.2505,14,43,6,1,1.2496,1.2506,48,40,3,6,1.2495,1.2507,20,49,4,1,1.2494,1.2508,15,29,7,5,1.2493,1.2509,7,16,3,6,1.2492,1.251,29,21,6,4,1.2491,1.2511,48,6,1,6
2024-12-30T08:01:30.000000000Z,2024-12-30T08:01:30.000000000Z,10,1,29307,A,N,0,1.2502,0,0,0,18,6BH5,1.2501,1.2503,39,40,6,1,1.25,1.2504,8,31,1,7,1.2499,1.2505,26,46,1,1,1.2498,1.2506,48,16,5,5,1.2497,1.2507,35,19,5,3,1.2496,1.2508,12,46,7,2,1.2495,1.2509,47,45,4,3,1.2494,1.251,56,176,2,3,1.2493,1.2511,47,28,2,3,1.2492,1.2512,14,27,7,6
2024-12-30T08:01:35.000000000Z,2024-12-30T08:01:35.000000000Z,10,1,29307,A,N,0,1.2503,0,0,0,19,6BH5,1.2502,1.2504,47,21,2,6,1.2501,1.2505,16,20,7,6,1.25,1.2506,20,38,6,7,1.2499,1.2507,47,11,2,4,1.2498,1.2508,15,47,4,3,1.2497,1.2509,21,38,2,4,1.2496,1.251,39,12,3,6,1.2495,1.2511,28,6,7,6,1.2494,1.2512,18,29,4,4,1.2493,1.2513,9,5,6,3
2024-12-30T08:01:40.000000000Z,2024-12-30T08:01:40.000000000Z,10,1,29307,A,N,0,1.2503,0,0,0,20,6BH5,1.2502,1.2504,34,16,2,2,1.2501,1.2505,33,19,3,4,1.25,1.2506,34,39,1,2,1.2499,1.2507,8,10,3,1,1.2498,1.2508,15,26,4,2,1.2497,1.2509,30,35,5,5,1.2496,1.251,29,38,4,6,1.2495,1.2511,24,33,4,5,1.2494,1.2512,21,9,4,5,1.2493,1.2513,46,19,7,2
2024-12-30T08:01:45.000000000Z,2024-12-30T08:01:45.000000000Z,10,1,29307,A,N,0,1.2503,0,0,0,21,6BH5,1.2502,1.2504,27,47,5,3,1.2501,1.2505,29,15,2,2,1.25,1.2506,13,49,6,6,1.2499,1.2507,47,14,7,7,1.2498,1.2508,44,41,2,7,1.2497,1.2509,45,36,6,6,1.2496,1.251,26,43,1,2,1.2495,1.2511,46,5,5,2,1.2494,1.2512,8,47,3,1,1.2493,1.2513,38,43,7,3
2024-12-30T08:01:50.000000000Z,2024-12-30T08:01:50.000000000Z,10,1,29307,A,N,0,1.2502,0,0,0,22,6BH5,1.2501,1.2503,46,40,1,3,1.25,1.2504,21,11,2,3,1.2499,1.2505,10,35,5,1,1.2498,1.2506,21,16,7,4,1.2497,1.2507,224,112,2,6,1.2496,1.2508,14,43,7,4,1.2495,1.2509,21,15,1,1,1.2494,1.251,13,49,4,4,1.2493,1.2511,7,12,2,6,1.2492,1.2512,10,33,5,4
2024-12-30T08:01:55.000000000Z,2024-12-30T08:01:55.000000000Z,10,1,29307,A,N,0,1.2502,0,0,0,23,6BH5,1.2501,1.2503,23,21,6,4,1.25,1.2504,18,20,5,4,1.2499,1.2505,38,12,4,5,1.2498,1.2506,32,20,2,4,1.2497,1.2507,30,19,4,6,1.2496,1.2508,42,8,1,1,1.2495,1.2509,32,41,7,4,1.2494,1.251,7,48,5,2,1.2493,1.2511,18,27,5,6,1.2492,1.2512,21,34,1,3
2024-12-30T08:02:00.000000000Z,2024-12-30T08:02:00.000000000Z,10,1,29307,A,N,0,1.2502,0,0,0,24,6BH5,1.2501,1.2503,28,29,2,1,1.25,1.2504,37,21,3,7,1.2499,1.2505,43,29,6,5,1.2498,1.2506,38,22,7,1,1.2497,1.2507,31,43,5,3,1.2496,1.2508,43,48,7,7,1.2495,1.2509,39,24,4,1,1.2494,1.251,20,37,7,7,1.2493,1.2511,43,47,4,5,1.2492,1.2512,7,9,4,2
2024-12-30T08:02:05.000000000Z,2024-12-30T08:02:05.000000000Z,10,1,29307,A,N,0,1.2503,0,0,0,25,6BH5,1.2502,1.2504,30,30,7,4,1.2501,1.2505,16,36,2,7,1.25,1.2506,24,24,3,7,1.2499,1.2507,27,42,5,4,1.2498,1.2508,12,15,7,5,1.2497,1.2509,29,26,5,5,1.2496,1.251,33,25,7,5,1.2495,1.2511,28,36,3,3,1.2494,1.2512,30,15,6,2,1.2493,1.2513,9,20,3,6
2024-12-30T08:02:10.000000000Z,2024-12-30T08:02:10.000000000Z,10,1,29307,A,N,0,1.2503,0,0,0,26,6BH5,1.2502,1.2504,15,46,7,7,1.2501,1.2505,21,14,2,4,1.25,1.2506,30,7,3,4,1.2499,1.2507,42,6,3,1,1.2498,1.2508,26,35,7,2,1.2497,1.2509,13,47,2,5,1.2496,1.251,41,11,6,4,1.2495,1.2511,27,48,2,1,1.2494,1.2512,19,36,6,1,1.2493,1.2513,11,40,5,2
2024-12-30T08:02:15.000000000Z,2024-12-30T08:02:15.000000000Z,10,1,29307,A,N,0,1.2503,0,0,0,27,6BH5,1.2502,1.2504,19,19,1,2,1.2501,1.2505,43,42,6,7,1.25,1.2506,34,8,7,7,1.2499,1.2507,49,14,7,2,1.2498,1.2508,28,32,6,4,1.2497,1.2509,23,25,3,6,1.2496,1.251,28,49,3,4,1.2495,1.2511,17,18,3,3,1.2494,1.2512,14,24,4,2,1.2493,1.2513,20,18,5,4
2024-12-30T08:02:20.000000000Z,2024-12-30T08:02:20.000000000Z,10,1,29307,A,N,0,1.2503,0,0,0,28,6BH5,1.2502,1.2504,42,11,5,2,1.2501,1.2505,49,11,1,3,1.25,1.2506,43,25,1,4,1.2499,1.2507,20,14,7,4,1.2498,1.2508,47,10,1,6,1.2497,1.2509,128,320,7,2,1.2496,1.251,45,14,4,3,1.2495,1.2511,7,37,7,4,1.2494,1.2512,14,19,6,4,1.2493,1.2513,40,31,6,6
2024-12-30T08:02:25.000000000Z,2024-12-30T08:02:25.000000000Z,10,1,29307,A,N,0,1.2502,0,0,0,29,6BH5,1.2501,1.2503,38,36,4,6,1.25,1.2504,12,40,5,5,1.2499,1.2505,44,11,4,6,1.2498,1.2506,47,17,7,1,1.2497,1.2507,22,31,6,3,1.2496,1.2508,45,9,7,6,1.2495,1.2509,8,36,3,5,1.2494,1.251,45,48,2,1,1.2493,1.2511,34,32,1,4,1.2492,1.2512,38,37,5,1
2024-12-30T08:02:30.000000000Z,2024-12-30T08:02:30.000000000Z,10,1,29307,A,N,0,1.2502,0,0,0,30,6BH5,1.2501,1.2503,43,48,1,6,1.25,1.2504,14,35,4,3,1.2499,1.2505,49,38,3,4,1.2498,1.2506,312,264,4,4,1.2497,1.2507,33,39,4,5,1.2496,1.2508,20,34,1,2,1.2495,1.2509,17,24,5,1,1.2494,1.251,256,328,5,1,1.2493,1.2511,23,32,3,1,1.2492,1.2512,27,44,2,1
2024-12-30T08:02:35.000000000Z,2024-12-30T08:02:35.000000000Z,10,1,29307,A,N,0,1.2502,0,0,0,31,6BH5,1.2501,1.2503,46,33,2,4,1.25,1.2504,49,35,4,3,1.2499,1.2505,43,34,3,3,1.2498,1.2506,304,144,2,4,1.2497,1.2507,224,376,2,3,1.2496,1.2508,24,46,6,7,1.2495,1.2509,35,39,3,5,1.2494,1.251,5,28,6,2,1.2493,1.2511,11,15,3,4,1.2492,1.2512,20,9,6,6
2024-12-30T08:02:40.000000000Z,2024-12-30T08:02:40.000000000Z,10,1,29307,A,N,0,1.2502,0,0,0,32,6BH5,1.2501,1.2503,41,37,4,6,1.25,1.2504,25,41,6,3,1.2499,1.2505,42,44,4,6,1.2498,1.2506,32,20,3,5,1.2497,1.2507,25,42,6,6,1.2496,1.2508,23,35,4,7,1.2495,1.2509,44,43,3,5,1.2494,1.251,19,16,7,6,1.2493,1.2511,30,41,4,2,1.2492,1.2512,34,34,1,2
2024-12-30T08:02:45.000000000Z,2024-12-30T08:02:45.000000000Z,10,1,29307,A,N,0,1.2502,0,0,0,33,6BH5,1.2501,1.2503,42,36,3,3,1.25,1.2504,11,31,2,1,1.2499,1.2505,11,10,6,5,1.2498,1.2506,6,23,3,5,1.2497,1.2507,42,6,3,2,1.2496,1.2508,27,19,6,4,1.2495,1.2509,12,28,5,1,1.2494,1.251,11,9,2,7,1.2493,1.2511,10,18,2,4,1.2492,1.2512,35,17,4,2
2024-12-30T08:02:50.000000000Z,2024-12-30T08:02:50.000000000Z,10,1,29307,A,N,0,1.2501,0,0,0,34,6BH5,1.25,1.2502,32,16,3,6,1.2499,1.2503,41,25,1,4,1.2498,1.2504,5,17,6,7,1.2497,1.2505,11,7,2,2,1.2496,1.2506,30,7,4,7,1.2495,1.2507,168,336,7,6,1.2494,1.2508,18,41,3,2,1.2493,1.2509,15,19,2,5,1.2492,1.251,44,17,3,1,1.2491,1.2511,20,17,7,6
2024-12-30T08:02:55.000000000Z,2024-12-30T08:02:55.000000000Z,10,1,29307,A,N,0,1.2501,0,0,0,35,6BH5,1.25,1.2502,47,14,1,6,1.2499,1.2503,34,11,2,3,1.2498,1.2504,23,43,5,4,1.2497,1.2505,38,26,6,6,1.2496,1.2506,6,36,3,5,1.2495,1.2507,96,240,3,2,1.2494,1.2508,19,8,4,4,1.2493,1.2509,27,7,7,7,1.2492,1.251,31,20,3,4,1.2491,1.2511,46,6,7,7
2024-12-30T08:03:00.000000000Z,2024-12-30T08:03:00.000000000Z,10,1,29307,A,N,0,1.2501,0,0,0,36,6BH5,1.25,1.2502,31,19,7,5,1.2499,1.2503,13,45,6,1,1.2498,1.2504,24,24,6,6,1.2497,1.2505,11,44,6,2,1.2496,1.2506,22,22,4,5,1.2495,1.2507,41,24,7,2,1.2494,1.2508,17,17,1,4,1.2493,1.2509,48,32,2,5,1.2492,1.251,39,26,2,3,1.2491,1.2511,10,41,7,6
2024-12-30T08:03:05.000000000Z,2024-12-30T08:03:05.000000000Z,10,1,29307,A,N,0,1.2501,0,0,0,37,6BH5,1.25,1.2502,11,6,4,1,1.2499,1.2503,29,22,4,7,1.2498,1.2504,7,33,2,5,1.2497,1.2505,376,72,7,2,1.2496,1.2506,44,10,1,1,1.2495,1.2507,28,14,4,4,1.2494,1.2508,41,20,4,7,1.2493,1.2509,41,5,3,2,1.2492,1.251,200,312,6,5,1.2491,1.2511,16,9,6,1
2024-12-30T08:03:10.000000000Z,2024-12-30T08:03:10.000000000Z,10,1,29307,A,N,0,1.2501,0,0,0,38,6BH5,1.25,1.2502,13,39,1,6,1.2499,1.2503,43,40,2,5,1.2498,1.2504,39,21,5,6,1.2497,1.2505,36,15,1,5,1.2496,1.2506,37,34,5,2,1.2495,1.2507,7,33,2,5,1.2494,1.2508,38,41,2,1,1.2493,1.2509,5,8,7,6,1.2492,1.251,38,5,5,6,1.2491,1.2511,26,20,4,4
2024-12-30T08:03:15.000000000Z,2024-12-30T08:03:15.000000000Z,10,1,29307,A,N,0,1.25,0,0,0,39,6BH5,1.2499,1.2501,10,29,2,2,1.2498,1.2502,21,39,4,4,1.2497,1.2503,36,23,4,1,1.2496,1.2504,6,25,4,4,1.2495,1.2505,26,6,1,3,1.2494,1.2506,24,42,4,1,1.2493,1.2507,38,36,3,2,1.2492,1.2508,7,29,4,4,1.2491,1.2509,48,12,5,3,1.249,1.251,31,45,4,6
2024-12-30T08:03:20.000000000Z,2024-12-30T08:03:20.000000000Z,10,1,29307,A,N,0,1.2499,0,0,0,40,6BH5,1.2498,1.25,36,32,4,2,1.2497,1.2501,22,16,3,1,1.2496,1.2502,42,18,2,1,1.2495,1.2503,9,38,3,7,1.2494,1.2504,21,30,6,3,1.2493,1.2505,24,10,3,6,1.2492,1.2506,28,21,2,4,1.2491,1.2507,22,20,4,7,1.249,1.2508,37,28,5,7,1.2489,1.2509,37,35,2,7
2024-12-30T08:03:25.000000000Z,2024-12-30T08:03:25.000000000Z,10,1,29307,A,N,0,1.2499,0,0,0,41,6BH5,1.2498,1.25,5,25,1,5,1.2497,1.2501,14,13,4,4,1.2496,1.2502,11,15,5,6,1.2495,1.2503,19,10,5,2,1.2494,1.2504,20,49,3,1,1.2493,1.2505,32,7,2,5,1.2492,1.2506,33,7,1,7,1.2491,1.2507,38,37,1,3,1.249,1.2508,20,37,1,1,1.2489,1.2509,22,20,7,4
2024-12-30T08:03:30.000000000Z,2024-12-30T08:03:30.000000000Z,10,1,29307,A,N,0,1.2499,0,0,0,42,6BH5,1.2498,1.25,7,19,6,7,1.2497,1.2501,22,27,3,3,1.2496,1.2502,21,36,6,1,1.2495,1.2503,18,19,4,4,1.2494,1.2504,45,38,6,5,1.2493,1.2505,9,34,5,2,1.2492,1.2506,47,17,3,1,1.2491,1.2507,18,48,6,2,1.249,1.2508,192,304,7,7,1.2489,1.2509,19,21,3,2
2024-12-30T08:03:35.000000000Z,2024-12-30T08:03:35.000000000Z,10,1,29307,A,N,0,1.2499,0,0,0,43,6BH5,1.2498,1.25,35,8,1,3,1.2497,1.2501,21,24,1,7,1.2496,1.2502,23,19,1,5,1.2495,1.2503,49,36,6,3,1.2494,1.2504,42,30,4,1,1.2493,1.2505,37,31,5,5,1.2492,1.2506,22,35,6,2,1.2491,1.2507,46,15,2,5,1.249,1.2508,24,21,1,2,1.2489,1.2509,28,8,4,7
2024-12-30T08:03:40.000000000Z,2024-12-30T08:03:40.000000000Z,10,1,29307,A,N,0,1.25,0,0,0,44,6BH5,1.2499,1.2501,56,104,2,4,1.2498,1.2502,8,13,1,1,1.2497,1.2503,39,14,4,2,1.2496,1.2504,112,176,1,6,1.2495,1.2505,39,22,1,5,1.2494,1.2506,9,49,6,4,1.2493,1.2507,11,31,1,6,1.2492,1.2508,21,45,4,5,1.2491,1.2509,9,43,1,4,1.249,1.251,64,160,5,6
2024-12-30T08:03:45.000000000Z,2024-12-30T08:03:45.000000000Z,10,1,29307,A,N,0,1.2499,0,0,0,45,6BH5,1.2498,1.25,39,29,1,5,1.2497,1.2501,16,37,7,7,1.2496,1.2502,17,39,3,1,1.2495,1.2503,29,49,2,1,1.2494,1.2504,49,26,6,6,1.2493,1.2505,24,22,5,2,1.2492,1.2506,41,33,6,7,1.2491,1.2507,29,48,4,6,1.249,1.2508,41,20,7,5,1.2489,1.2509,36,13,5,5
2024-12-30T08:03:50.000000000Z,2024-12-30T08:03:50.000000000Z,10,1,29307,A,N,0,1.2498,0,0,0,46,6BH5,1.2497,1.2499,22,23,4,2,1.2496,1.25,16,22,3,6,1.2495,1.2501,18,49,5,2,1.2494,1.2502,37,23,4,4,1.2493,1.2503,272,88,3,5,1.2492,1.2504,29,42,2,1,1.2491,1.2505,29,18,6,6,1.249,1.2506,22,14,3,3,1.2489,1.2507,27,29,1,2,1.2488,1.2508,36,24,1,1
2024-12-30T08:03:55.000000000Z,2024-12-30T08:03:55.000000000Z,10,1,29307,A,N,0,1.2498,0,0,0,47,6BH5,1.2497,1.2499,29,24,1,2,1.2496,1.25,35,5,4,4,1.2495,1.2501,7,38,6,3,1.2494,1.2502,37,15,5,5,1.2493,1.2503,22,24,4,4,1.2492,1.2504,44,32,5,2,1.2491,1.2505,14,33,6,7,1.249,1.2506,30,36,7,6,1.2489,1.2507,28,35,4,2,1.2488,1.2508,14,10,7,5
2024-12-30T08:04:00.000000000Z,2024-12-30T08:04:00.000000000Z,10,1,29307,A,N,0,1.2498,0,0,0,48,6BH5,1.2497,1.2499,12,7,7,6,1.2496,1.25,49,19,7,7,1.2495,1.2501,7,34,2,6,1.2494,1.2502,40,7,5,1,1.2493,1.2503,12,30,2,4,1.2492,1.2504,14,43,5,7,1.2491,1.2505,25,32,6,1,1.249,1.2506,49,48,1,5,1.2489,1.2507,7,30,7,1,1.2488,1.2508,27,12,6,4
2024-12-30T08:04:05.000000000Z,2024-12-30T08:04:05.000000000Z,10,1,29307,A,N,0,1.2498,0,0,0,49,6BH5,1.2497,1.2499,10,37,4,2,1.2496,1.25,47,21,1,4,1.2495,1.2501,32,21,4,4,1.2494,1.2502,9,9,6,6,1.2493,1.2503,21,13,7,6,1.2492,1.2504,20,40,2,5,1.2491,1.2505,16,40,2,4,1.249,1.2506,44,10,4,6,1.2489,1.2507,31,49,5,5,1.2488,1.2508,39,46,7,4
2024-12-30T08:04:10.000000000Z,2024-12-30T08:04:10.000000000Z,10,1,29307,A,N,0,1.2499,0,0,0,50,6BH5,1.2498,1.25,28,35,6,1,1.2497,1.2501,41,17,1,3,1.2496,1.2502,39,23,5,4,1.2495,1.2503,44,44,7,3,1.2494,1.2504,33,20,6,6,1.2493,1.2505,25,40,6,6,1.2492,1.2506,7,40,5,5,1.2491,1.2507,15,46,7,3,1.249,1.2508,10,6,2,1,1.2489,1.2509,18,14,5,1
2024-12-30T08:04:15.000000000Z,2024-12-30T08:04:15.000000000Z,10,1,29307,A,N,0,1.25,0,0,0,51,6BH5,1.2499,1.2501,16,36,1,6,1.2498,1.2502,9,36,5,1,1.2497,1.2503,8,34,1,1,1.2496,1.2504,48,40,2,7,1.2495,1.2505,37,40,1,7,1.2494,1.2506,9,44,7,3,1.2493,1.2507,17,30,6,3,1.2492,1.2508,26,20,5,4,1.2491,1.2509,22,6,6,2,1.249,1.251,12,15,4,4
2024-12-30T08:04:20.000000000Z,2024-12-30T08:04:20.000000000Z,10,1,29307,A,N,0,1.2499,0,0,0,52,6BH5,1.2498,1.25,20,21,7,4,1.2497,1.2501,11,14,5,4,1.2496,1.2502,18,18,1,6,1.2495,1.2503,27,36,2,3,1.2494,1.2504,16,23,3,4,1.2493,1.2505,33,25,3,2,1.2492,1.2506,11,45,2,1,1.2491,1.2507,48,10,3,3,1.249,1.2508,13,24,5,3,1.2489,1.2509,12,35,7,1
2024-12-30T08:04:25.000000000Z,2024-12-30T08:04:25.000000000Z,10,1,29307,A,N,0,1.25,0,0,0,53,6BH5,1.2499,1.2501,20,32,6,4,1.2498,1.2502,27,34,1,4,1.2497,1.2503,32,28,7,7,1.2496,1.2504,38,26,5,2,1.2495,1.2505,14,49,6,3,1.2494,1.2506,25,17,6,1,1.2493,1.2507,25,5,2,5,1.2492,1.2508,11,17,5,4,1.2491,1.2509,10,24,4,1,1.249,1.251,15,36,3,7
2024-12-30T08:04:30.000000000Z,2024-12-30T08:04:30.000000000Z,10,1,29307,A,N,0,1.2499,0,0,0,54,6BH5,1.2498,1.25,21,29,1,3,1.2497,1.2501,35,21,7,2,1.2496,1.2502,40,112,2,5,1.2495,1.2503,23,18,3,1,1.2494,1.2504,28,24,6,5,1.2493,1.2505,21,46,5,3,1.2492,1.2506,43,23,7,6,1.2491,1.2507,21,17,3,1,1.249,1.2508,40,49,1,4,1.2489,1.2509,20,8,1,1
2024-12-30T08:04:35.000000000Z,2024-12-30T08:04:35.000000000Z,10,1,29307,A,N,0,1.2499,0,0,0,55,6BH5,1.2498,1.25,27,6,3,7,1.2497,1.2501,88,320,4,1,1.2496,1.2502,40,8,6,7,1.2495,1.2503,30,32,7,4,1.2494,1.2504,31,19,6,1,1.2493,1.2505,9,20,7,7,1.2492,1.2506,37,39,1,2,1.2491,1.2507,224,184,7,5,1.249,1.2508,35,42,1,3,1.2489,1.2509,72,384,1,3
2024-12-30T08:04:40.000000000Z,2024-12-30T08:04:40.000000000Z,10,1,29307,A,N,0,1.2499,0,0,0,56,6BH5,1.2498,1.25,20,39,3,3,1.2497,1.2501,9,27,7,1,1.2496,1.2502,17,36,2,4,1.2495,1.2503,25,33,3,1,1.2494,1.2504,37,12,2,5,1.2493,1.2505,45,14,7,6,1.2492,1.2506,15,7,5,5,1.2491,1.2507,272,328,2,7,1.249,1.2508,15,48,1,3,1.2489,1.2509,31,23,2,5
2024-12-30T08:04:45.000000000Z,2024-12-30T08:04:45.000000000Z,10,1,29307,A,N,0,1.2499,0,0,0,57,6BH5,1.2498,1.25,23,32,7,5,1.2497,1.2501,10,15,3,6,1.2496,1.2502,44,45,2,1,1.2495,1.2503,24,26,6,7,1.2494,1.2504,33,28,1,2,1.2493,1.2505,23,41,6,2,1.2492,1.2506,8,19,4,4,1.2491,1.2507,25,14,6,7,1.249,1.2508,44,42,3,5,1.2489,1.2509,14,9,3,4
2024-12-30T08:04:50.000000000Z,2024-12-30T08:04:50.000000000Z,10,1,29307,A,N,0,1.2498,0,0,0,58,6BH5,1.2497,1.2499,39,44,6,4,1.2496,1.25,18,25,7,3,1.2495,1.2501,5,26,7,4,1.2494,1.2502,18,13,3,2,1.2493,1.2503,47,41,2,3,1.2492,1.2504,35,45,6,4,1.2491,1.2505,7,44,3,1,1.249,1.2506,17,25,5,5,1.2489,1.2507,48,17,4,7,1.2488,1.2508,37,41,5,5
2024-12-30T08:04:55.000000000Z,2024-12-30T08:04:55.000000000Z,10,1,29307,A,N,0,1.2498,0,0,0,59,6BH5,1.2497,1.2499,45,33,3,3,1.2496,1.25,40,19,5,4,1.2495,1.2501,9,22,4,1,1.2494,1.2502,30,33,3,7,1.2493,1.2503,22,6,4,3,1.2492,1.2504,10,10,7,1,1.2491,1.2505,25,45,4,2,1.249,1.2506,27,32,4,1,1.2489,1.2507,24,9,2,2,1.2488,1.2508,19,39,7,6
2024-12-30T08:05:00.000000000Z,2024-12-30T08:05:00.000000000Z,10,1,29307,A,N,0,1.2498,0,0,0,60,6BH5,1.2497,1.2499,25,12,7,1,1.2496,1.25,48,44,6,6,1.2495,1.2501,12,42,4,5,1.2494,1.2502,13,49,5,1,1.2493,1.2503,20,16,2,6,1.2492,1.2504,20,28,5,5,1.2491,1.2505,42,35,5,1,1.249,1.2506,7,30,5,4,1.2489,1.2507,25,33,5,6,1.2488,1.2508,144,176,4,1
2024-12-30T08:05:05.000000000Z,2024-12-30T08:05:05.000000000Z,10,1,29307,A,N,0,1.2497,0,0,0,61,6BH5,1.2496,1.2498,17,40,5,4,1.2495,1.2499,44,40,6,6,1.2494,1.25,10,46,4,1,1.2493,1.2501,42,37,2,4,1.2492,1.2502,5,19,7,3,1.2491,1.2503,5,33,3,4,1.249,1.2504,43,41,7,4,1.2489,1.2505,37,37,7,3,1.2488,1.2506,29,17,3,4,1.2487,1.2507,40,32,4,3
2024-12-30T08:05:10.000000000Z,2024-12-30T08:05:10.000000000Z,10,1,29307,A,N,0,1.2496,0,0,0,62,6BH5,1.2495,1.2497,41,47,1,1,1.2494,1.2498,45,33,4,3,1.2493,1.2499,16,40,2,2,1.2492,1.25,45,17,7,1,1.2491,1.2501,11,25,6,3,1.249,1.2502,32,48,5,5,1.2489,1.2503,31,17,2,5,1.2488,1.2504,32,41,5,6,1.2487,1.2505,32,27,1,4,1.2486,1.2506,36,8,1,4
2024-12-30T08:05:15.000000000Z,2024-12-30T08:05:15.000000000Z,10,1,29307,A,N,0,1.2496,0,0,0,63,6BH5,1.2495,1.2497,33,13,7,7,1.2494,1.2498,6,37,2,7,1.2493,1.2499,12,16,3,3,1.2492,1.25,13,32,4,7,1.2491,1.2501,6,27,7,2,1.249,1.2502,30,16,1,3,1.2489,1.2503,11,33,1,1,1.2488,1.2504,9,42,5,3,1.2487,1.2505,12,24,2,7,1.2486,1.2506,6,25,7,5
2024-12-30T08:05:20.000000000Z,2024-12-30T08:05:20.000000000Z,10,1,29307,A,N,0,1.2496,0,0,0,64,6BH5,1.2495,1.2497,7,47,3,3,1.2494,1.2498,23,47,6,2,1.2493,1.2499,14,24,1,6,1.2492,1.25,6,42,1,3,1.2491,1.2501,39,19,5,6,1.249,1.2502,21,9,5,1,1.2489,1.2503,35,44,5,6,1.2488,1.2504,11,31,3,1,1.2487,1.2505,26,31,6,2,1.2486,1.2506,29,6,2,2
2024-12-30T08:05:25.000000000Z,2024-12-30T08:05:25.000000000Z,10,1,29307,A,N,0,1.2496,0,0,0,65,6BH5,1.2495,1.2497,26,8,7,2,1.2494,1.2498,21,15,5,2,1.2493,1.2499,48,37,4,6,1.2492,1.25,16,30,5,6,1.2491,1.2501,48,49,5,5,1.249,1.2502,19,10,4,2,1.2489,1.2503,16,39,1,6,1.2488,1.2504,31,21,7,3,1.2487,1.2505,43,6,3,2,1.2486,1.2506,49,28,7,1
2024-12-30T08:05:30.000000000Z,2024-12-30T08:05:30.000000000Z,10,1,29307,A,N,0,1.2495,0,0,0,66,6BH5,1.2494,1.2496,31,45,5,6,1.2493,1.2497,47,48,6,3,1.2492,1.2498,44,30,3,5,1.2491,1.2499,30,10,3,6,1.249,1.25,17,17,6,1,1.2489,1.2501,44,41,7,4,1.2488,1.2502,49,17,5,6,1.2487,1.2503,35,18,1,7,1.2486,1.2504,40,46,2,7,1.2485,1.2505,45,7,7,4
2024-12-30T08:05:35.000000000Z,2024-12-30T08:05:35.000000000Z,10,1,29307,A,N,0,1.2496,0,0,0,67,6BH5,1.2495,1.2497,30,5,7,3,1.2494,1.2498,16,42,6,3,1.2493,1.2499,30,34,4,5,1.2492,1.25,22,5,5,5,1.2491,1.2501,20,32,6,3,1.249,1.2502,35,46,2,6,1.2489,1.2503,32,7,7,1,1.2488,1.2504,28,24,3,5,1.2487,1.2505,24,6,4,3,1.2486,1.2506,8,36,1,1
2024-12-30T08:05:40.000000000Z,2024-12-30T08:05:40.000000000Z,10,1,29307,A,N,0,1.2495,0,0,0,68,6BH5,1.2494,1.2496,72,128,6,6,1.2493,1.2497,49,44,4,7,1.2492,1.2498,23,33,5,2,1.2491,1.2499,21,13,5,2,1.249,1.25,15,24,1,5,1.2489,1.2501,43,20,7,1,1.2488,1.2502,22,26,7,1,1.2487,1.2503,48,45,4,3,1.2486,1.2504,27,49,5,4,1.2485,1.2505,42,10,4,4
2024-12-30T08:05:45.000000000Z,2024-12-30T08:05:45.000000000Z,10,1,29307,A,N,0,1.2496,0,0,0,69,6BH5,1.2495,1.2497,44,10,5,4,1.2494,1.2498,12,23,5,3,1.2493,1.2499,32,24,4,4,1.2492,1.25,12,23,5,3,1.2491,1.2501,13,8,1,1,1.249,1.2502,13,22,3,5,1.2489,1.2503,20,8,2,7,1.2488,1.2504,42,15,3,6,1.2487,1.2505,40,23,7,3,1.2486,1.2506,25,32,3,6
2024-12-30T08:05:50.000000000Z,2024-12-30T08:05:50.000000000Z,10,1,29307,A,N,0,1.2496,0,0,0,70,6BH5,1.2495,1.2497,22,41,5,5,1.2494,1.2498,16,49,2,5,1.2493,1.2499,14,9,2,6,1.2492,1.25,32,12,7,7,1.2491,1.2501,40,43,4,1,1.249,1.2502,24,18,6,5,1.2489,1.2503,40,49,5,1,1.2488,1.2504,47,8,4,4,1.2487,1.2505,26,49,6,4,1.2486,1.2506,34,37,1,7
2024-12-30T08:05:55.000000000Z,2024-12-30T08:05:55.000000000Z,10,1,29307,A,N,0,1.2496,0,0,0,71,6BH5,1.2495,1.2497,31,24,1,1,1.2494,1.2498,23,25,2,1,1.2493,1.2499,18,19,1,2,1.2492,1.25,35,39,5,4,1.2491,1.2501,16,20,3,6,1.249,1.2502,34,37,2,4,1.2489,1.2503,11,10,6,6,1.2488,1.2504,19,30,7,3,1.2487,1.2505,7,34,6,6,1.2486,1.2506,37,23,4,6
2024-12-30T08:06:00.000000000Z,2024-12-30T08:06:00.000000000Z,10,1,29307,A,N,0,1.2497,0,0,0,72,6BH5,1.2496,1.2498,35,47,4,5,1.2495,1.2499,24,45,3,7,1.2494,1.25,36,49,2,7,1.2493,1.2501,28,33,6,4,1.2492,1.2502,26,32,5,1,1.2491,1.2503,17,35,5,1,1.249,1.2504,47,38,1,7,1.2489,1.2505,40,44,3,4,1.2488,1.2506,41,32,3,4,1.2487,1.2507,49,11,7,3
2024-12-30T08:06:05.000000000Z,2024-12-30T08:06:05.000000000Z,10,1,29307,A,N,0,1.2496,0,0,0,73,6BH5,1.2495,1.2497,12,29,5,4,1.2494,1.2498,16,25,2,7,1.2493,1.2499,8,21,7,5,1.2492,1.25,11,27,7,1,1.2491,1.2501,15,38,7,7,1.249,1.2502,33,40,3,7,1.2489,1.2503,6,40,5,6,1.2488,1.2504,16,7,1,1,1.2487,1.2505,27,42,6,7,1.2486,1.2506,42,19,6,6
2024-12-30T08:06:10.000000000Z,2024-12-30T08:06:10.000000000Z,10,1,29307,A,N,0,1.2495,0,0,0,74,6BH5,1.2494,1.2496,49,18,3,4,1.2493,1.2497,18,35,6,2,1.2492,1.2498,13,44,3,2,1.2491,1.2499,40,16,2,5,1.249,1.25,22,11,7,1,1.2489,1.2501,17,33,3,5,1.2488,1.2502,25,23,4,4,1.2487,1.2503,19,43,3,6,1.2486,1.2504,6,29,3,1,1.2485,1.2505,14,21,6,3
2024-12-30T08:06:15.000000000Z,2024-12-30T08:06:15.000000000Z,10,1,29307,A,N,0,1.2495,0,0,0,75,6BH5,1.2494,1.2496,38,36,4,3,1.2493,1.2497,21,10,3,5,1.2492,1.2498,15,11,5,5,1.2491,1.2499,34,23,3,7,1.249,1.25,33,39,3,5,1.2489,1.2501,43,5,7,7,1.2488,1.2502,39,49,6,6,1.2487,1.2503,49,40,4,7,1.2486,1.2504,6,21,1,2,1.2485,1.2505,26,32,5,1
2024-12-30T08:06:20.000000000Z,2024-12-30T08:06:20.000000000Z,10,1,29307,A,N,0,1.2494,0,0,0,76,6BH5,1.2493,1.2495,120,88,4,1,1.2492,1.2496,35,7,1,3,1.2491,1.2497,25,41,1,3,1.249,1.2498,25,18,2,5,1.2489,1.2499,44,12,7,5,1.2488,1.25,15,6,1,6,1.2487,1.2501,72,360,6,6,1.2486,1.2502,320,248,2,2,1.2485,1.2503,40,20,6,7,1.2484,1.2504,38,38,4,7
2024-12-30T08:06:25.000000000Z,2024-12-30T08:06:25.000000000Z,10,1,29307,A,N,0,1.2494,0,0,0,77,6BH5,1.2493,1.2495,21,24,4,5,1.2492,1.2496,7,34,5,2,1.2491,1.2497,46,28,4,1,1.249,1.2498,40,19,1,6,1.2489,1.2499,27,33,3,1,1.2488,1.25,28,49,5,1,1.2487,1.2501,39,21,6,5,1.2486,1.2502,10,21,7,1,1.2485,1.2503,43,41,4,3,1.2484,1.2504,17,31,3,5
2024-12-30T08:06:30.000000000Z,2024-12-30T08:06:30.000000000Z,10,1,29307,A,N,0,1.2493,0,0,0,78,6BH5,1.2492,1.2494,43,25,3,1,1.2491,1.2495,35,31,2,6,1.249,1.2496,12,37,4,3,1.2489,1.2497,40,6,4,3,1.2488,1.2498,24,25,6,2,1.2487,1.2499,22,22,2,5,1.2486,1.25,36,46,3,2,1.2485,1.2501,30,34,7,2,1.2484,1.2502,15,28,6,6,1.2483,1.2503,6,16,5,5
2024-12-30T08:06:35.000000000Z,2024-12-30T08:06:35.000000000Z,10,1,29307,A,N,0,1.2494,0,0,0,79,6BH5,1.2493,1.2495,8,47,6,1,1.2492,1.2496,26,33,4,1,1.2491,1.2497,5,12,1,4,1.249,1.2498,18,33,6,1,1.2489,1.2499,46,21,1,4,1.2488,1.25,7,33,1,5,1.2487,1.2501,5,5,5,6,1.2486,1.2502,112,152,3,6,1.2485,1.2503,17,31,1,1,1.2484,1.2504,17,16,5,5
2024-12-30T08:06:40.000000000Z,2024-12-30T08:06:40.000000000Z,10,1,29307,A,N,0,1.2494,0,0,0,80,6BH5,1.2493,1.2495,280,96,3,7,1.2492,1.2496,19,8,1,3,1.2491,1.2497,184,320,2,7,1.249,1.2498,24,16,6,2,1.2489,1.2499,44,28,2,7,1.2488,1.25,47,21,3,6,1.2487,1.2501,37,10,4,3,1.2486,1.2502,13,39,2,2,1.2485,1.2503,47,36,7,7,1.2484,1.2504,22,11,2,6
2024-12-30T08:06:45.000000000Z,2024-12-30T08:06:45.000000000Z,10,1,29307,A,N,0,1.2493,0,0,0,81,6BH5,1.2492,1.2494,26,26,2,2,1.2491,1.2495,45,46,7,1,1.249,1.2496,40,35,4,2,1.2489,1.2497,43,27,6,4,1.2488,1.2498,22,19,5,5,1.2487,1.2499,30,39,1,7,1.2486,1.25,19,46,6,5,1.2485,1.2501,5,26,3,6,1.2484,1.2502,30,31,2,5,1.2483,1.2503,27,30,4,7
2024-12-30T08:06:50.000000000Z,2024-12-30T08:06:50.000000000Z,10,1,29307,A,N,0,1.2494,0,0,0,82,6BH5,1.2493,1.2495,42,17,7,3,1.2492,1.2496,43,7,1,5,1.2491,1.2497,49,20,4,2,1.249,1.2498,11,19,6,6,1.2489,1.2499,6,7,6,6,1.2488,1.25,32,42,4,3,1.2487,1.2501,43,40,3,6,1.2486,1.2502,6,14,6,7,1.2485,1.2503,32,26,2,4,1.2484,1.2504,11,28,2,2
2024-12-30T08:06:55.000000000Z,2024-12-30T08:06:55.000000000Z,10,1,29307,A,N,0,1.2494,0,0,0,83,6BH5,1.2493,1.2495,41,28,3,7,1.2492,1.2496,42,19,7,5,1.2491,1.2497,376,200,4,4,1.249,1.2498,44,27,4,7,1.2489,1.2499,39,29,7,6,1.2488,1.25,42,22,4,4,1.2487,1.2501,6,41,4,4,1.2486,1.2502,49,38,7,5,1.2485,1.2503,27,12,2,7,1.2484,1.2504,38,33,5,7
2024-12-30T08:07:00.000000000Z,2024-12-30T08:07:00.000000000Z,10,1,29307,A,N,0,1.2494,0,0,0,84,6BH5,1.2493,1.2495,48,9,4,3,1.2492,1.2496,46,6,3,5,1.2491,1.2497,39,46,4,4,1.249,1.2498,11,43,3,5,1.2489,1.2499,21,14,4,7,1.2488,1.25,6,28,2,3,1.2487,1.2501,15,22,3,5,1.2486,1.2502,18,48,2,4,1.2485,1.2503,64,192,5,3,1.2484,1.2504,15,20,3,4
2024-12-30T08:07:05.000000000Z,2024-12-30T08:07:05.000000000Z,10,1,29307,A,N,0,1.2494,0,0,0,85,6BH5,1.2493,1.2495,44,17,7,4,1.2492,1.2496,46,41,4,1,1.2491,1.2497,368,264,5,3,1.249,1.2498,36,48,7,5,1.2489,1.2499,16,49,5,6,1.2488,1.25,34,27,5,7,1.2487,1.2501,34,22,6,2,1.2486,1.2502,40,344,5,1,1.2485,1.2503,11,31,4,4,1.2484,1.2504,19,12,6,4
2024-12-30T08:07:10.000000000Z,2024-12-30T08:07:10.000000000Z,10,1,29307,A,N,0,1.2494,0,0,0,86,6BH5,1.2493,1.2495,47,21,2,4,1.2492,1.2496,39,43,7,2,1.2491,1.2497,31,20,1,3,1.249,1.2498,14,16,1,5,1.2489,1.2499,36,36,3,2,1.2488,1.25,30,9,4,5,1.2487,1.2501,8,32,7,1,1.2486,1.2502,56,232,2,5,1.2485,1.2503,48,40,4,3,1.2484,1.2504,20,16,4,2
2024-12-30T08:07:15.000000000Z,2024-12-30T08:07:15.000000000Z,10,1,29307,A,N,0,1.2494,0,0,0,87,6BH5,1.2493,1.2495,29,15,6,4,1.2492,1.2496,17,42,4,7,1.2491,1.2497,31,43,5,3,1.249,1.2498,35,6,5,2,1.2489,1.2499,46,35,5,6,1.2488,1.25,320,184,6,6,1.2487,1.2501,21,41,1,1,1.2486,1.2502,11,15,6,2,1.2485,1.2503,7,12,5,2,1.2484,1.2504,47,13,3,4
2024-12-30T08:07:20.000000000Z,2024-12-30T08:07:20.000000000Z,10,1,29307,A,N,0,1.2494,0,0,0,88,6BH5,1.2493,1.2495,29,49,6,2,1.2492,1.2496,37,43,6,4,1.2491,1.2497,37,46,7,7,1.249,1.2498,40,19,5,6,1.2489,1.2499,19,27,3,2,1.2488,1.25,19,33,3,5,1.2487,1.2501,35,13,6,3,1.2486,1.2502,15,43,3,1,1.2485,1.2503,184,224,1,1,1.2484,1.2504,40,14,7,6
2024-12-30T08:07:25.000000000Z,2024-12-30T08:07:25.000000000Z,10,1,29307,A,N,0,1.2493,0,0,0,89,6BH5,1.2492,1.2494,26,31,5,3,1.2491,1.2495,17,36,6,7,1.249,1.2496,21,26,6,2,1.2489,1.2497,12,26,3,2,1.2488,1.2498,72,336,1,3,1.2487,1.2499,23,18,2,7,1.2486,1.25,26,41,7,2,1.2485,1.2501,39,17,6,2,1.2484,1.2502,8,8,6,7,1.2483,1.2503,32,34,3,5
2024-12-30T08:07:30.000000000Z,2024-12-30T08:07:30.000000000Z,10,1,29307,A,N,0,1.2494,0,0,0,90,6BH5,1.2493,1.2495,39,43,4,7,1.2492,1.2496,42,36,5,7,1.2491,1.2497,31,39,4,5,1.249,1.2498,20,45,2,5,1.2489,1.2499,14,33,2,6,1.2488,1.25,48,8,5,2,1.2487,1.2501,8,48,2,4,1.2486,1.2502,6,6,4,6,1.2485,1.2503,216,344,7,7,1.2484,1.2504,41,20,3,4
2024-12-30T08:07:35.000000000Z,2024-12-30T08:07:35.000000000Z,10,1,29307,A,N,0,1.2495,0,0,0,91,6BH5,1.2494,1.2496,28,31,7,6,1.2493,1.2497,48,19,4,5,1.2492,1.2498,27,17,1,7,1.2491,1.2499,14,42,2,7,1.249,1.25,17,27,1,1,1.2489,1.2501,13,29,5,7,1.2488,1.2502,11,40,1,4,1.2487,1.2503,40,30,3,4,1.2486,1.2504,7,47,1,4,1.2485,1.2505,23,20,6,5
2024-12-30T08:07:40.000000000Z,2024-12-30T08:07:40.000000000Z,10,1,29307,A,N,0,1.2494,0,0,0,92,6BH5,1.2493,1.2495,38,35,4,3,1.2492,1.2496,31,11,1,4,1.2491,1.2497,48,19,7,3,1.249,1.2498,33,45,6,2,1.2489,1.2499,31,11,3,5,1.2488,1.25,21,15,3,2,1.2487,1.2501,18,41,6,1,1.2486,1.2502,11,11,1,6,1.2485,1.2503,11,24,2,5,1.2484,1.2504,18,44,5,6
2024-12-30T08:07:45.000000000Z,2024-12-30T08:07:45.000000000Z,10,1,29307,A,N,0,1.2495,0,0,0,93,6BH5,1.2494,1.2496,31,30,3,5,1.2493,1.2497,256,368,3,2,1.2492,1.2498,10,14,6,4,1.2491,1.2499,33,38,7,1,1.249,1.25,25,35,1,5,1.2489,1.2501,21,12,1,1,1.2488,1.2502,34,11,1,7,1.2487,1.2503,21,44,2,1,1.2486,1.2504,34,35,3,5,1.2485,1.2505,34,43,5,7
2024-12-30T08:07:50.000000000Z,2024-12-30T08:07:50.000000000Z,10,1,29307,A,N,0,1.2495,0,0,0,94,6BH5,1.2494,1.2496,31,6,2,5,1.2493,1.2497,64,136,1,5,1.2492,1.2498,19,18,1,4,1.2491,1.2499,33,27,2,7,1.249,1.25,11,13,2,4,1.2489,1.2501,31,37,1,4,1.2488,1.2502,41,31,4,3,1.2487,1.2503,40,47,4,2,1.2486,1.2504,41,49,6,6,1.2485,1.2505,64,176,1,4
2024-12-30T08:07:55.000000000Z,2024-12-30T08:07:55.000000000Z,10,1,29307,A,N,0,1.2494,0,0,0,95,6BH5,1.2493,1.2495,46,21,3,4,1.2492,1.2496,13,12,1,7,1.2491,1.2497,28,21,4,6,1.249,1.2498,6,16,3,6,1.2489,1.2499,17,40,1,1,1.2488,1.25,35,21,3,3,1.2487,1.2501,26,8,5,5,1.2486,1.2502,136,64,2,2,1.2485,1.2503,9,13,4,5,1.2484,1.2504,16,32,2,3
2024-12-30T08:08:00.000000000Z,2024-12-30T08:08:00.000000000Z,10,1,29307,A,N,0,1.2493,0,0,0,96,6BH5,1.2492,1.2494,18,30,3,1,1.2491,1.2495,43,46,4,2,1.249,1.2496,45,17,1,7,1.2489,1.2497,35,47,4,2,1.2488,1.2498,37,11,5,2,1.2487,1.2499,20,12,6,2,1.2486,1.25,40,11,4,3,1.2485,1.2501,6,13,6,7,1.2484,1.2502,7,14,5,7,1.2483,1.2503,37,13,5,5
2024-12-30T08:08:05.000000000Z,2024-12-30T08:08:05.000000000Z,10,1,29307,A,N,0,1.2492,0,0,0,97,6BH5,1.2491,1.2493,11,30,2,2,1.249,1.2494,36,40,2,1,1.2489,1.2495,25,17,3,2,1.2488,1.2496,41,27,1,2,1.2487,1.2497,32,40,7,1,1.2486,1.2498,29,12,2,7,1.2485,1.2499,15,29,3,5,1.2484,1.25,36,39,2,5,1.2483,1.2501,49,32,4,3,1.2482,1.2502,22,29,2,1
2024-12-30T08:08:10.000000000Z,2024-12-30T08:08:10.000000000Z,10,1,29307,A,N,0,1.2493,0,0,0,98,6BH5,1.2492,1.2494,25,38,5,2,1.2491,1.2495,33,34,3,7,1.249,1.2496,36,16,7,6,1.2489,1.2497,5,22,6,5,1.2488,1.2498,11,46,1,2,1.2487,1.2499,35,37,4,6,1.2486,1.25,11,29,6,4,1.2485,1.2501,21,8,5,2,1.2484,1.2502,26,39,4,7,1.2483,1.2503,44,48,5,5
2024-12-30T08:08:15.000000000Z,2024-12-30T08:08:15.000000000Z,10,1,29307,A,N,0,1.2493,0,0,0,99,6BH5,1.2492,1.2494,31,35,4,4,1.2491,1.2495,20,39,6,3,1.249,1.2496,43,41,3,2,1.2489,1.2497,12,7,3,3,1.2488,1.2498,30,49,2,7,1.2487,1.2499,22,16,7,2,1.2486,1.25,7,11,5,4,1.2485,1.2501,12,42,5,4,1.2484,1.2502,47,40,7,2,1.2483,1.2503,38,43,2,5
2024-12-30T08:08:20.000000000Z,2024-12-30T08:08:20.000000000Z,10,1,29307,A,N,0,1.2493,0,0,0,100,6BH5,1.2492,1.2494,38,8,2,3,1.2491,1.2495,33,9,2,5,1.249,1.2496,24,10,4,4,1.2489,1.2497,30,36,2,2,1.2488,1.2498,16,14,5,3,1.2487,1.2499,29,12,7,6,1.2486,1.25,28,20,4,6,1.2485,1.2501,18,16,2,3,1.2484,1.2502,31,45,5,7,1.2483,1.2503,41,6,7,3
2024-12-30T08:08:25.000000000Z,2024-12-30T08:08:25.000000000Z,10,1,29307,A,N,0,1.2492,0,0,0,101,6BH5,1.2491,1.2493,35,48,5,5,1.249,1.2494,17,15,5,4,1.2489,1.2495,7,33,5,2,1.2488,1.2496,28,44,1,5,1.2487,1.2497,16,9,2,4,1.2486,1.2498,12,5,6,6,1.2485,1.2499,35,32,7,3,1.2484,1.25,30,20,5,7,1.2483,1.2501,42,13,7,3,1.2482,1.2502,16,29,3,5
2024-12-30T08:08:30.000000000Z,2024-12-30T08:08:30.000000000Z,10,1,29307,A,N,0,1.2492,0,0,0,102,6BH5,1.2491,1.2493,38,37,3,2,1.249,1.2494,28,9,2,7,1.2489,1.2495,34,47,4,2,1.2488,1.2496,38,15,6,7,1.2487,1.2497,11,33,4,6,1.2486,1.2498,28,39,3,2,1.2485,1.2499,16,33,6,5,1.2484,1.25,328,288,4,6,1.2483,1.2501,12,21,4,6,1.2482,1.2502,18,38,3,6
2024-12-30T08:08:35.000000000Z,2024-12-30T08:08:35.000000000Z,10,1,29307,A,N,0,1.2492,0,0,0,103,6BH5,1.2491,1.2493,41,42,7,6,1.249,1.2494,10,6,4,1,1.2489,1.2495,37,5,7,1,1.2488,1.2496,42,22,6,6,1.2487,1.2497,39,35,3,4,1.2486,1.2498,8,9,1,7,1.2485,1.2499,16,31,5,7,1.2484,1.25,22,18,3,6,1.2483,1.2501,32,42,5,4,1.2482,1.2502,18,27,7,4
2024-12-30T08:08:40.000000000Z,2024-12-30T08:08:40.000000000Z,10,1,29307,A,N,0,1.2493,0,0,0,104,6BH5,1.2492,1.2494,9,26,4,3,1.2491,1.2495,40,35,5,4,1.249,1.2496,40,11,7,2,1.2489,1.2497,36,25,4,6,1.2488,1.2498,24,46,1,3,1.2487,1.2499,18,28,4,7,1.2486,1.25,21,29,1,6,1.2485,1.2501,39,41,7,1,1.2484,1.2502,13,17,7,4,1.2483,1.2503,12,12,4,2
2024-12-30T08:08:45.000000000Z,2024-12-30T08:08:45.000000000Z,10,1,29307,A,N,0,1.2494,0,0,0,105,6BH5,1.2493,1.2495,41,29,3,1,1.2492,1.2496,11,37,2,6,1.2491,1.2497,21,16,4,4,1.249,1.2498,25,25,2,2,1.2489,1.2499,25,19,3,2,1.2488,1.25,35,30,5,2,1.2487,1.2501,28,43,2,7,1.2486,1.2502,29,35,2,2,1.2485,1.2503,15,33,7,2,1.2484,1.2504,13,36,6,7
2024-12-30T08:08:50.000000000Z,2024-12-30T08:08:50.000000000Z,10,1,29307,A,N,0,1.2494,0,0,0,106,6BH5,1.2493,1.2495,21,26,4,6,1.2492,1.2496,12,43,7,4,1.2491,1.2497,16,29,6,2,1.249,1.2498,7,39,5,3,1.2489,1.2499,41,25,4,1,1.2488,1.25,21,47,6,1,1.2487,1.2501,6,13,6,7,1.2486,1.2502,40,9,5,2,1.2485,1.2503,41,23,7,3,1.2484,1.2504,10,10,5,6
2024-12-30T08:08:55.000000000Z,2024-12-30T08:08:55.000000000Z,10,1,29307,A,N,0,1.2494,0,0,0,107,6BH5,1.2493,1.2495,96,256,1,1,1.2492,1.2496,42,18,3,2,1.2491,1.2497,34,8,5,7,1.249,1.2498,13,18,4,7,1.2489,1.2499,41,18,3,3,1.2488,1.25,11,7,3,2,1.2487,1.2501,41,32,4,7,1.2486,1.2502,176,184,5,6,1.2485,1.2503,31,11,3,3,1.2484,1.2504,45,15,5,2
2024-12-30T08:09:00.000000000Z,2024-12-30T08:09:00.000000000Z,10,1,29307,A,N,0,1.2494,0,0,0,108,6BH5,1.2493,1.2495,16,46,2,4,1.2492,1.2496,32,11,6,5,1.2491,1.2497,46,12,2,1,1.249,1.2498,47,14,7,7,1.2489,1.2499,29,10,3,1,1.2488,1.25,6,40,3,6,1.2487,1.2501,15,45,7,3,1.2486,1.2502,19,29,6,2,1.2485,1.2503,34,21,2,7,1.2484,1.2504,22,39,5,7
2024-12-30T08:09:05.000000000Z,2024-12-30T08:09:05.000000000Z,10,1,29307,A,N,0,1.2495,0,0,0,109,6BH5,1.2494,1.2496,320,176,5,6,1.2493,1.2497,43,16,5,6,1.2492,1.2498,32,39,6,1,1.2491,1.2499,11,13,4,7,1.249,1.25,16,23,6,3,1.2489,1.2501,23,13,3,3,1.2488,1.2502,17,6,4,5,1.2487,1.2503,38,8,4,4,1.2486,1.2504,29,30,3,7,1.2485,1.2505,33,44,7,4
2024-12-30T08:09:10.000000000Z,2024-12-30T08:09:10.000000000Z,10,1,29307,A,N,0,1.2494,0,0,0,110,6BH5,1.2493,1.2495,20,41,6,5,1.2492,1.2496,19,27,1,3,1.2491,1.2497,30,10,3,4,1.249,1.2498,21,42,2,2,1.2489,1.2499,10,39,4,3,1.2488,1.25,49,8,4,7,1.2487,1.2501,6,20,7,3,1.2486,1.2502,13,41,2,1,1.2485,1.2503,16,49,3,5,1.2484,1.2504,42,30,7,7
2024-12-30T08:09:15.000000000Z,2024-12-30T08:09:15.000000000Z,10,1,29307,A,N,0,1.2494,0,0,0,111,6BH5,1.2493,1.2495,192,200,2,3,1.2492,1.2496,11,41,5,4,1.2491,1.2497,32,7,7,7,1.249,1.2498,40,20,2,5,1.2489,1.2499,8,16,1,2,1.2488,1.25,30,35,7,4,1.2487,1.2501,33,13,6,4,1.2486,1.2502,42,41,4,1,1.2485,1.2503,21,31,7,1,1.2484,1.2504,26,29,3,3
2024-12-30T08:09:20.000000000Z,2024-12-30T08:09:20.000000000Z,10,1,29307,A,N,0,1.2495,0,0,0,112,6BH5,1.2494,1.2496,16,19,6,4,1.2493,1.2497,8,49,5,7,1.2492,1.2498,26,29,3,7,1.2491,1.2499,47,20,5,1,1.249,1.25,23,18,3,7,1.2489,1.2501,45,27,3,7,1.2488,1.2502,5,39,1,5,1.2487,1.2503,18,21,2,7,1.2486,1.2504,32,45,2,1,1.2485,1.2505,44,43,6,6
2024-12-30T08:09:25.000000000Z,2024-12-30T08:09:25.000000000Z,10,1,29307,A,N,0,1.2494,0,0,0,113,6BH5,1.2493,1.2495,45,45,3,1,1.2492,1.2496,36,23,6,6,1.2491,1.2497,40,392,6,2,1.249,1.2498,37,19,2,1,1.2489,1.2499,43,45,1,3,1.2488,1.25,25,11,4,4,1.2487,1.2501,21,24,7,5,1.2486,1.2502,39,13,5,4,1.2485,1.2503,25,20,3,2,1.2484,1.2504,32,22,6,5
2024-12-30T08:09:30.000000000Z,2024-12-30T08:09:30.000000000Z,10,1,29307,A,N,0,1.2493,0,0,0,114,6BH5,1.2492,1.2494,25,5,4,5,1.2491,1.2495,15,6,6,6,1.249,1.2496,9,7,4,2,1.2489,1.2497,12,40,5,5,1.2488,1.2498,26,37,5,5,1.2487,1.2499,10,19,7,2,1.2486,1.25,20,33,7,2,1.2485,1.2501,8,16,2,2,1.2484,1.2502,32,32,6,6,1.2483,1.2503,5,23,1,1
2024-12-30T08:09:35.000000000Z,2024-12-30T08:09:35.000000000Z,10,1,29307,A,N,0,1.2493,0,0,0,115,6BH5,1.2492,1.2494,22,39,7,2,1.2491,1.2495,45,42,4,2,1.249,1.2496,40,29,6,2,1.2489,1.2497,15,41,3,6,1.2488,1.2498,34,19,3,7,1.2487,1.2499,47,46,4,1,1.2486,1.25,28,26,5,7,1.2485,1.2501,33,19,3,1,1.2484,1.2502,33,23,7,1,1.2483,1.2503,14,37,1,1
2024-12-30T08:09:40.000000000Z,2024-12-30T08:09:40.000000000Z,10,1,29307,A,N,0,1.2492,0,0,0,116,6BH5,1.2491,1.2493,8,9,7,7,1.249,1.2494,12,21,1,6,1.2489,1.2495,39,18,2,2,1.2488,1.2496,46,37,3,2,1.2487,1.2497,20,12,3,5,1.2486,1.2498,15,48,3,4,1.2485,1.2499,25,31,2,6,1.2484,1.25,44,42,6,7,1.2483,1.2501,49,37,5,4,1.2482,1.2502,17,6,1,3
2024-12-30T08:09:45.000000000Z,2024-12-30T08:09:45.000000000Z,10,1,29307,A,N,0,1.2492,0,0,0,117,6BH5,1.2491,1.2493,14,27,6,7,1.249,1.2494,35,18,2,2,1.2489,1.2495,7,6,6,7,1.2488,1.2496,6,26,4,5,1.2487,1.2497,32,17,2,2,1.2486,1.2498,46,17,1,5,1.2485,1.2499,216,88,1,4,1.2484,1.25,34,9,7,3,1.2483,1.2501,46,37,3,3,1.2482,1.2502,23,42,4,3
2024-12-30T08:09:50.000000000Z,2024-12-30T08:09:50.000000000Z,10,1,29307,A,N,0,1.2492,0,0,0,118,6BH5,1.2491,1.2493,39,29,1,7,1.249,1.2494,23,27,3,3,1.2489,1.2495,38,43,3,7,1.2488,1.2496,31,27,6,2,1.2487,1.2497,12,41,3,2,1.2486,1.2498,43,44,4,4,1.2485,1.2499,21,26,6,3,1.2484,1.25,36,35,1,7,1.2483,1.2501,34,23,2,2,1.2482,1.2502,24,49,4,7
2024-12-30T08:09:55.000000000Z,2024-12-30T08:09:55.000000000Z,10,1,29307,A,N,0,1.2492,0,0,0,119,6BH5,1.2491,1.2493,14,26,7,2,1.249,1.2494,11,12,5,3,1.2489,1.2495,25,12,1,1,1.2488,1.2496,35,40,1,4,1.2487,1.2497,41,42,3,4,1.2486,1.2498,35,22,2,6,1.2485,1.2499,35,6,3,5,1.2484,1.25,46,9,6,7,1.2483,1.2501,17,46,6,2,1.2482,1.2502,19,47,3,5
2024-12-30T08:10:00.000000000Z,2024-12-30T08:10:00.000000000Z,10,1,29307,A,N,0,1.2491,0,0,0,120,6BH5,1.249,1.2492,19,18,5,5,1.2489,1.2493,22,5,5,3,1.2488,1.2494,31,29,1,5,1.2487,1.2495,24,32,5,7,1.2486,1.2496,6,24,7,1,1.2485,1.2497,28,19,4,6,1.2484,1.2498,35,34,1,4,1.2483,1.2499,272,312,5,7,1.2482,1.25,32,43,1,4,1.2481,1.2501,22,32,4,3
2024-12-30T08:10:05.000000000Z,2024-12-30T08:10:05.000000000Z,10,1,29307,A,N,0,1.2492,0,0,0,121,6BH5,1.2491,1.2493,20,26,6,1,1.249,1.2494,35,5,3,6,1.2489,1.2495,20,42,4,3,1.2488,1.2496,36,40,1,6,1.2487,1.2497,41,35,7,3,1.2486,1.2498,6,49,3,2,1.2485,1.2499,7,31,4,7,1.2484,1.25,34,22,2,4,1.2483,1.2501,35,12,7,7,1.2482,1.2502,5,22,3,3
2024-12-30T08:10:10.000000000Z,2024-12-30T08:10:10.000000000Z,10,1,29307,A,N,0,1.2491,0,0,0,122,6BH5,1.249,1.2492,10,21,6,5,1.2489,1.2493,46,13,5,7,1.2488,1.2494,10,10,5,4,1.2487,1.2495,31,41,2,1,1.2486,1.2496,47,43,2,6,1.2485,1.2497,34,40,6,3,1.2484,1.2498,7,5,4,2,1.2483,1.2499,22,27,5,7,1.2482,1.25,10,21,2,7,1.2481,1.2501,48,48,3,4
2024-12-30T08:10:15.000000000Z,2024-12-30T08:10:15.000000000Z,10,1,29307,A,N,0,1.2492,0,0,0,123,6BH5,1.2491,1.2493,46,29,7,2,1.249,1.2494,43,16,3,1,1.2489,1.2495,7,26,4,6,1.2488,1.2496,18,32,7,4,1.2487,1.2497,23,9,4,5,1.2486,1.2498,21,12,6,2,1.2485,1.2499,20,45,2,3,1.2484,1.25,32,49,4,4,1.2483,1.2501,23,15,6,6,1.2482,1.2502,43,22,4,6
2024-12-30T08:10:20.000000000Z,2024-12-30T08:10:20.000000000Z,10,1,29307,A,N,0,1.2491,0,0,0,124,6BH5,1.249,1.2492,48,46,4,3,1.2489,1.2493,37,49,6,2,1.2488,1.2494,328,136,2,6,1.2487,1.2495,24,8,4,5,1.2486,1.2496,40,27,5,3,1.2485,1.2497,20,47,2,4,1.2484,1.2498,5,40,3,2,1.2483,1.2499,28,38,4,3,1.2482,1.25,35,13,2,5,1.2481,1.2501,9,18,2,6
2024-12-30T08:10:25.000000000Z,2024-12-30T08:10:25.000000000Z,10,1,29307,A,N,0,1.2491,0,0,0,125,6BH5,1.249,1.2492,6,22,5,5,1.2489,1.2493,24,12,3,5,1.2488,1.2494,240,328,1,4,1.2487,1.2495,10,37,4,6,1.2486,1.2496,17,15,3,7,1.2485,1.2497,14,12,5,7,1.2484,1.2498,36,20,4,6,1.2483,1.2499,48,18,4,4,1.2482,1.25,20,48,2,7,1.2481,1.2501,47,13,6,7
2024-12-30T08:10:30.000000000Z,2024-12-30T08:10:30.000000000Z,10,1,29307,A,N,0,1.249,0,0,0,126,6BH5,1.2489,1.2491,21,13,6,4,1.2488,1.2492,13,16,1,2,1.2487,1.2493,20,27,2,5,1.2486,1.2494,45,41,1,6,1.2485,1.2495,46,20,6,1,1.2484,1.2496,47,23,4,3,1.2483,1.2497,29,11,7,6,1.2482,1.2498,28,29,6,4,1.2481,1.2499,33,31,5,2,1.248,1.25,38,25,6,3
2024-12-30T08:10:35.000000000Z,2024-12-30T08:10:35.000000000Z,10,1,29307,A,N,0,1.2489,0,0,0,127,6BH5,1.2488,1.249,16,28,2,6,1.2487,1.2491,15,23,6,1,1.2486,1.2492,160,240,2,3,1.2485,1.2493,376,152,6,6,1.2484,1.2494,11,22,4,2,1.2483,1.2495,25,11,4,3,1.2482,1.2496,18,14,1,7,1.2481,1.2497,35,14,3,3,1.248,1.2498,48,45,5,3,1.2479,1.2499,8,37,1,5
2024-12-30T08:10:40.000000000Z,2024-12-30T08:10:40.000000000Z,10,1,29307,A,N,0,1.2488,0,0,0,128,6BH5,1.2487,1.2489,128,264,7,5,1.2486,1.249,40,6,6,6,1.2485,1.2491,49,18,5,3,1.2484,1.2492,36,31,2,1,1.2483,1.2493,37,15,5,1,1.2482,1.2494,38,23,4,2,1.2481,1.2495,9,33,7,3,1.248,1.2496,19,8,6,1,1.2479,1.2497,20,30,1,2,1.2478,1.2498,39,28,5,3
2024-12-30T08:10:45.000000000Z,2024-12-30T08:10:45.000000000Z,10,1,29307,A,N,0,1.2488,0,0,0,129,6BH5,1.2487,1.2489,42,18,5,5,1.2486,1.249,26,22,3,2,1.2485,1.2491,5,13,5,4,1.2484,1.2492,34,35,7,7,1.2483,1.2493,14,29,4,4,1.2482,1.2494,49,17,1,4,1.2481,1.2495,15,16,1,7,1.248,1.2496,9,23,3,1,1.2479,1.2497,31,17,1,4,1.2478,1.2498,46,32,5,4
2024-12-30T08:10:50.000000000Z,2024-12-30T08:10:50.000000000Z,10,1,29307,A,N,0,1.2488,0,0,0,130,6BH5,1.2487,1.2489,31,30,7,5,1.2486,1.249,13,28,2,3,1.2485,1.2491,43,19,7,6,1.2484,1.2492,33,38,1,3,1.2483,1.2493,18,13,3,7,1.2482,1.2494,32,20,2,6,1.2481,1.2495,39,9,7,7,1.248,1.2496,26,8,2,4,1.2479,1.2497,18,37,4,2,1.2478,1.2498,36,8,1,2
2024-12-30T08:10:55.000000000Z,2024-12-30T08:10:55.000000000Z,10,1,29307,A,N,0,1.2487,0,0,0,131,6BH5,1.2486,1.2488,31,46,5,7,1.2485,1.2489,12,38,1,4,1.2484,1.249,35,15,5,4,1.2483,1.2491,40,49,6,1,1.2482,1.2492,40,12,1,4,1.2481,1.2493,40,40,4,3,1.248,1.2494,8,17,6,6,1.2479,1.2495,7,36,7,1,1.2478,1.2496,9,26,6,6,1.2477,1.2497,27,35,3,6
2024-12-30T08:11:00.000000000Z,2024-12-30T08:11:00.000000000Z,10,1,29307,A,N,0,1.2488,0,0,0,132,6BH5,1.2487,1.2489,49,17,6,7,1.2486,1.249,33,12,6,7,1.2485,1.2491,43,27,4,2,1.2484,1.2492,49,8,6,3,1.2483,1.2493,9,7,6,4,1.2482,1.2494,26,38,5,3,1.2481,1.2495,17,11,2,4,1.248,1.2496,36,26,4,4,1.2479,1.2497,32,17,7,7,1.2478,1.2498,26,41,6,5
2024-12-30T08:11:05.000000000Z,2024-12-30T08:11:05.000000000Z,10,1,29307,A,N,0,1.2487,0,0,0,133,6BH5,1.2486,1.2488,19,45,6,7,1.2485,1.2489,33,27,2,1,1.2484,1.249,36,49,1,1,1.2483,1.2491,44,22,4,7,1.2482,1.2492,5,40,1,1,1.2481,1.2493,32,30,4,2,1.248,1.2494,7,6,6,5,1.2479,1.2495,37,36,3,4,1.2478,1.2496,30,18,4,4,1.2477,1.2497,12,32,7,7
2024-12-30T08:11:10.000000000Z,2024-12-30T08:11:10.000000000Z,10,1,29307,A,N,0,1.2487,0,0,0,134,6BH5,1.2486,1.2488,45,40,2,7,1.2485,1.2489,22,41,1,5,1.2484,1.249,47,48,3,2,1.2483,1.2491,19,41,7,4,1.2482,1.2492,19,31,1,4,1.2481,1.2493,39,29,6,7,1.248,1.2494,38,27,6,3,1.2479,1.2495,42,17,5,1,1.2478,1.2496,22,37,6,3,1.2477,1.2497,8,18,6,6
2024-12-30T08:11:15.000000000Z,2024-12-30T08:11:15.000000000Z,10,1,29307,A,N,0,1.2486,0,0,0,135,6BH5,1.2485,1.2487,6,41,4,2,1.2484,1.2488,39,14,4,7,1.2483,1.2489,26,31,5,7,1.2482,1.249,26,13,3,1,1.2481,1.2491,352,248,3,5,1.248,1.2492,14,34,5,5,1.2479,1.2493,13,38,2,4,1.2478,1.2494,24,10,2,6,1.2477,1.2495,16,45,7,2,1.2476,1.2496,5,8,7,4
2024-12-30T08:11:20.000000000Z,2024-12-30T08:11:20.000000000Z,10,1,29307,A,N,0,1.2486,0,0,0,136,6BH5,1.2485,1.2487,39,17,2,5,1.2484,1.2488,24,11,1,1,1.2483,1.2489,48,48,4,1,1.2482,1.249,8,33,5,7,1.2481,1.2491,23,42,1,3,1.248,1.2492,41,32,2,7,1.2479,1.2493,38,23,3,5,1.2478,1.2494,41,36,5,4,1.2477,1.2495,20,18,6,7,1.2476,1.2496,36,25,4,1
2024-12-30T08:11:25.000000000Z,2024-12-30T08:11:25.000000000Z,10,1,29307,A,N,0,1.2487,0,0,0,137,6BH5,1.2486,1.2488,26,16,6,6,1.2485,1.2489,40,11,1,1,1.2484,1.249,48,48,6,2,1.2483,1.2491,49,20,6,7,1.2482,1.2492,29,35,7,1,1.2481,1.2493,29,34,7,4,1.248,1.2494,23,47,5,7,1.2479,1.2495,46,11,1,1,1.2478,1.2496,15,24,2,5,1.2477,1.2497,36,48,5,4
2024-12-30T08:11:30.000000000Z,2024-12-30T08:11:30.000000000Z,10,1,29307,A,N,0,1.2487,0,0,0,138,6BH5,1.2486,1.2488,192,304,4,7,1.2485,1.2489,36,26,5,1,1.2484,1.249,39,6,1,6,1.2483,1.2491,20,15,4,1,1.2482,1.2492,72,312,5,7,1.2481,1.2493,7,10,7,6,1.248,1.2494,22,34,6,5,1.2479,1.2495,15,5,2,1,1.2478,1.2496,30,37,3,2,1.2477,1.2497,5,5,1,5
2024-12-30T08:11:35.000000000Z,2024-12-30T08:11:35.000000000Z,10,1,29307,A,N,0,1.2486,0,0,0,139,6BH5,1.2485,1.2487,16,43,4,5,1.2484,1.2488,30,35,1,6,1.2483,1.2489,46,11,7,7,1.2482,1.249,28,23,1,3,1.2481,1.2491,46,36,6,6,1.248,1.2492,32,44,3,5,1.2479,1.2493,9,9,5,1,1.2478,1.2494,32,45,7,1,1.2477,1.2495,42,44,6,2,1.2476,1.2496,46,18,2,1
2024-12-30T08:11:40.000000000Z,2024-12-30T08:11:40.000000000Z,10,1,29307,A,N,0,1.2485,0,0,0,140,6BH5,1.2484,1.2486,32,40,5,5,1.2483,1.2487,21,15,5,7,1.2482,1.2488,34,14,7,4,1.2481,1.2489,9,41,3,3,1.248,1.249,12,11,5,5,1.2479,1.2491,22,28,1,2,1.2478,1.2492,21,10,3,1,1.2477,1.2493,44,10,4,6,1.2476,1.2494,39,27,4,1,1.2475,1.2495,31,10,5,7
2024-12-30T08:11:45.000000000Z,2024-12-30T08:11:45.000000000Z,10,1,29307,A,N,0,1.2486,0,0,0,141,6BH5,1.2485,1.2487,20,9,7,5,1.2484,1.2488,9,11,3,4,1.2483,1.2489,32,6,1,5,1.2482,1.249,35,36,1,2,1.2481,1.2491,352,184,4,6,1.248,1.2492,41,11,7,7,1.2479,1.2493,208,248,1,7,1.2478,1.2494,43,19,7,2,1.2477,1.2495,12,48,3,6,1.2476,1.2496,49,27,1,2
2024-12-30T08:11:50.000000000Z,2024-12-30T08:11:50.000000000Z,10,1,29307,A,N,0,1.2485,0,0,0,142,6BH5,1.2484,1.2486,8,24,2,1,1.2483,1.2487,21,44,3,1,1.2482,1.2488,30,20,5,4,1.2481,1.2489,12,13,5,1,1.248,1.249,13,10,3,2,1.2479,1.2491,47,28,1,1,1.2478,1.2492,39,33,1,7,1.2477,1.2493,19,33,5,2,1.2476,1.2494,41,18,4,3,1.2475,1.2495,31,48,3,7
2024-12-30T08:11:55.000000000Z,2024-12-30T08:11:55.000000000Z,10,1,29307,A,N,0,1.2485,0,0,0,143,6BH5,1.2484,1.2486,8,22,4,5,1.2483,1.2487,12,6,2,3,1.2482,1.2488,33,9,3,4,1.2481,1.2489,30,9,7,6,1.248,1.249,240,328,7,1,1.2479,1.2491,40,24,3,5,1.2478,1.2492,11,35,1,7,1.2477,1.2493,23,32,2,3,1.2476,1.2494,26,24,4,7,1.2475,1.2495,10,39,1,3
2024-12-30T08:12:00.000000000Z,2024-12-30T08:12:00.000000000Z,10,1,29307,A,N,0,1.2484,0,0,0,144,6BH5,1.2483,1.2485,40,11,5,7,1.2482,1.2486,48,8,3,6,1.2481,1.2487,22,19,3,1,1.248,1.2488,34,23,5,1,1.2479,1.2489,35,31,7,1,1.2478,1.249,11,24,5,4,1.2477,1.2491,40,23,2,2,1.2476,1.2492,28,13,6,1,1.2475,1.2493,19,25,7,1,1.2474,1.2494,6,40,2,1
2024-12-30T08:12:05.000000000Z,2024-12-30T08:12:05.000000000Z,10,1,29307,A,N,0,1.2483,0,0,0,145,6BH5,1.2482,1.2484,22,21,1,2,1.2481,1.2485,48,33,6,4,1.248,1.2486,6,44,5,4,1.2479,1.2487,45,35,2,3,1.2478,1.2488,38,35,3,4,1.2477,1.2489,304,136,3,7,1.2476,1.249,25,45,3,6,1.2475,1.2491,7,11,6,7,1.2474,1.2492,47,11,4,3,1.2473,1.2493,17,47,1,6
2024-12-30T08:12:10.000000000Z,2024-12-30T08:12:10.000000000Z,10,1,29307,A,N,0,1.2482,0,0,0,146,6BH5,1.2481,1.2483,17,49,3,1,1.248,1.2484,40,216,1,4,1.2479,1.2485,12,30,6,5,1.2478,1.2486,22,18,6,3,1.2477,1.2487,7,34,3,4,1.2476,1.2488,44,14,4,5,1.2475,1.2489,36,21,1,5,1.2474,1.249,41,13,1,2,1.2473,1.2491,28,27,7,7,1.2472,1.2492,6,22,5,3
2024-12-30T08:12:15.000000000Z,2024-12-30T08:12:15.000000000Z,10,1,29307,A,N,0,1.2483,0,0,0,147,6BH5,1.2482,1.2484,8,43,2,5,1.2481,1.2485,13,44,1,7,1.248,1.2486,27,49,3,6,1.2479,1.2487,32,20,2,4,1.2478,1.2488,26,15,5,1,1.2477,1.2489,20,46,7,1,1.2476,1.249,38,13,5,6,1.2475,1.2491,32,15,2,5,1.2474,1.2492,9,43,3,4,1.2473,1.2493,23,17,4,6
2024-12-30T08:12:20.000000000Z,2024-12-30T08:12:20.000000000Z,10,1,29307,A,N,0,1.2484,0,0,0,148,6BH5,1.2483,1.2485,6,12,6,3,1.2482,1.2486,25,32,1,5,1.2481,1.2487,30,15,3,5,1.248,1.2488,41,18,5,3,1.2479,1.2489,28,30,1,4,1.2478,1.249,34,19,3,1,1.2477,1.2491,13,17,3,6,1.2476,1.2492,23,36,3,7,1.2475,1.2493,18,20,1,4,1.2474,1.2494,392,120,4,5
2024-12-30T08:12:25.000000000Z,2024-12-30T08:12:25.000000000Z,10,1,29307,A,N,0,1.2484,0,0,0,149,6BH5,1.2483,1.2485,30,9,4,1,1.2482,1.2486,36,11,2,3,1.2481,1.2487,39,25,2,6,1.248,1.2488,13,45,6,4,1.2479,1.2489,18,41,4,5,1.2478,1.249,25,35,1,7,1.2477,1.2491,27,12,4,4,1.2476,1.2492,33,33,6,5,1.2475,1.2493,45,22,6,7,1.2474,1.2494,44,41,6,7
2024-12-30T08:12:30.000000000Z,2024-12-30T08:12:30.000000000Z,10,1,29307,A,N,0,1.2483,0,0,0,150,6BH5,1.2482,1.2484,37,40,6,6,1.2481,1.2485,32,11,2,2,1.248,1.2486,42,17,5,1,1.2479,1.2487,27,36,7,5,1.2478,1.2488,30,43,7,2,1.2477,1.2489,38,38,4,7,1.2476,1.249,24,45,2,6,1.2475,1.2491,46,29,1,1,1.2474,1.2492,47,23,2,3,1.2473,1.2493,13,37,7,6
2024-12-30T08:12:35.000000000Z,2024-12-30T08:12:35.000000000Z,10,1,29307,A,N,0,1.2483,0,0,0,151,6BH5,1.2482,1.2484,43,10,7,6,1.2481,1.2485,26,7,5,5,1.248,1.2486,35,49,2,3,1.2479,1.2487,26,23,2,5,1.2478,1.2488,200,168,3,7,1.2477,1.2489,40,7,2,5,1.2476,1.249,27,11,6,5,1.2475,1.2491,37,24,5,5,1.2474,1.2492,5,38,4,7,1.2473,1.2493,18,41,3,3
2024-12-30T08:12:40.000000000Z,2024-12-30T08:12:40.000000000Z,10,1,29307,A,N,0,1.2483,0,0,0,152,6BH5,1.2482,1.2484,5,10,1,4,1.2481,1.2485,45,35,4,1,1.248,1.2486,49,27,7,5,1.2479,1.2487,7,30,5,6,1.2478,1.2488,17,45,7,7,1.2477,1.2489,8,15,6,2,1.2476,1.249,35,43,3,4,1.2475,1.2491,32,20,7,1,1.2474,1.2492,9,34,1,5,1.2473,1.2493,15,38,5,2
2024-12-30T08:12:45.000000000Z,2024-12-30T08:12:45.000000000Z,10,1,29307,A,N,0,1.2483,0,0,0,153,6BH5,1.2482,1.2484,29,34,5,2,1.2481,1.2485,31,19,4,5,1.248,1.2486,7,7,5,1,1.2479,1.2487,43,9,2,6,1.2478,1.2488,46,8,1,5,1.2477,1.2489,16,16,2,4,1.2476,1.249,104,352,3,5,1.2475,1.2491,18,9,3,4,1.2474,1.2492,14,28,1,4,1.2473,1.2493,5,25,6,7
2024-12-30T08:12:50.000000000Z,2024-12-30T08:12:50.000000000Z,10,1,29307,A,N,0,1.2482,0,0,0,154,6BH5,1.2481,1.2483,26,9,4,2,1.248,1.2484,13,31,6,4,1.2479,1.2485,39,19,2,4,1.2478,1.2486,37,40,3,5,1.2477,1.2487,25,41,3,1,1.2476,1.2488,21,21,2,6,1.2475,1.2489,37,8,1,2,1.2474,1.249,42,49,7,3,1.2473,1.2491,35,45,1,2,1.2472,1.2492,27,16,5,5
2024-12-30T08:12:55.000000000Z,2024-12-30T08:12:55.000000000Z,10,1,29307,A,N,0,1.2483,0,0,0,155,6BH5,1.2482,1.2484,168,328,2,3,1.2481,1.2485,14,30,7,6,1.248,1.2486,216,368,5,4,1.2479,1.2487,25,28,4,5,1.2478,1.2488,6,41,7,3,1.2477,1.2489,5,47,4,2,1.2476,1.249,32,13,7,4,1.2475,1.2491,45,7,6,2,1.2474,1.2492,29,26,2,7,1.2473,1.2493,24,40,5,7
2024-12-30T08:13:00.000000000Z,2024-12-30T08:13:00.000000000Z,10,1,29307,A,N,0,1.2483,0,0,0,156,6BH5,1.2482,1.2484,36,46,4,5,1.2481,1.2485,36,28,3,6,1.248,1.2486,44,27,7,1,1.2479,1.2487,11,34,5,2,1.2478,1.2488,144,176,3,1,1.2477,1.2489,43,40,7,7,1.2476,1.249,44,20,1,1,1.2475,1.2491,38,6,4,3,1.2474,1.2492,176,72,7,6,1.2473,1.2493,16,16,1,2
2024-12-30T08:13:05.000000000Z,2024-12-30T08:13:05.000000000Z,10,1,29307,A,N,0,1.2484,0,0,0,157,6BH5,1.2483,1.2485,20,8,2,3,1.2482,1.2486,45,42,4,3,1.2481,1.2487,14,15,7,2,1.248,1.2488,30,8,2,6,1.2479,1.2489,6,20,4,1,1.2478,1.249,17,25,7,1,1.2477,1.2491,17,19,4,3,1.2476,1.2492,7,43,3,1,1.2475,1.2493,45,16,5,1,1.2474,1.2494,29,39,5,7
2024-12-30T08:13:10.000000000Z,2024-12-30T08:13:10.000000000Z,10,1,29307,A,N,0,1.2483,0,0,0,158,6BH5,1.2482,1.2484,14,28,3,5,1.2481,1.2485,28,23,6,1,1.248,1.2486,30,29,3,2,1.2479,1.2487,10,36,2,7,1.2478,1.2488,35,41,5,6,1.2477,1.2489,41,23,6,4,1.2476,1.249,31,6,6,2,1.2475,1.2491,21,8,6,7,1.2474,1.2492,20,44,2,3,1.2473,1.2493,8,31,2,5
2024-12-30T08:13:15.000000000Z,2024-12-30T08:13:15.000000000Z,10,1,29307,A,N,0,1.2482,0,0,0,159,6BH5,1.2481,1.2483,47,14,2,1,1.248,1.2484,48,34,6,1,1.2479,1.2485,19,32,4,1,1.2478,1.2486,40,17,6,4,1.2477,1.2487,17,28,6,6,1.2476,1.2488,29,37,1,2,1.2475,1.2489,43,29,4,5,1.2474,1.249,45,45,6,4,1.2473,1.2491,25,19,7,2,1.2472,1.2492,28,7,2,1
2024-12-30T08:13:20.000000000Z,2024-12-30T08:13:20.000000000Z,10,1,29307,A,N,0,1.2481,0,0,0,160,6BH5,1.248,1.2482,176,352,7,3,1.2479,1.2483,8,29,4,4,1.2478,1.2484,48,44,4,5,1.2477,1.2485,39,48,2,7,1.2476,1.2486,360,72,6,5,1.2475,1.2487,27,7,4,5,1.2474,1.2488,45,24,3,7,1.2473,1.2489,17,12,5,1,1.2472,1.249,45,9,4,4,1.2471,1.2491,26,18,3,5
2024-12-30T08:13:25.000000000Z,2024-12-30T08:13:25.000000000Z,10,1,29307,A,N,0,1.2482,0,0,0,161,6BH5,1.2481,1.2483,37,26,1,3,1.248,1.2484,33,43,4,6,1.2479,1.2485,13,12,6,7,1.2478,1.2486,26,41,7,6,1.2477,1.2487,45,40,2,6,1.2476,1.2488,11,24,1,1,1.2475,1.2489,9,29,6,2,1.2474,1.249,29,21,6,7,1.2473,1.2491,25,27,3,2,1.2472,1.2492,5,41,7,4
2024-12-30T08:13:30.000000000Z,2024-12-30T08:13:30.000000000Z,10,1,29307,A,N,0,1.2482,0,0,0,162,6BH5,1.2481,1.2483,5,24,4,7,1.248,1.2484,16,26,1,6,1.2479,1.2485,16,25,5,5,1.2478,1.2486,45,22,4,4,1.2477,1.2487,29,27,5,2,1.2476,1.2488,39,15,4,1,1.2475,1.2489,34,8,7,3,1.2474,1.249,35,5,3,4,1.2473,1.2491,5,23,7,4,1.2472,1.2492,48,80,5,1
2024-12-30T08:13:35.000000000Z,2024-12-30T08:13:35.000000000Z,10,1,29307,A,N,0,1.2483,0,0,0,163,6BH5,1.2482,1.2484,41,33,4,4,1.2481,1.2485,29,25,2,2,1.248,1.2486,27,21,7,2,1.2479,1.2487,192,344,3,2,1.2478,1.2488,192,120,4,6,1.2477,1.2489,20,16,4,2,1.2476,1.249,264,256,2,5,1.2475,1.2491,35,23,7,7,1.2474,1.2492,21,40,4,1,1.2473,1.2493,6,22,7,6
2024-12-30T08:13:40.000000000Z,2024-12-30T08:13:40.000000000Z,10,1,29307,A,N,0,1.2484,0,0,0,164,6BH5,1.2483,1.2485,39,24,7,4,1.2482,1.2486,20,42,5,5,1.2481,1.2487,42,49,3,5,1.248,1.2488,49,43,4,6,1.2479,1.2489,8,34,5,3,1.2478,1.249,12,21,6,4,1.2477,1.2491,38,49,5,3,1.2476,1.2492,45,33,7,6,1.2475,1.2493,18,41,4,5,1.2474,1.2494,46,28,5,4
2024-12-30T08:13:45.000000000Z,2024-12-30T08:13:45.000000000Z,10,1,29307,A,N,0,1.2484,0,0,0,165,6BH5,1.2483,1.2485,25,7,5,3,1.2482,1.2486,40,21,1,6,1.2481,1.2487,8,21,6,3,1.248,1.2488,36,31,4,3,1.2479,1.2489,44,48,5,1,1.2478,1.249,43,33,7,5,1.2477,1.2491,14,27,7,1,1.2476,1.2492,19,25,5,2,1.2475,1.2493,27,45,5,1,1.2474,1.2494,43,30,7,7
2024-12-30T08:13:50.000000000Z,2024-12-30T08:13:50.000000000Z,10,1,29307,A,N,0,1.2484,0,0,0,166,6BH5,1.2483,1.2485,15,22,4,1,1.2482,1.2486,40,21,1,5,1.2481,1.2487,35,49,3,3,1.248,1.2488,21,15,1,4,1.2479,1.2489,45,24,7,5,1.2478,1.249,43,49,5,7,1.2477,1.2491,21,23,2,2,1.2476,1.2492,7,43,1,4,1.2475,1.2493,19,23,5,3,1.2474,1.2494,42,19,5,1
2024-12-30T08:13:55.000000000Z,2024-12-30T08:13:55.000000000Z,10,1,29307,A,N,0,1.2485,0,0,0,167,6BH5,1.2484,1.2486,28,33,6,4,1.2483,1.2487,26,17,2,4,1.2482,1.2488,33,20,4,1,1.2481,1.2489,10,26,1,1,1.248,1.249,10,44,6,6,1.2479,1.2491,46,22,6,2,1.2478,1.2492,41,18,2,2,1.2477,1.2493,27,6,7,7,1.2476,1.2494,26,32,6,4,1.2475,1.2495,22,28,1,3
2024-12-30T08:14:00.000000000Z,2024-12-30T08:14:00.000000000Z,10,1,29307,A,N,0,1.2485,0,0,0,168,6BH5,1.2484,1.2486,30,23,2,5,1.2483,1.2487,18,13,5,3,1.2482,1.2488,16,39,7,6,1.2481,1.2489,43,18,4,1,1.248,1.249,47,5,7,5,1.2479,1.2491,21,39,7,2,1.2478,1.2492,35,43,4,4,1.2477,1.2493,26,48,2,6,1.2476,1.2494,48,19,6,3,1.2475,1.2495,30,9,1,4
2024-12-30T08:14:05.000000000Z,2024-12-30T08:14:05.000000000Z,10,1,29307,A,N,0,1.2485,0,0,0,169,6BH5,1.2484,1.2486,25,40,4,4,1.2483,1.2487,40,15,7,1,1.2482,1.2488,192,288,7,1,1.2481,1.2489,20,46,1,7,1.248,1.249,28,29,7,1,1.2479,1.2491,43,39,6,6,1.2478,1.2492,42,24,1,1,1.2477,1.2493,36,40,2,5,1.2476,1.2494,34,21,6,2,1.2475,1.2495,19,5,5,2
2024-12-30T08:14:10.000000000Z,2024-12-30T08:14:10.000000000Z,10,1,29307,A,N,0,1.2485,0,0,0,170,6BH5,1.2484,1.2486,23,6,5,1,1.2483,1.2487,44,48,3,2,1.2482,1.2488,32,8,1,3,1.2481,1.2489,11,26,2,5,1.248,1.249,24,18,1,5,1.2479,1.2491,26,21,7,7,1.2478,1.2492,6,22,3,5,1.2477,1.2493,23,13,4,6,1.2476,1.2494,6,21,3,2,1.2475,1.2495,7,25,6,7
2024-12-30T08:14:15.000000000Z,2024-12-30T08:14:15.000000000Z,10,1,29307,A,N,0,1.2486,0,0,0,171,6BH5,1.2485,1.2487,45,14,4,7,1.2484,1.2488,14,21,6,4,1.2483,1.2489,31,37,3,5,1.2482,1.249,37,25,7,7,1.2481,1.2491,37,26,1,6,1.248,1.2492,14,20,5,3,1.2479,1.2493,24,8,4,6,1.2478,1.2494,47,47,7,6,1.2477,1.2495,47,7,1,5,1.2476,1.2496,36,41,4,4
2024-12-30T08:14:20.000000000Z,2024-12-30T08:14:20.000000000Z,10,1,29307,A,N,0,1.2486,0,0,0,172,6BH5,1.2485,1.2487,38,39,2,1,1.2484,1.2488,48,21,6,1,1.2483,1.2489,10,13,1,5,1.2482,1.249,144,248,1,4,1.2481,1.2491,19,40,3,5,1.248,1.2492,13,34,3,6,1.2479,1.2493,7,38,2,2,1.2478,1.2494,46,36,7,3,1.2477,1.2495,22,31,3,7,1.2476,1.2496,11,35,1,2
2024-12-30T08:14:25.000000000Z,2024-12-30T08:14:25.000000000Z,10,1,29307,A,N,0,1.2487,0,0,0,173,6BH5,1.2486,1.2488,18,22,4,4,1.2485,1.2489,25,37,4,5,1.2484,1.249,34,32,5,3,1.2483,1.2491,46,39,7,6,1.2482,1.2492,13,16,6,5,1.2481,1.2493,23,17,2,5,1.248,1.2494,19,25,3,6,1.2479,1.2495,21,14,1,5,1.2478,1.2496,16,6,2,5,1.2477,1.2497,37,30,7,6
2024-12-30T08:14:30.000000000Z,2024-12-30T08:14:30.000000000Z,10,1,29307,A,N,0,1.2486,0,0,0,174,6BH5,1.2485,1.2487,30,25,1,7,1.2484,1.2488,20,17,2,2,1.2483,1.2489,28,17,3,7,1.2482,1.249,45,7,7,4,1.2481,1.2491,34,39,5,4,1.248,1.2492,42,30,2,1,1.2479,1.2493,23,32,7,5,1.2478,1.2494,34,41,4,5,1.2477,1.2495,27,10,4,1,1.2476,1.2496,45,20,7,2
2024-12-30T08:14:35.000000000Z,2024-12-30T08:14:35.000000000Z,10,1,29307,A,N,0,1.2486,0,0,0,175,6BH5,1.2485,1.2487,41,17,4,1,1.2484,1.2488,32,33,1,7,1.2483,1.2489,48,42,4,5,1.2482,1.249,12,18,7,6,1.2481,1.2491,25,19,4,1,1.248,1.2492,24,5,5,2,1.2479,1.2493,22,13,6,5,1.2478,1.2494,35,47,5,1,1.2477,1.2495,5,9,1,5,1.2476,1.2496,41,27,4,2
2024-12-30T08:14:40.000000000Z,2024-12-30T08:14:40.000000000Z,10,1,29307,A,N,0,1.2485,0,0,0,176,6BH5,1.2484,1.2486,20,9,7,4,1.2483,1.2487,10,17,3,6,1.2482,1.2488,13,20,1,4,1.2481,1.2489,22,17,5,3,1.248,1.249,49,48,6,5,1.2479,1.2491,5,13,4,4,1.2478,1.2492,13,39,6,3,1.2477,1.2493,39,24,2,4,1.2476,1.2494,17,34,4,4,1.2475,1.2495,5,15,2,3
2024-12-30T08:14:45.000000000Z,2024-12-30T08:14:45.000000000Z,10,1,29307,A,N,0,1.2484,0,0,0,177,6BH5,1.2483,1.2485,7,22,1,5,1.2482,1.2486,18,42,3,7,1.2481,1.2487,15,43,3,2,1.248,1.2488,13,9,4,5,1.2479,1.2489,43,47,7,4,1.2478,1.249,49,26,5,7,1.2477,1.2491,34,37,4,3,1.2476,1.2492,5,40,6,5,1.2475,1.2493,17,15,3,6,1.2474,1.2494,19,17,2,1
2024-12-30T08:14:50.000000000Z,2024-12-30T08:14:50.000000000Z,10,1,29307,A,N,0,1.2485,0,0,0,178,6BH5,1.2484,1.2486,28,24,4,1,1.2483,1.2487,28,30,5,6,1.2482,1.2488,38,31,4,1,1.2481,1.2489,47,7,6,2,1.248,1.249,20,13,5,2,1.2479,1.2491,25,46,7,6,1.2478,1.2492,25,18,2,1,1.2477,1.2493,17,21,6,7,1.2476,1.2494,20,28,7,3,1.2475,1.2495,43,26,1,1
2024-12-30T08:14:55.000000000Z,2024-12-30T08:14:55.000000000Z,10,1,29307,A,N,0,1.2486,0,0,0,179,6BH5,1.2485,1.2487,22,18,4,3,1.2484,1.2488,40,23,5,1,1.2483,1.2489,36,19,1,3,1.2482,1.249,9,26,2,2,1.2481,1.2491,7,32,1,6,1.248,1.2492,328,208,4,3,1.2479,1.2493,23,37,5,1,1.2478,1.2494,312,136,6,3,1.2477,1.2495,20,45,3,3,1.2476,1.2496,35,18,5,3
2024-12-30T08:15:00.000000000Z,2024-12-30T08:15:00.000000000Z,10,1,29307,A,N,0,1.2487,0,0,0,180,6BH5,1.2486,1.2488,24,6,1,7,1.2485,1.2489,46,10,7,4,1.2484,1.249,33,23,1,7,1.2483,1.2491,17,36,3,3,1.2482,1.2492,13,12,5,6,1.2481,1.2493,104,136,2,6,1.248,1.2494,35,39,2,6,1.2479,1.2495,14,13,6,7,1.2478,1.2496,44,28,1,1,1.2477,1.2497,24,21,4,6
2024-12-30T08:15:05.000000000Z,2024-12-30T08:15:05.000000000Z,10,1,29307,A,N,0,1.2488,0,0,0,181,6BH5,1.2487,1.2489,32,5,1,4,1.2486,1.249,10,11,1,5,1.2485,1.2491,38,39,3,4,1.2484,1.2492,46,39,7,6,1.2483,1.2493,14,47,3,7,1.2482,1.2494,13,44,4,1,1.2481,1.2495,19,32,4,6,1.248,1.2496,22,25,7,3,1.2479,1.2497,19,49,5,4,1.2478,1.2498,30,45,7,1
2024-12-30T08:15:10.000000000Z,2024-12-30T08:15:10.000000000Z,10,1,29307,A,N,0,1.2487,0,0,0,182,6BH5,1.2486,1.2488,8,14,6,3,1.2485,1.2489,13,33,5,6,1.2484,1.249,42,28,7,2,1.2483,1.2491,30,32,4,6,1.2482,1.2492,7,26,7,6,1.2481,1.2493,48,22,4,7,1.248,1.2494,9,48,1,5,1.2479,1.2495,18,48,2,7,1.2478,1.2496,49,20,5,3,1.2477,1.2497,32,13,4,2
2024-12-30T08:15:15.000000000Z,2024-12-30T08:15:15.000000000Z,10,1,29307,A,N,0,1.2486,0,0,0,183,6BH5,1.2485,1.2487,30,14,2,5,1.2484,1.2488,36,28,3,6,1.2483,1.2489,31,19,4,3,1.2482,1.249,13,49,7,1,1.2481,1.2491,18,36,1,6,1.248,1.2492,9,24,6,3,1.2479,1.2493,34,31,2,2,1.2478,1.2494,48,28,4,1,1.2477,1.2495,47,34,7,6,1.2476,1.2496,26,45,7,1
2024-12-30T08:15:20.000000000Z,2024-12-30T08:15:20.000000000Z,10,1,29307,A,N,0,1.2486,0,0,0,184,6BH5,1.2485,1.2487,45,33,4,7,1.2484,1.2488,23,27,7,2,1.2483,1.2489,42,42,3,2,1.2482,1.249,9,24,4,6,1.2481,1.2491,42,40,6,5,1.248,1.2492,41,25,5,4,1.2479,1.2493,40,17,3,4,1.2478,1.2494,35,41,5,4,1.2477,1.2495,38,33,3,7,1.2476,1.2496,47,20,5,2
2024-12-30T08:15:25.000000000Z,2024-12-30T08:15:25.000000000Z,10,1,29307,A,N,0,1.2487,0,0,0,185,6BH5,1.2486,1.2488,43,37,6,2,1.2485,1.2489,15,24,6,5,1.2484,1.249,19,42,2,5,1.2483,1.2491,28,5,2,3,1.2482,1.2492,30,33,4,2,1.2481,1.2493,44,9,7,1,1.248,1.2494,17,21,5,1,1.2479,1.2495,224,320,1,2,1.2478,1.2496,46,34,5,3,1.2477,1.2497,7,30,7,6
2024-12-30T08:15:30.000000000Z,2024-12-30T08:15:30.000000000Z,10,1,29307,A,N,0,1.2486,0,0,0,186,6BH5,1.2485,1.2487,32,8,3,5,1.2484,1.2488,80,160,6,7,1.2483,1.2489,9,41,4,1,1.2482,1.249,28,15,2,3,1.2481,1.2491,12,27,4,3,1.248,1.2492,34,43,5,2,1.2479,1.2493,7,11,3,5,1.2478,1.2494,27,37,5,6,1.2477,1.2495,46,9,7,6,1.2476,1.2496,31,12,4,3
2024-12-30T08:15:35.000000000Z,2024-12-30T08:15:35.000000000Z,10,1,29307,A,N,0,1.2487,0,0,0,187,6BH5,1.2486,1.2488,6,35,5,2,1.2485,1.2489,41,24,7,3,1.2484,1.249,38,25,4,6,1.2483,1.2491,42,7,5,3,1.2482,1.2492,56,168,6,7,1.2481,1.2493,42,44,3,3,1.248,1.2494,9,18,3,1,1.2479,1.2495,40,44,3,5,1.2478,1.2496,28,43,7,2,1.2477,1.2497,47,17,6,5
2024-12-30T08:15:40.000000000Z,2024-12-30T08:15:40.000000000Z,10,1,29307,A,N,0,1.2487,0,0,0,188,6BH5,1.2486,1.2488,47,43,2,2,1.2485,1.2489,41,20,6,7,1.2484,1.249,248,360,6,1,1.2483,1.2491,15,41,6,6,1.2482,1.2492,34,22,4,7,1.2481,1.2493,20,27,3,6,1.248,1.2494,26,43,7,1,1.2479,1.2495,32,40,6,1,1.2478,1.2496,27,33,6,3,1.2477,1.2497,33,46,6,2
2024-12-30T08:15:45.000000000Z,2024-12-30T08:15:45.000000000Z,10,1,29307,A,N,0,1.2488,0,0,0,189,6BH5,1.2487,1.2489,38,49,7,6,1.2486,1.249,47,26,7,4,1.2485,1.2491,36,33,7,5,1.2484,1.2492,17,49,1,6,1.2483,1.2493,48,30,7,6,1.2482,1.2494,9,29,1,4,1.2481,1.2495,33,39,7,4,1.248,1.2496,48,36,7,7,1.2479,1.2497,21,41,7,4,1.2478,1.2498,27,15,4,5
2024-12-30T08:15:50.000000000Z,2024-12-30T08:15:50.000000000Z,10,1,29307,A,N,0,1.2488,0,0,0,190,6BH5,1.2487,1.2489,13,46,5,6,1.2486,1.249,26,36,7,2,1.2485,1.2491,32,28,6,5,1.2484,1.2492,80,240,6,5,1.2483,1.2493,40,14,4,3,1.2482,1.2494,25,14,4,6,1.2481,1.2495,10,30,4,6,1.248,1.2496,5,23,2,1,1.2479,1.2497,48,16,6,7,1.2478,1.2498,7,25,4,3
2024-12-30T08:15:55.000000000Z,2024-12-30T08:15:55.000000000Z,10,1,29307,A,N,0,1.2488,0,0,0,191,6BH5,1.2487,1.2489,15,24,2,1,1.2486,1.249,13,43,5,1,1.2485,1.2491,7,20,4,7,1.2484,1.2492,27,31,7,3,1.2483,1.2493,17,47,5,5,1.2482,1.2494,33,15,3,2,1.2481,1.2495,9,29,1,1,1.248,1.2496,29,37,7,6,1.2479,1.2497,29,8,1,6,1.2478,1.2498,20,17,6,6
2024-12-30T08:16:00.000000000Z,2024-12-30T08:16:00.000000000Z,10,1,29307,A,N,0,1.2489,0,0,0,192,6BH5,1.2488,1.249,45,8,2,3,1.2487,1.2491,20,22,2,5,1.2486,1.2492,19,19,3,6,1.2485,1.2493,45,41,4,2,1.2484,1.2494,22,20,5,1,1.2483,1.2495,25,17,7,7,1.2482,1.2496,6,10,5,3,1.2481,1.2497,16,40,4,7,1.248,1.2498,18,39,3,5,1.2479,1.2499,17,12,4,4
2024-12-30T08:16:05.000000000Z,2024-12-30T08:16:05.000000000Z,10,1,29307,A,N,0,1.249,0,0,0,193,6BH5,1.2489,1.2491,38,46,7,1,1.2488,1.2492,40,20,1,2,1.2487,1.2493,7,24,3,5,1.2486,1.2494,34,26,3,3,1.2485,1.2495,6,12,6,2,1.2484,1.2496,12,11,5,2,1.2483,1.2497,36,23,7,6,1.2482,1.2498,41,23,1,7,1.2481,1.2499,5,43,4,1,1.248,1.25,48,24,7,5
2024-12-30T08:16:10.000000000Z,2024-12-30T08:16:10.000000000Z,10,1,29307,A,N,0,1.2489,0,0,0,194,6BH5,1.2488,1.249,25,6,5,2,1.2487,1.2491,46,47,6,5,1.2486,1.2492,13,24,5,6,1.2485,1.2493,8,42,2,4,1.2484,1.2494,39,34,2,4,1.2483,1.2495,16,19,5,5,1.2482,1.2496,14,16,2,6,1.2481,1.2497,25,39,7,2,1.248,1.2498,39,6,7,5,1.2479,1.2499,14,28,4,1
2024-12-30T08:16:15.000000000Z,2024-12-30T08:16:15.000000000Z,10,1,29307,A,N,0,1.249,0,0,0,195,6BH5,1.2489,1.2491,45,44,3,2,1.2488,1.2492,47,22,2,5,1.2487,1.2493,13,13,1,7,1.2486,1.2494,46,20,6,3,1.2485,1.2495,33,23,2,1,1.2484,1.2496,33,20,6,2,1.2483,1.2497,49,34,4,2,1.2482,1.2498,16,10,7,7,1.2481,1.2499,8,13,5,2,1.248,1.25,27,8,2,5
2024-12-30T08:16:20.000000000Z,2024-12-30T08:16:20.000000000Z,10,1,29307,A,N,0,1.2491,0,0,0,196,6BH5,1.249,1.2492,49,46,7,3,1.2489,1.2493,18,39,3,2,1.2488,1.2494,17,38,4,5,1.2487,1.2495,112,288,4,4,1.2486,1.2496,37,45,3,7,1.2485,1.2497,36,16,6,3,1.2484,1.2498,32,17,4,6,1.2483,1.2499,33,17,3,5,1.2482,1.25,23,13,4,7,1.2481,1.2501,49,6,7,3
2024-12-30T08:16:25.000000000Z,2024-12-30T08:16:25.000000000Z,10,1,29307,A,N,0,1.249,0,0,0,197,6BH5,1.2489,1.2491,20,47,7,6,1.2488,1.2492,42,23,5,7,1.2487,1.2493,30,13,1,1,1.2486,1.2494,45,41,4,2,1.2485,1.2495,45,39,6,1,1.2484,1.2496,33,28,4,5,1.2483,1.2497,27,44,3,5,1.2482,1.2498,45,29,7,7,1.2481,1.2499,49,9,5,7,1.248,1.25,5,34,2,2
2024-12-30T08:16:30.000000000Z,2024-12-30T08:16:30.000000000Z,10,1,29307,A,N,0,1.2489,0,0,0,198,6BH5,1.2488,1.249,19,23,2,3,1.2487,1.2491,20,20,4,6,1.2486,1.2492,13,44,2,5,1.2485,1.2493,392,392,7,5,1.2484,1.2494,36,44,3,3,1.2483,1.2495,48,10,5,1,1.2482,1.2496,10,37,5,6,1.2481,1.2497,48,21,7,7,1.248,1.2498,15,32,5,4,1.2479,1.2499,45,42,6,2
2024-12-30T08:16:35.000000000Z,2024-12-30T08:16:35.000000000Z,10,1,29307,A,N,0,1.2489,0,0,0,199,6BH5,1.2488,1.249,16,44,2,1,1.2487,1.2491,34,40,4,3,1.2486,1.2492,22,31,5,6,1.2485,1.2493,15,31,1,7,1.2484,1.2494,34,28,3,4,1.2483,1.2495,27,16,1,1,1.2482,1.2496,27,35,5,5,1.2481,1.2497,48,13,6,4,1.248,1.2498,7,41,4,2,1.2479,1.2499,38,19,3,4
2024-12-30T08:16:40.000000000Z,2024-12-30T08:16:40.000000000Z,10,1,29307,A,N,0,1.2489,0,0,0,200,6BH5,1.2488,1.249,41,8,7,4,1.2487,1.2491,272,392,5,4,1.2486,1.2492,11,32,7,4,1.2485,1.2493,24,15,2,2,1.2484,1.2494,27,24,4,3,1.2483,1.2495,17,45,1,7,1.2482,1.2496,35,27,4,5,1.2481,1.2497,20,46,5,4,1.248,1.2498,48,33,5,4,1.2479,1.2499,42,42,4,5
2024-12-30T08:16:45.000000000Z,2024-12-30T08:16:45.000000000Z,10,1,29307,A,N,0,1.249,0,0,0,201,6BH5,1.2489,1.2491,49,24,3,7,1.2488,1.2492,39,12,4,1,1.2487,1.2493,12,15,5,5,1.2486,1.2494,11,22,4,4,1.2485,1.2495,33,15,5,6,1.2484,1.2496,36,37,1,7,1.2483,1.2497,47,22,2,5,1.2482,1.2498,47,12,2,5,1.2481,1.2499,14,44,2,1,1.248,1.25,40,6,3,2
2024-12-30T08:16:50.000000000Z,2024-12-30T08:16:50.000000000Z,10,1,29307,A,N,0,1.2489,0,0,0,202,6BH5,1.2488,1.249,23,30,6,3,1.2487,1.2491,232,168,2,5,1.2486,1.2492,15,15,4,1,1.2485,1.2493,28,18,7,2,1.2484,1.2494,40,21,5,5,1.2483,1.2495,24,24,3,3,1.2482,1.2496,37,9,7,7,1.2481,1.2497,29,32,1,6,1.248,1.2498,42,37,3,1,1.2479,1.2499,48,17,4,2
2024-12-30T08:16:55.000000000Z,2024-12-30T08:16:55.000000000Z,10,1,29307,A,N,0,1.2489,0,0,0,203,6BH5,1.2488,1.249,23,35,1,4,1.2487,1.2491,29,37,4,5,1.2486,1.2492,47,13,6,3,1.2485,1.2493,30,45,2,6,1.2484,1.2494,43,20,7,5,1.2483,1.2495,9,15,5,6,1.2482,1.2496,31,38,6,1,1.2481,1.2497,46,15,3,3,1.248,1.2498,5,16,5,7,1.2479,1.2499,49,36,6,2
2024-12-30T08:17:00.000000000Z,2024-12-30T08:17:00.000000000Z,10,1,29307,A,N,0,1.2489,0,0,0,204,6BH5,1.2488,1.249,44,8,7,7,1.2487,1.2491,14,11,1,1,1.2486,1.2492,20,18,3,3,1.2485,1.2493,34,45,3,2,1.2484,1.2494,35,21,5,3,1.2483,1.2495,19,18,6,2,1.2482,1.2496,47,38,4,3,1.2481,1.2497,15,17,2,2,1.248,1.2498,37,42,3,1,1.2479,1.2499,39,40,6,7
2024-12-30T08:17:05.000000000Z,2024-12-30T08:17:05.000000000Z,10,1,29307,A,N,0,1.2488,0,0,0,205,6BH5,1.2487,1.2489,44,17,4,6,1.2486,1.249,12,38,4,1,1.2485,1.2491,43,46,5,2,1.2484,1.2492,25,24,6,1,1.2483,1.2493,32,11,3,4,1.2482,1.2494,40,38,2,1,1.2481,1.2495,6,40,1,3,1.248,1.2496,30,49,6,2,1.2479,1.2497,33,28,7,4,1.2478,1.2498,15,31,7,1
2024-12-30T08:17:10.000000000Z,2024-12-30T08:17:10.000000000Z,10,1,29307,A,N,0,1.2488,0,0,0,206,6BH5,1.2487,1.2489,32,49,5,6,1.2486,1.249,10,46,3,5,1.2485,1.2491,7,10,6,5,1.2484,1.2492,80,296,1,4,1.2483,1.2493,47,17,1,3,1.2482,1.2494,40,9,7,1,1.2481,1.2495,23,39,3,2,1.248,1.2496,10,23,1,7,1.2479,1.2497,23,37,2,1,1.2478,1.2498,46,31,6,2
2024-12-30T08:17:15.000000000Z,2024-12-30T08:17:15.000000000Z,10,1,29307,A,N,0,1.2487,0,0,0,207,6BH5,1.2486,1.2488,24,28,7,5,1.2485,1.2489,30,24,6,3,1.2484,1.249,37,26,6,5,1.2483,1.2491,14,16,3,4,1.2482,1.2492,44,14,2,2,1.2481,1.2493,34,8,1,3,1.248,1.2494,34,30,2,2,1.2479,1.2495,45,46,5,5,1.2478,1.2496,38,8,4,3,1.2477,1.2497,47,17,3,2
2024-12-30T08:17:20.000000000Z,2024-12-30T08:17:20.000000000Z,10,1,29307,A,N,0,1.2486,0,0,0,208,6BH5,1.2485,1.2487,37,18,2,2,1.2484,1.2488,7,8,7,5,1.2483,1.2489,21,14,7,1,1.2482,1.249,112,88,7,3,1.2481,1.2491,44,39,2,5,1.248,1.2492,34,44,2,6,1.2479,1.2493,14,46,7,3,1.2478,1.2494,17,44,1,6,1.2477,1.2495,20,13,4,2,1.2476,1.2496,37,28,3,3
2024-12-30T08:17:25.000000000Z,2024-12-30T08:17:25.000000000Z,10,1,29307,A,N,0,1.2486,0,0,0,209,6BH5,1.2485,1.2487,17,27,1,2,1.2484,1.2488,25,14,1,3,1.2483,1.2489,256,360,2,3,1.2482,1.249,44,44,5,6,1.2481,1.2491,19,40,3,1,1.248,1.2492,45,16,7,6,1.2479,1.2493,48,24,7,5,1.2478,1.2494,6,20,5,6,1.2477,1.2495,23,26,7,2,1.2476,1.2496,21,17,7,4
2024-12-30T08:17:30.000000000Z,2024-12-30T08:17:30.000000000Z,10,1,29307,A,N,0,1.2487,0,0,0,210,6BH5,1.2486,1.2488,9,40,4,7,1.2485,1.2489,33,8,1,3,1.2484,1.249,17,24,7,2,1.2483,1.2491,46,41,4,1,1.2482,1.2492,40,12,4,4,1.2481,1.2493,42,20,2,5,1.248,1.2494,42,15,2,1,1.2479,1.2495,35,9,4,3,1.2478,1.2496,20,22,3,1,1.2477,1.2497,22,8,3,7
2024-12-30T08:17:35.000000000Z,2024-12-30T08:17:35.000000000Z,10,1,29307,A,N,0,1.2486,0,0,0,211,6BH5,1.2485,1.2487,35,9,4,2,1.2484,1.2488,24,34,2,1,1.2483,1.2489,19,45,6,6,1.2482,1.249,24,39,7,4,1.2481,1.2491,29,26,7,6,1.248,1.2492,24,39,3,5,1.2479,1.2493,38,38,4,3,1.2478,1.2494,30,16,1,3,1.2477,1.2495,30,27,1,1,1.2476,1.2496,34,27,2,6
2024-12-30T08:17:40.000000000Z,2024-12-30T08:17:40.000000000Z,10,1,29307,A,N,0,1.2486,0,0,0,212,6BH5,1.2485,1.2487,35,47,4,6,1.2484,1.2488,42,6,5,7,1.2483,1.2489,41,36,3,5,1.2482,1.249,39,45,3,3,1.2481,1.2491,28,42,1,1,1.248,1.2492,19,49,1,5,1.2479,1.2493,17,19,6,1,1.2478,1.2494,33,42,5,4,1.2477,1.2495,7,24,6,4,1.2476,1.2496,19,21,5,6
2024-12-30T08:17:45.000000000Z,2024-12-30T08:17:45.000000000Z,10,1,29307,A,N,0,1.2485,0,0,0,213,6BH5,1.2484,1.2486,40,45,3,6,1.2483,1.2487,37,29,4,3,1.2482,1.2488,7,8,5,1,1.2481,1.2489,27,23,7,3,1.248,1.249,27,44,6,5,1.2479,1.2491,41,39,7,6,1.2478,1.2492,30,17,6,6,1.2477,1.2493,48,47,1,3,1.2476,1.2494,13,38,6,5,1.2475,1.2495,48,25,7,1
2024-12-30T08:17:50.000000000Z,2024-12-30T08:17:50.000000000Z,10,1,29307,A,N,0,1.2484,0,0,0,214,6BH5,1.2483,1.2485,49,36,6,7,1.2482,1.2486,40,41,3,1,1.2481,1.2487,19,17,5,3,1.248,1.2488,36,41,6,4,1.2479,1.2489,22,27,5,2,1.2478,1.249,12,23,3,3,1.2477,1.2491,45,25,1,5,1.2476,1.2492,29,37,7,4,1.2475,1.2493,48,29,1,4,1.2474,1.2494,17,47,7,5
2024-12-30T08:17:55.000000000Z,2024-12-30T08:17:55.000000000Z,10,1,29307,A,N,0,1.2484,0,0,0,215,6BH5,1.2483,1.2485,31,30,3,7,1.2482,1.2486,30,38,1,7,1.2481,1.2487,24,42,4,5,1.248,1.2488,8,12,4,7,1.2479,1.2489,30,36,5,5,1.2478,1.249,46,17,1,3,1.2477,1.2491,36,49,2,2,1.2476,1.2492,24,48,4,5,1.2475,1.2493,37,22,7,3,1.2474,1.2494,46,26,1,2
2024-12-30T08:18:00.000000000Z,2024-12-30T08:18:00.000000000Z,10,1,29307,A,N,0,1.2485,0,0,0,216,6BH5,1.2484,1.2486,29,24,2,3,1.2483,1.2487,10,41,1,5,1.2482,1.2488,7,41,7,3,1.2481,1.2489,19,21,7,5,1.248,1.249,15,32,6,7,1.2479,1.2491,46,15,6,6,1.2478,1.2492,26,17,4,3,1.2477,1.2493,41,29,7,4,1.2476,1.2494,45,8,5,7,1.2475,1.2495,27,11,4,4
2024-12-30T08:18:05.000000000Z,2024-12-30T08:18:05.000000000Z,10,1,29307,A,N,0,1.2484,0,0,0,217,6BH5,1.2483,1.2485,13,27,3,7,1.2482,1.2486,8,29,6,3,1.2481,1.2487,11,39,7,6,1.248,1.2488,39,32,4,5,1.2479,1.2489,21,14,7,4,1.2478,1.249,11,27,3,5,1.2477,1.2491,41,9,7,6,1.2476,1.2492,224,48,4,7,1.2475,1.2493,30,42,5,6,1.2474,1.2494,6,30,6,2
2024-12-30T08:18:10.000000000Z,2024-12-30T08:18:10.000000000Z,10,1,29307,A,N,0,1.2485,0,0,0,218,6BH5,1.2484,1.2486,36,18,6,5,1.2483,1.2487,41,49,6,6,1.2482,1.2488,23,47,3,5,1.2481,1.2489,6,14,7,3,1.248,1.249,29,21,3,3,1.2479,1.2491,49,20,6,5,1.2478,1.2492,43,7,1,5,1.2477,1.2493,33,9,3,2,1.2476,1.2494,21,44,1,4,1.2475,1.2495,8,20,1,2
2024-12-30T08:18:15.000000000Z,2024-12-30T08:18:15.000000000Z,10,1,29307,A,N,0,1.2484,0,0,0,219,6BH5,1.2483,1.2485,9,39,6,7,1.2482,1.2486,27,35,2,6,1.2481,1.2487,45,23,4,5,1.248,1.2488,6,24,7,7,1.2479,1.2489,25,12,7,5,1.2478,1.249,39,49,6,2,1.2477,1.2491,39,8,3,5,1.2476,1.2492,36,30,3,3,1.2475,1.2493,42,33,7,4,1.2474,1.2494,39,45,3,3
2024-12-30T08:18:20.000000000Z,2024-12-30T08:18:20.000000000Z,10,1,29307,A,N,0,1.2485,0,0,0,220,6BH5,1.2484,1.2486,35,7,3,4,1.2483,1.2487,39,25,1,4,1.2482,1.2488,43,38,2,6,1.2481,1.2489,36,46,1,2,1.248,1.249,33,19,2,7,1.2479,1.2491,15,19,7,3,1.2478,1.2492,28,15,6,2,1.2477,1.2493,43,5,4,4,1.2476,1.2494,19,47,6,5,1.2475,1.2495,48,39,5,7
2024-12-30T08:18:25.000000000Z,2024-12-30T08:18:25.000000000Z,10,1,29307,A,N,0,1.2486,0,0,0,221,6BH5,1.2485,1.2487,48,12,3,7,1.2484,1.2488,46,37,5,7,1.2483,1.2489,39,20,4,5,1.2482,1.249,44,48,4,1,1.2481,1.2491,14,27,1,2,1.248,1.2492,6,31,6,1,1.2479,1.2493,8,30,5,6,1.2478,1.2494,27,35,3,1,1.2477,1.2495,44,35,4,7,1.2476,1.2496,28,34,6,3
2024-12-30T08:18:30.000000000Z,2024-12-30T08:18:30.000000000Z,10,1,29307,A,N,0,1.2486,0,0,0,222,6BH5,1.2485,1.2487,18,49,7,3,1.2484,1.2488,48,30,6,5,1.2483,1.2489,5,48,6,1,1.2482,1.249,17,42,1,5,1.2481,1.2491,35,19,2,2,1.248,1.2492,30,6,3,1,1.2479,1.2493,35,30,6,7,1.2478,1.2494,20,11,6,7,1.2477,1.2495,18,12,5,4,1.2476,1.2496,49,26,4,1
2024-12-30T08:18:35.000000000Z,2024-12-30T08:18:35.000000000Z,10,1,29307,A,N,0,1.2485,0,0,0,223,6BH5,1.2484,1.2486,43,39,6,4,1.2483,1.2487,7,7,6,7,1.2482,1.2488,9,32,7,1,1.2481,1.2489,35,44,2,6,1.248,1.249,8,25,7,2,1.2479,1.2491,26,5,1,6,1.2478,1.2492,32,41,3,7,1.2477,1.2493,29,25,4,2,1.2476,1.2494,32,33,2,2,1.2475,1.2495,14,17,7,1
2024-12-30T08:18:40.000000000Z,2024-12-30T08:18:40.000000000Z,10,1,29307,A,N,0,1.2485,0,0,0,224,6BH5,1.2484,1.2486,10,40,2,3,1.2483,1.2487,25,17,4,3,1.2482,1.2488,18,37,2,4,1.2481,1.2489,15,10,7,4,1.248,1.249,33,48,6,6,1.2479,1.2491,9,39,1,2,1.2478,1.2492,11,22,2,4,1.2477,1.2493,6,49,5,2,1.2476,1.2494,39,27,5,1,1.2475,1.2495,16,15,6,4
2024-12-30T08:18:45.000000000Z,2024-12-30T08:18:45.000000000Z,10,1,29307,A,N,0,1.2485,0,0,0,225,6BH5,1.2484,1.2486,288,56,4,4,1.2483,1.2487,16,28,1,3,1.2482,1.2488,10,34,2,5,1.2481,1.2489,32,36,1,4,1.248,1.249,40,13,5,3,1.2479,1.2491,8,14,2,3,1.2478,1.2492,13,36,3,4,1.2477,1.2493,30,6,2,2,1.2476,1.2494,7,39,2,3,1.2475,1.2495,19,15,2,4
2024-12-30T08:18:50.000000000Z,2024-12-30T08:18:50.000000000Z,10,1,29307,A,N,0,1.2486,0,0,0,226,6BH5,1.2485,1.2487,49,48,6,5,1.2484,1.2488,39,24,5,2,1.2483,1.2489,47,37,3,7,1.2482,1.249,29,24,6,7,1.2481,1.2491,43,47,7,2,1.248,1.2492,47,24,1,3,1.2479,1.2493,46,36,2,2,1.2478,1.2494,13,39,3,7,1.2477,1.2495,6,29,4,6,1.2476,1.2496,33,45,3,3
2024-12-30T08:18:55.000000000Z,2024-12-30T08:18:55.000000000Z,10,1,29307,A,N,0,1.2486,0,0,0,227,6BH5,1.2485,1.2487,168,136,1,1,1.2484,1.2488,17,42,3,2,1.2483,1.2489,7,18,4,7,1.2482,1.249,31,5,1,5,1.2481,1.2491,15,13,4,7,1.248,1.2492,28,7,6,7,1.2479,1.2493,42,30,6,3,1.2478,1.2494,42,39,2,1,1.2477,1.2495,26,13,3,6,1.2476,1.2496,23,22,1,5
2024-12-30T08:19:00.000000000Z,2024-12-30T08:19:00.000000000Z,10,1,29307,A,N,0,1.2486,0,0,0,228,6BH5,1.2485,1.2487,72,376,5,3,1.2484,1.2488,41,47,2,5,1.2483,1.2489,41,22,2,2,1.2482,1.249,27,7,3,4,1.2481,1.2491,15,46,4,7,1.248,1.2492,33,10,6,2,1.2479,1.2493,15,15,7,5,1.2478,1.2494,23,36,2,2,1.2477,1.2495,16,45,3,6,1.2476,1.2496,30,5,1,3
2024-12-30T08:19:05.000000000Z,2024-12-30T08:19:05.000000000Z,10,1,29307,A,N,0,1.2487,0,0,0,229,6BH5,1.2486,1.2488,6,40,1,2,1.2485,1.2489,41,9,1,6,1.2484,1.249,392,224,3,1,1.2483,1.2491,12,7,1,3,1.2482,1.2492,29,29,2,6,1.2481,1.2493,31,36,3,4,1.248,1.2494,43,15,3,1,1.2479,1.2495,28,13,7,7,1.2478,1.2496,21,47,7,4,1.2477,1.2497,12,46,1,6
2024-12-30T08:19:10.000000000Z,2024-12-30T08:19:10.000000000Z,10,1,29307,A,N,0,1.2488,0,0,0,230,6BH5,1.2487,1.2489,12,36,7,2,1.2486,1.249,31,37,2,3,1.2485,1.2491,32,28,3,5,1.2484,1.2492,32,44,4,3,1.2483,1.2493,16,26,3,3,1.2482,1.2494,20,28,3,4,1.2481,1.2495,33,25,2,1,1.248,1.2496,19,46,3,6,1.2479,1.2497,26,9,5,3,1.2478,1.2498,31,31,6,6
2024-12-30T08:19:15.000000000Z,2024-12-30T08:19:15.000000000Z,10,1,29307,A,N,0,1.2488,0,0,0,231,6BH5,1.2487,1.2489,26,8,7,2,1.2486,1.249,13,8,2,7,1.2485,1.2491,10,16,7,7,1.2484,1.2492,11,33,6,3,1.2483,1.2493,36,26,4,4,1.2482,1.2494,44,29,7,3,1.2481,1.2495,46,24,2,4,1.248,1.2496,46,9,5,4,1.2479,1.2497,31,5,2,3,1.2478,1.2498,43,37,7,4
2024-12-30T08:19:20.000000000Z,2024-12-30T08:19:20.000000000Z,10,1,29307,A,N,0,1.2489,0,0,0,232,6BH5,1.2488,1.249,48,272,2,7,1.2487,1.2491,49,33,6,2,1.2486,1.2492,21,26,5,3,1.2485,1.2493,28,15,3,1,1.2484,1.2494,31,36,5,1,1.2483,1.2495,256,352,4,3,1.2482,1.2496,46,43,2,1,1.2481,1.2497,36,23,5,6,1.248,1.2498,22,18,7,6,1.2479,1.2499,20,9,6,5
2024-12-30T08:19:25.000000000Z,2024-12-30T08:19:25.000000000Z,10,1,29307,A,N,0,1.2489,0,0,0,233,6BH5,1.2488,1.249,19,35,5,5,1.2487,1.2491,27,42,5,5,1.2486,1.2492,368,248,2,5,1.2485,1.2493,8,22,6,4,1.2484,1.2494,31,30,4,5,1.2483,1.2495,27,14,3,6,1.2482,1.2496,48,13,3,4,1.2481,1.2497,38,45,7,2,1.248,1.2498,27,40,2,2,1.2479,1.2499,9,33,6,4
2024-12-30T08:19:30.000000000Z,2024-12-30T08:19:30.000000000Z,10,1,29307,A,N,0,1.2489,0,0,0,234,6BH5,1.2488,1.249,26,12,4,5,1.2487,1.2491,9,25,3,6,1.2486,1.2492,12,26,2,4,1.2485,1.2493,19,42,3,5,1.2484,1.2494,8,15,3,1,1.2483,1.2495,44,46,4,5,1.2482,1.2496,7,30,2,6,1.2481,1.2497,11,48,7,6,1.248,1.2498,13,48,3,6,1.2479,1.2499,42,25,3,1
2024-12-30T08:19:35.000000000Z,2024-12-30T08:19:35.000000000Z,10,1,29307,A,N,0,1.2489,0,0,0,235,6BH5,1.2488,1.249,26,9,1,2,1.2487,1.2491,13,28,2,4,1.2486,1.2492,33,40,7,3,1.2485,1.2493,13,7,7,2,1.2484,1.2494,13,45,3,4,1.2483,1.2495,21,10,7,1,1.2482,1.2496,42,42,5,7,1.2481,1.2497,44,13,1,6,1.248,1.2498,12,16,2,7,1.2479,1.2499,43,12,3,1
2024-12-30T08:19:40.000000000Z,2024-12-30T08:19:40.000000000Z,10,1,29307,A,N,0,1.249,0,0,0,236,6BH5,1.2489,1.2491,19,19,3,7,1.2488,1.2492,18,28,6,3,1.2487,1.2493,10,35,7,3,1.2486,1.2494,7,23,7,7,1.2485,1.2495,12,40,2,2,1.2484,1.2496,34,29,7,4,1.2483,1.2497,21,36,1,3,1.2482,1.2498,11,7,6,1,1.2481,1.2499,42,47,7,1,1.248,1.25,37,47,6,6
2024-12-30T08:19:45.000000000Z,2024-12-30T08:19:45.000000000Z,10,1,29307,A,N,0,1.249,0,0,0,237,6BH5,1.2489,1.2491,40,144,6,5,1.2488,1.2492,38,42,2,1,1.2487,1.2493,44,39,2,2,1.2486,1.2494,13,45,3,4,1.2485,1.2495,8,8,3,4,1.2484,1.2496,240,80,5,6,1.2483,1.2497,11,46,6,2,1.2482,1.2498,10,28,2,1,1.2481,1.2499,25,22,5,1,1.248,1.25,27,28,5,5
2024-12-30T08:19:50.000000000Z,2024-12-30T08:19:50.000000000Z,10,1,29307,A,N,0,1.249,0,0,0,238,6BH5,1.2489,1.2491,10,17,5,3,1.2488,1.2492,19,6,2,3,1.2487,1.2493,21,24,2,6,1.2486,1.2494,168,240,6,1,1.2485,1.2495,26,27,5,6,1.2484,1.2496,240,288,1,4,1.2483,1.2497,13,7,1,7,1.2482,1.2498,33,7,1,6,1.2481,1.2499,22,15,4,2,1.248,1.25,22,17,4,2
2024-12-30T08:19:55.000000000Z,2024-12-30T08:19:55.000000000Z,10,1,29307,A,N,0,1.249,0,0,0,239,6BH5,1.2489,1.2491,48,16,6,4,1.2488,1.2492,44,32,5,1,1.2487,1.2493,38,27,7,4,1.2486,1.2494,12,7,6,1,1.2485,1.2495,33,34,2,1,1.2484,1.2496,28,42,4,1,1.2483,1.2497,11,27,6,6,1.2482,1.2498,46,32,7,4,1.2481,1.2499,7,6,7,1,1.248,1.25,13,16,5,1
2024-12-30T08:20:00.000000000Z,2024-12-30T08:20:00.000000000Z,10,1,29307,A,N,0,1.249,0,0,0,240,6BH5,1.2489,1.2491,22,9,7,3,1.2488,1.2492,18,44,4,3,1.2487,1.2493,28,19,3,3,1.2486,1.2494,21,10,5,7,1.2485,1.2495,36,14,4,7,1.2484,1.2496,22,41,4,7,1.2483,1.2497,328,264,7,2,1.2482,1.2498,41,15,3,2,1.2481,1.2499,22,34,7,5,1.248,1.25,17,25,5,5
2024-12-30T08:20:05.000000000Z,2024-12-30T08:20:05.000000000Z,10,1,29307,A,N,0,1.249,0,0,0,241,6BH5,1.2489,1.2491,31,33,7,7,1.2488,1.2492,45,23,4,7,1.2487,1.2493,30,14,6,7,1.2486,1.2494,32,35,5,7,1.2485,1.2495,20,35,1,5,1.2484,1.2496,29,17,5,3,1.2483,1.2497,41,42,7,5,1.2482,1.2498,304,272,7,6,1.2481,1.2499,8,39,1,2,1.248,1.25,30,31,3,2
2024-12-30T08:20:10.000000000Z,2024-12-30T08:20:10.000000000Z,10,1,29307,A,N,0,1.2491,0,0,0,242,6BH5,1.249,1.2492,35,46,3,5,1.2489,1.2493,20,36,6,1,1.2488,1.2494,23,7,2,4,1.2487,1.2495,33,15,6,3,1.2486,1.2496,31,9,2,3,1.2485,1.2497,39,17,6,6,1.2484,1.2498,376,168,5,5,1.2483,1.2499,22,18,6,5,1.2482,1.25,15,15,1,2,1.2481,1.2501,21,26,5,6
2024-12-30T08:20:15.000000000Z,2024-12-30T08:20:15.000000000Z,10,1,29307,A,N,0,1.2491,0,0,0,243,6BH5,1.249,1.2492,30,13,5,3,1.2489,1.2493,6,34,4,2,1.2488,1.2494,17,29,5,5,1.2487,1.2495,48,10,2,6,1.2486,1.2496,28,26,7,1,1.2485,1.2497,30,14,5,2,1.2484,1.2498,18,13,7,7,1.2483,1.2499,20,12,3,7,1.2482,1.25,42,45,7,1,1.2481,1.2501,12,22,5,7
2024-12-30T08:20:20.000000000Z,2024-12-30T08:20:20.000000000Z,10,1,29307,A,N,0,1.249,0,0,0,244,6BH5,1.2489,1.2491,17,36,4,7,1.2488,1.2492,45,12,3,1,1.2487,1.2493,6,46,2,6,1.2486,1.2494,42,26,1,4,1.2485,1.2495,21,22,3,6,1.2484,1.2496,17,35,1,5,1.2483,1.2497,36,5,6,1,1.2482,1.2498,41,28,3,4,1.2481,1.2499,25,46,5,3,1.248,1.25,19,46,6,4
2024-12-30T08:20:25.000000000Z,2024-12-30T08:20:25.000000000Z,10,1,29307,A,N,0,1.2491,0,0,0,245,6BH5,1.249,1.2492,43,19,7,1,1.2489,1.2493,16,22,6,2,1.2488,1.2494,28,42,4,7,1.2487,1.2495,8,21,5,2,1.2486,1.2496,11,48,7,2,1.2485,1.2497,49,41,5,4,1.2484,1.2498,48,43,6,5,1.2483,1.2499,20,38,7,4,1.2482,1.25,9,37,3,3,1.2481,1.2501,27,7,1,4
2024-12-30T08:20:30.000000000Z,2024-12-30T08:20:30.000000000Z,10,1,29307,A,N,0,1.2492,0,0,0,246,6BH5,1.2491,1.2493,43,9,5,3,1.249,1.2494,27,16,5,7,1.2489,1.2495,23,9,6,2,1.2488,1.2496,38,27,3,4,1.2487,1.2497,28,22,5,6,1.2486,1.2498,35,18,1,6,1.2485,1.2499,35,35,6,4,1.2484,1.25,7,24,3,3,1.2483,1.2501,46,48,6,5,1.2482,1.2502,49,43,6,5
2024-12-30T08:20:35.000000000Z,2024-12-30T08:20:35.000000000Z,10,1,29307,A,N,0,1.2492,0,0,0,247,6BH5,1.2491,1.2493,46,47,6,2,1.249,1.2494,43,17,3,7,1.2489,1.2495,20,37,1,1,1.2488,1.2496,14,19,3,3,1.2487,1.2497,49,36,6,7,1.2486,1.2498,12,29,7,3,1.2485,1.2499,34,6,1,1,1.2484,1.25,144,96,5,5,1.2483,1.2501,31,9,3,6,1.2482,1.2502,12,17,4,6
2024-12-30T08:20:40.000000000Z,2024-12-30T08:20:40.000000000Z,10,1,29307,A,N,0,1.2491,0,0,0,248,6BH5,1.249,1.2492,12,34,1,7,1.2489,1.2493,14,37,7,1,1.2488,1.2494,37,13,6,5,1.2487,1.2495,8,20,2,7,1.2486,1.2496,17,8,6,2,1.2485,1.2497,13,39,2,7,1.2484,1.2498,23,6,2,1,1.2483,1.2499,304,344,3,6,1.2482,1.25,48,10,2,3,1.2481,1.2501,49,28,6,5
2024-12-30T08:20:45.000000000Z,2024-12-30T08:20:45.000000000Z,10,1,29307,A,N,0,1.2492,0,0,0,249,6BH5,1.2491,1.2493,15,13,4,2,1.249,1.2494,7,37,7,7,1.2489,1.2495,28,15,1,7,1.2488,1.2496,14,47,4,7,1.2487,1.2497,48,30,1,4,1.2486,1.2498,7,33,4,3,1.2485,1.2499,44,31,3,6,1.2484,1.25,14,42,2,1,1.2483,1.2501,6,48,4,2,1.2482,1.2502,43,45,1,1
2024-12-30T08:20:50.000000000Z,2024-12-30T08:20:50.000000000Z,10,1,29307,A,N,0,1.2493,0,0,0,250,6BH5,1.2492,1.2494,34,14,7,7,1.2491,1.2495,37,23,7,5,1.249,1.2496,33,28,6,6,1.2489,1.2497,8,46,2,7,1.2488,1.2498,208,136,7,1,1.2487,1.2499,29,38,7,5,1.2486,1.25,29,26,7,1,1.2485,1.2501,30,44,6,2,1.2484,1.2502,43,43,2,1,1.2483,1.2503,33,46,1,7
2024-12-30T08:20:55.000000000Z,2024-12-30T08:20:55.000000000Z,10,1,29307,A,N,0,1.2492,0,0,0,251,6BH5,1.2491,1.2493,31,35,2,3,1.249,1.2494,11,36,4,3,1.2489,1.2495,49,32,4,5,1.2488,1.2496,37,8,3,7,1.2487,1.2497,35,35,3,1,1.2486,1.2498,35,47,1,5,1.2485,1.2499,48,27,3,4,1.2484,1.25,45,46,5,1,1.2483,1.2501,44,30,7,6,1.2482,1.2502,27,26,1,3
2024-12-30T08:21:00.000000000Z,2024-12-30T08:21:00.000000000Z,10,1,29307,A,N,0,1.2491,0,0,0,252,6BH5,1.249,1.2492,32,21,6,6,1.2489,1.2493,21,42,5,5,1.2488,1.2494,13,48,7,2,1.2487,1.2495,23,21,6,6,1.2486,1.2496,152,128,5,3,1.2485,1.2497,15,38,3,2,1.2484,1.2498,21,35,3,4,1.2483,1.2499,27,29,4,5,1.2482,1.25,5,6,2,2,1.2481,1.2501,14,5,5,4
2024-12-30T08:21:05.000000000Z,2024-12-30T08:21:05.000000000Z,10,1,29307,A,N,0,1.2491,0,0,0,253,6BH5,1.249,1.2492,22,34,5,6,1.2489,1.2493,46,18,2,2,1.2488,1.2494,41,15,1,2,1.2487,1.2495,17,32,4,5,1.2486,1.2496,16,31,3,4,1.2485,1.2497,35,47,5,7,1.2484,1.2498,35,18,7,6,1.2483,1.2499,13,27,6,4,1.2482,1.25,43,26,4,7,1.2481,1.2501,12,39,1,3
2024-12-30T08:21:10.000000000Z,2024-12-30T08:21:10.000000000Z,10,1,29307,A,N,0,1.2491,0,0,0,254,6BH5,1.249,1.2492,24,25,5,7,1.2489,1.2493,48,44,6,7,1.2488,1.2494,44,17,1,4,1.2487,1.2495,32,34,6,5,1.2486,1.2496,33,38,3,6,1.2485,1.2497,14,14,6,5,1.2484,1.2498,49,36,3,4,1.2483,1.2499,17,27,3,4,1.2482,1.25,11,41,1,7,1.2481,1.2501,37,15,6,3
2024-12-30T08:21:15.000000000Z,2024-12-30T08:21:15.000000000Z,10,1,29307,A,N,0,1.249,0,0,0,255,6BH5,1.2489,1.2491,7,12,7,5,1.2488,1.2492,24,49,3,5,1.2487,1.2493,13,34,1,7,1.2486,1.2494,48,32,4,3,1.2485,1.2495,33,19,6,2,1.2484,1.2496,23,47,2,5,1.2483,1.2497,37,41,1,7,1.2482,1.2498,34,45,4,3,1.2481,1.2499,43,28,2,5,1.248,1.25,29,33,5,7
2024-12-30T08:21:20.000000000Z,2024-12-30T08:21:20.000000000Z,10,1,29307,A,N,0,1.249,0,0,0,256,6BH5,1.2489,1.2491,32,42,7,2,1.2488,1.2492,8,32,4,7,1.2487,1.2493,32,18,1,3,1.2486,1.2494,45,22,4,5,1.2485,1.2495,46,20,4,4,1.2484,1.2496,42,27,3,4,1.2483,1.2497,47,6,3,7,1.2482,1.2498,46,41,6,3,1.2481,1.2499,32,33,1,4,1.248,1.25,7,13,7,7
2024-12-30T08:21:25.000000000Z,2024-12-30T08:21:25.000000000Z,10,1,29307,A,N,0,1.249,0,0,0,257,6BH5,1.2489,1.2491,13,21,1,1,1.2488,1.2492,34,15,4,6,1.2487,1.2493,27,22,5,3,1.2486,1.2494,23,31,5,6,1.2485,1.2495,18,31,2,3,1.2484,1.2496,39,31,4,2,1.2483,1.2497,27,36,4,4,1.2482,1.2498,49,16,6,6,1.2481,1.2499,45,21,3,1,1.248,1.25,37,35,7,6
2024-12-30T08:21:30.000000000Z,2024-12-30T08:21:30.000000000Z,10,1,29307,A,N,0,1.2491,0,0,0,258,6BH5,1.249,1.2492,46,36,4,4,1.2489,1.2493,31,31,1,5,1.2488,1.2494,9,30,5,1,1.2487,1.2495,13,27,6,1,1.2486,1.2496,23,41,5,4,1.2485,1.2497,27,42,4,7,1.2484,1.2498,33,32,1,7,1.2483,1.2499,6,17,6,3,1.2482,1.25,24,44,6,2,1.2481,1.2501,17,42,4,1
2024-12-30T08:21:35.000000000Z,2024-12-30T08:21:35.000000000Z,10,1,29307,A,N,0,1.2491,0,0,0,259,6BH5,1.249,1.2492,27,28,5,5,1.2489,1.2493,39,5,4,3,1.2488,1.2494,27,14,7,4,1.2487,1.2495,272,176,6,3,1.2486,1.2496,42,17,6,2,1.2485,1.2497,17,29,4,5,1.2484,1.2498,22,32,5,2,1.2483,1.2499,41,11,7,1,1.2482,1.25,44,48,7,1,1.2481,1.2501,41,13,7,6
2024-12-30T08:21:40.000000000Z,2024-12-30T08:21:40.000000000Z,10,1,29307,A,N,0,1.2491,0,0,0,260,6BH5,1.249,1.2492,21,37,1,7,1.2489,1.2493,33,36,1,5,1.2488,1.2494,38,8,1,2,1.2487,1.2495,12,10,7,6,1.2486,1.2496,49,26,6,5,1.2485,1.2497,36,10,5,1,1.2484,1.2498,28,45,6,6,1.2483,1.2499,16,30,4,3,1.2482,1.25,128,296,7,5,1.2481,1.2501,13,43,2,5
2024-12-30T08:21:45.000000000Z,2024-12-30T08:21:45.000000000Z,10,1,29307,A,N,0,1.2492,0,0,0,261,6BH5,1.2491,1.2493,14,36,4,2,1.249,1.2494,37,17,4,3,1.2489,1.2495,33,9,3,5,1.2488,1.2496,45,10,2,3,1.2487,1.2497,27,15,3,1,1.2486,1.2498,46,31,1,3,1.2485,1.2499,22,48,7,5,1.2484,1.25,40,5,3,5,1.2483,1.2501,352,336,5,3,1.2482,1.2502,48,5,4,7
2024-12-30T08:21:50.000000000Z,2024-12-30T08:21:50.000000000Z,10,1,29307,A,N,0,1.2491,0,0,0,262,6BH5,1.249,1.2492,41,15,7,7,1.2489,1.2493,47,44,5,7,1.2488,1.2494,28,42,7,3,1.2487,1.2495,37,26,7,6,1.2486,1.2496,18,16,7,7,1.2485,1.2497,28,42,3,5,1.2484,1.2498,13,12,5,7,1.2483,1.2499,20,28,3,7,1.2482,1.25,32,6,2,4,1.2481,1.2501,7,5,7,7
2024-12-30T08:21:55.000000000Z,2024-12-30T08:21:55.000000000Z,10,1,29307,A,N,0,1.249,0,0,0,263,6BH5,1.2489,1.2491,36,21,2,1,1.2488,1.2492,44,40,7,7,1.2487,1.2493,18,41,5,3,1.2486,1.2494,49,8,2,6,1.2485,1.2495,39,24,3,3,1.2484,1.2496,22,34,2,2,1.2483,1.2497,33,43,3,4,1.2482,1.2498,33,14,4,7,1.2481,1.2499,10,21,6,6,1.248,1.25,32,46,2,1
2024-12-30T08:22:00.000000000Z,2024-12-30T08:22:00.000000000Z,10,1,29307,A,N,0,1.2491,0,0,0,264,6BH5,1.249,1.2492,32,19,3,5,1.2489,1.2493,38,36,2,2,1.2488,1.2494,29,23,5,4,1.2487,1.2495,34,22,5,4,1.2486,1.2496,7,42,4,5,1.2485,1.2497,80,352,1,1,1.2484,1.2498,9,23,3,2,1.2483,1.2499,28,14,2,4,1.2482,1.25,21,10,5,3,1.2481,1.2501,43,11,4,5
2024-12-30T08:22:05.000000000Z,2024-12-30T08:22:05.000000000Z,10,1,29307,A,N,0,1.249,0,0,0,265,6BH5,1.2489,1.2491,288,176,1,6,1.2488,1.2492,24,33,2,3,1.2487,1.2493,11,44,3,4,1.2486,1.2494,48,35,2,4,1.2485,1.2495,10,33,3,3,1.2484,1.2496,26,13,3,5,1.2483,1.2497,22,29,1,4,1.2482,1.2498,34,5,7,1,1.2481,1.2499,33,6,3,5,1.248,1.25,45,23,2,4
2024-12-30T08:22:10.000000000Z,2024-12-30T08:22:10.000000000Z,10,1,29307,A,N,0,1.2491,0,0,0,266,6BH5,1.249,1.2492,35,8,5,6,1.2489,1.2493,24,38,4,4,1.2488,1.2494,31,34,1,4,1.2487,1.2495,47,28,1,5,1.2486,1.2496,34,17,7,1,1.2485,1.2497,21,16,3,3,1.2484,1.2498,14,21,4,6,1.2483,1.2499,24,9,1,6,1.2482,1.25,36,31,4,1,1.2481,1.2501,18,43,2,4
2024-12-30T08:22:15.000000000Z,2024-12-30T08:22:15.000000000Z,10,1,29307,A,N,0,1.249,0,0,0,267,6BH5,1.2489,1.2491,44,5,1,2,1.2488,1.2492,43,22,6,6,1.2487,1.2493,42,37,6,2,1.2486,1.2494,272,344,1,1,1.2485,1.2495,47,33,7,3,1.2484,1.2496,15,9,7,4,1.2483,1.2497,46,39,5,1,1.2482,1.2498,184,176,1,5,1.2481,1.2499,22,28,3,5,1.248,1.25,32,13,5,2
2024-12-30T08:22:20.000000000Z,2024-12-30T08:22:20.000000000Z,10,1,29307,A,N,0,1.2489,0,0,0,268,6BH5,1.2488,1.249,6,10,5,2,1.2487,1.2491,38,49,2,1,1.2486,1.2492,26,31,7,6,1.2485,1.2493,40,13,3,2,1.2484,1.2494,43,26,3,6,1.2483,1.2495,10,37,4,6,1.2482,1.2496,10,32,2,7,1.2481,1.2497,6,44,5,7,1.248,1.2498,20,8,2,7,1.2479,1.2499,38,26,6,4
2024-12-30T08:22:25.000000000Z,2024-12-30T08:22:25.000000000Z,10,1,29307,A,N,0,1.249,0,0,0,269,6BH5,1.2489,1.2491,17,48,2,4,1.2488,1.2492,33,37,5,1,1.2487,1.2493,11,26,6,5,1.2486,1.2494,28,23,3,7,1.2485,1.2495,27,49,5,4,1.2484,1.2496,35,31,4,4,1.2483,1.2497,31,19,1,7,1.2482,1.2498,15,45,1,1,1.2481,1.2499,16,6,3,5,1.248,1.25,19,25,7,5
2024-12-30T08:22:30.000000000Z,2024-12-30T08:22:30.000000000Z,10,1,29307,A,N,0,1.249,0,0,0,270,6BH5,1.2489,1.2491,18,25,4,4,1.2488,1.2492,9,6,6,6,1.2487,1.2493,33,40,7,1,1.2486,1.2494,47,16,3,6,1.2485,1.2495,35,16,2,3,1.2484,1.2496,11,40,1,3,1.2483,1.2497,12,44,4,5,1.2482,1.2498,23,35,4,3,1.2481,1.2499,27,24,6,4,1.248,1.25,7,46,7,3
2024-12-30T08:22:35.000000000Z,2024-12-30T08:22:35.000000000Z,10,1,29307,A,N,0,1.2491,0,0,0,271,6BH5,1.249,1.2492,49,8,7,2,1.2489,1.2493,10,12,4,7,1.2488,1.2494,10,33,3,6,1.2487,1.2495,44,14,5,6,1.2486,1.2496,5,45,3,2,1.2485,1.2497,33,15,5,2,1.2484,1.2498,34,20,7,4,1.2483,1.2499,41,7,5,3,1.2482,1.25,31,36,5,6,1.2481,1.2501,35,30,3,3
2024-12-30T08:22:40.000000000Z,2024-12-30T08:22:40.000000000Z,10,1,29307,A,N,0,1.249,0,0,0,272,6BH5,1.2489,1.2491,31,14,5,1,1.2488,1.2492,27,10,3,4,1.2487,1.2493,31,35,3,6,1.2486,1.2494,44,25,3,3,1.2485,1.2495,42,35,2,3,1.2484,1.2496,47,31,5,1,1.2483,1.2497,14,7,5,4,1.2482,1.2498,49,28,6,6,1.2481,1.2499,48,8,3,2,1.248,1.25,31,5,5,5
2024-12-30T08:22:45.000000000Z,2024-12-30T08:22:45.000000000Z,10,1,29307,A,N,0,1.2489,0,0,0,273,6BH5,1.2488,1.249,168,184,5,5,1.2487,1.2491,48,28,3,1,1.2486,1.2492,7,8,3,4,1.2485,1.2493,56,344,6,2,1.2484,1.2494,28,5,3,2,1.2483,1.2495,16,21,5,5,1.2482,1.2496,32,29,4,6,1.2481,1.2497,34,36,6,2,1.248,1.2498,38,47,7,2,1.2479,1.2499,17,34,3,2
2024-12-30T08:22:50.000000000Z,2024-12-30T08:22:50.000000000Z,10,1,29307,A,N,0,1.249,0,0,0,274,6BH5,1.2489,1.2491,43,7,7,4,1.2488,1.2492,49,42,6,3,1.2487,1.2493,28,21,2,2,1.2486,1.2494,25,28,2,4,1.2485,1.2495,31,43,1,1,1.2484,1.2496,46,25,4,1,1.2483,1.2497,34,37,7,2,1.2482,1.2498,20,28,5,6,1.2481,1.2499,43,17,6,4,1.248,1.25,21,31,3,5
2024-12-30T08:22:55.000000000Z,2024-12-30T08:22:55.000000000Z,10,1,29307,A,N,0,1.249,0,0,0,275,6BH5,1.2489,1.2491,28,11,7,6,1.2488,1.2492,19,9,5,4,1.2487,1.2493,30,13,6,3,1.2486,1.2494,26,44,1,4,1.2485,1.2495,32,11,5,4,1.2484,1.2496,39,37,7,1,1.2483,1.2497,344,368,2,5,1.2482,1.2498,49,14,6,4,1.2481,1.2499,32,33,4,6,1.248,1.25,6,26,6,7
2024-12-30T08:23:00.000000000Z,2024-12-30T08:23:00.000000000Z,10,1,29307,A,N,0,1.249,0,0,0,276,6BH5,1.2489,1.2491,26,14,4,1,1.2488,1.2492,28,31,4,3,1.2487,1.2493,14,21,4,2,1.2486,1.2494,21,30,2,3,1.2485,1.2495,31,25,4,6,1.2484,1.2496,11,48,2,2,1.2483,1.2497,17,29,5,7,1.2482,1.2498,37,28,2,2,1.2481,1.2499,14,43,4,4,1.248,1.25,36,33,5,5
2024-12-30T08:23:05.000000000Z,2024-12-30T08:23:05.000000000Z,10,1,29307,A,N,0,1.2489,0,0,0,277,6BH5,1.2488,1.249,31,30,3,2,1.2487,1.2491,39,31,6,4,1.2486,1.2492,10,13,3,6,1.2485,1.2493,33,47,2,2,1.2484,1.2494,26,8,2,5,1.2483,1.2495,23,42,3,7,1.2482,1.2496,24,16,4,5,1.2481,1.2497,43,40,2,7,1.248,1.2498,13,27,4,2,1.2479,1.2499,43,22,1,1
2024-12-30T08:23:10.000000000Z,2024-12-30T08:23:10.000000000Z,10,1,29307,A,N,0,1.2489,0,0,0,278,6BH5,1.2488,1.249,5,17,4,7,1.2487,1.2491,18,18,6,5,1.2486,1.2492,9,40,7,5,1.2485,1.2493,34,19,6,6,1.2484,1.2494,39,9,4,4,1.2483,1.2495,9,40,5,7,1.2482,1.2496,29,31,4,4,1.2481,1.2497,39,5,3,6,1.248,1.2498,45,7,2,5,1.2479,1.2499,30,16,6,4
2024-12-30T08:23:15.000000000Z,2024-12-30T08:23:15.000000000Z,10,1,29307,A,N,0,1.249,0,0,0,279,6BH5,1.2489,1.2491,17,16,5,2,1.2488,1.2492,10,11,7,4,1.2487,1.2493,23,20,1,6,1.2486,1.2494,33,23,7,3,1.2485,1.2495,24,41,3,2,1.2484,1.2496,16,19,4,4,1.2483,1.2497,31,15,7,7,1.2482,1.2498,280,240,7,5,1.2481,1.2499,24,38,2,2,1.248,1.25,41,31,2,4
2024-12-30T08:23:20.000000000Z,2024-12-30T08:23:20.000000000Z,10,1,29307,A,N,0,1.2491,0,0,0,280,6BH5,1.249,1.2492,25,20,1,7,1.2489,1.2493,9,31,4,1,1.2488,1.2494,27,19,4,3,1.2487,1.2495,22,30,1,3,1.2486,1.2496,33,13,1,1,1.2485,1.2497,26,12,3,6,1.2484,1.2498,12,48,3,3,1.2483,1.2499,38,29,7,2,1.2482,1.25,17,19,6,3,1.2481,1.2501,37,35,1,2
2024-12-30T08:23:25.000000000Z,2024-12-30T08:23:25.000000000Z,10,1,29307,A,N,0,1.2491,0,0,0,281,6BH5,1.249,1.2492,336,56,4,2,1.2489,1.2493,272,112,1,6,1.2488,1.2494,37,29,6,6,1.2487,1.2495,9,41,7,7,1.2486,1.2496,16,14,2,1,1.2485,1.2497,22,31,7,4,1.2484,1.2498,14,15,1,6,1.2483,1.2499,18,17,3,1,1.2482,1.25,19,32,1,6,1.2481,1.2501,34,44,4,4
2024-12-30T08:23:30.000000000Z,2024-12-30T08:23:30.000000000Z,10,1,29307,A,N,0,1.2491,0,0,0,282,6BH5,1.249,1.2492,5,8,1,2,1.2489,1.2493,36,32,4,6,1.2488,1.2494,29,24,1,6,1.2487,1.2495,29,42,5,2,1.2486,1.2496,12,37,5,1,1.2485,1.2497,27,28,6,7,1.2484,1.2498,12,12,3,7,1.2483,1.2499,36,8,1,6,1.2482,1.25,13,5,1,3,1.2481,1.2501,31,42,5,1
2024-12-30T08:23:35.000000000Z,2024-12-30T08:23:35.000000000Z,10,1,29307,A,N,0,1.2491,0,0,0,283,6BH5,1.249,1.2492,184,240,2,5,1.2489,1.2493,36,25,6,2,1.2488,1.2494,31,12,6,7,1.2487,1.2495,38,28,4,2,1.2486,1.2496,33,27,5,5,1.2485,1.2497,49,31,1,5,1.2484,1.2498,22,39,6,3,1.2483,1.2499,30,43,2,7,1.2482,1.25,264,80,1,3,1.2481,1.2501,9,43,3,5
2024-12-30T08:23:40.000000000Z,2024-12-30T08:23:40.000000000Z,10,1,29307,A,N,0,1.2491,0,0,0,284,6BH5,1.249,1.2492,31,33,7,4,1.2489,1.2493,9,17,6,4,1.2488,1.2494,49,37,7,5,1.2487,1.2495,41,19,4,3,1.2486,1.2496,56,96,1,4,1.2485,1.2497,5,47,6,7,1.2484,1.2498,33,31,1,6,1.2483,1.2499,15,21,7,2,1.2482,1.25,42,33,7,6,1.2481,1.2501,41,11,6,4
2024-12-30T08:23:45.000000000Z,2024-12-30T08:23:45.000000000Z,10,1,29307,A,N,0,1.2492,0,0,0,285,6BH5,1.2491,1.2493,22,32,2,7,1.249,1.2494,15,19,6,4,1.2489,1.2495,10,16,7,5,1.2488,1.2496,40,39,3,2,1.2487,1.2497,19,17,7,3,1.2486,1.2498,280,328,5,7,1.2485,1.2499,21,23,4,6,1.2484,1.25,43,42,6,6,1.2483,1.2501,30,15,6,5,1.2482,1.2502,26,21,3,7
2024-12-30T08:23:50.000000000Z,2024-12-30T08:23:50.000000000Z,10,1,29307,A,N,0,1.2491,0,0,0,286,6BH5,1.249,1.2492,31,47,5,4,1.2489,1.2493,17,15,7,3,1.2488,1.2494,45,47,1,4,1.2487,1.2495,40,18,5,1,1.2486,1.2496,33,10,4,7,1.2485,1.2497,14,38,5,4,1.2484,1.2498,30,11,1,2,1.2483,1.2499,35,9,4,7,1.2482,1.25,5,11,4,2,1.2481,1.2501,38,14,7,2
2024-12-30T08:23:55.000000000Z,2024-12-30T08:23:55.000000000Z,10,1,29307,A,N,0,1.249,0,0,0,287,6BH5,1.2489,1.2491,46,31,6,4,1.2488,1.2492,18,38,1,6,1.2487,1.2493,37,39,7,1,1.2486,1.2494,11,28,1,3,1.2485,1.2495,9,42,4,3,1.2484,1.2496,29,28,6,4,1.2483,1.2497,36,12,3,2,1.2482,1.2498,20,39,5,1,1.2481,1.2499,12,38,1,1,1.248,1.25,47,17,6,5
2024-12-30T08:24:00.000000000Z,2024-12-30T08:24:00.000000000Z,10,1,29307,A,N,0,1.2491,0,0,0,288,6BH5,1.249,1.2492,27,44,2,7,1.2489,1.2493,9,38,2,3,1.2488,1.2494,8,8,6,1,1.2487,1.2495,44,24,3,7,1.2486,1.2496,24,38,5,5,1.2485,1.2497,9,31,4,1,1.2484,1.2498,34,40,6,1,1.2483,1.2499,14,33,3,4,1.2482,1.25,25,35,2,1,1.2481,1.2501,21,31,6,1
2024-12-30T08:24:05.000000000Z,2024-12-30T08:24:05.000000000Z,10,1,29307,A,N,0,1.249,0,0,0,289,6BH5,1.2489,1.2491,41,9,2,6,1.2488,1.2492,13,25,7,3,1.2487,1.2493,28,9,3,6,1.2486,1.2494,15,8,3,2,1.2485,1.2495,8,14,1,6,1.2484,1.2496,27,48,1,4,1.2483,1.2497,17,22,6,5,1.2482,1.2498,42,32,4,7,1.2481,1.2499,14,41,3,5,1.248,1.25,33,11,5,5
2024-12-30T08:24:10.000000000Z,2024-12-30T08:24:10.000000000Z,10,1,29307,A,N,0,1.2489,0,0,0,290,6BH5,1.2488,1.249,29,45,5,5,1.2487,1.2491,30,16,1,1,1.2486,1.2492,25,28,4,1,1.2485,1.2493,13,44,4,7,1.2484,1.2494,21,13,5,6,1.2483,1.2495,34,40,1,7,1.2482,1.2496,39,14,3,1,1.2481,1.2497,9,44,4,6,1.248,1.2498,38,28,4,3,1.2479,1.2499,17,44,5,5
2024-12-30T08:24:15.000000000Z,2024-12-30T08:24:15.000000000Z,10,1,29307,A,N,0,1.2489,0,0,0,291,6BH5,1.2488,1.249,35,36,7,7,1.2487,1.2491,34,47,7,6,1.2486,1.2492,30,40,6,3,1.2485,1.2493,6,47,5,3,1.2484,1.2494,9,31,4,3,1.2483,1.2495,23,47,5,3,1.2482,1.2496,22,45,5,6,1.2481,1.2497,7,27,4,1,1.248,1.2498,5,12,7,3,1.2479,1.2499,35,31,6,3
2024-12-30T08:24:20.000000000Z,2024-12-30T08:24:20.000000000Z,10,1,29307,A,N,0,1.249,0,0,0,292,6BH5,1.2489,1.2491,9,34,2,7,1.2488,1.2492,35,20,5,3,1.2487,1.2493,344,264,1,3,1.2486,1.2494,48,49,5,5,1.2485,1.2495,35,6,6,1,1.2484,1.2496,6,7,7,4,1.2483,1.2497,34,12,5,7,1.2482,1.2498,17,44,1,5,1.2481,1.2499,18,5,3,3,1.248,1.25,18,49,3,3
2024-12-30T08:24:25.000000000Z,2024-12-30T08:24:25.000000000Z,10,1,29307,A,N,0,1.249,0,0,0,293,6BH5,1.2489,1.2491,25,36,1,5,1.2488,1.2492,36,28,3,5,1.2487,1.2493,22,15,3,3,1.2486,1.2494,33,25,5,1,1.2485,1.2495,11,42,7,3,1.2484,1.2496,46,36,5,1,1.2483,1.2497,9,24,6,5,1.2482,1.2498,8,25,7,2,1.2481,1.2499,8,26,7,6,1.248,1.25,7,33,2,2
2024-12-30T08:24:30.000000000Z,2024-12-30T08:24:30.000000000Z,10,1,29307,A,N,0,1.249,0,0,0,294,6BH5,1.2489,1.2491,16,19,4,4,1.2488,1.2492,6,5,7,7,1.2487,1.2493,44,39,2,4,1.2486,1.2494,25,14,5,1,1.2485,1.2495,10,18,5,2,1.2484,1.2496,18,21,6,2,1.2483,1.2497,26,36,4,7,1.2482,1.2498,26,42,2,7,1.2481,1.2499,12,48,1,1,1.248,1.25,9,49,6,4
2024-12-30T08:24:35.000000000Z,2024-12-30T08:24:35.000000000Z,10,1,29307,A,N,0,1.2491,0,0,0,295,6BH5,1.249,1.2492,34,19,4,4,1.2489,1.2493,392,64,2,7,1.2488,1.2494,6,6,2,1,1.2487,1.2495,26,21,3,1,1.2486,1.2496,10,7,6,1,1.2485,1.2497,39,41,7,3,1.2484,1.2498,11,14,2,7,1.2483,1.2499,27,35,1,2,1.2482,1.25,36,37,1,5,1.2481,1.2501,22,22,6,7
2024-12-30T08:24:40.000000000Z,2024-12-30T08:24:40.000000000Z,10,1,29307,A,N,0,1.2492,0,0,0,296,6BH5,1.2491,1.2493,23,9,1,2,1.249,1.2494,19,30,3,4,1.2489,1.2495,32,20,3,2,1.2488,1.2496,25,9,3,3,1.2487,1.2497,41,45,1,7,1.2486,1.2498,44,23,5,5,1.2485,1.2499,8,18,6,7,1.2484,1.25,43,47,6,7,1.2483,1.2501,43,24,2,1,1.2482,1.2502,46,10,5,2
2024-12-30T08:24:45.000000000Z,2024-12-30T08:24:45.000000000Z,10,1,29307,A,N,0,1.2493,0,0,0,297,6BH5,1.2492,1.2494,9,14,4,3,1.2491,1.2495,6,39,4,2,1.249,1.2496,32,41,7,3,1.2489,1.2497,45,43,7,2,1.2488,1.2498,20,20,3,3,1.2487,1.2499,24,40,1,6,1.2486,1.25,28,41,4,4,1.2485,1.2501,8,34,7,6,1.2484,1.2502,328,256,3,6,1.2483,1.2503,13,28,2,6
2024-12-30T08:24:50.000000000Z,2024-12-30T08:24:50.000000000Z,10,1,29307,A,N,0,1.2492,0,0,0,298,6BH5,1.2491,1.2493,41,46,7,4,1.249,1.2494,8,28,7,5,1.2489,1.2495,47,20,7,2,1.2488,1.2496,22,22,3,1,1.2487,1.2497,14,48,3,6,1.2486,1.2498,168,144,1,1,1.2485,1.2499,10,24,1,4,1.2484,1.25,36,12,5,4,1.2483,1.2501,21,22,7,2,1.2482,1.2502,16,19,2,1
2024-12-30T08:24:55.000000000Z,2024-12-30T08:24:55.000000000Z,10,1,29307,A,N,0,1.2491,0,0,0,299,6BH5,1.249,1.2492,42,39,1,3,1.2489,1.2493,24,19,5,5,1.2488,1.2494,11,12,4,1,1.2487,1.2495,36,47,7,4,1.2486,1.2496,232,384,2,1,1.2485,1.2497,336,176,6,3,1.2484,1.2498,17,46,4,1,1.2483,1.2499,14,23,1,1,1.2482,1.25,46,24,1,4,1.2481,1.2501,46,28,4,1
2024-12-30T08:25:00.000000000Z,2024-12-30T08:25:00.000000000Z,10,1,29307,A,N,0,1.2491,0,0,0,300,6BH5,1.249,1.2492,21,15,3,4,1.2489,1.2493,38,25,6,1,1.2488,1.2494,32,22,7,6,1.2487,1.2495,18,34,7,2,1.2486,1.2496,18,48,1,1,1.2485,1.2497,22,9,2,7,1.2484,1.2498,17,39,7,7,1.2483,1.2499,23,19,7,3,1.2482,1.25,17,27,7,6,1.2481,1.2501,15,29,5,6
2024-12-30T08:25:05.000000000Z,2024-12-30T08:25:05.000000000Z,10,1,29307,A,N,0,1.249,0,0,0,301,6BH5,1.2489,1.2491,13,45,6,5,1.2488,1.2492,28,12,7,6,1.2487,1.2493,21,40,4,5,1.2486,1.2494,35,27,5,1,1.2485,1.2495,28,47,2,7,1.2484,1.2496,24,20,6,3,1.2483,1.2497,10,24,3,3,1.2482,1.2498,16,12,1,1,1.2481,1.2499,14,25,1,1,1.248,1.25,33,35,7,2
2024-12-30T08:25:10.000000000Z,2024-12-30T08:25:10.000000000Z,10,1,29307,A,N,0,1.2489,0,0,0,302,6BH5,1.2488,1.249,8,45,6,1,1.2487,1.2491,47,35,5,6,1.2486,1.2492,29,23,4,2,1.2485,1.2493,26,32,7,3,1.2484,1.2494,11,15,2,3,1.2483,1.2495,39,41,7,1,1.2482,1.2496,9,33,2,3,1.2481,1.2497,25,17,7,1,1.248,1.2498,7,49,2,3,1.2479,1.2499,48,13,4,6
2024-12-30T08:25:15.000000000Z,2024-12-30T08:25:15.000000000Z,10,1,29307,A,N,0,1.2488,0,0,0,303,6BH5,1.2487,1.2489,5,43,4,4,1.2486,1.249,28,13,6,4,1.2485,1.2491,25,6,5,2,1.2484,1.2492,43,34,6,2,1.2483,1.2493,47,14,5,1,1.2482,1.2494,25,26,1,5,1.2481,1.2495,47,6,7,6,1.248,1.2496,23,32,4,4,1.2479,1.2497,42,6,3,4,1.2478,1.2498,43,29,2,7
2024-12-30T08:25:20.000000000Z,2024-12-30T08:25:20.000000000Z,10,1,29307,A,N,0,1.2488,0,0,0,304,6BH5,1.2487,1.2489,9,44,4,2,1.2486,1.249,42,41,3,5,1.2485,1.2491,42,49,1,4,1.2484,1.2492,37,47,5,6,1.2483,1.2493,45,44,6,7,1.2482,1.2494,36,47,5,2,1.2481,1.2495,8,33,5,7,1.248,1.2496,11,5,4,1,1.2479,1.2497,27,44,2,2,1.2478,1.2498,48,35,2,7
2024-12-30T08:25:25.000000000Z,2024-12-30T08:25:25.000000000Z,10,1,29307,A,N,0,1.2488,0,0,0,305,6BH5,1.2487,1.2489,42,9,1,6,1.2486,1.249,35,22,6,1,1.2485,1.2491,320,120,5,1,1.2484,1.2492,22,24,2,2,1.2483,1.2493,17,17,1,1,1.2482,1.2494,31,21,2,6,1.2481,1.2495,18,16,5,5,1.248,1.2496,33,29,5,4,1.2479,1.2497,48,216,4,4,1.2478,1.2498,10,22,4,3
2024-12-30T08:25:30.000000000Z,2024-12-30T08:25:30.000000000Z,10,1,29307,A,N,0,1.2489,0,0,0,306,6BH5,1.2488,1.249,45,38,6,6,1.2487,1.2491,34,5,7,5,1.2486,1.2492,36,6,4,5,1.2485,1.2493,6,8,4,2,1.2484,1.2494,10,20,2,6,1.2483,1.2495,31,23,4,3,1.2482,1.2496,8,11,5,3,1.2481,1.2497,45,21,6,1,1.248,1.2498,6,28,7,3,1.2479,1.2499,16,23,4,7
2024-12-30T08:25:35.000000000Z,2024-12-30T08:25:35.000000000Z,10,1,29307,A,N,0,1.2488,0,0,0,307,6BH5,1.2487,1.2489,47,13,7,2,1.2486,1.249,6,23,4,3,1.2485,1.2491,26,8,4,1,1.2484,1.2492,29,33,1,2,1.2483,1.2493,12,31,2,7,1.2482,1.2494,18,48,7,7,1.2481,1.2495,14,47,4,7,1.248,1.2496,8,9,2,6,1.2479,1.2497,24,10,3,5,1.2478,1.2498,7,20,4,4
2024-12-30T08:25:40.000000000Z,2024-12-30T08:25:40.000000000Z,10,1,29307,A,N,0,1.2488,0,0,0,308,6BH5,1.2487,1.2489,38,24,1,3,1.2486,1.249,8,22,4,5,1.2485,1.2491,22,25,4,5,1.2484,1.2492,27,34,3,7,1.2483,1.2493,25,38,2,1,1.2482,1.2494,35,10,4,2,1.2481,1.2495,15,33,5,2,1.248,1.2496,15,25,6,3,1.2479,1.2497,39,16,7,2,1.2478,1.2498,9,23,3,6
2024-12-30T08:25:45.000000000Z,2024-12-30T08:25:45.000000000Z,10,1,29307,A,N,0,1.2487,0,0,0,309,6BH5,1.2486,1.2488,23,13,2,5,1.2485,1.2489,34,28,5,5,1.2484,1.249,32,20,5,5,1.2483,1.2491,29,6,6,3,1.2482,1.2492,45,34,3,5,1.2481,1.2493,28,35,6,1,1.248,1.2494,12,46,2,3,1.2479,1.2495,33,45,3,3,1.2478,1.2496,43,37,1,2,1.2477,1.2497,31,33,3,7
2024-12-30T08:25:50.000000000Z,2024-12-30T08:25:50.000000000Z,10,1,29307,A,N,0,1.2487,0,0,0,310,6BH5,1.2486,1.2488,18,9,2,6,1.2485,1.2489,32,49,5,7,1.2484,1.249,40,37,6,3,1.2483,1.2491,392,256,7,1,1.2482,1.2492,28,49,5,3,1.2481,1.2493,34,5,1,4,1.248,1.2494,34,32,6,7,1.2479,1.2495,30,7,7,2,1.2478,1.2496,14,42,3,7,1.2477,1.2497,36,21,3,5
2024-12-30T08:25:55.000000000Z,2024-12-30T08:25:55.000000000Z,10,1,29307,A,N,0,1.2487,0,0,0,311,6BH5,1.2486,1.2488,22,15,3,4,1.2485,1.2489,17,28,3,4,1.2484,1.249,32,39,5,6,1.2483,1.2491,27,9,6,1,1.2482,1.2492,14,47,1,4,1.2481,1.2493,34,47,5,3,1.248,1.2494,38,32,7,1,1.2479,1.2495,45,27,2,5,1.2478,1.2496,22,46,5,2,1.2477,1.2497,47,47,2,7
2024-12-30T08:26:00.000000000Z,2024-12-30T08:26:00.000000000Z,10,1,29307,A,N,0,1.2487,0,0,0,312,6BH5,1.2486,1.2488,40,56,5,4,1.2485,1.2489,20,34,1,4,1.2484,1.249,45,37,5,1,1.2483,1.2491,30,10,6,4,1.2482,1.2492,10,18,2,5,1.2481,1.2493,18,21,1,5,1.248,1.2494,10,10,1,6,1.2479,1.2495,18,8,2,2,1.2478,1.2496,21,46,6,3,1.2477,1.2497,34,47,5,7
2024-12-30T08:26:05.000000000Z,2024-12-30T08:26:05.000000000Z,10,1,29307,A,N,0,1.2488,0,0,0,313,6BH5,1.2487,1.2489,27,40,6,4,1.2486,1.249,21,36,1,3,1.2485,1.2491,31,31,6,7,1.2484,1.2492,18,25,4,7,1.2483,1.2493,15,48,3,4,1.2482,1.2494,32,12,2,6,1.2481,1.2495,36,16,6,5,1.248,1.2496,48,38,7,1,1.2479,1.2497,49,5,7,5,1.2478,1.2498,21,34,7,5
2024-12-30T08:26:10.000000000Z,2024-12-30T08:26:10.000000000Z,10,1,29307,A,N,0,1.2489,0,0,0,314,6BH5,1.2488,1.249,31,29,4,4,1.2487,1.2491,10,30,6,7,1.2486,1.2492,44,35,3,7,1.2485,1.2493,15,34,3,6,1.2484,1.2494,44,33,7,2,1.2483,1.2495,7,30,6,3,1.2482,1.2496,25,13,5,1,1.2481,1.2497,48,41,6,5,1.248,1.2498,42,15,5,5,1.2479,1.2499,42,45,1,6
2024-12-30T08:26:15.000000000Z,2024-12-30T08:26:15.000000000Z,10,1,29307,A,N,0,1.2489,0,0,0,315,6BH5,1.2488,1.249,30,30,4,2,1.2487,1.2491,14,47,2,4,1.2486,1.2492,43,35,6,7,1.2485,1.2493,48,37,3,2,1.2484,1.2494,40,27,7,5,1.2483,1.2495,44,28,5,2,1.2482,1.2496,29,11,6,7,1.2481,1.2497,26,26,3,1,1.248,1.2498,36,43,1,2,1.2479,1.2499,8,33,7,6
2024-12-30T08:26:20.000000000Z,2024-12-30T08:26:20.000000000Z,10,1,29307,A,N,0,1.249,0,0,0,316,6BH5,1.2489,1.2491,15,13,6,6,1.2488,1.2492,13,42,3,6,1.2487,1.2493,20,13,7,7,1.2486,1.2494,20,29,3,3,1.2485,1.2495,11,38,2,6,1.2484,1.2496,21,17,2,3,1.2483,1.2497,34,8,6,3,1.2482,1.2498,15,44,7,1,1.2481,1.2499,7,46,1,1,1.248,1.25,16,5,6,6
2024-12-30T08:26:25.000000000Z,2024-12-30T08:26:25.000000000Z,10,1,29307,A,N,0,1.249,0,0,0,317,6BH5,1.2489,1.2491,37,42,1,3,1.2488,1.2492,23,15,6,5,1.2487,1.2493,43,30,4,4,1.2486,1.2494,9,5,3,7,1.2485,1.2495,32,49,7,2,1.2484,1.2496,48,29,7,4,1.2483,1.2497,16,49,2,4,1.2482,1.2498,6,20,4,3,1.2481,1.2499,5,13,5,2,1.248,1.25,38,24,3,2
2024-12-30T08:26:30.000000000Z,2024-12-30T08:26:30.000000000Z,10,1,29307,A,N,0,1.2491,0,0,0,318,6BH5,1.249,1.2492,49,42,7,6,1.2489,1.2493,39,8,4,5,1.2488,1.2494,37,25,5,6,1.2487,1.2495,34,33,4,1,1.2486,1.2496,11,36,5,1,1.2485,1.2497,18,10,1,4,1.2484,1.2498,48,20,5,3,1.2483,1.2499,47,39,7,7,1.2482,1.25,6,48,4,6,1.2481,1.2501,5,10,6,1
2024-12-30T08:26:35.000000000Z,2024-12-30T08:26:35.000000000Z,10,1,29307,A,N,0,1.2491,0,0,0,319,6BH5,1.249,1.2492,37,21,7,3,1.2489,1.2493,44,29,7,7,1.2488,1.2494,31,42,1,5,1.2487,1.2495,26,16,4,4,1.2486,1.2496,40,31,7,7,1.2485,1.2497,21,7,2,7,1.2484,1.2498,25,44,1,3,1.2483,1.2499,47,49,4,5,1.2482,1.25,38,37,4,3,1.2481,1.2501,21,23,4,5
2024-12-30T08:26:40.000000000Z,2024-12-30T08:26:40.000000000Z,10,1,29307,A,N,0,1.2491,0,0,0,320,6BH5,1.249,1.2492,26,6,2,4,1.2489,1.2493,44,33,4,5,1.2488,1.2494,16,32,2,6,1.2487,1.2495,16,29,5,1,1.2486,1.2496,28,12,4,3,1.2485,1.2497,96,288,1,3,1.2484,1.2498,24,7,5,7,1.2483,1.2499,41,25,2,7,1.2482,1.25,44,39,2,1,1.2481,1.2501,30,26,5,5
2024-12-30T08:26:45.000000000Z,2024-12-30T08:26:45.000000000Z,10,1,29307,A,N,0,1.2492,0,0,0,321,6BH5,1.2491,1.2493,39,15,3,2,1.249,1.2494,8,21,6,2,1.2489,1.2495,176,232,2,1,1.2488,1.2496,14,40,5,6,1.2487,1.2497,20,30,1,2,1.2486,1.2498,6,13,5,5,1.2485,1.2499,12,9,5,4,1.2484,1.25,38,37,6,5,1.2483,1.2501,5,11,7,3,1.2482,1.2502,10,24,2,2
2024-12-30T08:26:50.000000000Z,2024-12-30T08:26:50.000000000Z,10,1,29307,A,N,0,1.2491,0,0,0,322,6BH5,1.249,1.2492,17,17,2,2,1.2489,1.2493,15,41,4,2,1.2488,1.2494,35,29,7,2,1.2487,1.2495,23,14,1,1,1.2486,1.2496,44,41,3,5,1.2485,1.2497,352,160,6,6,1.2484,1.2498,9,37,3,7,1.2483,1.2499,28,32,2,5,1.2482,1.25,20,39,3,4,1.2481,1.2501,32,5,7,2
2024-12-30T08:26:55.000000000Z,2024-12-30T08:26:55.000000000Z,10,1,29307,A,N,0,1.2491,0,0,0,323,6BH5,1.249,1.2492,26,8,3,2,1.2489,1.2493,11,25,1,3,1.2488,1.2494,34,21,1,7,1.2487,1.2495,7,28,7,3,1.2486,1.2496,5,36,1,4,1.2485,1.2497,6,22,3,5,1.2484,1.2498,34,22,5,5,1.2483,1.2499,36,18,5,2,1.2482,1.25,26,24,7,7,1.2481,1.2501,360,272,5,1
2024-12-30T08:27:00.000000000Z,2024-12-30T08:27:00.000000000Z,10,1,29307,A,N,0,1.2492,0,0,0,324,6BH5,1.2491,1.2493,24,23,6,5,1.249,1.2494,14,33,7,3,1.2489,1.2495,29,20,2,1,1.2488,1.2496,37,41,2,4,1.2487,1.2497,42,41,6,1,1.2486,1.2498,37,37,1,6,1.2485,1.2499,46,42,1,2,1.2484,1.25,38,42,1,7,1.2483,1.2501,27,24,7,5,1.2482,1.2502,16,46,1,2
2024-12-30T08:27:05.000000000Z,2024-12-30T08:27:05.000000000Z,10,1,29307,A,N,0,1.2493,0,0,0,325,6BH5,1.2492,1.2494,14,12,5,5,1.2491,1.2495,26,17,7,4,1.249,1.2496,13,44,4,1,1.2489,1.2497,10,29,4,2,1.2488,1.2498,33,40,3,5,1.2487,1.2499,30,22,4,4,1.2486,1.25,27,45,6,3,1.2485,1.2501,19,13,7,3,1.2484,1.2502,47,32,6,3,1.2483,1.2503,30,34,3,6
2024-12-30T08:27:10.000000000Z,2024-12-30T08:27:10.000000000Z,10,1,29307,A,N,0,1.2492,0,0,0,326,6BH5,1.2491,1.2493,24,35,2,4,1.249,1.2494,7,46,4,5,1.2489,1.2495,5,47,2,3,1.2488,1.2496,43,46,1,1,1.2487,1.2497,47,9,1,3,1.2486,1.2498,33,19,4,4,1.2485,1.2499,19,28,4,7,1.2484,1.25,15,22,2,4,1.2483,1.2501,28,43,7,3,1.2482,1.2502,46,11,7,4
2024-12-30T08:27:15.000000000Z,2024-12-30T08:27:15.000000000Z,10,1,29307,A,N,0,1.2492,0,0,0,327,6BH5,1.2491,1.2493,8,41,1,3,1.249,1.2494,15,35,1,4,1.2489,1.2495,22,7,2,2,1.2488,1.2496,21,29,2,4,1.2487,1.2497,7,29,7,7,1.2486,1.2498,48,23,7,5,1.2485,1.2499,41,32,5,1,1.2484,1.25,31,27,2,1,1.2483,1.2501,22,14,7,5,1.2482,1.2502,12,39,7,3
2024-12-30T08:27:20.000000000Z,2024-12-30T08:27:20.000000000Z,10,1,29307,A,N,0,1.2493,0,0,0,328,6BH5,1.2492,1.2494,25,43,6,2,1.2491,1.2495,13,5,4,4,1.249,1.2496,38,31,7,5,1.2489,1.2497,11,48,4,6,1.2488,1.2498,5,36,1,2,1.2487,1.2499,20,35,2,2,1.2486,1.25,49,38,5,5,1.2485,1.2501,7,19,3,7,1.2484,1.2502,42,26,6,1,1.2483,1.2503,42,19,6,7
2024-12-30T08:27:25.000000000Z,2024-12-30T08:27:25.000000000Z,10,1,29307,A,N,0,1.2494,0,0,0,329,6BH5,1.2493,1.2495,16,46,3,5,1.2492,1.2496,47,18,5,2,1.2491,1.2497,19,33,7,2,1.249,1.2498,7,39,2,4,1.2489,1.2499,10,18,2,3,1.2488,1.25,17,33,1,6,1.2487,1.2501,304,112,1,6,1.2486,1.2502,7,23,1,2,1.2485,1.2503,30,17,7,2,1.2484,1.2504,47,27,6,6
2024-12-30T08:27:30.000000000Z,2024-12-30T08:27:30.000000000Z,10,1,29307,A,N,0,1.2494,0,0,0,330,6BH5,1.2493,1.2495,23,43,1,4,1.2492,1.2496,14,39,5,4,1.2491,1.2497,10,9,7,7,1.249,1.2498,29,17,6,5,1.2489,1.2499,28,16,4,6,1.2488,1.25,30,36,5,6,1.2487,1.2501,18,21,1,1,1.2486,1.2502,49,33,3,7,1.2485,1.2503,35,23,1,6,1.2484,1.2504,7,39,7,7
2024-12-30T08:27:35.000000000Z,2024-12-30T08:27:35.000000000Z,10,1,29307,A,N,0,1.2495,0,0,0,331,6BH5,1.2494,1.2496,33,7,5,3,1.2493,1.2497,32,45,2,2,1.2492,1.2498,17,6,4,1,1.2491,1.2499,15,9,5,2,1.249,1.25,46,6,3,2,1.2489,1.2501,20,46,3,3,1.2488,1.2502,16,6,3,6,1.2487,1.2503,28,9,5,6,1.2486,1.2504,9,12,5,7,1.2485,1.2505,17,23,5,2
2024-12-30T08:27:40.000000000Z,2024-12-30T08:27:40.000000000Z,10,1,29307,A,N,0,1.2496,0,0,0,332,6BH5,1.2495,1.2497,33,9,6,2,1.2494,1.2498,37,39,3,7,1.2493,1.2499,5,42,6,1,1.2492,1.25,5,7,7,6,1.2491,1.2501,7,34,7,3,1.249,1.2502,10,42,1,6,1.2489,1.2503,47,10,2,4,1.2488,1.2504,45,15,2,7,1.2487,1.2505,30,31,2,2,1.2486,1.2506,35,28,5,1
2024-12-30T08:27:45.000000000Z,2024-12-30T08:27:45.000000000Z,10,1,29307,A,N,0,1.2495,0,0,0,333,6BH5,1.2494,1.2496,29,33,7,3,1.2493,1.2497,16,9,5,3,1.2492,1.2498,18,11,5,4,1.2491,1.2499,20,42,5,6,1.249,1.25,33,21,5,6,1.2489,1.2501,36,40,1,7,1.2488,1.2502,25,5,6,6,1.2487,1.2503,15,41,2,4,1.2486,1.2504,23,9,5,7,1.2485,1.2505,21,49,3,5
2024-12-30T08:27:50.000000000Z,2024-12-30T08:27:50.000000000Z,10,1,29307,A,N,0,1.2496,0,0,0,334,6BH5,1.2495,1.2497,36,49,3,2,1.2494,1.2498,15,32,1,7,1.2493,1.2499,42,30,6,4,1.2492,1.25,39,6,6,2,1.2491,1.2501,7,49,4,7,1.249,1.2502,43,16,5,1,1.2489,1.2503,24,38,2,5,1.2488,1.2504,28,46,5,6,1.2487,1.2505,136,288,3,1,1.2486,1.2506,43,31,6,6
2024-12-30T08:27:55.000000000Z,2024-12-30T08:27:55.000000000Z,10,1,29307,A,N,0,1.2496,0,0,0,335,6BH5,1.2495,1.2497,104,200,3,3,1.2494,1.2498,31,12,3,2,1.2493,1.2499,12,12,5,4,1.2492,1.25,17,18,1,1,1.2491,1.2501,24,42,6,4,1.249,1.2502,328,344,7,5,1.2489,1.2503,44,13,7,2,1.2488,1.2504,34,6,2,4,1.2487,1.2505,28,42,6,1,1.2486,1.2506,31,36,7,2
2024-12-30T08:28:00.000000000Z,2024-12-30T08:28:00.000000000Z,10,1,29307,A,N,0,1.2496,0,0,0,336,6BH5,1.2495,1.2497,34,37,7,1,1.2494,1.2498,37,37,4,5,1.2493,1.2499,48,19,5,6,1.2492,1.25,40,34,2,3,1.2491,1.2501,46,16,3,7,1.249,1.2502,26,27,3,1,1.2489,1.2503,18,10,2,1,1.2488,1.2504,46,14,6,4,1.2487,1.2505,19,43,2,4,1.2486,1.2506,22,15,5,2
2024-12-30T08:28:05.000000000Z,2024-12-30T08:28:05.000000000Z,10,1,29307,A,N,0,1.2496,0,0,0,337,6BH5,1.2495,1.2497,26,9,2,5,1.2494,1.2498,48,23,7,3,1.2493,1.2499,23,30,2,5,1.2492,1.25,11,36,7,5,1.2491,1.2501,30,28,3,3,1.249,1.2502,30,49,7,6,1.2489,1.2503,35,44,5,5,1.2488,1.2504,16,21,6,2,1.2487,1.2505,42,28,3,6,1.2486,1.2506,384,248,6,2
2024-12-30T08:28:10.000000000Z,2024-12-30T08:28:10.000000000Z,10,1,29307,A,N,0,1.2496,0,0,0,338,6BH5,1.2495,1.2497,28,34,4,6,1.2494,1.2498,248,104,7,5,1.2493,1.2499,46,31,2,1,1.2492,1.25,35,36,2,5,1.2491,1.2501,26,35,1,7,1.249,1.2502,28,18,5,7,1.2489,1.2503,39,44,2,5,1.2488,1.2504,22,11,1,6,1.2487,1.2505,8,47,3,1,1.2486,1.2506,24,35,3,4
2024-12-30T08:28:15.000000000Z,2024-12-30T08:28:15.000000000Z,10,1,29307,A,N,0,1.2497,0,0,0,339,6BH5,1.2496,1.2498,22,36,7,2,1.2495,1.2499,336,384,6,1,1.2494,1.25,27,47,3,6,1.2493,1.2501,8,23,5,6,1.2492,1.2502,26,13,7,2,1.2491,1.2503,14,40,2,4,1.249,1.2504,23,47,7,4,1.2489,1.2505,28,17,4,4,1.2488,1.2506,43,12,2,2,1.2487,1.2507,5,12,2,6
2024-12-30T08:28:20.000000000Z,2024-12-30T08:28:20.000000000Z,10,1,29307,A,N,0,1.2497,0,0,0,340,6BH5,1.2496,1.2498,232,280,7,2,1.2495,1.2499,43,42,3,1,1.2494,1.25,248,392,2,3,1.2493,1.2501,30,15,2,1,1.2492,1.2502,30,16,1,1,1.2491,1.2503,9,13,7,2,1.249,1.2504,14,18,4,2,1.2489,1.2505,41,45,6,6,1.2488,1.2506,15,39,5,4,1.2487,1.2507,45,9,4,5
2024-12-30T08:28:25.000000000Z,2024-12-30T08:28:25.000000000Z,10,1,29307,A,N,0,1.2498,0,0,0,341,6BH5,1.2497,1.2499,30,48,6,4,1.2496,1.25,24,43,1,6,1.2495,1.2501,34,6,4,3,1.2494,1.2502,7,12,2,3,1.2493,1.2503,9,44,2,5,1.2492,1.2504,41,6,3,7,1.2491,1.2505,32,31,1,6,1.249,1.2506,22,31,7,2,1.2489,1.2507,32,5,6,4,1.2488,1.2508,13,49,5,3
2024-12-30T08:28:30.000000000Z,2024-12-30T08:28:30.000000000Z,10,1,29307,A,N,0,1.2499,0,0,0,342,6BH5,1.2498,1.25,8,41,2,7,1.2497,1.2501,43,14,1,4,1.2496,1.2502,22,16,7,2,1.2495,1.2503,19,7,2,6,1.2494,1.2504,42,37,5,1,1.2493,1.2505,6,29,1,3,1.2492,1.2506,43,8,3,2,1.2491,1.2507,31,30,3,1,1.249,1.2508,29,14,1,3,1.2489,1.2509,17,25,7,1
2024-12-30T08:28:35.000000000Z,2024-12-30T08:28:35.000000000Z,10,1,29307,A,N,0,1.25,0,0,0,343,6BH5,1.2499,1.2501,42,15,1,1,1.2498,1.2502,40,34,2,2,1.2497,1.2503,19,33,1,2,1.2496,1.2504,7,37,6,3,1.2495,1.2505,29,38,1,2,1.2494,1.2506,19,21,1,6,1.2493,1.2507,64,48,6,2,1.2492,1.2508,44,37,7,7,1.2491,1.2509,272,208,3,3,1.249,1.251,10,30,2,1
2024-12-30T08:28:40.000000000Z,2024-12-30T08:28:40.000000000Z,10,1,29307,A,N,0,1.25,0,0,0,344,6BH5,1.2499,1.2501,7,10,1,2,1.2498,1.2502,17,42,4,6,1.2497,1.2503,31,12,7,2,1.2496,1.2504,40,42,3,6,1.2495,1.2505,33,26,6,6,1.2494,1.2506,39,27,5,5,1.2493,1.2507,35,32,2,3,1.2492,1.2508,13,33,4,5,1.2491,1.2509,41,40,3,4,1.249,1.251,32,38,5,2
2024-12-30T08:28:45.000000000Z,2024-12-30T08:28:45.000000000Z,10,1,29307,A,N,0,1.2499,0,0,0,345,6BH5,1.2498,1.25,46,27,4,1,1.2497,1.2501,29,11,2,2,1.2496,1.2502,6,42,2,6,1.2495,1.2503,25,16,3,3,1.2494,1.2504,44,26,6,4,1.2493,1.2505,22,48,4,6,1.2492,1.2506,11,35,1,5,1.2491,1.2507,12,37,5,6,1.249,1.2508,15,24,7,5,1.2489,1.2509,34,20,5,2
2024-12-30T08:28:50.000000000Z,2024-12-30T08:28:50.000000000Z,10,1,29307,A,N,0,1.2499,0,0,0,346,6BH5,1.2498,1.25,46,27,4,6,1.2497,1.2501,43,33,4,2,1.2496,1.2502,40,37,5,6,1.2495,1.2503,30,47,5,6,1.2494,1.2504,15,46,7,6,1.2493,1.2505,5,48,5,6,1.2492,1.2506,45,38,4,1,1.2491,1.2507,19,8,3,6,1.249,1.2508,45,17,2,6,1.2489,1.2509,39,13,6,6
2024-12-30T08:28:55.000000000Z,2024-12-30T08:28:55.000000000Z,10,1,29307,A,N,0,1.25,0,0,0,347,6BH5,1.2499,1.2501,28,27,5,5,1.2498,1.2502,40,18,4,4,1.2497,1.2503,31,21,2,1,1.2496,1.2504,23,45,2,7,1.2495,1.2505,23,16,4,6,1.2494,1.2506,34,24,4,2,1.2493,1.2507,27,10,2,5,1.2492,1.2508,8,47,3,1,1.2491,1.2509,38,13,7,1,1.249,1.251,47,39,1,3
2024-12-30T08:29:00.000000000Z,2024-12-30T08:29:00.000000000Z,10,1,29307,A,N,0,1.2499,0,0,0,348,6BH5,1.2498,1.25,40,6,6,5,1.2497,1.2501,7,33,6,4,1.2496,1.2502,49,17,2,6,1.2495,1.2503,35,11,7,6,1.2494,1.2504,42,42,4,3,1.2493,1.2505,23,13,6,3,1.2492,1.2506,23,30,4,5,1.2491,1.2507,12,28,2,2,1.249,1.2508,56,88,4,2,1.2489,1.2509,6,37,4,4
2024-12-30T08:29:05.000000000Z,2024-12-30T08:29:05.000000000Z,10,1,29307,A,N,0,1.25,0,0,0,349,6BH5,1.2499,1.2501,45,31,2,2,1.2498,1.2502,27,25,4,6,1.2497,1.2503,27,25,7,7,1.2496,1.2504,17,44,6,7,1.2495,1.2505,9,30,3,2,1.2494,1.2506,42,15,6,4,1.2493,1.2507,43,21,7,5,1.2492,1.2508,46,43,2,5,1.2491,1.2509,40,8,4,1,1.249,1.251,32,40,7,5
2024-12-30T08:29:10.000000000Z,2024-12-30T08:29:10.000000000Z,10,1,29307,A,N,0,1.2501,0,0,0,350,6BH5,1.25,1.2502,35,16,4,1,1.2499,1.2503,33,23,6,1,1.2498,1.2504,44,20,2,5,1.2497,1.2505,16,11,6,2,1.2496,1.2506,16,44,1,1,1.2495,1.2507,32,37,7,5,1.2494,1.2508,10,25,5,6,1.2493,1.2509,14,40,5,4,1.2492,1.251,35,8,2,4,1.2491,1.2511,40,13,3,5
2024-12-30T08:29:15.000000000Z,2024-12-30T08:29:15.000000000Z,10,1,29307,A,N,0,1.2502,0,0,0,351,6BH5,1.2501,1.2503,34,30,4,4,1.25,1.2504,32,49,4,4,1.2499,1.2505,34,25,2,4,1.2498,1.2506,7,30,4,1,1.2497,1.2507,26,49,2,6,1.2496,1.2508,11,7,6,5,1.2495,1.2509,19,30,1,7,1.2494,1.251,43,45,7,6,1.2493,1.2511,256,224,2,1,1.2492,1.2512,14,11,6,2
2024-12-30T08:29:20.000000000Z,2024-12-30T08:29:20.000000000Z,10,1,29307,A,N,0,1.2502,0,0,0,352,6BH5,1.2501,1.2503,19,5,5,4,1.25,1.2504,7,40,6,5,1.2499,1.2505,40,48,7,4,1.2498,1.2506,41,48,4,3,1.2497,1.2507,27,26,7,6,1.2496,1.2508,6,18,7,7,1.2495,1.2509,41,45,5,2,1.2494,1.251,7,46,2,2,1.2493,1.2511,40,16,4,5,1.2492,1.2512,72,248,5,4
2024-12-30T08:29:25.000000000Z,2024-12-30T08:29:25.000000000Z,10,1,29307,A,N,0,1.2502,0,0,0,353,6BH5,1.2501,1.2503,37,34,4,1,1.25,1.2504,27,7,6,5,1.2499,1.2505,34,16,5,3,1.2498,1.2506,39,32,4,4,1.2497,1.2507,47,20,6,7,1.2496,1.2508,49,45,1,2,1.2495,1.2509,26,35,5,6,1.2494,1.251,6,26,1,5,1.2493,1.2511,24,28,5,7,1.2492,1.2512,12,9,2,1
2024-12-30T08:29:30.000000000Z,2024-12-30T08:29:30.000000000Z,10,1,29307,A,N,0,1.2503,0,0,0,354,6BH5,1.2502,1.2504,39,38,3,4,1.2501,1.2505,9,45,6,3,1.25,1.2506,17,30,6,4,1.2499,1.2507,15,20,7,4,1.2498,1.2508,15,14,4,7,1.2497,1.2509,28,19,3,6,1.2496,1.251,12,40,2,5,1.2495,1.2511,37,36,4,3,1.2494,1.2512,37,5,5,5,1.2493,1.2513,25,29,4,5
2024-12-30T08:29:35.000000000Z,2024-12-30T08:29:35.000000000Z,10,1,29307,A,N,0,1.2503,0,0,0,355,6BH5,1.2502,1.2504,32,44,6,5,1.2501,1.2505,40,43,1,4,1.25,1.2506,18,38,7,3,1.2499,1.2507,5,16,5,1,1.2498,1.2508,20,8,2,7,1.2497,1.2509,17,24,3,3,1.2496,1.251,29,23,7,7,1.2495,1.2511,28,20,1,4,1.2494,1.2512,8,6,1,1,1.2493,1.2513,6,19,5,4
2024-12-30T08:29:40.000000000Z,2024-12-30T08:29:40.000000000Z,10,1,29307,A,N,0,1.2504,0,0,0,356,6BH5,1.2503,1.2505,47,33,2,5,1.2502,1.2506,28,48,6,4,1.2501,1.2507,48,38,6,7,1.25,1.2508,45,44,4,2,1.2499,1.2509,13,8,7,7,1.2498,1.251,16,26,2,7,1.2497,1.2511,28,24,4,2,1.2496,1.2512,384,264,1,7,1.2495,1.2513,47,43,5,6,1.2494,1.2514,47,24,4,1
2024-12-30T08:29:45.000000000Z,2024-12-30T08:29:45.000000000Z,10,1,29307,A,N,0,1.2504,0,0,0,357,6BH5,1.2503,1.2505,13,31,4,1,1.2502,1.2506,6,13,3,7,1.2501,1.2507,160,48,2,4,1.25,1.2508,38,31,7,1,1.2499,1.2509,13,17,2,3,1.2498,1.251,24,47,3,6,1.2497,1.2511,34,15,7,2,1.2496,1.2512,38,45,6,3,1.2495,1.2513,25,40,7,2,1.2494,1.2514,38,26,4,3
2024-12-30T08:29:50.000000000Z,2024-12-30T08:29:50.000000000Z,10,1,29307,A,N,0,1.2505,0,0,0,358,6BH5,1.2504,1.2506,11,44,6,2,1.2503,1.2507,17,17,7,3,1.2502,1.2508,26,45,5,5,1.2501,1.2509,9,45,4,1,1.25,1.251,46,15,4,7,1.2499,1.2511,44,23,2,1,1.2498,1.2512,43,32,7,2,1.2497,1.2513,12,21,3,4,1.2496,1.2514,49,37,4,2,1.2495,1.2515,10,25,5,3
2024-12-30T08:29:55.000000000Z,2024-12-30T08:29:55.000000000Z,10,1,29307,A,N,0,1.2506,0,0,0,359,6BH5,1.2505,1.2507,32,21,2,3,1.2504,1.2508,29,34,4,1,1.2503,1.2509,41,31,2,7,1.2502,1.251,16,18,1,1,1.2501,1.2511,64,184,1,5,1.25,1.2512,5,29,3,6,1.2499,1.2513,33,7,1,2,1.2498,1.2514,43,37,2,5,1.2497,1.2515,8,42,5,5,1.2496,1.2516,27,17,4,1
2024-12-30T08:30:00.000000000Z,2024-12-30T08:30:00.000000000Z,10,1,29307,A,N,0,1.2505,0,0,0,360,6BH5,1.2504,1.2506,33,36,3,2,1.2503,1.2507,16,43,4,7,1.2502,1.2508,11,6,3,1,1.2501,1.2509,36,49,4,5,1.25,1.251,44,7,7,3,1.2499,1.2511,48,80,2,1,1.2498,1.2512,19,16,1,6,1.2497,1.2513,31,17,5,7,1.2496,1.2514,7,16,1,1,1.2495,1.2515,46,13,2,1
2024-12-30T08:30:05.000000000Z,2024-12-30T08:30:05.000000000Z,10,1,29307,A,N,0,1.2504,0,0,0,361,6BH5,1.2503,1.2505,14,48,3,1,1.2502,1.2506,8,49,1,1,1.2501,1.2507,19,10,2,5,1.25,1.2508,45,38,7,5,1.2499,1.2509,35,28,7,6,1.2498,1.251,24,8,2,5,1.2497,1.2511,48,14,1,5,1.2496,1.2512,16,19,7,7,1.2495,1.2513,11,49,1,5,1.2494,1.2514,22,34,7,4
2024-12-30T08:30:10.000000000Z,2024-12-30T08:30:10.000000000Z,10,1,29307,A,N,0,1.2505,0,0,0,362,6BH5,1.2504,1.2506,41,11,6,5,1.2503,1.2507,43,45,5,5,1.2502,1.2508,22,47,1,3,1.2501,1.2509,27,21,4,7,1.25,1.251,11,33,4,5,1.2499,1.2511,14,20,3,2,1.2498,1.2512,9,18,7,6,1.2497,1.2513,13,10,5,1,1.2496,1.2514,16,49,2,7,1.2495,1.2515,5,19,5,2
2024-12-30T08:30:15.000000000Z,2024-12-30T08:30:15.000000000Z,10,1,29307,A,N,0,1.2504,0,0,0,363,6BH5,1.2503,1.2505,5,24,6,4,1.2502,1.2506,29,20,4,6,1.2501,1.2507,37,11,7,3,1.25,1.2508,9,49,7,7,1.2499,1.2509,21,22,2,3,1.2498,1.251,6,9,1,6,1.2497,1.2511,36,33,1,5,1.2496,1.2512,13,11,6,5,1.2495,1.2513,8,10,6,7,1.2494,1.2514,6,9,3,5
2024-12-30T08:30:20.000000000Z,2024-12-30T08:30:20.000000000Z,10,1,29307,A,N,0,1.2504,0,0,0,364,6BH5,1.2503,1.2505,23,34,7,7,1.2502,1.2506,26,37,2,6,1.2501,1.2507,16,9,1,6,1.25,1.2508,30,26,5,4,1.2499,1.2509,47,32,1,7,1.2498,1.251,368,240,5,4,1.2497,1.2511,44,15,6,6,1.2496,1.2512,31,28,5,2,1.2495,1.2513,7,11,6,4,1.2494,1.2514,7,15,6,3
2024-12-30T08:30:25.000000000Z,2024-12-30T08:30:25.000000000Z,10,1,29307,A,N,0,1.2504,0,0,0,365,6BH5,1.2503,1.2505,26,5,4,3,1.2502,1.2506,18,11,2,3,1.2501,1.2507,28,23,5,1,1.25,1.2508,14,22,2,1,1.2499,1.2509,8,16,3,2,1.2498,1.251,20,48,1,2,1.2497,1.2511,41,32,5,4,1.2496,1.2512,16,12,4,2,1.2495,1.2513,28,27,5,3,1.2494,1.2514,7,6,3,5
2024-12-30T08:30:30.000000000Z,2024-12-30T08:30:30.000000000Z,10,1,29307,A,N,0,1.2503,0,0,0,366,6BH5,1.2502,1.2504,18,37,7,2,1.2501,1.2505,48,120,7,5,1.25,1.2506,48,30,2,6,1.2499,1.2507,14,16,1,6,1.2498,1.2508,35,23,5,1,1.2497,1.2509,12,9,6,4,1.2496,1.251,37,20,2,4,1.2495,1.2511,30,45,5,7,1.2494,1.2512,31,40,3,7,1.2493,1.2513,42,7,6,1
2024-12-30T08:30:35.000000000Z,2024-12-30T08:30:35.000000000Z,10,1,29307,A,N,0,1.2502,0,0,0,367,6BH5,1.2501,1.2503,42,15,2,2,1.25,1.2504,38,5,3,5,1.2499,1.2505,39,9,4,1,1.2498,1.2506,9,27,4,4,1.2497,1.2507,18,26,1,7,1.2496,1.2508,8,47,2,1,1.2495,1.2509,21,13,3,7,1.2494,1.251,8,47,3,2,1.2493,1.2511,25,33,1,4,1.2492,1.2512,13,11,6,4
2024-12-30T08:30:40.000000000Z,2024-12-30T08:30:40.000000000Z,10,1,29307,A,N,0,1.2503,0,0,0,368,6BH5,1.2502,1.2504,15,43,3,3,1.2501,1.2505,10,12,1,7,1.25,1.2506,14,6,4,6,1.2499,1.2507,6,19,4,2,1.2498,1.2508,28,6,6,6,1.2497,1.2509,18,9,2,2,1.2496,1.251,38,27,1,3,1.2495,1.2511,7,16,6,3,1.2494,1.2512,31,23,1,5,1.2493,1.2513,28,23,7,4
2024-12-30T08:30:45.000000000Z,2024-12-30T08:30:45.000000000Z,10,1,29307,A,N,0,1.2503,0,0,0,369,6BH5,1.2502,1.2504,39,39,1,1,1.2501,1.2505,22,21,2,4,1.25,1.2506,31,43,6,2,1.2499,1.2507,192,168,2,6,1.2498,1.2508,232,232,4,4,1.2497,1.2509,16,24,7,1,1.2496,1.251,22,14,3,2,1.2495,1.2511,8,27,7,6,1.2494,1.2512,33,29,2,1,1.2493,1.2513,12,9,1,7
2024-12-30T08:30:50.000000000Z,2024-12-30T08:30:50.000000000Z,10,1,29307,A,N,0,1.2503,0,0,0,370,6BH5,1.2502,1.2504,48,31,3,4,1.2501,1.2505,22,44,4,2,1.25,1.2506,336,272,7,7,1.2499,1.2507,44,34,6,7,1.2498,1.2508,24,32,3,5,1.2497,1.2509,20,19,3,4,1.2496,1.251,7,28,1,1,1.2495,1.2511,34,11,4,3,1.2494,1.2512,23,6,1,5,1.2493,1.2513,20,14,4,3
2024-12-30T08:30:55.000000000Z,2024-12-30T08:30:55.000000000Z,10,1,29307,A,N,0,1.2504,0,0,0,371,6BH5,1.2503,1.2505,28,16,5,2,1.2502,1.2506,39,13,6,4,1.2501,1.2507,28,14,2,5,1.25,1.2508,23,40,3,6,1.2499,1.2509,13,21,2,6,1.2498,1.251,47,24,7,4,1.2497,1.2511,14,25,6,1,1.2496,1.2512,256,144,4,7,1.2495,1.2513,45,7,4,4,1.2494,1.2514,19,24,2,5
2024-12-30T08:31:00.000000000Z,2024-12-30T08:31:00.000000000Z,10,1,29307,A,N,0,1.2503,0,0,0,372,6BH5,1.2502,1.2504,26,13,4,1,1.2501,1.2505,40,46,2,6,1.25,1.2506,45,23,7,1,1.2499,1.2507,10,49,5,7,1.2498,1.2508,29,5,6,6,1.2497,1.2509,352,200,7,1,1.2496,1.251,13,33,5,4,1.2495,1.2511,15,40,5,7,1.2494,1.2512,29,30,6,1,1.2493,1.2513,39,24,1,3
2024-12-30T08:31:05.000000000Z,2024-12-30T08:31:05.000000000Z,10,1,29307,A,N,0,1.2502,0,0,0,373,6BH5,1.2501,1.2503,272,208,5,1,1.25,1.2504,24,11,4,7,1.2499,1.2505,24,23,6,6,1.2498,1.2506,34,20,3,2,1.2497,1.2507,32,14,6,4,1.2496,1.2508,15,31,4,1,1.2495,1.2509,7,35,5,1,1.2494,1.251,8,26,5,2,1.2493,1.2511,34,44,4,2,1.2492,1.2512,344,344,7,6
2024-12-30T08:31:10.000000000Z,2024-12-30T08:31:10.000000000Z,10,1,29307,A,N,0,1.2503,0,0,0,374,6BH5,1.2502,1.2504,22,28,1,3,1.2501,1.2505,29,36,6,3,1.25,1.2506,6,24,3,3,1.2499,1.2507,15,39,4,6,1.2498,1.2508,35,40,5,6,1.2497,1.2509,6,48,5,2,1.2496,1.251,320,256,5,6,1.2495,1.2511,47,14,2,6,1.2494,1.2512,30,25,4,2,1.2493,1.2513,34,9,2,7
2024-12-30T08:31:15.000000000Z,2024-12-30T08:31:15.000000000Z,10,1,29307,A,N,0,1.2504,0,0,0,375,6BH5,1.2503,1.2505,11,16,3,5,1.2502,1.2506,12,32,3,7,1.2501,1.2507,41,36,5,1,1.25,1.2508,22,15,5,2,1.2499,1.2509,6,45,6,7,1.2498,1.251,19,15,5,5,1.2497,1.2511,29,41,6,7,1.2496,1.2512,29,27,4,7,1.2495,1.2513,35,30,7,1,1.2494,1.2514,34,15,3,1
2024-12-30T08:31:20.000000000Z,2024-12-30T08:31:20.000000000Z,10,1,29307,A,N,0,1.2504,0,0,0,376,6BH5,1.2503,1.2505,25,39,4,6,1.2502,1.2506,22,27,2,3,1.2501,1.2507,15,46,6,1,1.25,1.2508,29,42,2,3,1.2499,1.2509,31,48,6,1,1.2498,1.251,27,47,4,3,1.2497,1.2511,184,264,5,2,1.2496,1.2512,14,41,1,7,1.2495,1.2513,30,16,2,4,1.2494,1.2514,17,27,3,3
2024-12-30T08:31:25.000000000Z,2024-12-30T08:31:25.000000000Z,10,1,29307,A,N,0,1.2505,0,0,0,377,6BH5,1.2504,1.2506,25,11,6,2,1.2503,1.2507,6,43,2,7,1.2502,1.2508,20,30,5,7,1.2501,1.2509,40,22,7,5,1.25,1.251,368,344,4,4,1.2499,1.2511,5,11,5,6,1.2498,1.2512,47,6,7,7,1.2497,1.2513,18,14,2,1,1.2496,1.2514,24,32,4,2,1.2495,1.2515,10,26,4,2
2024-12-30T08:31:30.000000000Z,2024-12-30T08:31:30.000000000Z,10,1,29307,A,N,0,1.2506,0,0,0,378,6BH5,1.2505,1.2507,392,312,3,4,1.2504,1.2508,31,6,6,7,1.2503,1.2509,38,44,7,4,1.2502,1.251,17,35,1,6,1.2501,1.2511,5,31,1,3,1.25,1.2512,19,9,5,4,1.2499,1.2513,43,26,7,3,1.2498,1.2514,31,14,7,2,1.2497,1.2515,41,37,3,4,1.2496,1.2516,32,40,1,4
2024-12-30T08:31:35.000000000Z,2024-12-30T08:31:35.000000000Z,10,1,29307,A,N,0,1.2505,0,0,0,379,6BH5,1.2504,1.2506,11,5,1,3,1.2503,1.2507,34,13,6,3,1.2502,1.2508,33,9,1,3,1.2501,1.2509,33,21,7,3,1.25,1.251,28,31,1,6,1.2499,1.2511,136,240,5,3,1.2498,1.2512,37,10,3,5,1.2497,1.2513,15,27,2,4,1.2496,1.2514,44,49,6,7,1.2495,1.2515,46,37,4,1
2024-12-30T08:31:40.000000000Z,2024-12-30T08:31:40.000000000Z,10,1,29307,A,N,0,1.2504,0,0,0,380,6BH5,1.2503,1.2505,26,31,7,3,1.2502,1.2506,43,11,7,2,1.2501,1.2507,384,72,4,7,1.25,1.2508,7,25,2,1,1.2499,1.2509,24,44,5,4,1.2498,1.251,32,37,2,3,1.2497,1.2511,23,18,1,7,1.2496,1.2512,49,7,2,1,1.2495,1.2513,43,18,5,4,1.2494,1.2514,36,37,4,7
2024-12-30T08:31:45.000000000Z,2024-12-30T08:31:45.000000000Z,10,1,29307,A,N,0,1.2505,0,0,0,381,6BH5,1.2504,1.2506,9,8,3,3,1.2503,1.2507,31,33,2,5,1.2502,1.2508,29,24,6,4,1.2501,1.2509,22,42,1,4,1.25,1.251,16,45,4,7,1.2499,1.2511,6,30,6,1,1.2498,1.2512,7,34,3,2,1.2497,1.2513,23,47,5,6,1.2496,1.2514,12,6,6,2,1.2495,1.2515,34,40,4,3
2024-12-30T08:31:50.000000000Z,2024-12-30T08:31:50.000000000Z,10,1,29307,A,N,0,1.2505,0,0,0,382,6BH5,1.2504,1.2506,40,22,3,1,1.2503,1.2507,12,9,5,7,1.2502,1.2508,41,49,4,5,1.2501,1.2509,18,41,7,3,1.25,1.251,26,15,2,5,1.2499,1.2511,20,43,7,7,1.2498,1.2512,9,43,2,3,1.2497,1.2513,6,44,6,2,1.2496,1.2514,15,33,5,5,1.2495,1.2515,21,42,2,1
2024-12-30T08:31:55.000000000Z,2024-12-30T08:31:55.000000000Z,10,1,29307,A,N,0,1.2504,0,0,0,383,6BH5,1.2503,1.2505,35,11,4,6,1.2502,1.2506,30,15,3,6,1.2501,1.2507,32,19,5,6,1.25,1.2508,20,42,2,1,1.2499,1.2509,30,44,7,6,1.2498,1.251,47,28,7,1,1.2497,1.2511,42,41,3,3,1.2496,1.2512,29,34,1,1,1.2495,1.2513,44,47,3,6,1.2494,1.2514,152,336,2,6
2024-12-30T08:32:00.000000000Z,2024-12-30T08:32:00.000000000Z,10,1,29307,A,N,0,1.2505,0,0,0,384,6BH5,1.2504,1.2506,15,33,7,4,1.2503,1.2507,33,19,1,2,1.2502,1.2508,47,15,6,1,1.2501,1.2509,6,5,4,6,1.25,1.251,41,13,5,2,1.2499,1.2511,31,34,3,7,1.2498,1.2512,13,41,6,1,1.2497,1.2513,29,13,5,6,1.2496,1.2514,32,18,6,7,1.2495,1.2515,16,39,1,7
2024-12-30T08:32:05.000000000Z,2024-12-30T08:32:05.000000000Z,10,1,29307,A,N,0,1.2505,0,0,0,385,6BH5,1.2504,1.2506,5,5,2,6,1.2503,1.2507,24,38,7,2,1.2502,1.2508,28,32,3,3,1.2501,1.2509,20,20,2,6,1.25,1.251,15,12,4,1,1.2499,1.2511,12,18,3,2,1.2498,1.2512,47,25,6,7,1.2497,1.2513,48,12,3,5,1.2496,1.2514,72,184,1,1,1.2495,1.2515,49,17,5,5
2024-12-30T08:32:10.000000000Z,2024-12-30T08:32:10.000000000Z,10,1,29307,A,N,0,1.2505,0,0,0,386,6BH5,1.2504,1.2506,6,44,6,5,1.2503,1.2507,29,43,6,7,1.2502,1.2508,31,34,4,7,1.2501,1.2509,11,25,2,7,1.25,1.251,31,6,6,4,1.2499,1.2511,42,16,3,6,1.2498,1.2512,22,21,1,7,1.2497,1.2513,22,9,1,6,1.2496,1.2514,5,45,1,4,1.2495,1.2515,15,47,3,5
2024-12-30T08:32:15.000000000Z,2024-12-30T08:32:15.000000000Z,10,1,29307,A,N,0,1.2504,0,0,0,387,6BH5,1.2503,1.2505,30,44,3,1,1.2502,1.2506,24,46,1,7,1.2501,1.2507,14,7,7,3,1.25,1.2508,44,35,5,6,1.2499,1.2509,18,41,3,5,1.2498,1.251,27,30,3,7,1.2497,1.2511,16,5,2,2,1.2496,1.2512,27,11,7,1,1.2495,1.2513,29,46,5,7,1.2494,1.2514,152,152,4,4
2024-12-30T08:32:20.000000000Z,2024-12-30T08:32:20.000000000Z,10,1,29307,A,N,0,1.2504,0,0,0,388,6BH5,1.2503,1.2505,36,17,5,1,1.2502,1.2506,13,24,4,6,1.2501,1.2507,39,49,5,1,1.25,1.2508,26,47,7,6,1.2499,1.2509,31,8,4,1,1.2498,1.251,31,21,7,6,1.2497,1.2511,33,44,7,1,1.2496,1.2512,39,22,3,3,1.2495,1.2513,22,42,1,2,1.2494,1.2514,18,5,5,6
2024-12-30T08:32:25.000000000Z,2024-12-30T08:32:25.000000000Z,10,1,29307,A,N,0,1.2504,0,0,0,389,6BH5,1.2503,1.2505,136,320,5,3,1.2502,1.2506,37,26,1,4,1.2501,1.2507,10,43,5,3,1.25,1.2508,28,23,1,3,1.2499,1.2509,44,8,7,6,1.2498,1.251,38,25,7,3,1.2497,1.2511,26,38,1,1,1.2496,1.2512,36,12,6,6,1.2495,1.2513,24,25,2,1,1.2494,1.2514,39,31,4,6
2024-12-30T08:32:30.000000000Z,2024-12-30T08:32:30.000000000Z,10,1,29307,A,N,0,1.2503,0,0,0,390,6BH5,1.2502,1.2504,44,18,2,4,1.2501,1.2505,44,47,2,3,1.25,1.2506,35,15,6,7,1.2499,1.2507,42,24,6,7,1.2498,1.2508,8,13,7,1,1.2497,1.2509,41,31,4,1,1.2496,1.251,20,27,6,3,1.2495,1.2511,23,38,7,2,1.2494,1.2512,5,6,3,6,1.2493,1.2513,28,25,5,5
2024-12-30T08:32:35.000000000Z,2024-12-30T08:32:35.000000000Z,10,1,29307,A,N,0,1.2503,0,0,0,391,6BH5,1.2502,1.2504,12,34,6,7,1.2501,1.2505,17,32,6,5,1.25,1.2506,13,18,6,2,1.2499,1.2507,44,10,1,4,1.2498,1.2508,14,46,5,3,1.2497,1.2509,28,46,3,6,1.2496,1.251,34,47,6,6,1.2495,1.2511,26,15,3,5,1.2494,1.2512,12,27,5,3,1.2493,1.2513,49,37,2,5
2024-12-30T08:32:40.000000000Z,2024-12-30T08:32:40.000000000Z,10,1,29307,A,N,0,1.2503,0,0,0,392,6BH5,1.2502,1.2504,21,26,6,6,1.2501,1.2505,48,24,6,6,1.25,1.2506,9,22,7,6,1.2499,1.2507,13,45,3,7,1.2498,1.2508,47,10,6,7,1.2497,1.2509,44,31,4,1,1.2496,1.251,35,5,5,5,1.2495,1.2511,9,35,4,4,1.2494,1.2512,17,16,7,3,1.2493,1.2513,42,37,6,5
2024-12-30T08:32:45.000000000Z,2024-12-30T08:32:45.000000000Z,10,1,29307,A,N,0,1.2504,0,0,0,393,6BH5,1.2503,1.2505,24,40,5,5,1.2502,1.2506,39,22,1,3,1.2501,1.2507,5,45,6,2,1.25,1.2508,43,14,7,6,1.2499,1.2509,12,38,1,1,1.2498,1.251,11,36,1,1,1.2497,1.2511,20,6,3,7,1.2496,1.2512,37,25,1,3,1.2495,1.2513,11,33,3,6,1.2494,1.2514,20,10,2,7
2024-12-30T08:32:50.000000000Z,2024-12-30T08:32:50.000000000Z,10,1,29307,A,N,0,1.2505,0,0,0,394,6BH5,1.2504,1.2506,112,64,1,2,1.2503,1.2507,49,47,2,5,1.2502,1.2508,39,46,5,5,1.2501,1.2509,5,15,2,3,1.25,1.251,17,36,2,7,1.2499,1.2511,27,34,6,7,1.2498,1.2512,272,328,6,3,1.2497,1.2513,8,36,3,6,1.2496,1.2514,20,19,1,4,1.2495,1.2515,18,45,5,2
2024-12-30T08:32:55.000000000Z,2024-12-30T08:32:55.000000000Z,10,1,29307,A,N,0,1.2504,0,0,0,395,6BH5,1.2503,1.2505,8,41,1,7,1.2502,1.2506,29,33,2,5,1.2501,1.2507,40,32,1,5,1.25,1.2508,38,23,4,6,1.2499,1.2509,31,24,1,1,1.2498,1.251,25,28,7,4,1.2497,1.2511,17,25,3,5,1.2496,1.2512,6,28,2,6,1.2495,1.2513,34,34,3,2,1.2494,1.2514,15,23,2,4
2024-12-30T08:33:00.000000000Z,2024-12-30T08:33:00.000000000Z,10,1,29307,A,N,0,1.2505,0,0,0,396,6BH5,1.2504,1.2506,19,12,4,5,1.2503,1.2507,9,8,7,3,1.2502,1.2508,39,48,5,1,1.2501,1.2509,25,42,5,5,1.25,1.251,14,23,2,2,1.2499,1.2511,19,28,5,7,1.2498,1.2512,36,13,7,5,1.2497,1.2513,45,45,2,7,1.2496,1.2514,38,30,1,7,1.2495,1.2515,24,23,4,2
2024-12-30T08:33:05.000000000Z,2024-12-30T08:33:05.000000000Z,10,1,29307,A,N,0,1.2506,0,0,0,397,6BH5,1.2505,1.2507,10,18,4,1,1.2504,1.2508,14,27,3,1,1.2503,1.2509,36,10,2,6,1.2502,1.251,47,9,7,6,1.2501,1.2511,44,17,3,5,1.25,1.2512,40,23,4,6,1.2499,1.2513,48,8,3,5,1.2498,1.2514,41,8,5,7,1.2497,1.2515,29,19,7,7,1.2496,1.2516,38,49,4,2
2024-12-30T08:33:10.000000000Z,2024-12-30T08:33:10.000000000Z,10,1,29307,A,N,0,1.2507,0,0,0,398,6BH5,1.2506,1.2508,42,31,5,5,1.2505,1.2509,17,18,6,7,1.2504,1.251,36,5,5,3,1.2503,1.2511,168,272,1,4,1.2502,1.2512,11,39,4,6,1.2501,1.2513,34,5,6,1,1.25,1.2514,12,24,6,4,1.2499,1.2515,14,27,1,3,1.2498,1.2516,15,8,7,5,1.2497,1.2517,9,22,1,2
2024-12-30T08:33:15.000000000Z,2024-12-30T08:33:15.000000000Z,10,1,29307,A,N,0,1.2507,0,0,0,399,6BH5,1.2506,1.2508,96,352,7,7,1.2505,1.2509,43,25,4,5,1.2504,1.251,43,31,4,7,1.2503,1.2511,37,33,2,2,1.2502,1.2512,7,17,5,7,1.2501,1.2513,31,39,4,7,1.25,1.2514,10,10,2,3,1.2499,1.2515,45,27,3,5,1.2498,1.2516,24,25,4,2,1.2497,1.2517,44,30,6,2
2024-12-30T08:33:20.000000000Z,2024-12-30T08:33:20.000000000Z,10,1,29307,A,N,0,1.2506,0,0,0,400,6BH5,1.2505,1.2507,40,15,2,6,1.2504,1.2508,42,20,3,2,1.2503,1.2509,35,36,5,4,1.2502,1.251,26,19,4,4,1.2501,1.2511,20,38,6,1,1.25,1.2512,9,41,4,7,1.2499,1.2513,32,8,1,6,1.2498,1.2514,40,30,3,4,1.2497,1.2515,42,19,3,1,1.2496,1.2516,26,10,5,1
2024-12-30T08:33:25.000000000Z,2024-12-30T08:33:25.000000000Z,10,1,29307,A,N,0,1.2507,0,0,0,401,6BH5,1.2506,1.2508,25,16,7,2,1.2505,1.2509,28,30,1,6,1.2504,1.251,45,46,4,2,1.2503,1.2511,37,21,2,7,1.2502,1.2512,41,34,6,6,1.2501,1.2513,18,40,1,6,1.25,1.2514,10,30,1,4,1.2499,1.2515,38,38,2,5,1.2498,1.2516,34,36,6,1,1.2497,1.2517,28,13,2,3
2024-12-30T08:33:30.000000000Z,2024-12-30T08:33:30.000000000Z,10,1,29307,A,N,0,1.2506,0,0,0,402,6BH5,1.2505,1.2507,26,23,3,1,1.2504,1.2508,16,15,4,6,1.2503,1.2509,10,46,6,1,1.2502,1.251,17,30,6,5,1.2501,1.2511,5,49,7,6,1.25,1.2512,14,32,4,6,1.2499,1.2513,42,41,2,1,1.2498,1.2514,16,26,4,5,1.2497,1.2515,18,16,5,4,1.2496,1.2516,26,38,5,3
2024-12-30T08:33:35.000000000Z,2024-12-30T08:33:35.000000000Z,10,1,29307,A,N,0,1.2505,0,0,0,403,6BH5,1.2504,1.2506,14,49,4,1,1.2503,1.2507,37,6,1,5,1.2502,1.2508,49,21,3,3,1.2501,1.2509,14,38,6,1,1.25,1.251,22,39,2,3,1.2499,1.2511,34,41,6,7,1.2498,1.2512,30,45,3,6,1.2497,1.2513,28,18,7,1,1.2496,1.2514,22,43,3,5,1.2495,1.2515,37,48,6,5
2024-12-30T08:33:40.000000000Z,2024-12-30T08:33:40.000000000Z,10,1,29307,A,N,0,1.2505,0,0,0,404,6BH5,1.2504,1.2506,240,40,4,1,1.2503,1.2507,32,41,7,4,1.2502,1.2508,36,35,4,7,1.2501,1.2509,19,47,2,5,1.25,1.251,30,45,3,1,1.2499,1.2511,20,39,5,1,1.2498,1.2512,35,5,1,3,1.2497,1.2513,36,46,5,1,1.2496,1.2514,16,18,4,3,1.2495,1.2515,11,20,4,4
2024-12-30T08:33:45.000000000Z,2024-12-30T08:33:45.000000000Z,10,1,29307,A,N,0,1.2506,0,0,0,405,6BH5,1.2505,1.2507,36,12,3,5,1.2504,1.2508,7,31,6,2,1.2503,1.2509,41,44,3,6,1.2502,1.251,6,12,2,7,1.2501,1.2511,37,6,3,4,1.25,1.2512,25,18,3,2,1.2499,1.2513,43,24,1,1,1.2498,1.2514,42,43,5,7,1.2497,1.2515,45,34,7,2,1.2496,1.2516,10,43,1,6
2024-12-30T08:33:50.000000000Z,2024-12-30T08:33:50.000000000Z,10,1,29307,A,N,0,1.2505,0,0,0,406,6BH5,1.2504,1.2506,13,31,3,6,1.2503,1.2507,20,27,7,5,1.2502,1.2508,44,44,6,6,1.2501,1.2509,18,18,2,5,1.25,1.251,10,27,6,4,1.2499,1.2511,10,44,5,4,1.2498,1.2512,49,24,2,1,1.2497,1.2513,39,49,7,4,1.2496,1.2514,27,22,4,4,1.2495,1.2515,11,40,2,1
2024-12-30T08:33:55.000000000Z,2024-12-30T08:33:55.000000000Z,10,1,29307,A,N,0,1.2505,0,0,0,407,6BH5,1.2504,1.2506,39,45,3,3,1.2503,1.2507,41,46,7,1,1.2502,1.2508,11,11,7,4,1.2501,1.2509,35,43,2,7,1.25,1.251,33,12,3,5,1.2499,1.2511,10,33,2,3,1.2498,1.2512,10,8,2,4,1.2497,1.2513,43,32,2,5,1.2496,1.2514,45,36,4,5,1.2495,1.2515,18,44,4,6
2024-12-30T08:34:00.000000000Z,2024-12-30T08:34:00.000000000Z,10,1,29307,A,N,0,1.2505,0,0,0,408,6BH5,1.2504,1.2506,33,42,6,2,1.2503,1.2507,6,30,7,1,1.2502,1.2508,35,20,2,2,1.2501,1.2509,30,21,2,6,1.25,1.251,8,47,6,6,1.2499,1.2511,23,42,1,2,1.2498,1.2512,11,21,3,3,1.2497,1.2513,35,40,2,6,1.2496,1.2514,13,11,6,3,1.2495,1.2515,16,21,1,4
2024-12-30T08:34:05.000000000Z,2024-12-30T08:34:05.000000000Z,10,1,29307,A,N,0,1.2506,0,0,0,409,6BH5,1.2505,1.2507,31,46,4,5,1.2504,1.2508,13,28,5,2,1.2503,1.2509,33,27,3,3,1.2502,1.251,16,48,4,7,1.2501,1.2511,7,43,6,5,1.25,1.2512,12,37,3,4,1.2499,1.2513,44,43,7,5,1.2498,1.2514,39,15,3,3,1.2497,1.2515,40,216,6,3,1.2496,1.2516,6,21,1,2
2024-12-30T08:34:10.000000000Z,2024-12-30T08:34:10.000000000Z,10,1,29307,A,N,0,1.2506,0,0,0,410,6BH5,1.2505,1.2507,15,21,6,2,1.2504,1.2508,12,33,2,4,1.2503,1.2509,24,12,6,5,1.2502,1.251,21,30,6,1,1.2501,1.2511,11,21,5,4,1.25,1.2512,32,10,6,2,1.2499,1.2513,43,18,6,6,1.2498,1.2514,45,30,2,2,1.2497,1.2515,46,15,2,4,1.2496,1.2516,34,45,4,5
2024-12-30T08:34:15.000000000Z,2024-12-30T08:34:15.000000000Z,10,1,29307,A,N,0,1.2505,0,0,0,411,6BH5,1.2504,1.2506,15,5,3,7,1.2503,1.2507,41,13,2,3,1.2502,1.2508,21,10,7,5,1.2501,1.2509,32,13,6,4,1.25,1.251,352,288,3,7,1.2499,1.2511,10,16,2,7,1.2498,1.2512,21,43,3,7,1.2497,1.2513,15,38,5,2,1.2496,1.2514,47,13,7,4,1.2495,1.2515,15,34,3,3
2024-12-30T08:34:20.000000000Z,2024-12-30T08:34:20.000000000Z,10,1,29307,A,N,0,1.2504,0,0,0,412,6BH5,1.2503,1.2505,36,34,2,6,1.2502,1.2506,16,37,2,2,1.2501,1.2507,49,8,2,4,1.25,1.2508,13,26,2,7,1.2499,1.2509,28,17,5,1,1.2498,1.251,33,20,6,2,1.2497,1.2511,36,14,2,7,1.2496,1.2512,24,38,3,6,1.2495,1.2513,9,6,1,2,1.2494,1.2514,6,32,2,4
2024-12-30T08:34:25.000000000Z,2024-12-30T08:34:25.000000000Z,10,1,29307,A,N,0,1.2504,0,0,0,413,6BH5,1.2503,1.2505,39,19,7,7,1.2502,1.2506,7,23,7,3,1.2501,1.2507,34,43,3,5,1.25,1.2508,38,28,2,4,1.2499,1.2509,47,5,4,1,1.2498,1.251,42,17,5,6,1.2497,1.2511,104,248,6,4,1.2496,1.2512,21,41,3,4,1.2495,1.2513,15,31,2,3,1.2494,1.2514,38,12,7,1
2024-12-30T08:34:30.000000000Z,2024-12-30T08:34:30.000000000Z,10,1,29307,A,N,0,1.2503,0,0,0,414,6BH5,1.2502,1.2504,248,392,3,3,1.2501,1.2505,5,11,3,6,1.25,1.2506,30,10,6,7,1.2499,1.2507,25,26,1,7,1.2498,1.2508,49,24,1,3,1.2497,1.2509,37,49,4,1,1.2496,1.251,24,21,5,6,1.2495,1.2511,47,49,5,2,1.2494,1.2512,36,17,7,4,1.2493,1.2513,22,15,2,5
2024-12-30T08:34:35.000000000Z,2024-12-30T08:34:35.000000000Z,10,1,29307,A,N,0,1.2502,0,0,0,415,6BH5,1.2501,1.2503,45,41,1,5,1.25,1.2504,23,10,2,5,1.2499,1.2505,21,31,2,5,1.2498,1.2506,384,256,5,5,1.2497,1.2507,9,23,4,7,1.2496,1.2508,47,42,5,4,1.2495,1.2509,41,31,2,3,1.2494,1.251,17,39,1,6,1.2493,1.2511,41,34,2,7,1.2492,1.2512,8,45,7,4
2024-12-30T08:34:40.000000000Z,2024-12-30T08:34:40.000000000Z,10,1,29307,A,N,0,1.2502,0,0,0,416,6BH5,1.2501,1.2503,8,39,3,5,1.25,1.2504,6,43,4,2,1.2499,1.2505,12,12,4,2,1.2498,1.2506,31,32,3,3,1.2497,1.2507,43,32,3,1,1.2496,1.2508,44,40,7,2,1.2495,1.2509,8,12,7,2,1.2494,1.251,33,46,7,6,1.2493,1.2511,45,18,7,4,1.2492,1.2512,39,31,1,6
2024-12-30T08:34:45.000000000Z,2024-12-30T08:34:45.000000000Z,10,1,29307,A,N,0,1.2502,0,0,0,417,6BH5,1.2501,1.2503,11,12,7,5,1.25,1.2504,33,35,6,5,1.2499,1.2505,29,17,1,7,1.2498,1.2506,28,5,7,7,1.2497,1.2507,40,31,6,2,1.2496,1.2508,30,29,4,6,1.2495,1.2509,17,29,7,6,1.2494,1.251,25,19,3,5,1.2493,1.2511,21,42,7,2,1.2492,1.2512,45,12,4,3
2024-12-30T08:34:50.000000000Z,2024-12-30T08:34:50.000000000Z,10,1,29307,A,N,0,1.2503,0,0,0,418,6BH5,1.2502,1.2504,47,12,6,6,1.2501,1.2505,38,24,4,2,1.25,1.2506,17,10,4,1,1.2499,1.2507,35,7,4,2,1.2498,1.2508,42,38,4,5,1.2497,1.2509,28,42,1,1,1.2496,1.251,5,6,1,5,1.2495,1.2511,28,36,1,7,1.2494,1.2512,34,7,1,7,1.2493,1.2513,18,10,5,5
2024-12-30T08:34:55.000000000Z,2024-12-30T08:34:55.000000000Z,10,1,29307,A,N,0,1.2502,0,0,0,419,6BH5,1.2501,1.2503,40,25,4,6,1.25,1.2504,18,47,6,2,1.2499,1.2505,31,45,2,2,1.2498,1.2506,168,192,4,4,1.2497,1.2507,43,42,1,6,1.2496,1.2508,7,45,5,4,1.2495,1.2509,12,19,1,7,1.2494,1.251,46,20,2,4,1.2493,1.2511,14,34,4,6,1.2492,1.2512,14,15,2,7
2024-12-30T08:35:00.000000000Z,2024-12-30T08:35:00.000000000Z,10,1,29307,A,N,0,1.2502,0,0,0,420,6BH5,1.2501,1.2503,8,48,7,3,1.25,1.2504,43,10,1,7,1.2499,1.2505,49,12,1,1,1.2498,1.2506,22,44,2,2,1.2497,1.2507,48,16,6,6,1.2496,1.2508,22,9,6,1,1.2495,1.2509,25,42,4,6,1.2494,1.251,41,34,3,5,1.2493,1.2511,11,9,7,5,1.2492,1.2512,17,48,7,2
2024-12-30T08:35:05.000000000Z,2024-12-30T08:35:05.000000000Z,10,1,29307,A,N,0,1.2502,0,0,0,421,6BH5,1.2501,1.2503,28,23,2,1,1.25,1.2504,8,26,2,5,1.2499,1.2505,34,33,3,3,1.2498,1.2506,31,23,6,4,1.2497,1.2507,8,41,6,1,1.2496,1.2508,44,40,7,2,1.2495,1.2509,18,17,2,4,1.2494,1.251,45,43,2,5,1.2493,1.2511,30,11,3,3,1.2492,1.2512,25,21,5,2
2024-12-30T08:35:10.000000000Z,2024-12-30T08:35:10.000000000Z,10,1,29307,A,N,0,1.2501,0,0,0,422,6BH5,1.25,1.2502,24,24,7,5,1.2499,1.2503,22,33,3,3,1.2498,1.2504,31,6,7,5,1.2497,1.2505,8,25,4,5,1.2496,1.2506,16,18,4,4,1.2495,1.2507,31,41,5,1,1.2494,1.2508,39,48,7,1,1.2493,1.2509,16,38,4,6,1.2492,1.251,7,34,5,1,1.2491,1.2511,46,35,2,2
2024-12-30T08:35:15.000000000Z,2024-12-30T08:35:15.000000000Z,10,1,29307,A,N,0,1.2501,0,0,0,423,6BH5,1.25,1.2502,30,16,7,3,1.2499,1.2503,15,27,1,3,1.2498,1.2504,27,43,1,2,1.2497,1.2505,34,46,4,2,1.2496,1.2506,45,45,2,1,1.2495,1.2507,14,32,6,3,1.2494,1.2508,21,38,6,6,1.2493,1.2509,38,23,7,6,1.2492,1.251,49,38,6,7,1.2491,1.2511,20,12,5,7
2024-12-30T08:35:20.000000000Z,2024-12-30T08:35:20.000000000Z,10,1,29307,A,N,0,1.25,0,0,0,424,6BH5,1.2499,1.2501,40,19,5,5,1.2498,1.2502,19,15,2,7,1.2497,1.2503,22,8,7,4,1.2496,1.2504,7,36,4,5,1.2495,1.2505,48,104,4,4,1.2494,1.2506,18,45,4,3,1.2493,1.2507,6,35,4,3,1.2492,1.2508,5,35,6,2,1.2491,1.2509,27,32,4,2,1.249,1.251,27,5,4,3
2024-12-30T08:35:25.000000000Z,2024-12-30T08:35:25.000000000Z,10,1,29307,A,N,0,1.2501,0,0,0,425,6BH5,1.25,1.2502,48,35,2,1,1.2499,1.2503,23,32,6,7,1.2498,1.2504,21,10,7,6,1.2497,1.2505,9,27,5,4,1.2496,1.2506,8,16,7,2,1.2495,1.2507,34,28,5,5,1.2494,1.2508,22,39,7,3,1.2493,1.2509,30,48,2,2,1.2492,1.251,46,13,1,6,1.2491,1.2511,17,42,6,7
2024-12-30T08:35:30.000000000Z,2024-12-30T08:35:30.000000000Z,10,1,29307,A,N,0,1.2501,0,0,0,426,6BH5,1.25,1.2502,22,32,3,4,1.2499,1.2503,16,31,3,5,1.2498,1.2504,29,10,6,1,1.2497,1.2505,26,49,6,6,1.2496,1.2506,7,19,3,2,1.2495,1.2507,21,27,2,5,1.2494,1.2508,21,5,7,5,1.2493,1.2509,20,20,4,1,1.2492,1.251,48,30,3,1,1.2491,1.2511,48,8,1,1
2024-12-30T08:35:35.000000000Z,2024-12-30T08:35:35.000000000Z,10,1,29307,A,N,0,1.2501,0,0,0,427,6BH5,1.25,1.2502,25,21,3,3,1.2499,1.2503,22,24,2,1,1.2498,1.2504,48,35,5,7,1.2497,1.2505,27,18,7,2,1.2496,1.2506,32,36,1,5,1.2495,1.2507,46,22,3,5,1.2494,1.2508,33,6,3,4,1.2493,1.2509,9,43,1,5,1.2492,1.251,29,31,4,4,1.2491,1.2511,320,288,5,7
2024-12-30T08:35:40.000000000Z,2024-12-30T08:35:40.000000000Z,10,1,29307,A,N,0,1.25,0,0,0,428,6BH5,1.2499,1.2501,6,46,5,4,1.2498,1.2502,42,32,7,6,1.2497,1.2503,37,43,4,7,1.2496,1.2504,19,27,4,5,1.2495,1.2505,14,32,3,5,1.2494,1.2506,19,34,4,2,1.2493,1.2507,43,33,6,3,1.2492,1.2508,22,39,6,1,1.2491,1.2509,14,28,1,4,1.249,1.251,10,12,5,1
2024-12-30T08:35:45.000000000Z,2024-12-30T08:35:45.000000000Z,10,1,29307,A,N,0,1.2499,0,0,0,429,6BH5,1.2498,1.25,43,47,7,5,1.2497,1.2501,43,32,6,1,1.2496,1.2502,24,45,2,6,1.2495,1.2503,12,30,6,4,1.2494,1.2504,45,45,3,6,1.2493,1.2505,45,29,3,2,1.2492,1.2506,16,15,2,5,1.2491,1.2507,48,8,2,2,1.249,1.2508,47,18,2,5,1.2489,1.2509,6,38,1,4
2024-12-30T08:35:50.000000000Z,2024-12-30T08:35:50.000000000Z,10,1,29307,A,N,0,1.2499,0,0,0,430,6BH5,1.2498,1.25,46,30,4,1,1.2497,1.2501,37,27,3,4,1.2496,1.2502,19,18,7,1,1.2495,1.2503,27,30,3,6,1.2494,1.2504,10,44,4,1,1.2493,1.2505,32,36,5,7,1.2492,1.2506,36,30,6,1,1.2491,1.2507,23,45,6,1,1.249,1.2508,18,22,5,7,1.2489,1.2509,43,46,7,4
2024-12-30T08:35:55.000000000Z,2024-12-30T08:35:55.000000000Z,10,1,29307,A,N,0,1.2499,0,0,0,431,6BH5,1.2498,1.25,10,30,6,7,1.2497,1.2501,30,21,2,3,1.2496,1.2502,11,48,4,3,1.2495,1.2503,376,384,6,3,1.2494,1.2504,34,15,5,1,1.2493,1.2505,6,27,2,1,1.2492,1.2506,34,19,2,6,1.2491,1.2507,5,12,4,6,1.249,1.2508,28,28,1,6,1.2489,1.2509,368,344,4,4
2024-12-30T08:36:00.000000000Z,2024-12-30T08:36:00.000000000Z,10,1,29307,A,N,0,1.2498,0,0,0,432,6BH5,1.2497,1.2499,38,42,7,4,1.2496,1.25,26,20,3,1,1.2495,1.2501,48,42,7,3,1.2494,1.2502,25,49,7,5,1.2493,1.2503,47,29,4,1,1.2492,1.2504,32,37,2,6,1.2491,1.2505,13,48,6,3,1.249,1.2506,31,13,5,6,1.2489,1.2507,160,368,2,3,1.2488,1.2508,31,19,4,3
2024-12-30T08:36:05.000000000Z,2024-12-30T08:36:05.000000000Z,10,1,29307,A,N,0,1.2497,0,0,0,433,6BH5,1.2496,1.2498,5,5,3,6,1.2495,1.2499,20,37,3,2,1.2494,1.25,14,17,4,1,1.2493,1.2501,200,336,1,4,1.2492,1.2502,44,48,1,5,1.2491,1.2503,44,49,4,2,1.249,1.2504,30,13,3,6,1.2489,1.2505,9,43,4,4,1.2488,1.2506,37,30,7,3,1.2487,1.2507,26,41,2,7
2024-12-30T08:36:10.000000000Z,2024-12-30T08:36:10.000000000Z,10,1,29307,A,N,0,1.2497,0,0,0,434,6BH5,1.2496,1.2498,24,19,6,2,1.2495,1.2499,29,33,7,4,1.2494,1.25,42,11,5,1,1.2493,1.2501,40,23,2,4,1.2492,1.2502,13,6,6,4,1.2491,1.2503,30,29,6,1,1.249,1.2504,14,29,6,4,1.2489,1.2505,48,23,4,7,1.2488,1.2506,21,19,5,6,1.2487,1.2507,36,33,6,4
2024-12-30T08:36:15.000000000Z,2024-12-30T08:36:15.000000000Z,10,1,29307,A,N,0,1.2497,0,0,0,435,6BH5,1.2496,1.2498,40,5,3,3,1.2495,1.2499,38,40,6,5,1.2494,1.25,13,47,4,5,1.2493,1.2501,21,17,7,1,1.2492,1.2502,14,29,2,1,1.2491,1.2503,31,23,6,7,1.249,1.2504,47,44,4,7,1.2489,1.2505,9,43,6,4,1.2488,1.2506,23,30,7,1,1.2487,1.2507,24,34,5,7
2024-12-30T08:36:20.000000000Z,2024-12-30T08:36:20.000000000Z,10,1,29307,A,N,0,1.2496,0,0,0,436,6BH5,1.2495,1.2497,80,328,3,7,1.2494,1.2498,13,22,6,4,1.2493,1.2499,40,32,3,6,1.2492,1.25,19,48,6,4,1.2491,1.2501,39,5,6,4,1.249,1.2502,32,49,5,1,1.2489,1.2503,20,18,1,6,1.2488,1.2504,14,36,6,2,1.2487,1.2505,31,18,7,7,1.2486,1.2506,25,45,3,6
2024-12-30T08:36:25.000000000Z,2024-12-30T08:36:25.000000000Z,10,1,29307,A,N,0,1.2496,0,0,0,437,6BH5,1.2495,1.2497,28,15,3,7,1.2494,1.2498,41,40,5,1,1.2493,1.2499,20,10,3,2,1.2492,1.25,30,49,6,3,1.2491,1.2501,39,11,3,6,1.249,1.2502,8,30,6,4,1.2489,1.2503,13,12,6,7,1.2488,1.2504,7,12,5,5,1.2487,1.2505,31,44,7,1,1.2486,1.2506,8,32,1,2
2024-12-30T08:36:30.000000000Z,2024-12-30T08:36:30.000000000Z,10,1,29307,A,N,0,1.2496,0,0,0,438,6BH5,1.2495,1.2497,46,7,2,7,1.2494,1.2498,41,41,4,6,1.2493,1.2499,46,42,3,6,1.2492,1.25,47,42,4,2,1.2491,1.2501,128,168,5,6,1.249,1.2502,28,24,4,4,1.2489,1.2503,9,30,4,3,1.2488,1.2504,9,30,3,6,1.2487,1.2505,35,11,2,7,1.2486,1.2506,32,46,6,5
2024-12-30T08:36:35.000000000Z,2024-12-30T08:36:35.000000000Z,10,1,29307,A,N,0,1.2496,0,0,0,439,6BH5,1.2495,1.2497,36,15,6,7,1.2494,1.2498,49,26,6,5,1.2493,1.2499,17,24,3,7,1.2492,1.25,24,40,6,5,1.2491,1.2501,10,6,4,2,1.249,1.2502,44,48,1,7,1.2489,1.2503,46,15,2,6,1.2488,1.2504,29,25,1,1,1.2487,1.2505,256,48,5,3,1.2486,1.2506,38,27,7,3
2024-12-30T08:36:40.000000000Z,2024-12-30T08:36:40.000000000Z,10,1,29307,A,N,0,1.2496,0,0,0,440,6BH5,1.2495,1.2497,15,25,2,7,1.2494,1.2498,17,25,6,2,1.2493,1.2499,5,28,3,7,1.2492,1.25,45,17,6,4,1.2491,1.2501,10,38,1,2,1.249,1.2502,30,37,1,1,1.2489,1.2503,7,26,7,1,1.2488,1.2504,8,32,3,5,1.2487,1.2505,34,16,3,5,1.2486,1.2506,22,17,7,5
2024-12-30T08:36:45.000000000Z,2024-12-30T08:36:45.000000000Z,10,1,29307,A,N,0,1.2496,0,0,0,441,6BH5,1.2495,1.2497,36,33,5,6,1.2494,1.2498,18,14,7,6,1.2493,1.2499,23,16,5,7,1.2492,1.25,22,7,1,3,1.2491,1.2501,46,44,5,7,1.249,1.2502,39,34,3,7,1.2489,1.2503,47,32,2,5,1.2488,1.2504,38,35,6,1,1.2487,1.2505,19,24,4,1,1.2486,1.2506,8,22,3,1
2024-12-30T08:36:50.000000000Z,2024-12-30T08:36:50.000000000Z,10,1,29307,A,N,0,1.2495,0,0,0,442,6BH5,1.2494,1.2496,29,9,2,5,1.2493,1.2497,39,10,3,4,1.2492,1.2498,32,23,7,6,1.2491,1.2499,35,46,7,5,1.249,1.25,40,21,2,4,1.2489,1.2501,21,37,2,1,1.2488,1.2502,31,13,4,7,1.2487,1.2503,328,392,4,5,1.2486,1.2504,13,19,5,7,1.2485,1.2505,9,9,1,5
2024-12-30T08:36:55.000000000Z,2024-12-30T08:36:55.000000000Z,10,1,29307,A,N,0,1.2494,0,0,0,443,6BH5,1.2493,1.2495,38,45,6,3,1.2492,1.2496,27,42,6,5,1.2491,1.2497,18,11,6,5,1.249,1.2498,6,45,3,4,1.2489,1.2499,47,30,6,1,1.2488,1.25,18,29,1,6,1.2487,1.2501,44,12,2,7,1.2486,1.2502,41,38,5,6,1.2485,1.2503,48,19,5,7,1.2484,1.2504,27,27,1,1
2024-12-30T08:37:00.000000000Z,2024-12-30T08:37:00.000000000Z,10,1,29307,A,N,0,1.2494,0,0,0,444,6BH5,1.2493,1.2495,49,36,4,2,1.2492,1.2496,376,136,4,4,1.2491,1.2497,47,7,1,2,1.249,1.2498,13,45,4,1,1.2489,1.2499,368,192,5,5,1.2488,1.25,8,12,1,7,1.2487,1.2501,46,36,1,4,1.2486,1.2502,46,40,2,7,1.2485,1.2503,17,35,5,1,1.2484,1.2504,14,42,7,1
2024-12-30T08:37:05.000000000Z,2024-12-30T08:37:05.000000000Z,10,1,29307,A,N,0,1.2494,0,0,0,445,6BH5,1.2493,1.2495,41,36,1,2,1.2492,1.2496,9,14,4,6,1.2491,1.2497,360,368,7,1,1.249,1.2498,41,22,3,4,1.2489,1.2499,48,12,4,4,1.2488,1.25,40,13,1,4,1.2487,1.2501,39,10,7,7,1.2486,1.2502,5,13,7,2,1.2485,1.2503,13,48,6,7,1.2484,1.2504,12,32,2,6
2024-12-30T08:37:10.000000000Z,2024-12-30T08:37:10.000000000Z,10,1,29307,A,N,0,1.2494,0,0,0,446,6BH5,1.2493,1.2495,35,8,6,3,1.2492,1.2496,44,11,7,4,1.2491,1.2497,24,20,6,4,1.249,1.2498,8,38,7,7,1.2489,1.2499,47,36,1,5,1.2488,1.25,18,21,4,4,1.2487,1.2501,6,43,4,6,1.2486,1.2502,37,46,1,1,1.2485,1.2503,35,41,6,6,1.2484,1.2504,44,28,2,4
2024-12-30T08:37:15.000000000Z,2024-12-30T08:37:15.000000000Z,10,1,29307,A,N,0,1.2495,0,0,0,447,6BH5,1.2494,1.2496,29,7,4,7,1.2493,1.2497,17,26,1,7,1.2492,1.2498,47,41,4,1,1.2491,1.2499,26,41,4,3,1.249,1.25,10,23,4,2,1.2489,1.2501,18,21,6,7,1.2488,1.2502,42,8,6,2,1.2487,1.2503,49,12,7,7,1.2486,1.2504,41,7,5,7,1.2485,1.2505,38,40,1,6
2024-12-30T08:37:20.000000000Z,2024-12-30T08:37:20.000000000Z,10,1,29307,A,N,0,1.2496,0,0,0,448,6BH5,1.2495,1.2497,34,43,2,4,1.2494,1.2498,33,27,4,3,1.2493,1.2499,11,17,3,3,1.2492,1.25,27,27,1,2,1.2491,1.2501,7,12,6,1,1.249,1.2502,12,15,2,2,1.2489,1.2503,47,37,7,5,1.2488,1.2504,30,12,1,4,1.2487,1.2505,31,23,3,1,1.2486,1.2506,13,10,6,4
2024-12-30T08:37:25.000000000Z,2024-12-30T08:37:25.000000000Z,10,1,29307,A,N,0,1.2495,0,0,0,449,6BH5,1.2494,1.2496,264,56,6,6,1.2493,1.2497,39,15,3,7,1.2492,1.2498,9,12,3,3,1.2491,1.2499,112,256,4,4,1.249,1.25,42,41,7,5,1.2489,1.2501,10,34,3,4,1.2488,1.2502,18,15,6,5,1.2487,1.2503,48,36,3,2,1.2486,1.2504,17,40,6,1,1.2485,1.2505,11,19,1,6
2024-12-30T08:37:30.000000000Z,2024-12-30T08:37:30.000000000Z,10,1,29307,A,N,0,1.2496,0,0,0,450,6BH5,1.2495,1.2497,6,18,4,3,1.2494,1.2498,9,33,4,7,1.2493,1.2499,27,45,6,3,1.2492,1.25,44,19,7,7,1.2491,1.2501,48,23,4,3,1.249,1.2502,44,47,3,6,1.2489,1.2503,42,9,1,3,1.2488,1.2504,16,40,5,3,1.2487,1.2505,31,13,4,6,1.2486,1.2506,33,30,6,7
2024-12-30T08:37:35.000000000Z,2024-12-30T08:37:35.000000000Z,10,1,29307,A,N,0,1.2496,0,0,0,451,6BH5,1.2495,1.2497,30,21,1,3,1.2494,1.2498,17,30,1,6,1.2493,1.2499,40,26,4,1,1.2492,1.25,24,7,4,1,1.2491,1.2501,14,40,5,1,1.249,1.2502,13,31,1,7,1.2489,1.2503,48,43,4,3,1.2488,1.2504,10,42,2,7,1.2487,1.2505,352,88,3,6,1.2486,1.2506,20,13,4,7
2024-12-30T08:37:40.000000000Z,2024-12-30T08:37:40.000000000Z,10,1,29307,A,N,0,1.2495,0,0,0,452,6BH5,1.2494,1.2496,18,15,6,3,1.2493,1.2497,18,33,5,4,1.2492,1.2498,96,344,7,4,1.2491,1.2499,48,31,3,7,1.249,1.25,49,37,2,7,1.2489,1.2501,21,19,6,1,1.2488,1.2502,27,40,1,7,1.2487,1.2503,24,13,5,7,1.2486,1.2504,280,120,1,4,1.2485,1.2505,22,35,1,3
2024-12-30T08:37:45.000000000Z,2024-12-30T08:37:45.000000000Z,10,1,29307,A,N,0,1.2496,0,0,0,453,6BH5,1.2495,1.2497,30,10,2,4,1.2494,1.2498,13,33,2,4,1.2493,1.2499,280,296,5,7,1.2492,1.25,9,7,7,6,1.2491,1.2501,27,37,2,4,1.249,1.2502,18,46,3,4,1.2489,1.2503,34,40,4,4,1.2488,1.2504,49,12,5,6,1.2487,1.2505,44,34,4,5,1.2486,1.2506,27,23,6,2
2024-12-30T08:37:50.000000000Z,2024-12-30T08:37:50.000000000Z,10,1,29307,A,N,0,1.2497,0,0,0,454,6BH5,1.2496,1.2498,17,13,1,7,1.2495,1.2499,49,28,2,3,1.2494,1.25,34,9,5,7,1.2493,1.2501,49,9,1,7,1.2492,1.2502,46,29,3,6,1.2491,1.2503,49,34,3,6,1.249,1.2504,35,38,4,2,1.2489,1.2505,168,120,7,1,1.2488,1.2506,45,14,2,6,1.2487,1.2507,43,30,4,6
2024-12-30T08:37:55.000000000Z,2024-12-30T08:37:55.000000000Z,10,1,29307,A,N,0,1.2498,0,0,0,455,6BH5,1.2497,1.2499,45,15,7,1,1.2496,1.25,26,9,5,1,1.2495,1.2501,8,34,6,1,1.2494,1.2502,28,35,4,5,1.2493,1.2503,43,23,7,6,1.2492,1.2504,13,26,7,6,1.2491,1.2505,20,9,4,4,1.249,1.2506,7,13,3,4,1.2489,1.2507,40,29,1,4,1.2488,1.2508,25,33,1,6
2024-12-30T08:38:00.000000000Z,2024-12-30T08:38:00.000000000Z,10,1,29307,A,N,0,1.2497,0,0,0,456,6BH5,1.2496,1.2498,15,23,3,1,1.2495,1.2499,25,49,5,2,1.2494,1.25,23,14,2,3,1.2493,1.2501,15,42,7,2,1.2492,1.2502,9,34,7,3,1.2491,1.2503,168,280,2,5,1.249,1.2504,5,18,7,1,1.2489,1.2505,13,38,5,1,1.2488,1.2506,11,22,5,5,1.2487,1.2507,168,224,5,4
2024-12-30T08:38:05.000000000Z,2024-12-30T08:38:05.000000000Z,10,1,29307,A,N,0,1.2496,0,0,0,457,6BH5,1.2495,1.2497,20,29,3,3,1.2494,1.2498,48,11,6,2,1.2493,1.2499,19,20,4,6,1.2492,1.25,26,36,2,3,1.2491,1.2501,26,18,4,7,1.249,1.2502,5,14,1,7,1.2489,1.2503,10,29,2,4,1.2488,1.2504,20,5,5,6,1.2487,1.2505,6,25,1,7,1.2486,1.2506,45,43,2,7
2024-12-30T08:38:10.000000000Z,2024-12-30T08:38:10.000000000Z,10,1,29307,A,N,0,1.2496,0,0,0,458,6BH5,1.2495,1.2497,49,6,4,5,1.2494,1.2498,44,47,2,7,1.2493,1.2499,46,31,7,4,1.2492,1.25,42,24,4,2,1.2491,1.2501,43,41,3,6,1.249,1.2502,16,9,3,5,1.2489,1.2503,24,44,3,6,1.2488,1.2504,13,40,7,2,1.2487,1.2505,24,32,6,4,1.2486,1.2506,20,6,1,3
2024-12-30T08:38:15.000000000Z,2024-12-30T08:38:15.000000000Z,10,1,29307,A,N,0,1.2496,0,0,0,459,6BH5,1.2495,1.2497,36,21,4,6,1.2494,1.2498,49,27,3,1,1.2493,1.2499,5,32,5,4,1.2492,1.25,39,21,3,5,1.2491,1.2501,11,30,7,2,1.249,1.2502,38,42,6,5,1.2489,1.2503,40,21,2,5,1.2488,1.2504,44,21,6,3,1.2487,1.2505,42,14,1,2,1.2486,1.2506,19,9,2,3
2024-12-30T08:38:20.000000000Z,2024-12-30T08:38:20.000000000Z,10,1,29307,A,N,0,1.2495,0,0,0,460,6BH5,1.2494,1.2496,45,5,5,1,1.2493,1.2497,38,18,4,7,1.2492,1.2498,42,45,7,7,1.2491,1.2499,33,41,3,4,1.249,1.25,43,22,3,4,1.2489,1.2501,16,46,6,2,1.2488,1.2502,23,22,5,4,1.2487,1.2503,20,46,7,6,1.2486,1.2504,264,152,7,2,1.2485,1.2505,32,31,7,7
2024-12-30T08:38:25.000000000Z,2024-12-30T08:38:25.000000000Z,10,1,29307,A,N,0,1.2496,0,0,0,461,6BH5,1.2495,1.2497,15,36,3,4,1.2494,1.2498,10,28,1,2,1.2493,1.2499,35,34,7,3,1.2492,1.25,35,46,6,3,1.2491,1.2501,22,18,3,4,1.249,1.2502,15,41,4,4,1.2489,1.2503,12,34,4,4,1.2488,1.2504,9,7,7,2,1.2487,1.2505,12,34,7,6,1.2486,1.2506,34,48,2,1
2024-12-30T08:38:30.000000000Z,2024-12-30T08:38:30.000000000Z,10,1,29307,A,N,0,1.2496,0,0,0,462,6BH5,1.2495,1.2497,34,29,3,1,1.2494,1.2498,21,35,6,5,1.2493,1.2499,40,9,7,6,1.2492,1.25,16,46,3,7,1.2491,1.2501,33,8,2,4,1.249,1.2502,36,40,3,5,1.2489,1.2503,42,40,2,5,1.2488,1.2504,11,13,3,6,1.2487,1.2505,40,34,7,3,1.2486,1.2506,216,192,6,3
2024-12-30T08:38:35.000000000Z,2024-12-30T08:38:35.000000000Z,10,1,29307,A,N,0,1.2496,0,0,0,463,6BH5,1.2495,1.2497,26,10,4,6,1.2494,1.2498,26,22,4,4,1.2493,1.2499,41,28,5,3,1.2492,1.25,31,21,1,5,1.2491,1.2501,5,34,4,6,1.249,1.2502,19,33,3,6,1.2489,1.2503,5,49,7,6,1.2488,1.2504,44,10,7,5,1.2487,1.2505,19,13,6,7,1.2486,1.2506,25,46,1,5
2024-12-30T08:38:40.000000000Z,2024-12-30T08:38:40.000000000Z,10,1,29307,A,N,0,1.2496,0,0,0,464,6BH5,1.2495,1.2497,15,40,4,4,1.2494,1.2498,10,37,1,6,1.2493,1.2499,9,20,4,4,1.2492,1.25,25,11,2,2,1.2491,1.2501,33,10,4,2,1.249,1.2502,41,14,2,3,1.2489,1.2503,49,27,7,4,1.2488,1.2504,14,25,4,6,1.2487,1.2505,44,21,2,5,1.2486,1.2506,32,17,2,3
2024-12-30T08:38:45.000000000Z,2024-12-30T08:38:45.000000000Z,10,1,29307,A,N,0,1.2496,0,0,0,465,6BH5,1.2495,1.2497,10,16,5,5,1.2494,1.2498,8,19,5,3,1.2493,1.2499,36,10,4,5,1.2492,1.25,9,6,4,2,1.2491,1.2501,10,35,3,5,1.249,1.2502,14,31,6,1,1.2489,1.2503,34,47,4,3,1.2488,1.2504,44,45,6,6,1.2487,1.2505,24,24,4,3,1.2486,1.2506,22,17,1,3
2024-12-30T08:38:50.000000000Z,2024-12-30T08:38:50.000000000Z,10,1,29307,A,N,0,1.2495,0,0,0,466,6BH5,1.2494,1.2496,32,9,4,1,1.2493,1.2497,17,10,5,2,1.2492,1.2498,33,42,1,6,1.2491,1.2499,27,43,2,2,1.249,1.25,30,19,1,3,1.2489,1.2501,37,15,6,4,1.2488,1.2502,25,16,6,3,1.2487,1.2503,22,14,6,4,1.2486,1.2504,23,32,5,2,1.2485,1.2505,48,5,2,3
2024-12-30T08:38:55.000000000Z,2024-12-30T08:38:55.000000000Z,10,1,29307,A,N,0,1.2496,0,0,0,467,6BH5,1.2495,1.2497,34,16,6,7,1.2494,1.2498,224,352,7,1,1.2493,1.2499,5,19,5,5,1.2492,1.25,8,19,4,4,1.2491,1.2501,31,10,7,7,1.249,1.2502,27,19,1,4,1.2489,1.2503,47,8,5,2,1.2488,1.2504,27,20,3,6,1.2487,1.2505,20,11,7,5,1.2486,1.2506,33,43,4,2
2024-12-30T08:39:00.000000000Z,2024-12-30T08:39:00.000000000Z,10,1,29307,A,N,0,1.2496,0,0,0,468,6BH5,1.2495,1.2497,22,26,4,1,1.2494,1.2498,40,12,3,6,1.2493,1.2499,12,34,4,6,1.2492,1.25,46,47,2,5,1.2491,1.2501,5,26,1,2,1.249,1.2502,14,43,6,7,1.2489,1.2503,30,49,5,3,1.2488,1.2504,31,16,6,2,1.2487,1.2505,35,9,5,2,1.2486,1.2506,5,7,4,2
2024-12-30T08:39:05.000000000Z,2024-12-30T08:39:05.000000000Z,10,1,29307,A,N,0,1.2495,0,0,0,469,6BH5,1.2494,1.2496,25,49,4,3,1.2493,1.2497,47,37,2,4,1.2492,1.2498,9,6,2,1,1.2491,1.2499,43,26,3,3,1.249,1.25,49,8,1,2,1.2489,1.2501,32,46,4,6,1.2488,1.2502,7,11,7,1,1.2487,1.2503,11,11,5,4,1.2486,1.2504,7,47,1,4,1.2485,1.2505,37,20,4,7
2024-12-30T08:39:10.000000000Z,2024-12-30T08:39:10.000000000Z,10,1,29307,A,N,0,1.2496,0,0,0,470,6BH5,1.2495,1.2497,45,44,1,5,1.2494,1.2498,29,11,7,7,1.2493,1.2499,45,37,5,7,1.2492,1.25,45,36,5,4,1.2491,1.2501,26,6,2,2,1.249,1.2502,37,14,4,4,1.2489,1.2503,43,16,2,6,1.2488,1.2504,49,44,7,5,1.2487,1.2505,46,42,2,7,1.2486,1.2506,14,15,5,1
2024-12-30T08:39:15.000000000Z,2024-12-30T08:39:15.000000000Z,10,1,29307,A,N,0,1.2497,0,0,0,471,6BH5,1.2496,1.2498,38,35,3,1,1.2495,1.2499,36,48,3,6,1.2494,1.25,40,41,4,1,1.2493,1.2501,40,17,6,2,1.2492,1.2502,47,44,1,5,1.2491,1.2503,22,49,5,2,1.249,1.2504,38,49,6,6,1.2489,1.2505,15,37,7,2,1.2488,1.2506,15,15,6,6,1.2487,1.2507,42,49,2,4
2024-12-30T08:39:20.000000000Z,2024-12-30T08:39:20.000000000Z,10,1,29307,A,N,0,1.2498,0,0,0,472,6BH5,1.2497,1.2499,38,40,4,2,1.2496,1.25,20,25,4,5,1.2495,1.2501,6,35,1,7,1.2494,1.2502,20,8,3,6,1.2493,1.2503,31,40,4,4,1.2492,1.2504,80,376,1,2,1.2491,1.2505,42,13,3,5,1.249,1.2506,34,11,5,2,1.2489,1.2507,8,32,2,3,1.2488,1.2508,32,15,4,1
2024-12-30T08:39:25.000000000Z,2024-12-30T08:39:25.000000000Z,10,1,29307,A,N,0,1.2499,0,0,0,473,6BH5,1.2498,1.25,31,7,7,1,1.2497,1.2501,25,32,5,2,1.2496,1.2502,13,30,4,5,1.2495,1.2503,16,40,1,2,1.2494,1.2504,33,11,2,3,1.2493,1.2505,23,26,7,2,1.2492,1.2506,34,11,7,1,1.2491,1.2507,39,8,2,1,1.249,1.2508,288,56,2,1,1.2489,1.2509,7,31,5,3
2024-12-30T08:39:30.000000000Z,2024-12-30T08:39:30.000000000Z,10,1,29307,A,N,0,1.2499,0,0,0,474,6BH5,1.2498,1.25,288,336,3,4,1.2497,1.2501,43,49,6,7,1.2496,1.2502,36,27,2,5,1.2495,1.2503,38,42,7,3,1.2494,1.2504,25,47,7,3,1.2493,1.2505,9,49,5,1,1.2492,1.2506,34,12,2,2,1.2491,1.2507,47,41,6,7,1.249,1.2508,27,38,2,1,1.2489,1.2509,21,10,5,5
2024-12-30T08:39:35.000000000Z,2024-12-30T08:39:35.000000000Z,10,1,29307,A,N,0,1.25,0,0,0,475,6BH5,1.2499,1.2501,25,37,4,6,1.2498,1.2502,38,44,6,1,1.2497,1.2503,14,9,7,4,1.2496,1.2504,41,14,3,2,1.2495,1.2505,41,8,2,5,1.2494,1.2506,28,13,1,1,1.2493,1.2507,45,33,1,3,1.2492,1.2508,32,23,5,1,1.2491,1.2509,32,39,1,6,1.249,1.251,44,27,2,1
2024-12-30T08:39:40.000000000Z,2024-12-30T08:39:40.000000000Z,10,1,29307,A,N,0,1.2499,0,0,0,476,6BH5,1.2498,1.25,7,40,5,1,1.2497,1.2501,35,38,4,5,1.2496,1.2502,29,6,6,4,1.2495,1.2503,13,24,7,1,1.2494,1.2504,27,22,2,7,1.2493,1.2505,5,15,1,6,1.2492,1.2506,5,14,4,5,1.2491,1.2507,32,49,4,2,1.249,1.2508,16,31,5,5,1.2489,1.2509,44,19,7,7
2024-12-30T08:39:45.000000000Z,2024-12-30T08:39:45.000000000Z,10,1,29307,A,N,0,1.25,0,0,0,477,6BH5,1.2499,1.2501,39,11,4,6,1.2498,1.2502,43,13,1,4,1.2497,1.2503,31,26,2,6,1.2496,1.2504,41,11,4,5,1.2495,1.2505,40,24,7,4,1.2494,1.2506,17,24,6,1,1.2493,1.2507,42,26,7,7,1.2492,1.2508,37,45,6,6,1.2491,1.2509,12,26,1,4,1.249,1.251,12,38,4,6
2024-12-30T08:39:50.000000000Z,2024-12-30T08:39:50.000000000Z,10,1,29307,A,N,0,1.25,0,0,0,478,6BH5,1.2499,1.2501,29,44,1,3,1.2498,1.2502,19,21,1,3,1.2497,1.2503,43,22,6,7,1.2496,1.2504,11,14,4,7,1.2495,1.2505,27,24,7,6,1.2494,1.2506,6,33,2,1,1.2493,1.2507,48,16,3,2,1.2492,1.2508,35,39,1,5,1.2491,1.2509,47,17,7,3,1.249,1.251,39,12,1,1
2024-12-30T08:39:55.000000000Z,2024-12-30T08:39:55.000000000Z,10,1,29307,A,N,0,1.2499,0,0,0,479,6BH5,1.2498,1.25,17,13,3,6,1.2497,1.2501,48,14,5,7,1.2496,1.2502,36,7,1,1,1.2495,1.2503,48,28,2,4,1.2494,1.2504,42,6,1,5,1.2493,1.2505,33,14,2,7,1.2492,1.2506,20,27,6,6,1.2491,1.2507,40,24,4,6,1.249,1.2508,26,15,1,5,1.2489,1.2509,47,45,2,4
2024-12-30T08:40:00.000000000Z,2024-12-30T08:40:00.000000000Z,10,1,29307,A,N,0,1.2499,0,0,0,480,6BH5,1.2498,1.25,10,31,5,2,1.2497,1.2501,16,22,6,2,1.2496,1.2502,32,32,1,5,1.2495,1.2503,48,13,5,5,1.2494,1.2504,13,30,7,3,1.2493,1.2505,10,8,6,1,1.2492,1.2506,34,31,4,7,1.2491,1.2507,43,34,4,5,1.249,1.2508,21,38,4,4,1.2489,1.2509,18,17,1,2
2024-12-30T08:40:05.000000000Z,2024-12-30T08:40:05.000000000Z,10,1,29307,A,N,0,1.2499,0,0,0,481,6BH5,1.2498,1.25,7,25,3,6,1.2497,1.2501,10,22,1,2,1.2496,1.2502,29,28,6,7,1.2495,1.2503,12,13,6,1,1.2494,1.2504,11,46,2,6,1.2493,1.2505,25,30,7,4,1.2492,1.2506,15,12,5,5,1.2491,1.2507,42,7,1,2,1.249,1.2508,28,30,2,2,1.2489,1.2509,43,9,4,3
2024-12-30T08:40:10.000000000Z,2024-12-30T08:40:10.000000000Z,10,1,29307,A,N,0,1.2499,0,0,0,482,6BH5,1.2498,1.25,14,37,5,4,1.2497,1.2501,42,29,5,5,1.2496,1.2502,40,28,3,2,1.2495,1.2503,19,21,5,5,1.2494,1.2504,38,21,1,2,1.2493,1.2505,35,22,3,1,1.2492,1.2506,49,27,7,6,1.2491,1.2507,22,36,6,5,1.249,1.2508,27,7,6,5,1.2489,1.2509,35,26,3,7
2024-12-30T08:40:15.000000000Z,2024-12-30T08:40:15.000000000Z,10,1,29307,A,N,0,1.2498,0,0,0,483,6BH5,1.2497,1.2499,56,144,6,6,1.2496,1.25,35,40,7,2,1.2495,1.2501,10,49,6,4,1.2494,1.2502,29,44,2,6,1.2493,1.2503,16,31,1,6,1.2492,1.2504,47,36,2,1,1.2491,1.2505,49,39,5,2,1.249,1.2506,14,5,3,2,1.2489,1.2507,41,29,6,2,1.2488,1.2508,44,49,1,2
2024-12-30T08:40:20.000000000Z,2024-12-30T08:40:20.000000000Z,10,1,29307,A,N,0,1.2499,0,0,0,484,6BH5,1.2498,1.25,44,9,5,6,1.2497,1.2501,5,32,3,6,1.2496,1.2502,33,40,6,6,1.2495,1.2503,15,8,1,1,1.2494,1.2504,12,49,1,2,1.2493,1.2505,31,17,7,3,1.2492,1.2506,20,33,6,2,1.2491,1.2507,23,43,4,4,1.249,1.2508,48,23,3,2,1.2489,1.2509,7,8,7,7
2024-12-30T08:40:25.000000000Z,2024-12-30T08:40:25.000000000Z,10,1,29307,A,N,0,1.2498,0,0,0,485,6BH5,1.2497,1.2499,22,39,2,6,1.2496,1.25,37,12,2,7,1.2495,1.2501,24,47,2,3,1.2494,1.2502,11,26,2,3,1.2493,1.2503,36,28,4,6,1.2492,1.2504,11,48,4,4,1.2491,1.2505,10,44,3,5,1.249,1.2506,14,36,1,1,1.2489,1.2507,16,15,6,5,1.2488,1.2508,14,18,6,1
2024-12-30T08:40:30.000000000Z,2024-12-30T08:40:30.000000000Z,10,1,29307,A,N,0,1.2498,0,0,0,486,6BH5,1.2497,1.2499,9,18,4,4,1.2496,1.25,26,35,2,5,1.2495,1.2501,47,15,5,6,1.2494,1.2502,14,14,4,6,1.2493,1.2503,27,22,3,3,1.2492,1.2504,46,10,1,1,1.2491,1.2505,32,43,6,4,1.249,1.2506,45,44,4,4,1.2489,1.2507,10,42,3,7,1.2488,1.2508,29,45,4,3
2024-12-30T08:40:35.000000000Z,2024-12-30T08:40:35.000000000Z,10,1,29307,A,N,0,1.2499,0,0,0,487,6BH5,1.2498,1.25,49,46,7,4,1.2497,1.2501,7,6,3,2,1.2496,1.2502,29,8,5,3,1.2495,1.2503,28,25,2,7,1.2494,1.2504,30,30,7,4,1.2493,1.2505,49,6,3,6,1.2492,1.2506,24,17,3,7,1.2491,1.2507,35,16,1,6,1.249,1.2508,36,6,2,1,1.2489,1.2509,36,19,7,1
2024-12-30T08:40:40.000000000Z,2024-12-30T08:40:40.000000000Z,10,1,29307,A,N,0,1.2499,0,0,0,488,6BH5,1.2498,1.25,12,47,2,1,1.2497,1.2501,42,38,1,2,1.2496,1.2502,28,28,6,2,1.2495,1.2503,24,45,4,2,1.2494,1.2504,26,15,1,1,1.2493,1.2505,7,25,2,3,1.2492,1.2506,14,10,1,6,1.2491,1.2507,17,10,3,3,1.249,1.2508,46,30,4,5,1.2489,1.2509,32,22,7,5
2024-12-30T08:40:45.000000000Z,2024-12-30T08:40:45.000000000Z,10,1,29307,A,N,0,1.2499,0,0,0,489,6BH5,1.2498,1.25,30,21,4,5,1.2497,1.2501,9,10,2,4,1.2496,1.2502,14,10,2,2,1.2495,1.2503,8,17,2,2,1.2494,1.2504,10,30,6,1,1.2493,1.2505,112,352,3,1,1.2492,1.2506,39,10,5,3,1.2491,1.2507,19,42,5,4,1.249,1.2508,27,24,2,2,1.2489,1.2509,36,32,4,7
2024-12-30T08:40:50.000000000Z,2024-12-30T08:40:50.000000000Z,10,1,29307,A,N,0,1.2498,0,0,0,490,6BH5,1.2497,1.2499,13,27,7,1,1.2496,1.25,22,28,3,5,1.2495,1.2501,20,47,4,7,1.2494,1.2502,10,30,5,3,1.2493,1.2503,13,31,7,5,1.2492,1.2504,104,48,4,2,1.2491,1.2505,35,5,2,2,1.249,1.2506,45,46,7,4,1.2489,1.2507,39,8,1,1,1.2488,1.2508,23,25,5,2
2024-12-30T08:40:55.000000000Z,2024-12-30T08:40:55.000000000Z,10,1,29307,A,N,0,1.2498,0,0,0,491,6BH5,1.2497,1.2499,11,9,2,3,1.2496,1.25,19,43,5,7,1.2495,1.2501,27,18,6,4,1.2494,1.2502,20,24,1,6,1.2493,1.2503,49,12,1,1,1.2492,1.2504,22,45,2,4,1.2491,1.2505,16,20,5,3,1.249,1.2506,32,28,5,1,1.2489,1.2507,34,41,3,6,1.2488,1.2508,34,7,7,2
2024-12-30T08:41:00.000000000Z,2024-12-30T08:41:00.000000000Z,10,1,29307,A,N,0,1.2499,0,0,0,492,6BH5,1.2498,1.25,256,328,1,6,1.2497,1.2501,33,6,2,1,1.2496,1.2502,46,11,2,6,1.2495,1.2503,44,31,4,6,1.2494,1.2504,45,28,1,7,1.2493,1.2505,28,40,4,4,1.2492,1.2506,46,36,1,2,1.2491,1.2507,29,17,7,2,1.249,1.2508,9,35,7,2,1.2489,1.2509,45,24,3,6
2024-12-30T08:41:05.000000000Z,2024-12-30T08:41:05.000000000Z,10,1,29307,A,N,0,1.25,0,0,0,493,6BH5,1.2499,1.2501,200,104,5,3,1.2498,1.2502,28,31,5,4,1.2497,1.2503,23,14,2,4,1.2496,1.2504,8,45,5,7,1.2495,1.2505,17,30,6,1,1.2494,1.2506,13,35,7,5,1.2493,1.2507,26,13,7,7,1.2492,1.2508,46,25,3,2,1.2491,1.2509,38,13,2,2,1.249,1.251,6,29,3,2
2024-12-30T08:41:10.000000000Z,2024-12-30T08:41:10.000000000Z,10,1,29307,A,N,0,1.2501,0,0,0,494,6BH5,1.25,1.2502,13,15,5,6,1.2499,1.2503,43,33,5,3,1.2498,1.2504,12,11,5,6,1.2497,1.2505,39,34,3,6,1.2496,1.2506,25,18,1,3,1.2495,1.2507,40,45,5,6,1.2494,1.2508,192,240,5,5,1.2493,1.2509,16,17,2,7,1.2492,1.251,29,6,2,3,1.2491,1.2511,12,46,5,1
2024-12-30T08:41:15.000000000Z,2024-12-30T08:41:15.000000000Z,10,1,29307,A,N,0,1.25,0,0,0,495,6BH5,1.2499,1.2501,15,44,6,2,1.2498,1.2502,14,29,3,3,1.2497,1.2503,7,21,6,2,1.2496,1.2504,35,13,5,4,1.2495,1.2505,30,6,2,4,1.2494,1.2506,10,34,7,4,1.2493,1.2507,40,14,2,5,1.2492,1.2508,16,26,3,6,1.2491,1.2509,18,14,4,3,1.249,1.251,21,8,5,6
2024-12-30T08:41:20.000000000Z,2024-12-30T08:41:20.000000000Z,10,1,29307,A,N,0,1.2499,0,0,0,496,6BH5,1.2498,1.25,192,368,6,2,1.2497,1.2501,16,13,7,5,1.2496,1.2502,5,7,7,7,1.2495,1.2503,19,26,5,4,1.2494,1.2504,13,45,7,7,1.2493,1.2505,48,41,1,6,1.2492,1.2506,10,21,6,4,1.2491,1.2507,43,13,5,7,1.249,1.2508,35,24,7,7,1.2489,1.2509,40,8,4,6
2024-12-30T08:41:25.000000000Z,2024-12-30T08:41:25.000000000Z,10,1,29307,A,N,0,1.2498,0,0,0,497,6BH5,1.2497,1.2499,152,384,6,5,1.2496,1.25,16,30,1,7,1.2495,1.2501,29,21,3,3,1.2494,1.2502,13,32,3,3,1.2493,1.2503,27,34,5,4,1.2492,1.2504,16,40,3,7,1.2491,1.2505,28,40,2,4,1.249,1.2506,47,9,4,5,1.2489,1.2507,43,34,1,3,1.2488,1.2508,46,43,2,4
2024-12-30T08:41:30.000000000Z,2024-12-30T08:41:30.000000000Z,10,1,29307,A,N,0,1.2498,0,0,0,498,6BH5,1.2497,1.2499,25,5,5,7,1.2496,1.25,13,12,2,2,1.2495,1.2501,40,40,2,2,1.2494,1.2502,40,35,7,6,1.2493,1.2503,272,96,1,4,1.2492,1.2504,43,5,1,2,1.2491,1.2505,9,16,4,5,1.249,1.2506,40,49,3,2,1.2489,1.2507,45,33,4,4,1.2488,1.2508,23,14,3,7
2024-12-30T08:41:35.000000000Z,2024-12-30T08:41:35.000000000Z,10,1,29307,A,N,0,1.2497,0,0,0,499,6BH5,1.2496,1.2498,48,6,6,6,1.2495,1.2499,31,11,1,2,1.2494,1.25,8,34,1,5,1.2493,1.2501,8,12,2,2,1.2492,1.2502,23,5,5,2,1.2491,1.2503,49,34,6,4,1.249,1.2504,6,46,6,3,1.2489,1.2505,38,32,7,1,1.2488,1.2506,48,15,1,6,1.2487,1.2507,10,18,7,6
2024-12-30T08:41:40.000000000Z,2024-12-30T08:41:40.000000000Z,10,1,29307,A,N,0,1.2496,0,0,0,500,6BH5,1.2495,1.2497,35,6,7,1,1.2494,1.2498,40,7,7,3,1.2493,1.2499,18,42,5,7,1.2492,1.25,15,32,6,7,1.2491,1.2501,44,12,1,5,1.249,1.2502,26,13,3,2,1.2489,1.2503,208,56,2,7,1.2488,1.2504,29,6,2,5,1.2487,1.2505,25,19,2,7,1.2486,1.2506,24,48,7,7
2024-12-30T08:41:45.000000000Z,2024-12-30T08:41:45.000000000Z,10,1,29307,A,N,0,1.2496,0,0,0,501,6BH5,1.2495,1.2497,32,10,3,6,1.2494,1.2498,7,49,4,7,1.2493,1.2499,21,11,1,4,1.2492,1.25,48,20,5,2,1.2491,1.2501,32,47,4,7,1.249,1.2502,34,49,2,4,1.2489,1.2503,128,352,4,4,1.2488,1.2504,264,48,5,6,1.2487,1.2505,29,25,6,2,1.2486,1.2506,13,45,7,3
2024-12-30T08:41:50.000000000Z,2024-12-30T08:41:50.000000000Z,10,1,29307,A,N,0,1.2496,0,0,0,502,6BH5,1.2495,1.2497,45,27,4,7,1.2494,1.2498,26,20,2,6,1.2493,1.2499,6,38,5,3,1.2492,1.25,47,24,3,3,1.2491,1.2501,12,16,2,5,1.249,1.2502,33,49,5,3,1.2489,1.2503,31,7,1,2,1.2488,1.2504,24,11,1,1,1.2487,1.2505,49,16,4,7,1.2486,1.2506,29,33,7,7
2024-12-30T08:41:55.000000000Z,2024-12-30T08:41:55.000000000Z,10,1,29307,A,N,0,1.2496,0,0,0,503,6BH5,1.2495,1.2497,22,46,3,6,1.2494,1.2498,45,35,5,1,1.2493,1.2499,10,37,2,2,1.2492,1.25,5,26,7,7,1.2491,1.2501,48,23,3,1,1.249,1.2502,23,41,6,3,1.2489,1.2503,9,29,1,2,1.2488,1.2504,25,23,7,6,1.2487,1.2505,36,36,5,6,1.2486,1.2506,42,14,3,5
2024-12-30T08:42:00.000000000Z,2024-12-30T08:42:00.000000000Z,10,1,29307,A,N,0,1.2497,0,0,0,504,6BH5,1.2496,1.2498,34,8,5,6,1.2495,1.2499,31,25,5,1,1.2494,1.25,17,34,2,2,1.2493,1.2501,10,47,1,1,1.2492,1.2502,41,20,4,4,1.2491,1.2503,392,168,1,1,1.249,1.2504,24,46,2,4,1.2489,1.2505,27,37,3,7,1.2488,1.2506,41,40,6,7,1.2487,1.2507,64,144,4,4
2024-12-30T08:42:05.000000000Z,2024-12-30T08:42:05.000000000Z,10,1,29307,A,N,0,1.2497,0,0,0,505,6BH5,1.2496,1.2498,24,45,3,6,1.2495,1.2499,44,47,1,6,1.2494,1.25,37,16,5,1,1.2493,1.2501,20,20,7,3,1.2492,1.2502,7,28,3,6,1.2491,1.2503,38,40,7,5,1.249,1.2504,9,23,2,5,1.2489,1.2505,7,34,2,1,1.2488,1.2506,16,27,4,6,1.2487,1.2507,13,7,6,7
2024-12-30T08:42:10.000000000Z,2024-12-30T08:42:10.000000000Z,10,1,29307,A,N,0,1.2498,0,0,0,506,6BH5,1.2497,1.2499,42,27,5,3,1.2496,1.25,49,9,1,4,1.2495,1.2501,23,38,3,7,1.2494,1.2502,14,44,2,6,1.2493,1.2503,31,13,7,1,1.2492,1.2504,37,7,5,5,1.2491,1.2505,46,8,4,3,1.249,1.2506,392,320,3,7,1.2489,1.2507,6,37,6,4,1.2488,1.2508,46,25,2,3
2024-12-30T08:42:15.000000000Z,2024-12-30T08:42:15.000000000Z,10,1,29307,A,N,0,1.2499,0,0,0,507,6BH5,1.2498,1.25,8,14,6,6,1.2497,1.2501,6,45,4,2,1.2496,1.2502,20,23,7,1,1.2495,1.2503,10,31,7,7,1.2494,1.2504,16,14,5,7,1.2493,1.2505,35,40,7,2,1.2492,1.2506,27,14,1,6,1.2491,1.2507,31,47,2,2,1.249,1.2508,23,20,4,6,1.2489,1.2509,47,30,3,4
2024-12-30T08:42:20.000000000Z,2024-12-30T08:42:20.000000000Z,10,1,29307,A,N,0,1.2499,0,0,0,508,6BH5,1.2498,1.25,34,25,4,2,1.2497,1.2501,16,12,3,5,1.2496,1.2502,11,14,7,2,1.2495,1.2503,18,16,1,7,1.2494,1.2504,13,48,6,2,1.2493,1.2505,14,5,4,4,1.2492,1.2506,33,6,2,3,1.2491,1.2507,45,5,6,7,1.249,1.2508,26,6,7,1,1.2489,1.2509,28,40,5,5
2024-12-30T08:42:25.000000000Z,2024-12-30T08:42:25.000000000Z,10,1,29307,A,N,0,1.2498,0,0,0,509,6BH5,1.2497,1.2499,38,13,4,6,1.2496,1.25,19,8,5,2,1.2495,1.2501,44,40,3,3,1.2494,1.2502,35,10,6,2,1.2493,1.2503,46,34,2,3,1.2492,1.2504,35,24,4,2,1.2491,1.2505,21,46,1,4,1.249,1.2506,11,12,1,3,1.2489,1.2507,13,20,5,2,1.2488,1.2508,41,31,2,4
2024-12-30T08:42:30.000000000Z,2024-12-30T08:42:30.000000000Z,10,1,29307,A,N,0,1.2497,0,0,0,510,6BH5,1.2496,1.2498,39,35,5,1,1.2495,1.2499,40,8,3,5,1.2494,1.25,17,47,7,3,1.2493,1.2501,44,48,5,1,1.2492,1.2502,6,39,5,4,1.2491,1.2503,18,25,1,1,1.249,1.2504,32,7,6,6,1.2489,1.2505,10,40,4,1,1.2488,1.2506,17,16,3,4,1.2487,1.2507,33,7,5,2
2024-12-30T08:42:35.000000000Z,2024-12-30T08:42:35.000000000Z,10,1,29307,A,N,0,1.2496,0,0,0,511,6BH5,1.2495,1.2497,23,8,1,6,1.2494,1.2498,35,6,1,1,1.2493,1.2499,9,18,4,2,1.2492,1.25,39,7,4,2,1.2491,1.2501,40,43,1,1,1.249,1.2502,38,30,2,7,1.2489,1.2503,32,40,5,5,1.2488,1.2504,35,20,7,5,1.2487,1.2505,9,16,7,3,1.2486,1.2506,8,46,3,5
2024-12-30T08:42:40.000000000Z,2024-12-30T08:42:40.000000000Z,10,1,29307,A,N,0,1.2496,0,0,0,512,6BH5,1.2495,1.2497,9,15,6,1,1.2494,1.2498,26,15,5,6,1.2493,1.2499,18,39,2,5,1.2492,1.25,26,6,5,3,1.2491,1.2501,26,13,4,7,1.249,1.2502,14,42,3,7,1.2489,1.2503,29,31,6,6,1.2488,1.2504,37,36,2,2,1.2487,1.2505,27,33,3,1,1.2486,1.2506,23,27,5,1
2024-12-30T08:42:45.000000000Z,2024-12-30T08:42:45.000000000Z,10,1,29307,A,N,0,1.2497,0,0,0,513,6BH5,1.2496,1.2498,36,14,2,3,1.2495,1.2499,10,47,1,7,1.2494,1.25,40,28,1,5,1.2493,1.2501,18,6,6,7,1.2492,1.2502,13,16,2,7,1.2491,1.2503,44,48,1,2,1.249,1.2504,27,24,5,5,1.2489,1.2505,40,45,2,7,1.2488,1.2506,48,30,4,5,1.2487,1.2507,16,30,4,4
2024-12-30T08:42:50.000000000Z,2024-12-30T08:42:50.000000000Z,10,1,29307,A,N,0,1.2498,0,0,0,514,6BH5,1.2497,1.2499,28,35,6,6,1.2496,1.25,20,38,6,4,1.2495,1.2501,45,11,7,5,1.2494,1.2502,11,22,7,5,1.2493,1.2503,31,12,2,2,1.2492,1.2504,45,16,6,3,1.2491,1.2505,44,26,2,4,1.249,1.2506,36,15,5,2,1.2489,1.2507,18,16,4,3,1.2488,1.2508,11,43,6,1
2024-12-30T08:42:55.000000000Z,2024-12-30T08:42:55.000000000Z,10,1,29307,A,N,0,1.2497,0,0,0,515,6BH5,1.2496,1.2498,5,43,1,7,1.2495,1.2499,22,17,1,2,1.2494,1.25,37,39,3,6,1.2493,1.2501,240,40,3,2,1.2492,1.2502,5,22,1,1,1.2491,1.2503,17,21,5,5,1.249,1.2504,42,41,2,6,1.2489,1.2505,9,40,3,6,1.2488,1.2506,27,9,4,1,1.2487,1.2507,46,38,7,7
2024-12-30T08:43:00.000000000Z,2024-12-30T08:43:00.000000000Z,10,1,29307,A,N,0,1.2498,0,0,0,516,6BH5,1.2497,1.2499,48,36,4,4,1.2496,1.25,392,96,6,6,1.2495,1.2501,14,10,7,7,1.2494,1.2502,20,31,4,6,1.2493,1.2503,39,19,7,6,1.2492,1.2504,6,23,5,4,1.2491,1.2505,44,45,7,2,1.249,1.2506,26,15,4,5,1.2489,1.2507,29,24,3,5,1.2488,1.2508,35,39,7,6
2024-12-30T08:43:05.000000000Z,2024-12-30T08:43:05.000000000Z,10,1,29307,A,N,0,1.2498,0,0,0,517,6BH5,1.2497,1.2499,45,28,2,6,1.2496,1.25,23,33,6,6,1.2495,1.2501,30,40,4,7,1.2494,1.2502,43,24,3,4,1.2493,1.2503,24,16,5,1,1.2492,1.2504,28,12,5,1,1.2491,1.2505,216,328,3,2,1.249,1.2506,40,20,2,4,1.2489,1.2507,22,41,2,2,1.2488,1.2508,11,47,7,5
2024-12-30T08:43:10.000000000Z,2024-12-30T08:43:10.000000000Z,10,1,29307,A,N,0,1.2499,0,0,0,518,6BH5,1.2498,1.25,36,11,5,7,1.2497,1.2501,36,30,4,3,1.2496,1.2502,32,30,2,2,1.2495,1.2503,6,36,2,2,1.2494,1.2504,32,7,5,2,1.2493,1.2505,10,38,7,4,1.2492,1.2506,17,43,5,2,1.2491,1.2507,36,14,2,3,1.249,1.2508,17,38,4,4,1.2489,1.2509,38,12,7,6
2024-12-30T08:43:15.000000000Z,2024-12-30T08:43:15.000000000Z,10,1,29307,A,N,0,1.2498,0,0,0,519,6BH5,1.2497,1.2499,30,42,1,2,1.2496,1.25,31,8,1,3,1.2495,1.2501,27,6,2,4,1.2494,1.2502,6,18,4,4,1.2493,1.2503,44,27,6,4,1.2492,1.2504,18,41,2,5,1.2491,1.2505,14,31,1,3,1.249,1.2506,12,15,2,7,1.2489,1.2507,38,47,4,4,1.2488,1.2508,46,41,3,1
2024-12-30T08:43:20.000000000Z,2024-12-30T08:43:20.000000000Z,10,1,29307,A,N,0,1.2497,0,0,0,520,6BH5,1.2496,1.2498,29,6,7,3,1.2495,1.2499,29,16,3,4,1.2494,1.25,40,32,2,5,1.2493,1.2501,46,36,4,6,1.2492,1.2502,41,24,3,7,1.2491,1.2503,20,39,2,1,1.249,1.2504,31,36,6,1,1.2489,1.2505,27,33,6,6,1.2488,1.2506,30,27,3,6,1.2487,1.2507,43,26,2,7
2024-12-30T08:43:25.000000000Z,2024-12-30T08:43:25.000000000Z,10,1,29307,A,N,0,1.2497,0,0,0,521,6BH5,1.2496,1.2498,37,44,3,6,1.2495,1.2499,7,6,4,3,1.2494,1.25,24,35,2,1,1.2493,1.2501,41,47,5,4,1.2492,1.2502,40,39,1,5,1.2491,1.2503,5,46,4,6,1.249,1.2504,24,20,2,5,1.2489,1.2505,47,18,6,2,1.2488,1.2506,41,43,4,5,1.2487,1.2507,31,28,1,3
2024-12-30T08:43:30.000000000Z,2024-12-30T08:43:30.000000000Z,10,1,29307,A,N,0,1.2498,0,0,0,522,6BH5,1.2497,1.2499,24,17,7,5,1.2496,1.25,48,16,1,4,1.2495,1.2501,5,47,7,5,1.2494,1.2502,46,49,1,4,1.2493,1.2503,39,21,2,5,1.2492,1.2504,20,24,6,2,1.2491,1.2505,34,12,3,5,1.249,1.2506,144,128,5,5,1.2489,1.2507,5,46,2,5,1.2488,1.2508,10,19,1,7
2024-12-30T08:43:35.000000000Z,2024-12-30T08:43:35.000000000Z,10,1,29307,A,N,0,1.2497,0,0,0,523,6BH5,1.2496,1.2498,42,16,7,5,1.2495,1.2499,42,44,3,5,1.2494,1.25,30,24,6,1,1.2493,1.2501,43,41,3,5,1.2492,1.2502,43,45,4,1,1.2491,1.2503,32,25,7,4,1.249,1.2504,41,16,4,3,1.2489,1.2505,31,36,1,5,1.2488,1.2506,6,42,5,3,1.2487,1.2507,9,22,1,2
2024-12-30T08:43:40.000000000Z,2024-12-30T08:43:40.000000000Z,10,1,29307,A,N,0,1.2496,0,0,0,524,6BH5,1.2495,1.2497,39,18,3,4,1.2494,1.2498,11,43,5,1,1.2493,1.2499,36,9,4,4,1.2492,1.25,17,8,4,3,1.2491,1.2501,22,24,1,1,1.249,1.2502,33,28,4,6,1.2489,1.2503,9,49,2,6,1.2488,1.2504,11,37,1,2,1.2487,1.2505,45,25,4,4,1.2486,1.2506,37,37,5,5
2024-12-30T08:43:45.000000000Z,2024-12-30T08:43:45.000000000Z,10,1,29307,A,N,0,1.2497,0,0,0,525,6BH5,1.2496,1.2498,5,20,3,4,1.2495,1.2499,33,43,7,7,1.2494,1.25,41,29,7,2,1.2493,1.2501,36,27,5,7,1.2492,1.2502,39,33,6,5,1.2491,1.2503,40,11,6,2,1.249,1.2504,26,43,4,3,1.2489,1.2505,30,34,7,3,1.2488,1.2506,14,12,6,3,1.2487,1.2507,7,24,2,6
2024-12-30T08:43:50.000000000Z,2024-12-30T08:43:50.000000000Z,10,1,29307,A,N,0,1.2498,0,0,0,526,6BH5,1.2497,1.2499,28,20,4,6,1.2496,1.25,45,18,4,6,1.2495,1.2501,38,22,2,2,1.2494,1.2502,46,24,4,2,1.2493,1.2503,7,25,4,7,1.2492,1.2504,26,27,4,7,1.2491,1.2505,17,37,7,3,1.249,1.2506,23,25,2,6,1.2489,1.2507,11,30,6,4,1.2488,1.2508,120,200,3,2
2024-12-30T08:43:55.000000000Z,2024-12-30T08:43:55.000000000Z,10,1,29307,A,N,0,1.2497,0,0,0,527,6BH5,1.2496,1.2498,384,312,1,7,1.2495,1.2499,10,40,5,7,1.2494,1.25,24,26,3,5,1.2493,1.2501,36,19,7,7,1.2492,1.2502,36,14,4,3,1.2491,1.2503,44,47,7,3,1.249,1.2504,15,11,1,4,1.2489,1.2505,43,45,3,6,1.2488,1.2506,19,8,5,5,1.2487,1.2507,34,14,6,2
2024-12-30T08:44:00.000000000Z,2024-12-30T08:44:00.000000000Z,10,1,29307,A,N,0,1.2498,0,0,0,528,6BH5,1.2497,1.2499,31,24,4,4,1.2496,1.25,25,34,1,4,1.2495,1.2501,9,41,6,1,1.2494,1.2502,20,36,3,3,1.2493,1.2503,20,49,3,6,1.2492,1.2504,44,11,3,3,1.2491,1.2505,7,25,5,6,1.249,1.2506,21,29,2,1,1.2489,1.2507,33,19,3,7,1.2488,1.2508,44,17,3,5
2024-12-30T08:44:05.000000000Z,2024-12-30T08:44:05.000000000Z,10,1,29307,A,N,0,1.2498,0,0,0,529,6BH5,1.2497,1.2499,5,39,1,2,1.2496,1.25,11,27,3,7,1.2495,1.2501,20,33,6,2,1.2494,1.2502,49,6,4,4,1.2493,1.2503,24,41,2,6,1.2492,1.2504,9,10,6,5,1.2491,1.2505,19,38,7,7,1.249,1.2506,48,9,4,7,1.2489,1.2507,49,28,1,5,1.2488,1.2508,5,25,1,7
2024-12-30T08:44:10.000000000Z,2024-12-30T08:44:10.000000000Z,10,1,29307,A,N,0,1.2498,0,0,0,530,6BH5,1.2497,1.2499,34,5,3,3,1.2496,1.25,49,22,1,1,1.2495,1.2501,40,38,2,3,1.2494,1.2502,20,44,2,5,1.2493,1.2503,46,28,6,5,1.2492,1.2504,23,49,4,7,1.2491,1.2505,47,5,4,1,1.249,1.2506,34,31,3,5,1.2489,1.2507,43,42,1,4,1.2488,1.2508,19,20,1,2
2024-12-30T08:44:15.000000000Z,2024-12-30T08:44:15.000000000Z,10,1,29307,A,N,0,1.2498,0,0,0,531,6BH5,1.2497,1.2499,49,23,3,5,1.2496,1.25,25,20,7,6,1.2495,1.2501,22,40,4,5,1.2494,1.2502,25,36,5,7,1.2493,1.2503,31,10,6,6,1.2492,1.2504,39,14,6,6,1.2491,1.2505,46,13,4,4,1.249,1.2506,32,15,4,4,1.2489,1.2507,46,43,7,2,1.2488,1.2508,48,24,2,6
2024-12-30T08:44:20.000000000Z,2024-12-30T08:44:20.000000000Z,10,1,29307,A,N,0,1.2498,0,0,0,532,6BH5,1.2497,1.2499,10,21,7,1,1.2496,1.25,17,46,4,7,1.2495,1.2501,38,7,4,5,1.2494,1.2502,22,27,1,3,1.2493,1.2503,9,22,2,5,1.2492,1.2504,29,46,1,5,1.2491,1.2505,47,43,2,3,1.249,1.2506,31,30,3,1,1.2489,1.2507,16,32,2,1,1.2488,1.2508,208,352,3,1
2024-12-30T08:44:25.000000000Z,2024-12-30T08:44:25.000000000Z,10,1,29307,A,N,0,1.2498,0,0,0,533,6BH5,1.2497,1.2499,42,6,3,5,1.2496,1.25,39,12,3,3,1.2495,1.2501,28,49,7,6,1.2494,1.2502,42,47,3,6,1.2493,1.2503,48,7,5,4,1.2492,1.2504,16,24,7,4,1.2491,1.2505,6,15,5,5,1.249,1.2506,23,34,6,7,1.2489,1.2507,40,24,6,6,1.2488,1.2508,37,33,7,6
2024-12-30T08:44:30.000000000Z,2024-12-30T08:44:30.000000000Z,10,1,29307,A,N,0,1.2498,0,0,0,534,6BH5,1.2497,1.2499,10,18,1,3,1.2496,1.25,42,38,1,6,1.2495,1.2501,22,48,5,6,1.2494,1.2502,27,11,4,7,1.2493,1.2503,46,45,2,5,1.2492,1.2504,32,18,3,3,1.2491,1.2505,27,45,6,7,1.249,1.2506,30,12,3,7,1.2489,1.2507,8,42,3,4,1.2488,1.2508,45,22,1,5
2024-12-30T08:44:35.000000000Z,2024-12-30T08:44:35.000000000Z,10,1,29307,A,N,0,1.2498,0,0,0,535,6BH5,1.2497,1.2499,17,42,4,6,1.2496,1.25,32,40,6,2,1.2495,1.2501,352,64,2,1,1.2494,1.2502,21,11,7,5,1.2493,1.2503,5,32,1,5,1.2492,1.2504,29,46,5,1,1.2491,1.2505,38,7,6,7,1.249,1.2506,22,27,1,2,1.2489,1.2507,31,43,6,7,1.2488,1.2508,5,26,2,5
2024-12-30T08:44:40.000000000Z,2024-12-30T08:44:40.000000000Z,10,1,29307,A,N,0,1.2499,0,0,0,536,6BH5,1.2498,1.25,19,37,2,7,1.2497,1.2501,29,26,4,4,1.2496,1.2502,30,28,5,1,1.2495,1.2503,11,22,7,4,1.2494,1.2504,7,49,1,4,1.2493,1.2505,30,34,3,3,1.2492,1.2506,23,38,6,5,1.2491,1.2507,46,40,6,6,1.249,1.2508,10,19,5,1,1.2489,1.2509,7,46,6,6
2024-12-30T08:44:45.000000000Z,2024-12-30T08:44:45.000000000Z,10,1,29307,A,N,0,1.25,0,0,0,537,6BH5,1.2499,1.2501,43,25,6,7,1.2498,1.2502,14,19,6,4,1.2497,1.2503,33,21,1,6,1.2496,1.2504,18,14,5,2,1.2495,1.2505,43,18,7,6,1.2494,1.2506,32,13,7,7,1.2493,1.2507,41,13,6,7,1.2492,1.2508,29,26,6,3,1.2491,1.2509,10,40,6,6,1.249,1.251,37,25,3,5
2024-12-30T08:44:50.000000000Z,2024-12-30T08:44:50.000000000Z,10,1,29307,A,N,0,1.25,0,0,0,538,6BH5,1.2499,1.2501,7,17,2,1,1.2498,1.2502,32,44,2,7,1.2497,1.2503,28,7,5,1,1.2496,1.2504,23,28,1,2,1.2495,1.2505,26,21,3,1,1.2494,1.2506,42,23,6,1,1.2493,1.2507,25,33,2,4,1.2492,1.2508,10,21,4,6,1.2491,1.2509,23,13,4,4,1.249,1.251,43,44,5,7
2024-12-30T08:44:55.000000000Z,2024-12-30T08:44:55.000000000Z,10,1,29307,A,N,0,1.2499,0,0,0,539,6BH5,1.2498,1.25,37,30,5,1,1.2497,1.2501,39,17,7,2,1.2496,1.2502,36,49,4,1,1.2495,1.2503,23,35,3,2,1.2494,1.2504,19,8,3,5,1.2493,1.2505,5,24,6,6,1.2492,1.2506,5,19,5,7,1.2491,1.2507,10,45,7,4,1.249,1.2508,29,43,7,6,1.2489,1.2509,11,8,1,1
2024-12-30T08:45:00.000000000Z,2024-12-30T08:45:00.000000000Z,10,1,29307,A,N,0,1.2499,0,0,0,540,6BH5,1.2498,1.25,38,39,6,5,1.2497,1.2501,7,8,1,5,1.2496,1.2502,33,5,3,6,1.2495,1.2503,14,33,4,4,1.2494,1.2504,5,45,1,7,1.2493,1.2505,6,13,4,4,1.2492,1.2506,40,48,2,3,1.2491,1.2507,25,44,3,6,1.249,1.2508,8,30,7,7,1.2489,1.2509,27,45,2,4
2024-12-30T08:45:05.000000000Z,2024-12-30T08:45:05.000000000Z,10,1,29307,A,N,0,1.25,0,0,0,541,6BH5,1.2499,1.2501,43,48,1,6,1.2498,1.2502,27,42,2,6,1.2497,1.2503,11,26,3,4,1.2496,1.2504,40,44,4,5,1.2495,1.2505,8,22,4,2,1.2494,1.2506,96,384,2,6,1.2493,1.2507,44,20,6,1,1.2492,1.2508,25,26,7,1,1.2491,1.2509,32,43,1,2,1.249,1.251,16,21,4,7
2024-12-30T08:45:10.000000000Z,2024-12-30T08:45:10.000000000Z,10,1,29307,A,N,0,1.25,0,0,0,542,6BH5,1.2499,1.2501,13,18,7,1,1.2498,1.2502,30,40,3,6,1.2497,1.2503,29,8,6,2,1.2496,1.2504,23,17,1,4,1.2495,1.2505,144,112,6,3,1.2494,1.2506,14,31,7,3,1.2493,1.2507,22,17,3,4,1.2492,1.2508,48,10,4,6,1.2491,1.2509,16,28,3,4,1.249,1.251,30,26,2,7
2024-12-30T08:45:15.000000000Z,2024-12-30T08:45:15.000000000Z,10,1,29307,A,N,0,1.25,0,0,0,543,6BH5,1.2499,1.2501,34,8,6,7,1.2498,1.2502,28,39,7,7,1.2497,1.2503,16,6,7,3,1.2496,1.2504,15,21,6,5,1.2495,1.2505,296,264,7,5,1.2494,1.2506,46,42,3,1,1.2493,1.2507,35,19,6,1,1.2492,1.2508,45,45,5,5,1.2491,1.2509,23,24,1,3,1.249,1.251,43,17,7,6
2024-12-30T08:45:20.000000000Z,2024-12-30T08:45:20.000000000Z,10,1,29307,A,N,0,1.2499,0,0,0,544,6BH5,1.2498,1.25,12,47,2,1,1.2497,1.2501,8,28,7,5,1.2496,1.2502,29,10,1,4,1.2495,1.2503,37,34,4,1,1.2494,1.2504,19,42,6,6,1.2493,1.2505,5,7,5,2,1.2492,1.2506,8,47,6,1,1.2491,1.2507,7,11,4,7,1.249,1.2508,29,21,2,6,1.2489,1.2509,22,8,1,7
2024-12-30T08:45:25.000000000Z,2024-12-30T08:45:25.000000000Z,10,1,29307,A,N,0,1.2499,0,0,0,545,6BH5,1.2498,1.25,49,29,2,3,1.2497,1.2501,21,26,7,7,1.2496,1.2502,40,20,5,3,1.2495,1.2503,18,11,1,1,1.2494,1.2504,20,25,4,7,1.2493,1.2505,19,30,6,7,1.2492,1.2506,41,25,4,3,1.2491,1.2507,23,7,7,6,1.249,1.2508,31,19,6,5,1.2489,1.2509,15,47,4,7
2024-12-30T08:45:30.000000000Z,2024-12-30T08:45:30.000000000Z,10,1,29307,A,N,0,1.2499,0,0,0,546,6BH5,1.2498,1.25,39,6,3,7,1.2497,1.2501,12,8,7,7,1.2496,1.2502,26,30,1,5,1.2495,1.2503,26,22,5,4,1.2494,1.2504,11,30,6,7,1.2493,1.2505,37,7,7,2,1.2492,1.2506,21,5,4,3,1.2491,1.2507,37,33,4,4,1.249,1.2508,40,28,3,5,1.2489,1.2509,41,31,3,3
2024-12-30T08:45:35.000000000Z,2024-12-30T08:45:35.000000000Z,10,1,29307,A,N,0,1.25,0,0,0,547,6BH5,1.2499,1.2501,7,42,2,5,1.2498,1.2502,22,7,6,2,1.2497,1.2503,17,29,1,3,1.2496,1.2504,47,45,2,3,1.2495,1.2505,25,35,6,7,1.2494,1.2506,320,376,5,1,1.2493,1.2507,7,19,1,7,1.2492,1.2508,30,21,1,5,1.2491,1.2509,10,45,3,3,1.249,1.251,49,49,7,3
2024-12-30T08:45:40.000000000Z,2024-12-30T08:45:40.000000000Z,10,1,29307,A,N,0,1.25,0,0,0,548,6BH5,1.2499,1.2501,6,46,1,5,1.2498,1.2502,20,9,1,6,1.2497,1.2503,30,38,2,2,1.2496,1.2504,29,16,7,7,1.2495,1.2505,304,168,3,3,1.2494,1.2506,41,30,5,6,1.2493,1.2507,36,41,5,4,1.2492,1.2508,47,27,1,7,1.2491,1.2509,7,10,7,6,1.249,1.251,19,40,5,3
2024-12-30T08:45:45.000000000Z,2024-12-30T08:45:45.000000000Z,10,1,29307,A,N,0,1.2499,0,0,0,549,6BH5,1.2498,1.25,36,25,1,1,1.2497,1.2501,45,27,3,2,1.2496,1.2502,72,240,4,3,1.2495,1.2503,38,7,2,5,1.2494,1.2504,11,49,5,6,1.2493,1.2505,46,41,3,4,1.2492,1.2506,49,12,6,3,1.2491,1.2507,22,26,4,1,1.249,1.2508,40,33,1,1,1.2489,1.2509,47,49,6,6
2024-12-30T08:45:50.000000000Z,2024-12-30T08:45:50.000000000Z,10,1,29307,A,N,0,1.2499,0,0,0,550,6BH5,1.2498,1.25,22,20,7,6,1.2497,1.2501,12,34,6,5,1.2496,1.2502,44,47,1,1,1.2495,1.2503,46,28,5,6,1.2494,1.2504,21,28,6,2,1.2493,1.2505,28,30,5,4,1.2492,1.2506,34,39,5,6,1.2491,1.2507,248,320,1,1,1.249,1.2508,14,46,7,6,1.2489,1.2509,15,46,1,5
2024-12-30T08:45:55.000000000Z,2024-12-30T08:45:55.000000000Z,10,1,29307,A,N,0,1.25,0,0,0,551,6BH5,1.2499,1.2501,11,21,5,4,1.2498,1.2502,41,40,2,7,1.2497,1.2503,5,33,2,2,1.2496,1.2504,21,45,4,1,1.2495,1.2505,27,33,2,2,1.2494,1.2506,46,11,7,3,1.2493,1.2507,28,19,7,3,1.2492,1.2508,112,96,1,2,1.2491,1.2509,14,46,1,2,1.249,1.251,6,28,5,5
2024-12-30T08:46:00.000000000Z,2024-12-30T08:46:00.000000000Z,10,1,29307,A,N,0,1.25,0,0,0,552,6BH5,1.2499,1.2501,12,44,1,2,1.2498,1.2502,29,15,3,1,1.2497,1.2503,27,7,1,1,1.2496,1.2504,48,16,6,6,1.2495,1.2505,35,33,3,4,1.2494,1.2506,30,15,7,5,1.2493,1.2507,35,43,2,5,1.2492,1.2508,34,18,3,1,1.2491,1.2509,10,10,7,5,1.249,1.251,39,48,7,3
2024-12-30T08:46:05.000000000Z,2024-12-30T08:46:05.000000000Z,10,1,29307,A,N,0,1.25,0,0,0,553,6BH5,1.2499,1.2501,45,12,3,3,1.2498,1.2502,46,35,5,6,1.2497,1.2503,20,48,1,4,1.2496,1.2504,7,20,4,2,1.2495,1.2505,26,35,3,1,1.2494,1.2506,38,26,6,3,1.2493,1.2507,37,27,2,1,1.2492,1.2508,37,19,1,6,1.2491,1.2509,25,7,1,4,1.249,1.251,31,24,1,4
2024-12-30T08:46:10.000000000Z,2024-12-30T08:46:10.000000000Z,10,1,29307,A,N,0,1.25,0,0,0,554,6BH5,1.2499,1.2501,31,16,4,3,1.2498,1.2502,7,34,3,5,1.2497,1.2503,47,22,4,3,1.2496,1.2504,15,42,5,2,1.2495,1.2505,36,47,1,6,1.2494,1.2506,32,26,6,2,1.2493,1.2507,16,9,2,2,1.2492,1.2508,384,56,7,1,1.2491,1.2509,42,49,6,5,1.249,1.251,15,20,2,2
2024-12-30T08:46:15.000000000Z,2024-12-30T08:46:15.000000000Z,10,1,29307,A,N,0,1.2501,0,0,0,555,6BH5,1.25,1.2502,36,12,7,1,1.2499,1.2503,12,33,1,4,1.2498,1.2504,41,28,5,2,1.2497,1.2505,35,31,2,3,1.2496,1.2506,19,27,1,4,1.2495,1.2507,20,44,3,5,1.2494,1.2508,47,21,3,7,1.2493,1.2509,47,41,6,6,1.2492,1.251,27,29,1,3,1.2491,1.2511,34,37,5,4
2024-12-30T08:46:20.000000000Z,2024-12-30T08:46:20.000000000Z,10,1,29307,A,N,0,1.25,0,0,0,556,6BH5,1.2499,1.2501,11,25,7,1,1.2498,1.2502,27,7,2,3,1.2497,1.2503,45,32,2,5,1.2496,1.2504,7,13,4,2,1.2495,1.2505,32,11,1,5,1.2494,1.2506,43,37,2,6,1.2493,1.2507,33,31,6,1,1.2492,1.2508,27,49,5,1,1.2491,1.2509,8,22,6,1,1.249,1.251,39,46,2,2
2024-12-30T08:46:25.000000000Z,2024-12-30T08:46:25.000000000Z,10,1,29307,A,N,0,1.25,0,0,0,557,6BH5,1.2499,1.2501,45,27,5,7,1.2498,1.2502,6,9,4,6,1.2497,1.2503,39,5,1,1,1.2496,1.2504,19,34,5,7,1.2495,1.2505,46,41,5,1,1.2494,1.2506,14,30,2,3,1.2493,1.2507,23,39,5,4,1.2492,1.2508,12,16,6,1,1.2491,1.2509,31,6,1,7,1.249,1.251,23,9,7,4
2024-12-30T08:46:30.000000000Z,2024-12-30T08:46:30.000000000Z,10,1,29307,A,N,0,1.2501,0,0,0,558,6BH5,1.25,1.2502,35,48,4,7,1.2499,1.2503,40,10,1,2,1.2498,1.2504,16,21,7,3,1.2497,1.2505,46,20,5,1,1.2496,1.2506,12,29,2,3,1.2495,1.2507,27,48,4,3,1.2494,1.2508,216,104,5,4,1.2493,1.2509,22,38,1,2,1.2492,1.251,23,38,2,3,1.2491,1.2511,35,47,3,3
2024-12-30T08:46:35.000000000Z,2024-12-30T08:46:35.000000000Z,10,1,29307,A,N,0,1.2502,0,0,0,559,6BH5,1.2501,1.2503,27,21,6,1,1.25,1.2504,392,48,1,1,1.2499,1.2505,34,46,4,2,1.2498,1.2506,39,5,3,1,1.2497,1.2507,31,17,3,6,1.2496,1.2508,39,23,5,1,1.2495,1.2509,10,40,2,5,1.2494,1.251,37,27,7,3,1.2493,1.2511,5,34,1,7,1.2492,1.2512,27,40,1,4
2024-12-30T08:46:40.000000000Z,2024-12-30T08:46:40.000000000Z,10,1,29307,A,N,0,1.2502,0,0,0,560,6BH5,1.2501,1.2503,13,8,7,1,1.25,1.2504,29,10,6,6,1.2499,1.2505,41,15,1,4,1.2498,1.2506,40,12,1,6,1.2497,1.2507,45,33,1,6,1.2496,1.2508,27,45,1,6,1.2495,1.2509,32,33,3,7,1.2494,1.251,47,14,3,4,1.2493,1.2511,25,25,6,5,1.2492,1.2512,24,40,5,6
2024-12-30T08:46:45.000000000Z,2024-12-30T08:46:45.000000000Z,10,1,29307,A,N,0,1.2503,0,0,0,561,6BH5,1.2502,1.2504,29,44,2,5,1.2501,1.2505,19,17,3,2,1.25,1.2506,42,44,4,5,1.2499,1.2507,25,15,2,4,1.2498,1.2508,34,8,6,3,1.2497,1.2509,7,41,6,1,1.2496,1.251,43,49,2,4,1.2495,1.2511,15,42,6,6,1.2494,1.2512,42,16,7,5,1.2493,1.2513,29,46,2,7
2024-12-30T08:46:50.000000000Z,2024-12-30T08:46:50.000000000Z,10,1,29307,A,N,0,1.2503,0,0,0,562,6BH5,1.2502,1.2504,18,9,1,6,1.2501,1.2505,88,176,7,3,1.25,1.2506,39,11,5,6,1.2499,1.2507,34,34,6,5,1.2498,1.2508,14,18,4,7,1.2497,1.2509,38,30,6,5,1.2496,1.251,19,46,7,3,1.2495,1.2511,27,40,5,7,1.2494,1.2512,30,47,4,2,1.2493,1.2513,37,44,4,1
2024-12-30T08:46:55.000000000Z,2024-12-30T08:46:55.000000000Z,10,1,29307,A,N,0,1.2503,0,0,0,563,6BH5,1.2502,1.2504,39,30,4,7,1.2501,1.2505,11,15,3,5,1.25,1.2506,38,22,7,7,1.2499,1.2507,25,22,6,2,1.2498,1.2508,17,20,2,1,1.2497,1.2509,30,26,4,5,1.2496,1.251,46,48,3,3,1.2495,1.2511,41,29,5,2,1.2494,1.2512,44,20,4,6,1.2493,1.2513,31,42,5,7
2024-12-30T08:47:00.000000000Z,2024-12-30T08:47:00.000000000Z,10,1,29307,A,N,0,1.2503,0,0,0,564,6BH5,1.2502,1.2504,20,22,5,1,1.2501,1.2505,28,39,7,6,1.25,1.2506,28,19,5,3,1.2499,1.2507,6,43,5,4,1.2498,1.2508,19,39,4,1,1.2497,1.2509,26,44,5,2,1.2496,1.251,11,14,7,2,1.2495,1.2511,38,21,6,2,1.2494,1.2512,264,176,3,4,1.2493,1.2513,22,42,1,1
2024-12-30T08:47:05.000000000Z,2024-12-30T08:47:05.000000000Z,10,1,29307,A,N,0,1.2502,0,0,0,565,6BH5,1.2501,1.2503,32,12,4,6,1.25,1.2504,12,46,2,2,1.2499,1.2505,8,31,5,6,1.2498,1.2506,30,49,2,7,1.2497,1.2507,35,35,4,3,1.2496,1.2508,88,168,4,7,1.2495,1.2509,5,38,3,5,1.2494,1.251,10,42,6,4,1.2493,1.2511,20,39,3,3,1.2492,1.2512,40,42,4,3
2024-12-30T08:47:10.000000000Z,2024-12-30T08:47:10.000000000Z,10,1,29307,A,N,0,1.2502,0,0,0,566,6BH5,1.2501,1.2503,35,7,6,5,1.25,1.2504,30,45,7,4,1.2499,1.2505,31,7,1,1,1.2498,1.2506,39,11,7,5,1.2497,1.2507,24,12,4,2,1.2496,1.2508,36,9,4,6,1.2495,1.2509,7,33,3,2,1.2494,1.251,5,5,1,6,1.2493,1.2511,10,34,6,7,1.2492,1.2512,20,8,2,1
2024-12-30T08:47:15.000000000Z,2024-12-30T08:47:15.000000000Z,10,1,29307,A,N,0,1.2502,0,0,0,567,6BH5,1.2501,1.2503,12,26,4,2,1.25,1.2504,41,27,4,7,1.2499,1.2505,31,17,5,4,1.2498,1.2506,33,30,6,5,1.2497,1.2507,5,8,3,2,1.2496,1.2508,49,17,7,7,1.2495,1.2509,19,9,7,1,1.2494,1.251,15,28,5,2,1.2493,1.2511,15,47,5,6,1.2492,1.2512,12,36,5,7
2024-12-30T08:47:20.000000000Z,2024-12-30T08:47:20.000000000Z,10,1,29307,A,N,0,1.2503,0,0,0,568,6BH5,1.2502,1.2504,33,10,4,1,1.2501,1.2505,35,18,1,4,1.25,1.2506,6,8,4,1,1.2499,1.2507,10,5,5,2,1.2498,1.2508,41,49,2,2,1.2497,1.2509,37,19,5,4,1.2496,1.251,8,7,7,6,1.2495,1.2511,13,16,2,5,1.2494,1.2512,280,56,6,4,1.2493,1.2513,38,25,2,2
2024-12-30T08:47:25.000000000Z,2024-12-30T08:47:25.000000000Z,10,1,29307,A,N,0,1.2504,0,0,0,569,6BH5,1.2503,1.2505,32,39,6,2,1.2502,1.2506,37,39,4,5,1.2501,1.2507,29,21,1,6,1.25,1.2508,34,32,1,5,1.2499,1.2509,41,26,4,7,1.2498,1.251,16,45,1,6,1.2497,1.2511,33,33,2,3,1.2496,1.2512,11,21,1,1,1.2495,1.2513,22,45,5,1,1.2494,1.2514,38,7,4,3
2024-12-30T08:47:30.000000000Z,2024-12-30T08:47:30.000000000Z,10,1,29307,A,N,0,1.2504,0,0,0,570,6BH5,1.2503,1.2505,16,19,4,1,1.2502,1.2506,10,41,7,5,1.2501,1.2507,16,31,1,6,1.25,1.2508,38,22,1,5,1.2499,1.2509,24,26,5,2,1.2498,1.251,8,35,3,2,1.2497,1.2511,41,9,3,7,1.2496,1.2512,25,43,5,1,1.2495,1.2513,7,38,6,3,1.2494,1.2514,40,43,4,5
2024-12-30T08:47:35.000000000Z,2024-12-30T08:47:35.000000000Z,10,1,29307,A,N,0,1.2504,0,0,0,571,6BH5,1.2503,1.2505,24,36,6,6,1.2502,1.2506,26,9,7,7,1.2501,1.2507,21,41,3,2,1.25,1.2508,29,41,2,4,1.2499,1.2509,24,17,4,3,1.2498,1.251,45,32,7,4,1.2497,1.2511,49,13,7,2,1.2496,1.2512,36,43,5,2,1.2495,1.2513,43,31,7,4,1.2494,1.2514,33,23,5,6
2024-12-30T08:47:40.000000000Z,2024-12-30T08:47:40.000000000Z,10,1,29307,A,N,0,1.2503,0,0,0,572,6BH5,1.2502,1.2504,19,6,5,2,1.2501,1.2505,39,43,3,7,1.25,1.2506,38,49,2,4,1.2499,1.2507,28,7,6,1,1.2498,1.2508,37,33,7,2,1.2497,1.2509,38,20,7,3,1.2496,1.251,7,47,1,2,1.2495,1.2511,37,32,1,1,1.2494,1.2512,19,8,4,5,1.2493,1.2513,43,26,3,6
2024-12-30T08:47:45.000000000Z,2024-12-30T08:47:45.000000000Z,10,1,29307,A,N,0,1.2503,0,0,0,573,6BH5,1.2502,1.2504,256,112,1,7,1.2501,1.2505,5,30,2,2,1.25,1.2506,46,31,4,4,1.2499,1.2507,11,12,3,2,1.2498,1.2508,11,24,1,1,1.2497,1.2509,34,5,2,5,1.2496,1.251,36,44,6,6,1.2495,1.2511,39,11,3,5,1.2494,1.2512,47,38,6,2,1.2493,1.2513,38,40,6,7
2024-12-30T08:47:50.000000000Z,2024-12-30T08:47:50.000000000Z,10,1,29307,A,N,0,1.2503,0,0,0,574,6BH5,1.2502,1.2504,41,22,3,5,1.2501,1.2505,35,19,3,2,1.25,1.2506,32,19,3,1,1.2499,1.2507,12,37,3,2,1.2498,1.2508,25,32,4,4,1.2497,1.2509,8,40,6,2,1.2496,1.251,35,43,7,1,1.2495,1.2511,34,38,6,5,1.2494,1.2512,21,20,5,3,1.2493,1.2513,21,26,3,1
2024-12-30T08:47:55.000000000Z,2024-12-30T08:47:55.000000000Z,10,1,29307,A,N,0,1.2502,0,0,0,575,6BH5,1.2501,1.2503,23,30,4,4,1.25,1.2504,39,47,7,2,1.2499,1.2505,15,30,1,4,1.2498,1.2506,25,12,4,5,1.2497,1.2507,25,5,4,3,1.2496,1.2508,35,25,7,6,1.2495,1.2509,26,40,3,7,1.2494,1.251,18,42,4,6,1.2493,1.2511,31,32,6,7,1.2492,1.2512,216,72,5,7
2024-12-30T08:48:00.000000000Z,2024-12-30T08:48:00.000000000Z,10,1,29307,A,N,0,1.2502,0,0,0,576,6BH5,1.2501,1.2503,9,11,7,6,1.25,1.2504,25,8,7,5,1.2499,1.2505,34,7,5,7,1.2498,1.2506,41,35,3,5,1.2497,1.2507,5,34,3,4,1.2496,1.2508,20,19,5,7,1.2495,1.2509,40,43,7,5,1.2494,1.251,38,34,4,2,1.2493,1.2511,42,26,3,1,1.2492,1.2512,46,49,4,7
2024-12-30T08:48:05.000000000Z,2024-12-30T08:48:05.000000000Z,10,1,29307,A,N,0,1.2502,0,0,0,577,6BH5,1.2501,1.2503,23,21,2,7,1.25,1.2504,7,6,3,4,1.2499,1.2505,29,15,3,2,1.2498,1.2506,45,42,4,2,1.2497,1.2507,35,21,4,5,1.2496,1.2508,20,5,4,2,1.2495,1.2509,5,40,4,3,1.2494,1.251,49,31,2,5,1.2493,1.2511,16,37,7,1,1.2492,1.2512,27,32,3,6
2024-12-30T08:48:10.000000000Z,2024-12-30T08:48:10.000000000Z,10,1,29307,A,N,0,1.2503,0,0,0,578,6BH5,1.2502,1.2504,40,48,4,5,1.2501,1.2505,17,48,4,6,1.25,1.2506,10,15,3,6,1.2499,1.2507,39,44,4,3,1.2498,1.2508,11,15,3,4,1.2497,1.2509,9,10,6,4,1.2496,1.251,35,43,1,7,1.2495,1.2511,32,49,3,5,1.2494,1.2512,28,35,3,1,1.2493,1.2513,8,24,3,1
2024-12-30T08:48:15.000000000Z,2024-12-30T08:48:15.000000000Z,10,1,29307,A,N,0,1.2504,0,0,0,579,6BH5,1.2503,1.2505,328,200,5,4,1.2502,1.2506,37,14,4,2,1.2501,1.2507,35,28,4,4,1.25,1.2508,12,18,5,6,1.2499,1.2509,42,7,4,6,1.2498,1.251,18,11,4,6,1.2497,1.2511,28,20,6,4,1.2496,1.2512,36,29,2,3,1.2495,1.2513,21,7,1,4,1.2494,1.2514,22,34,5,6
2024-12-30T08:48:20.000000000Z,2024-12-30T08:48:20.000000000Z,10,1,29307,A,N,0,1.2504,0,0,0,580,6BH5,1.2503,1.2505,31,25,6,3,1.2502,1.2506,29,12,1,4,1.2501,1.2507,39,34,7,1,1.25,1.2508,23,35,1,2,1.2499,1.2509,33,34,6,3,1.2498,1.251,15,37,3,3,1.2497,1.2511,22,49,6,1,1.2496,1.2512,9,16,3,2,1.2495,1.2513,33,26,5,2,1.2494,1.2514,48,12,4,6
2024-12-30T08:48:25.000000000Z,2024-12-30T08:48:25.000000000Z,10,1,29307,A,N,0,1.2504,0,0,0,581,6BH5,1.2503,1.2505,42,48,3,5,1.2502,1.2506,40,21,6,5,1.2501,1.2507,5,24,1,6,1.25,1.2508,6,21,7,6,1.2499,1.2509,17,18,2,4,1.2498,1.251,22,43,3,6,1.2497,1.2511,18,13,5,1,1.2496,1.2512,28,12,3,4,1.2495,1.2513,12,42,4,2,1.2494,1.2514,38,22,1,3
2024-12-30T08:48:30.000000000Z,2024-12-30T08:48:30.000000000Z,10,1,29307,A,N,0,1.2504,0,0,0,582,6BH5,1.2503,1.2505,39,36,3,2,1.2502,1.2506,13,44,6,2,1.2501,1.2507,41,16,6,2,1.25,1.2508,28,18,1,3,1.2499,1.2509,48,38,6,6,1.2498,1.251,16,39,2,5,1.2497,1.2511,37,22,2,6,1.2496,1.2512,49,19,7,5,1.2495,1.2513,9,7,4,6,1.2494,1.2514,24,43,7,1
2024-12-30T08:48:35.000000000Z,2024-12-30T08:48:35.000000000Z,10,1,29307,A,N,0,1.2503,0,0,0,583,6BH5,1.2502,1.2504,13,24,2,1,1.2501,1.2505,32,39,5,6,1.25,1.2506,7,18,1,3,1.2499,1.2507,34,43,3,6,1.2498,1.2508,136,192,1,1,1.2497,1.2509,11,21,6,3,1.2496,1.251,46,27,6,4,1.2495,1.2511,22,49,2,6,1.2494,1.2512,47,31,3,2,1.2493,1.2513,25,15,4,5
2024-12-30T08:48:40.000000000Z,2024-12-30T08:48:40.000000000Z,10,1,29307,A,N,0,1.2502,0,0,0,584,6BH5,1.2501,1.2503,23,14,7,5,1.25,1.2504,22,11,6,6,1.2499,1.2505,34,31,1,1,1.2498,1.2506,45,21,6,2,1.2497,1.2507,41,34,6,5,1.2496,1.2508,26,40,4,5,1.2495,1.2509,11,12,6,6,1.2494,1.251,34,38,5,5,1.2493,1.2511,43,38,6,2,1.2492,1.2512,36,9,3,3
2024-12-30T08:48:45.000000000Z,2024-12-30T08:48:45.000000000Z,10,1,29307,A,N,0,1.2501,0,0,0,585,6BH5,1.25,1.2502,31,24,3,1,1.2499,1.2503,15,19,7,2,1.2498,1.2504,29,27,3,1,1.2497,1.2505,27,10,3,6,1.2496,1.2506,46,10,2,6,1.2495,1.2507,32,13,7,1,1.2494,1.2508,32,29,3,6,1.2493,1.2509,47,47,6,2,1.2492,1.251,25,14,2,2,1.2491,1.2511,45,40,1,5
2024-12-30T08:48:50.000000000Z,2024-12-30T08:48:50.000000000Z,10,1,29307,A,N,0,1.25,0,0,0,586,6BH5,1.2499,1.2501,37,27,7,7,1.2498,1.2502,7,41,5,2,1.2497,1.2503,40,31,5,1,1.2496,1.2504,5,30,6,6,1.2495,1.2505,6,26,7,4,1.2494,1.2506,15,41,2,4,1.2493,1.2507,7,18,1,4,1.2492,1.2508,32,32,5,4,1.2491,1.2509,13,15,5,3,1.249,1.251,6,38,2,5
2024-12-30T08:48:55.000000000Z,2024-12-30T08:48:55.000000000Z,10,1,29307,A,N,0,1.2499,0,0,0,587,6BH5,1.2498,1.25,264,256,4,5,1.2497,1.2501,43,14,5,2,1.2496,1.2502,24,5,4,7,1.2495,1.2503,10,42,1,7,1.2494,1.2504,9,11,4,3,1.2493,1.2505,19,24,1,5,1.2492,1.2506,41,44,7,7,1.2491,1.2507,35,5,4,3,1.249,1.2508,23,15,1,1,1.2489,1.2509,12,38,3,5
2024-12-30T08:49:00.000000000Z,2024-12-30T08:49:00.000000000Z,10,1,29307,A,N,0,1.2498,0,0,0,588,6BH5,1.2497,1.2499,49,41,1,1,1.2496,1.25,34,47,2,1,1.2495,1.2501,28,40,1,1,1.2494,1.2502,9,35,2,1,1.2493,1.2503,24,21,2,1,1.2492,1.2504,46,12,4,3,1.2491,1.2505,13,9,2,5,1.249,1.2506,38,26,1,1,1.2489,1.2507,17,31,1,7,1.2488,1.2508,14,44,3,7
2024-12-30T08:49:05.000000000Z,2024-12-30T08:49:05.000000000Z,10,1,29307,A,N,0,1.2497,0,0,0,589,6BH5,1.2496,1.2498,20,31,4,6,1.2495,1.2499,37,11,2,4,1.2494,1.25,376,168,1,2,1.2493,1.2501,40,35,7,5,1.2492,1.2502,10,46,2,7,1.2491,1.2503,28,9,4,2,1.249,1.2504,8,44,1,2,1.2489,1.2505,23,33,1,2,1.2488,1.2506,37,45,1,2,1.2487,1.2507,20,6,6,1
2024-12-30T08:49:10.000000000Z,2024-12-30T08:49:10.000000000Z,10,1,29307,A,N,0,1.2497,0,0,0,590,6BH5,1.2496,1.2498,11,33,5,4,1.2495,1.2499,39,9,2,5,1.2494,1.25,21,43,6,7,1.2493,1.2501,18,45,3,1,1.2492,1.2502,38,30,5,4,1.2491,1.2503,31,15,6,3,1.249,1.2504,31,26,5,3,1.2489,1.2505,29,49,4,5,1.2488,1.2506,15,28,4,7,1.2487,1.2507,39,10,4,7
2024-12-30T08:49:15.000000000Z,2024-12-30T08:49:15.000000000Z,10,1,29307,A,N,0,1.2498,0,0,0,591,6BH5,1.2497,1.2499,11,42,7,5,1.2496,1.25,16,31,4,5,1.2495,1.2501,38,41,5,4,1.2494,1.2502,14,42,6,5,1.2493,1.2503,44,25,6,3,1.2492,1.2504,9,19,6,1,1.2491,1.2505,20,44,7,3,1.249,1.2506,25,28,2,7,1.2489,1.2507,6,44,1,2,1.2488,1.2508,6,8,3,7
2024-12-30T08:49:20.000000000Z,2024-12-30T08:49:20.000000000Z,10,1,29307,A,N,0,1.2499,0,0,0,592,6BH5,1.2498,1.25,19,43,2,4,1.2497,1.2501,47,6,4,7,1.2496,1.2502,13,27,4,3,1.2495,1.2503,45,33,3,2,1.2494,1.2504,49,13,3,6,1.2493,1.2505,31,15,6,3,1.2492,1.2506,38,28,2,6,1.2491,1.2507,33,46,4,7,1.249,1.2508,33,6,1,5,1.2489,1.2509,13,48,4,5
2024-12-30T08:49:25.000000000Z,2024-12-30T08:49:25.000000000Z,10,1,29307,A,N,0,1.2498,0,0,0,593,6BH5,1.2497,1.2499,9,36,4,2,1.2496,1.25,36,25,5,5,1.2495,1.2501,32,36,3,4,1.2494,1.2502,14,33,4,3,1.2493,1.2503,49,28,7,3,1.2492,1.2504,18,8,4,2,1.2491,1.2505,24,21,5,1,1.249,1.2506,8,28,4,2,1.2489,1.2507,44,46,6,7,1.2488,1.2508,47,6,4,6
2024-12-30T08:49:30.000000000Z,2024-12-30T08:49:30.000000000Z,10,1,29307,A,N,0,1.2498,0,0,0,594,6BH5,1.2497,1.2499,9,42,1,6,1.2496,1.25,15,47,7,5,1.2495,1.2501,33,37,6,1,1.2494,1.2502,10,29,2,1,1.2493,1.2503,35,23,1,1,1.2492,1.2504,21,38,3,4,1.2491,1.2505,232,128,5,5,1.249,1.2506,40,80,5,5,1.2489,1.2507,26,15,5,2,1.2488,1.2508,46,25,1,2
2024-12-30T08:49:35.000000000Z,2024-12-30T08:49:35.000000000Z,10,1,29307,A,N,0,1.2499,0,0,0,595,6BH5,1.2498,1.25,39,15,1,2,1.2497,1.2501,34,32,1,6,1.2496,1.2502,30,33,6,1,1.2495,1.2503,32,24,3,2,1.2494,1.2504,9,25,6,1,1.2493,1.2505,32,40,1,5,1.2492,1.2506,29,28,6,2,1.2491,1.2507,25,10,5,5,1.249,1.2508,35,34,3,5,1.2489,1.2509,31,42,3,4
2024-12-30T08:49:40.000000000Z,2024-12-30T08:49:40.000000000Z,10,1,29307,A,N,0,1.2498,0,0,0,596,6BH5,1.2497,1.2499,8,31,4,5,1.2496,1.25,10,22,2,4,1.2495,1.2501,11,48,6,5,1.2494,1.2502,47,6,6,7,1.2493,1.2503,5,36,4,6,1.2492,1.2504,39,30,7,1,1.2491,1.2505,9,39,7,4,1.249,1.2506,31,44,7,4,1.2489,1.2507,27,12,1,3,1.2488,1.2508,25,14,2,1
2024-12-30T08:49:45.000000000Z,2024-12-30T08:49:45.000000000Z,10,1,29307,A,N,0,1.2499,0,0,0,597,6BH5,1.2498,1.25,5,26,6,6,1.2497,1.2501,17,26,6,1,1.2496,1.2502,25,43,7,5,1.2495,1.2503,17,16,6,2,1.2494,1.2504,22,7,6,3,1.2493,1.2505,46,16,7,1,1.2492,1.2506,27,41,4,1,1.2491,1.2507,40,14,5,6,1.249,1.2508,32,25,5,3,1.2489,1.2509,24,36,3,6
2024-12-30T08:49:50.000000000Z,2024-12-30T08:49:50.000000000Z,10,1,29307,A,N,0,1.2499,0,0,0,598,6BH5,1.2498,1.25,25,21,1,3,1.2497,1.2501,6,21,7,7,1.2496,1.2502,48,22,2,3,1.2495,1.2503,22,38,7,1,1.2494,1.2504,41,10,1,7,1.2493,1.2505,10,20,1,5,1.2492,1.2506,30,42,6,2,1.2491,1.2507,47,28,1,7,1.249,1.2508,20,15,4,7,1.2489,1.2509,42,28,7,4
2024-12-30T08:49:55.000000000Z,2024-12-30T08:49:55.000000000Z,10,1,29307,A,N,0,1.25,0,0,0,599,6BH5,1.2499,1.2501,39,10,6,1,1.2498,1.2502,42,39,1,6,1.2497,1.2503,184,224,7,3,1.2496,1.2504,28,28,6,3,1.2495,1.2505,48,19,2,6,1.2494,1.2506,392,112,7,1,1.2493,1.2507,14,26,6,3,1.2492,1.2508,168,40,5,5,1.2491,1.2509,40,168,6,5,1.249,1.251,48,42,3,2
2024-12-30T08:50:00.000000000Z,2024-12-30T08:50:00.000000000Z,10,1,29307,A,N,0,1.2501,0,0,0,600,6BH5,1.25,1.2502,33,27,7,1,1.2499,1.2503,20,27,5,5,1.2498,1.2504,16,16,6,2,1.2497,1.2505,24,45,7,7,1.2496,1.2506,360,224,2,4,1.2495,1.2507,40,21,5,2,1.2494,1.2508,7,5,2,2,1.2493,1.2509,8,36,3,4,1.2492,1.251,11,13,7,3,1.2491,1.2511,28,36,4,7
2024-12-30T08:50:05.000000000Z,2024-12-30T08:50:05.000000000Z,10,1,29307,A,N,0,1.2501,0,0,0,601,6BH5,1.25,1.2502,33,7,3,2,1.2499,1.2503,40,36,7,2,1.2498,1.2504,44,27,3,4,1.2497,1.2505,11,48,2,7,1.2496,1.2506,31,11,7,2,1.2495,1.2507,29,48,4,1,1.2494,1.2508,46,43,4,5,1.2493,1.2509,34,35,1,5,1.2492,1.251,200,304,6,5,1.2491,1.2511,38,12,4,6
2024-12-30T08:50:10.000000000Z,2024-12-30T08:50:10.000000000Z,10,1,29307,A,N,0,1.2501,0,0,0,602,6BH5,1.25,1.2502,9,34,4,7,1.2499,1.2503,17,14,4,7,1.2498,1.2504,49,40,2,4,1.2497,1.2505,38,41,4,3,1.2496,1.2506,6,29,6,3,1.2495,1.2507,46,47,5,6,1.2494,1.2508,13,16,7,2,1.2493,1.2509,22,22,2,3,1.2492,1.251,46,7,3,6,1.2491,1.2511,15,21,3,1
2024-12-30T08:50:15.000000000Z,2024-12-30T08:50:15.000000000Z,10,1,29307,A,N,0,1.25,0,0,0,603,6BH5,1.2499,1.2501,10,39,6,3,1.2498,1.2502,17,17,7,6,1.2497,1.2503,36,8,5,1,1.2496,1.2504,11,31,3,6,1.2495,1.2505,9,34,4,3,1.2494,1.2506,26,34,5,7,1.2493,1.2507,17,26,3,5,1.2492,1.2508,43,41,7,6,1.2491,1.2509,21,45,6,1,1.249,1.251,27,34,5,2
2024-12-30T08:50:20.000000000Z,2024-12-30T08:50:20.000000000Z,10,1,29307,A,N,0,1.2499,0,0,0,604,6BH5,1.2498,1.25,24,10,5,7,1.2497,1.2501,23,10,2,4,1.2496,1.2502,14,45,5,7,1.2495,1.2503,18,40,4,1,1.2494,1.2504,344,144,1,3,1.2493,1.2505,23,7,1,1,1.2492,1.2506,37,21,1,7,1.2491,1.2507,17,41,6,6,1.249,1.2508,33,13,4,7,1.2489,1.2509,11,29,5,7
2024-12-30T08:50:25.000000000Z,2024-12-30T08:50:25.000000000Z,10,1,29307,A,N,0,1.2499,0,0,0,605,6BH5,1.2498,1.25,12,40,2,7,1.2497,1.2501,48,17,6,5,1.2496,1.2502,17,16,7,4,1.2495,1.2503,23,15,6,6,1.2494,1.2504,34,33,4,5,1.2493,1.2505,20,40,2,1,1.2492,1.2506,32,23,3,1,1.2491,1.2507,41,48,3,2,1.249,1.2508,8,36,4,3,1.2489,1.2509,36,31,2,4
2024-12-30T08:50:30.000000000Z,2024-12-30T08:50:30.000000000Z,10,1,29307,A,N,0,1.2498,0,0,0,606,6BH5,1.2497,1.2499,14,46,4,2,1.2496,1.25,6,30,4,3,1.2495,1.2501,28,47,4,1,1.2494,1.2502,39,21,2,3,1.2493,1.2503,37,15,7,6,1.2492,1.2504,16,32,2,2,1.2491,1.2505,12,47,7,5,1.249,1.2506,136,328,4,2,1.2489,1.2507,5,26,7,4,1.2488,1.2508,46,30,1,5
2024-12-30T08:50:35.000000000Z,2024-12-30T08:50:35.000000000Z,10,1,29307,A,N,0,1.2497,0,0,0,607,6BH5,1.2496,1.2498,21,38,1,1,1.2495,1.2499,8,11,5,7,1.2494,1.25,26,7,7,4,1.2493,1.2501,18,45,3,7,1.2492,1.2502,25,30,1,6,1.2491,1.2503,18,22,4,6,1.249,1.2504,20,5,3,7,1.2489,1.2505,19,42,1,2,1.2488,1.2506,32,31,6,2,1.2487,1.2507,34,17,2,4
2024-12-30T08:50:40.000000000Z,2024-12-30T08:50:40.000000000Z,10,1,29307,A,N,0,1.2497,0,0,0,608,6BH5,1.2496,1.2498,12,42,6,7,1.2495,1.2499,39,43,7,7,1.2494,1.25,21,47,3,6,1.2493,1.2501,27,25,3,7,1.2492,1.2502,28,12,5,3,1.2491,1.2503,17,36,3,5,1.249,1.2504,368,376,2,3,1.2489,1.2505,12,41,2,2,1.2488,1.2506,44,6,4,3,1.2487,1.2507,38,10,1,2
2024-12-30T08:50:45.000000000Z,2024-12-30T08:50:45.000000000Z,10,1,29307,A,N,0,1.2498,0,0,0,609,6BH5,1.2497,1.2499,37,43,7,5,1.2496,1.25,33,23,6,7,1.2495,1.2501,21,41,3,2,1.2494,1.2502,30,25,3,1,1.2493,1.2503,21,49,6,5,1.2492,1.2504,36,22,4,4,1.2491,1.2505,41,48,2,2,1.249,1.2506,28,14,6,1,1.2489,1.2507,384,312,4,5,1.2488,1.2508,27,36,2,4
2024-12-30T08:50:50.000000000Z,2024-12-30T08:50:50.000000000Z,10,1,29307,A,N,0,1.2497,0,0,0,610,6BH5,1.2496,1.2498,21,12,2,1,1.2495,1.2499,22,40,1,7,1.2494,1.25,384,216,4,2,1.2493,1.2501,37,32,4,7,1.2492,1.2502,6,5,4,6,1.2491,1.2503,22,41,7,6,1.249,1.2504,45,19,4,6,1.2489,1.2505,31,41,5,1,1.2488,1.2506,42,7,4,6,1.2487,1.2507,35,43,5,4
2024-12-30T08:50:55.000000000Z,2024-12-30T08:50:55.000000000Z,10,1,29307,A,N,0,1.2496,0,0,0,611,6BH5,1.2495,1.2497,48,15,1,1,1.2494,1.2498,8,36,7,3,1.2493,1.2499,12,25,1,7,1.2492,1.25,9,36,1,2,1.2491,1.2501,30,44,5,1,1.249,1.2502,46,25,3,2,1.2489,1.2503,12,36,2,4,1.2488,1.2504,41,40,7,3,1.2487,1.2505,35,48,2,5,1.2486,1.2506,21,24,2,6
2024-12-30T08:51:00.000000000Z,2024-12-30T08:51:00.000000000Z,10,1,29307,A,N,0,1.2496,0,0,0,612,6BH5,1.2495,1.2497,10,36,2,2,1.2494,1.2498,45,23,3,1,1.2493,1.2499,24,40,5,2,1.2492,1.25,45,14,4,3,1.2491,1.2501,40,33,5,7,1.249,1.2502,15,6,2,5,1.2489,1.2503,17,26,3,3,1.2488,1.2504,23,20,7,2,1.2487,1.2505,27,13,3,1,1.2486,1.2506,28,47,2,4
2024-12-30T08:51:05.000000000Z,2024-12-30T08:51:05.000000000Z,10,1,29307,A,N,0,1.2496,0,0,0,613,6BH5,1.2495,1.2497,48,29,6,2,1.2494,1.2498,5,27,7,4,1.2493,1.2499,12,38,3,5,1.2492,1.25,33,41,1,4,1.2491,1.2501,6,26,6,3,1.249,1.2502,56,392,5,3,1.2489,1.2503,144,216,1,1,1.2488,1.2504,6,22,7,6,1.2487,1.2505,17,7,3,5,1.2486,1.2506,8,20,4,6
2024-12-30T08:51:10.000000000Z,2024-12-30T08:51:10.000000000Z,10,1,29307,A,N,0,1.2495,0,0,0,614,6BH5,1.2494,1.2496,35,27,2,1,1.2493,1.2497,26,48,2,1,1.2492,1.2498,42,38,3,2,1.2491,1.2499,11,49,5,3,1.249,1.25,25,47,6,2,1.2489,1.2501,46,46,5,7,1.2488,1.2502,21,31,4,7,1.2487,1.2503,8,35,6,7,1.2486,1.2504,22,24,5,7,1.2485,1.2505,42,13,5,5
2024-12-30T08:51:15.000000000Z,2024-12-30T08:51:15.000000000Z,10,1,29307,A,N,0,1.2496,0,0,0,615,6BH5,1.2495,1.2497,29,40,7,3,1.2494,1.2498,32,49,1,6,1.2493,1.2499,344,232,7,3,1.2492,1.25,7,43,6,5,1.2491,1.2501,24,23,5,3,1.249,1.2502,6,5,3,4,1.2489,1.2503,20,33,5,4,1.2488,1.2504,168,384,5,1,1.2487,1.2505,33,45,2,2,1.2486,1.2506,16,32,1,2
2024-12-30T08:51:20.000000000Z,2024-12-30T08:51:20.000000000Z,10,1,29307,A,N,0,1.2496,0,0,0,616,6BH5,1.2495,1.2497,35,31,5,1,1.2494,1.2498,36,15,5,3,1.2493,1.2499,5,10,7,2,1.2492,1.25,9,17,3,3,1.2491,1.2501,39,22,1,1,1.249,1.2502,12,15,4,4,1.2489,1.2503,42,10,2,2,1.2488,1.2504,7,6,4,1,1.2487,1.2505,34,42,3,3,1.2486,1.2506,9,16,7,6
2024-12-30T08:51:25.000000000Z,2024-12-30T08:51:25.000000000Z,10,1,29307,A,N,0,1.2496,0,0,0,617,6BH5,1.2495,1.2497,9,24,4,5,1.2494,1.2498,48,8,7,4,1.2493,1.2499,48,45,6,7,1.2492,1.25,49,13,5,4,1.2491,1.2501,23,8,4,5,1.249,1.2502,15,6,6,4,1.2489,1.2503,44,41,6,4,1.2488,1.2504,13,30,4,1,1.2487,1.2505,38,26,5,7,1.2486,1.2506,336,360,6,3
2024-12-30T08:51:30.000000000Z,2024-12-30T08:51:30.000000000Z,10,1,29307,A,N,0,1.2495,0,0,0,618,6BH5,1.2494,1.2496,6,6,3,6,1.2493,1.2497,33,15,6,1,1.2492,1.2498,29,35,5,6,1.2491,1.2499,14,41,4,3,1.249,1.25,152,336,6,6,1.2489,1.2501,47,34,1,7,1.2488,1.2502,23,33,2,4,1.2487,1.2503,14,26,3,2,1.2486,1.2504,35,27,6,2,1.2485,1.2505,37,28,4,5
2024-12-30T08:51:35.000000000Z,2024-12-30T08:51:35.000000000Z,10,1,29307,A,N,0,1.2495,0,0,0,619,6BH5,1.2494,1.2496,47,48,3,4,1.2493,1.2497,37,34,6,6,1.2492,1.2498,44,26,3,7,1.2491,1.2499,23,24,7,1,1.249,1.25,22,45,7,6,1.2489,1.2501,40,31,5,7,1.2488,1.2502,47,27,7,3,1.2487,1.2503,11,44,2,3,1.2486,1.2504,27,11,4,5,1.2485,1.2505,36,23,6,4
2024-12-30T08:51:40.000000000Z,2024-12-30T08:51:40.000000000Z,10,1,29307,A,N,0,1.2496,0,0,0,620,6BH5,1.2495,1.2497,18,31,4,5,1.2494,1.2498,8,23,5,7,1.2493,1.2499,37,12,3,1,1.2492,1.25,40,30,4,3,1.2491,1.2501,37,14,5,1,1.249,1.2502,344,304,6,5,1.2489,1.2503,40,10,3,6,1.2488,1.2504,28,13,2,4,1.2487,1.2505,31,28,7,7,1.2486,1.2506,37,46,2,5
2024-12-30T08:51:45.000000000Z,2024-12-30T08:51:45.000000000Z,10,1,29307,A,N,0,1.2495,0,0,0,621,6BH5,1.2494,1.2496,27,40,6,1,1.2493,1.2497,30,38,6,2,1.2492,1.2498,46,25,6,4,1.2491,1.2499,29,28,6,4,1.249,1.25,39,24,4,7,1.2489,1.2501,12,31,6,2,1.2488,1.2502,35,24,6,5,1.2487,1.2503,43,31,6,2,1.2486,1.2504,35,26,4,7,1.2485,1.2505,5,21,5,5
2024-12-30T08:51:50.000000000Z,2024-12-30T08:51:50.000000000Z,10,1,29307,A,N,0,1.2495,0,0,0,622,6BH5,1.2494,1.2496,39,28,6,4,1.2493,1.2497,29,23,5,5,1.2492,1.2498,10,13,4,1,1.2491,1.2499,39,10,4,6,1.249,1.25,22,25,3,5,1.2489,1.2501,22,44,6,2,1.2488,1.2502,38,14,6,2,1.2487,1.2503,7,32,6,4,1.2486,1.2504,360,296,7,3,1.2485,1.2505,38,8,7,1
2024-12-30T08:51:55.000000000Z,2024-12-30T08:51:55.000000000Z,10,1,29307,A,N,0,1.2494,0,0,0,623,6BH5,1.2493,1.2495,36,44,7,1,1.2492,1.2496,33,21,6,3,1.2491,1.2497,8,13,5,5,1.249,1.2498,30,27,6,6,1.2489,1.2499,40,8,1,2,1.2488,1.25,43,29,5,7,1.2487,1.2501,29,44,6,5,1.2486,1.2502,9,18,1,3,1.2485,1.2503,48,19,3,1,1.2484,1.2504,49,18,1,2
2024-12-30T08:52:00.000000000Z,2024-12-30T08:52:00.000000000Z,10,1,29307,A,N,0,1.2495,0,0,0,624,6BH5,1.2494,1.2496,18,18,5,5,1.2493,1.2497,23,24,2,4,1.2492,1.2498,5,8,7,1,1.2491,1.2499,36,40,4,3,1.249,1.25,43,28,6,5,1.2489,1.2501,15,15,7,6,1.2488,1.2502,25,10,6,1,1.2487,1.2503,40,29,7,5,1.2486,1.2504,32,18,5,1,1.2485,1.2505,23,12,5,1
2024-12-30T08:52:05.000000000Z,2024-12-30T08:52:05.000000000Z,10,1,29307,A,N,0,1.2494,0,0,0,625,6BH5,1.2493,1.2495,9,13,3,2,1.2492,1.2496,44,19,6,6,1.2491,1.2497,38,39,5,1,1.249,1.2498,32,21,6,6,1.2489,1.2499,30,9,2,6,1.2488,1.25,47,38,2,5,1.2487,1.2501,6,18,1,1,1.2486,1.2502,43,29,3,3,1.2485,1.2503,37,31,5,7,1.2484,1.2504,42,19,4,2
2024-12-30T08:52:10.000000000Z,2024-12-30T08:52:10.000000000Z,10,1,29307,A,N,0,1.2495,0,0,0,626,6BH5,1.2494,1.2496,19,37,1,1,1.2493,1.2497,33,38,3,5,1.2492,1.2498,23,25,3,2,1.2491,1.2499,26,9,3,1,1.249,1.25,43,16,6,5,1.2489,1.2501,49,31,2,6,1.2488,1.2502,25,42,6,3,1.2487,1.2503,40,37,3,1,1.2486,1.2504,24,27,7,4,1.2485,1.2505,33,38,2,4
2024-12-30T08:52:15.000000000Z,2024-12-30T08:52:15.000000000Z,10,1,29307,A,N,0,1.2495,0,0,0,627,6BH5,1.2494,1.2496,41,17,7,2,1.2493,1.2497,18,29,2,4,1.2492,1.2498,12,9,5,4,1.2491,1.2499,20,24,3,1,1.249,1.25,40,14,4,2,1.2489,1.2501,35,16,4,2,1.2488,1.2502,24,27,7,5,1.2487,1.2503,14,44,6,6,1.2486,1.2504,37,47,1,1,1.2485,1.2505,48,42,5,4
2024-12-30T08:52:20.000000000Z,2024-12-30T08:52:20.000000000Z,10,1,29307,A,N,0,1.2495,0,0,0,628,6BH5,1.2494,1.2496,43,43,5,2,1.2493,1.2497,19,6,4,1,1.2492,1.2498,43,9,3,1,1.2491,1.2499,34,41,4,3,1.249,1.25,36,47,1,6,1.2489,1.2501,5,33,5,6,1.2488,1.2502,27,9,7,6,1.2487,1.2503,10,9,2,2,1.2486,1.2504,24,42,5,4,1.2485,1.2505,17,17,7,5
2024-12-30T08:52:25.000000000Z,2024-12-30T08:52:25.000000000Z,10,1,29307,A,N,0,1.2495,0,0,0,629,6BH5,1.2494,1.2496,42,44,3,2,1.2493,1.2497,6,47,2,4,1.2492,1.2498,14,12,6,4,1.2491,1.2499,46,22,6,7,1.249,1.25,39,6,5,5,1.2489,1.2501,39,6,6,6,1.2488,1.2502,20,12,2,1,1.2487,1.2503,45,30,4,5,1.2486,1.2504,44,32,6,2,1.2485,1.2505,48,48,5,4
2024-12-30T08:52:30.000000000Z,2024-12-30T08:52:30.000000000Z,10,1,29307,A,N,0,1.2494,0,0,0,630,6BH5,1.2493,1.2495,45,40,1,5,1.2492,1.2496,15,49,6,3,1.2491,1.2497,26,8,7,3,1.249,1.2498,41,23,2,4,1.2489,1.2499,28,5,5,5,1.2488,1.25,25,45,3,6,1.2487,1.2501,38,18,5,2,1.2486,1.2502,32,49,3,6,1.2485,1.2503,25,21,7,2,1.2484,1.2504,5,8,6,7
2024-12-30T08:52:35.000000000Z,2024-12-30T08:52:35.000000000Z,10,1,29307,A,N,0,1.2494,0,0,0,631,6BH5,1.2493,1.2495,47,7,4,4,1.2492,1.2496,33,25,5,4,1.2491,1.2497,47,9,4,5,1.249,1.2498,21,5,7,3,1.2489,1.2499,46,6,1,3,1.2488,1.25,8,8,4,4,1.2487,1.2501,33,26,4,7,1.2486,1.2502,15,17,7,7,1.2485,1.2503,24,6,2,6,1.2484,1.2504,35,26,6,4
2024-12-30T08:52:40.000000000Z,2024-12-30T08:52:40.000000000Z,10,1,29307,A,N,0,1.2494,0,0,0,632,6BH5,1.2493,1.2495,5,36,1,5,1.2492,1.2496,21,46,6,6,1.2491,1.2497,32,40,7,7,1.249,1.2498,6,23,4,5,1.2489,1.2499,25,49,7,2,1.2488,1.25,5,28,3,3,1.2487,1.2501,21,32,7,7,1.2486,1.2502,33,49,4,5,1.2485,1.2503,33,9,3,2,1.2484,1.2504,43,48,6,7
2024-12-30T08:52:45.000000000Z,2024-12-30T08:52:45.000000000Z,10,1,29307,A,N,0,1.2493,0,0,0,633,6BH5,1.2492,1.2494,216,304,3,1,1.2491,1.2495,14,6,1,7,1.249,1.2496,11,23,1,4,1.2489,1.2497,47,19,3,3,1.2488,1.2498,46,39,3,5,1.2487,1.2499,37,5,4,2,1.2486,1.25,24,34,6,2,1.2485,1.2501,46,39,4,3,1.2484,1.2502,31,34,3,4,1.2483,1.2503,41,31,7,4
2024-12-30T08:52:50.000000000Z,2024-12-30T08:52:50.000000000Z,10,1,29307,A,N,0,1.2494,0,0,0,634,6BH5,1.2493,1.2495,45,44,3,3,1.2492,1.2496,18,34,6,2,1.2491,1.2497,13,30,1,2,1.249,1.2498,17,25,5,4,1.2489,1.2499,46,24,7,7,1.2488,1.25,19,29,3,5,1.2487,1.2501,12,25,7,5,1.2486,1.2502,10,14,2,1,1.2485,1.2503,25,18,4,3,1.2484,1.2504,37,29,3,1
2024-12-30T08:52:55.000000000Z,2024-12-30T08:52:55.000000000Z,10,1,29307,A,N,0,1.2493,0,0,0,635,6BH5,1.2492,1.2494,328,320,4,1,1.2491,1.2495,21,34,7,6,1.249,1.2496,14,10,2,7,1.2489,1.2497,45,17,6,1,1.2488,1.2498,13,41,1,4,1.2487,1.2499,15,42,7,2,1.2486,1.25,43,32,3,5,1.2485,1.2501,23,8,3,1,1.2484,1.2502,31,8,5,1,1.2483,1.2503,30,22,6,6
2024-12-30T08:53:00.000000000Z,2024-12-30T08:53:00.000000000Z,10,1,29307,A,N,0,1.2493,0,0,0,636,6BH5,1.2492,1.2494,41,38,3,5,1.2491,1.2495,44,47,4,2,1.249,1.2496,41,27,7,4,1.2489,1.2497,45,45,6,3,1.2488,1.2498,12,27,1,3,1.2487,1.2499,33,21,1,3,1.2486,1.25,28,48,4,6,1.2485,1.2501,48,36,7,1,1.2484,1.2502,48,46,2,2,1.2483,1.2503,41,20,5,5
2024-12-30T08:53:05.000000000Z,2024-12-30T08:53:05.000000000Z,10,1,29307,A,N,0,1.2493,0,0,0,637,6BH5,1.2492,1.2494,22,6,1,1,1.2491,1.2495,41,39,5,4,1.249,1.2496,232,88,2,1,1.2489,1.2497,44,27,5,5,1.2488,1.2498,24,22,7,5,1.2487,1.2499,29,18,6,3,1.2486,1.25,18,7,2,1,1.2485,1.2501,30,11,7,4,1.2484,1.2502,17,7,4,1,1.2483,1.2503,26,49,1,5
2024-12-30T08:53:10.000000000Z,2024-12-30T08:53:10.000000000Z,10,1,29307,A,N,0,1.2492,0,0,0,638,6BH5,1.2491,1.2493,27,42,4,2,1.249,1.2494,32,34,1,7,1.2489,1.2495,22,29,4,2,1.2488,1.2496,16,22,2,4,1.2487,1.2497,29,13,7,5,1.2486,1.2498,21,17,3,4,1.2485,1.2499,312,144,4,3,1.2484,1.25,17,34,2,2,1.2483,1.2501,8,37,7,1,1.2482,1.2502,37,20,6,5
2024-12-30T08:53:15.000000000Z,2024-12-30T08:53:15.000000000Z,10,1,29307,A,N,0,1.2492,0,0,0,639,6BH5,1.2491,1.2493,39,31,4,2,1.249,1.2494,21,24,4,2,1.2489,1.2495,19,37,3,7,1.2488,1.2496,30,45,6,1,1.2487,1.2497,34,14,3,4,1.2486,1.2498,42,44,7,5,1.2485,1.2499,44,17,4,3,1.2484,1.25,192,256,1,3,1.2483,1.2501,41,42,2,4,1.2482,1.2502,47,13,5,1
2024-12-30T08:53:20.000000000Z,2024-12-30T08:53:20.000000000Z,10,1,29307,A,N,0,1.2492,0,0,0,640,6BH5,1.2491,1.2493,30,37,1,4,1.249,1.2494,22,21,4,4,1.2489,1.2495,48,9,1,3,1.2488,1.2496,19,39,5,7,1.2487,1.2497,15,26,3,2,1.2486,1.2498,18,13,4,2,1.2485,1.2499,38,46,6,3,1.2484,1.25,38,40,3,4,1.2483,1.2501,27,6,5,2,1.2482,1.2502,264,280,6,3
2024-12-30T08:53:25.000000000Z,2024-12-30T08:53:25.000000000Z,10,1,29307,A,N,0,1.2492,0,0,0,641,6BH5,1.2491,1.2493,8,47,6,6,1.249,1.2494,5,22,7,6,1.2489,1.2495,36,35,1,6,1.2488,1.2496,39,48,1,1,1.2487,1.2497,10,5,7,3,1.2486,1.2498,20,15,4,6,1.2485,1.2499,32,46,2,2,1.2484,1.25,88,320,5,1,1.2483,1.2501,27,38,7,2,1.2482,1.2502,21,35,7,1
2024-12-30T08:53:30.000000000Z,2024-12-30T08:53:30.000000000Z,10,1,29307,A,N,0,1.2492,0,0,0,642,6BH5,1.2491,1.2493,19,6,3,6,1.249,1.2494,49,8,2,5,1.2489,1.2495,23,7,4,1,1.2488,1.2496,27,33,6,1,1.2487,1.2497,38,18,6,3,1.2486,1.2498,18,11,5,2,1.2485,1.2499,21,34,1,6,1.2484,1.25,26,48,5,4,1.2483,1.2501,17,25,1,1,1.2482,1.2502,41,42,1,5
2024-12-30T08:53:35.000000000Z,2024-12-30T08:53:35.000000000Z,10,1,29307,A,N,0,1.2491,0,0,0,643,6BH5,1.249,1.2492,47,14,3,1,1.2489,1.2493,36,25,2,2,1.2488,1.2494,36,41,6,7,1.2487,1.2495,49,40,5,1,1.2486,1.2496,25,32,4,3,1.2485,1.2497,216,224,4,2,1.2484,1.2498,35,41,2,7,1.2483,1.2499,32,14,6,7,1.2482,1.25,14,25,3,4,1.2481,1.2501,42,19,6,2
2024-12-30T08:53:40.000000000Z,2024-12-30T08:53:40.000000000Z,10,1,29307,A,N,0,1.2492,0,0,0,644,6BH5,1.2491,1.2493,34,44,6,6,1.249,1.2494,10,42,2,3,1.2489,1.2495,9,39,5,6,1.2488,1.2496,25,13,3,4,1.2487,1.2497,43,8,2,4,1.2486,1.2498,48,39,3,3,1.2485,1.2499,43,33,6,5,1.2484,1.25,18,44,2,4,1.2483,1.2501,34,16,2,6,1.2482,1.2502,19,30,1,3
2024-12-30T08:53:45.000000000Z,2024-12-30T08:53:45.000000000Z,10,1,29307,A,N,0,1.2492,0,0,0,645,6BH5,1.2491,1.2493,48,37,2,7,1.249,1.2494,14,49,1,3,1.2489,1.2495,42,27,5,5,1.2488,1.2496,14,9,6,2,1.2487,1.2497,24,32,5,3,1.2486,1.2498,41,9,1,5,1.2485,1.2499,10,19,7,5,1.2484,1.25,9,30,7,6,1.2483,1.2501,344,312,2,3,1.2482,1.2502,16,13,1,5
2024-12-30T08:53:50.000000000Z,2024-12-30T08:53:50.000000000Z,10,1,29307,A,N,0,1.2491,0,0,0,646,6BH5,1.249,1.2492,27,43,3,1,1.2489,1.2493,26,35,2,7,1.2488,1.2494,38,43,4,5,1.2487,1.2495,49,23,5,1,1.2486,1.2496,26,45,3,1,1.2485,1.2497,32,16,3,4,1.2484,1.2498,43,45,2,7,1.2483,1.2499,216,96,4,2,1.2482,1.25,43,12,4,1,1.2481,1.2501,41,29,2,6
2024-12-30T08:53:55.000000000Z,2024-12-30T08:53:55.000000000Z,10,1,29307,A,N,0,1.2492,0,0,0,647,6BH5,1.2491,1.2493,20,15,6,6,1.249,1.2494,27,23,5,2,1.2489,1.2495,104,176,7,5,1.2488,1.2496,22,31,5,1,1.2487,1.2497,18,37,4,7,1.2486,1.2498,16,49,1,7,1.2485,1.2499,18,34,4,5,1.2484,1.25,30,7,1,3,1.2483,1.2501,20,42,3,5,1.2482,1.2502,28,33,2,3
2024-12-30T08:54:00.000000000Z,2024-12-30T08:54:00.000000000Z,10,1,29307,A,N,0,1.2491,0,0,0,648,6BH5,1.249,1.2492,13,27,4,7,1.2489,1.2493,28,44,1,1,1.2488,1.2494,35,14,7,7,1.2487,1.2495,20,25,3,2,1.2486,1.2496,19,36,2,7,1.2485,1.2497,39,43,4,6,1.2484,1.2498,12,11,4,6,1.2483,1.2499,29,46,7,6,1.2482,1.25,36,14,7,1,1.2481,1.2501,360,160,1,6
2024-12-30T08:54:05.000000000Z,2024-12-30T08:54:05.000000000Z,10,1,29307,A,N,0,1.249,0,0,0,649,6BH5,1.2489,1.2491,11,17,1,6,1.2488,1.2492,24,36,5,1,1.2487,1.2493,18,19,6,4,1.2486,1.2494,264,344,1,1,1.2485,1.2495,9,26,4,5,1.2484,1.2496,35,17,6,5,1.2483,1.2497,18,29,7,3,1.2482,1.2498,36,45,2,4,1.2481,1.2499,44,42,6,7,1.248,1.25,47,7,6,1
2024-12-30T08:54:10.000000000Z,2024-12-30T08:54:10.000000000Z,10,1,29307,A,N,0,1.249,0,0,0,650,6BH5,1.2489,1.2491,10,25,5,6,1.2488,1.2492,17,13,1,5,1.2487,1.2493,42,48,4,6,1.2486,1.2494,17,48,7,5,1.2485,1.2495,47,30,3,5,1.2484,1.2496,17,29,4,1,1.2483,1.2497,28,47,1,1,1.2482,1.2498,34,38,6,2,1.2481,1.2499,5,16,6,7,1.248,1.25,15,45,1,4
2024-12-30T08:54:15.000000000Z,2024-12-30T08:54:15.000000000Z,10,1,29307,A,N,0,1.2491,0,0,0,651,6BH5,1.249,1.2492,10,24,2,2,1.2489,1.2493,21,18,5,3,1.2488,1.2494,24,19,3,3,1.2487,1.2495,15,48,1,1,1.2486,1.2496,26,42,3,2,1.2485,1.2497,43,35,5,1,1.2484,1.2498,8,35,4,5,1.2483,1.2499,48,45,3,3,1.2482,1.25,15,10,7,7,1.2481,1.2501,8,25,1,3
2024-12-30T08:54:20.000000000Z,2024-12-30T08:54:20.000000000Z,10,1,29307,A,N,0,1.2492,0,0,0,652,6BH5,1.2491,1.2493,47,32,5,2,1.249,1.2494,13,47,6,5,1.2489,1.2495,27,25,3,7,1.2488,1.2496,48,31,7,2,1.2487,1.2497,17,36,7,3,1.2486,1.2498,17,36,7,4,1.2485,1.2499,25,16,4,5,1.2484,1.25,43,6,5,5,1.2483,1.2501,33,40,6,7,1.2482,1.2502,32,27,4,2
2024-12-30T08:54:25.000000000Z,2024-12-30T08:54:25.000000000Z,10,1,29307,A,N,0,1.2493,0,0,0,653,6BH5,1.2492,1.2494,8,24,5,6,1.2491,1.2495,45,48,3,1,1.249,1.2496,10,28,5,1,1.2489,1.2497,34,45,2,3,1.2488,1.2498,19,21,2,3,1.2487,1.2499,47,36,4,7,1.2486,1.25,6,11,5,2,1.2485,1.2501,29,39,3,5,1.2484,1.2502,36,9,1,7,1.2483,1.2503,42,17,7,2
2024-12-30T08:54:30.000000000Z,2024-12-30T08:54:30.000000000Z,10,1,29307,A,N,0,1.2493,0,0,0,654,6BH5,1.2492,1.2494,13,6,5,1,1.2491,1.2495,12,36,5,1,1.249,1.2496,5,25,7,1,1.2489,1.2497,13,26,2,5,1.2488,1.2498,10,9,5,6,1.2487,1.2499,5,30,2,4,1.2486,1.25,25,16,6,6,1.2485,1.2501,43,39,1,7,1.2484,1.2502,39,20,6,7,1.2483,1.2503,13,33,7,6
2024-12-30T08:54:35.000000000Z,2024-12-30T08:54:35.000000000Z,10,1,29307,A,N,0,1.2493,0,0,0,655,6BH5,1.2492,1.2494,7,48,4,6,1.2491,1.2495,40,27,1,4,1.249,1.2496,11,24,3,6,1.2489,1.2497,5,11,3,1,1.2488,1.2498,29,42,2,3,1.2487,1.2499,42,16,1,5,1.2486,1.25,24,25,6,1,1.2485,1.2501,45,21,5,4,1.2484,1.2502,23,34,7,7,1.2483,1.2503,12,25,1,1
2024-12-30T08:54:40.000000000Z,2024-12-30T08:54:40.000000000Z,10,1,29307,A,N,0,1.2493,0,0,0,656,6BH5,1.2492,1.2494,19,31,1,1,1.2491,1.2495,46,20,7,4,1.249,1.2496,11,9,7,3,1.2489,1.2497,40,40,7,6,1.2488,1.2498,8,38,7,2,1.2487,1.2499,35,46,1,2,1.2486,1.25,24,42,3,1,1.2485,1.2501,152,152,3,6,1.2484,1.2502,352,376,4,4,1.2483,1.2503,46,24,3,1
2024-12-30T08:54:45.000000000Z,2024-12-30T08:54:45.000000000Z,10,1,29307,A,N,0,1.2492,0,0,0,657,6BH5,1.2491,1.2493,21,45,1,6,1.249,1.2494,104,232,1,7,1.2489,1.2495,49,5,6,6,1.2488,1.2496,19,11,2,6,1.2487,1.2497,16,38,6,4,1.2486,1.2498,7,46,4,4,1.2485,1.2499,11,24,3,3,1.2484,1.25,12,22,5,6,1.2483,1.2501,7,13,2,4,1.2482,1.2502,5,31,4,5
2024-12-30T08:54:50.000000000Z,2024-12-30T08:54:50.000000000Z,10,1,29307,A,N,0,1.2493,0,0,0,658,6BH5,1.2492,1.2494,22,18,5,5,1.2491,1.2495,8,23,6,5,1.249,1.2496,15,5,7,2,1.2489,1.2497,42,38,1,4,1.2488,1.2498,41,36,3,5,1.2487,1.2499,33,23,4,5,1.2486,1.25,9,27,5,6,1.2485,1.2501,46,39,6,1,1.2484,1.2502,48,26,5,4,1.2483,1.2503,20,15,1,4
2024-12-30T08:54:55.000000000Z,2024-12-30T08:54:55.000000000Z,10,1,29307,A,N,0,1.2492,0,0,0,659,6BH5,1.2491,1.2493,32,33,5,6,1.249,1.2494,22,22,4,2,1.2489,1.2495,40,23,7,4,1.2488,1.2496,56,248,7,4,1.2487,1.2497,28,10,7,2,1.2486,1.2498,46,27,4,7,1.2485,1.2499,49,18,7,4,1.2484,1.25,39,29,6,2,1.2483,1.2501,13,15,2,3,1.2482,1.2502,45,14,6,6
2024-12-30T08:55:00.000000000Z,2024-12-30T08:55:00.000000000Z,10,1,29307,A,N,0,1.2492,0,0,0,660,6BH5,1.2491,1.2493,6,45,2,5,1.249,1.2494,8,13,5,4,1.2489,1.2495,22,47,2,5,1.2488,1.2496,46,40,4,2,1.2487,1.2497,328,304,3,6,1.2486,1.2498,40,24,4,6,1.2485,1.2499,49,15,3,3,1.2484,1.25,41,42,5,6,1.2483,1.2501,13,21,1,1,1.2482,1.2502,22,28,5,4
2024-12-30T08:55:05.000000000Z,2024-12-30T08:55:05.000000000Z,10,1,29307,A,N,0,1.2493,0,0,0,661,6BH5,1.2492,1.2494,40,15,7,5,1.2491,1.2495,10,9,7,3,1.249,1.2496,44,15,1,6,1.2489,1.2497,22,37,6,7,1.2488,1.2498,5,21,6,2,1.2487,1.2499,6,19,6,4,1.2486,1.25,47,28,2,3,1.2485,1.2501,6,20,5,4,1.2484,1.2502,18,26,2,2,1.2483,1.2503,49,34,7,1
2024-12-30T08:55:10.000000000Z,2024-12-30T08:55:10.000000000Z,10,1,29307,A,N,0,1.2494,0,0,0,662,6BH5,1.2493,1.2495,35,45,3,1,1.2492,1.2496,10,46,2,2,1.2491,1.2497,37,49,6,4,1.249,1.2498,33,48,7,7,1.2489,1.2499,15,10,7,1,1.2488,1.25,38,25,6,4,1.2487,1.2501,38,23,5,1,1.2486,1.2502,48,8,1,1,1.2485,1.2503,38,9,1,2,1.2484,1.2504,13,21,4,7
2024-12-30T08:55:15.000000000Z,2024-12-30T08:55:15.000000000Z,10,1,29307,A,N,0,1.2493,0,0,0,663,6BH5,1.2492,1.2494,16,19,6,7,1.2491,1.2495,48,35,3,7,1.249,1.2496,12,44,4,5,1.2489,1.2497,10,21,5,7,1.2488,1.2498,32,27,7,6,1.2487,1.2499,24,36,1,1,1.2486,1.25,10,5,5,4,1.2485,1.2501,21,11,4,3,1.2484,1.2502,41,41,2,4,1.2483,1.2503,30,9,5,6
2024-12-30T08:55:20.000000000Z,2024-12-30T08:55:20.000000000Z,10,1,29307,A,N,0,1.2492,0,0,0,664,6BH5,1.2491,1.2493,9,12,7,1,1.249,1.2494,25,19,4,3,1.2489,1.2495,34,32,1,4,1.2488,1.2496,33,9,1,2,1.2487,1.2497,45,5,7,2,1.2486,1.2498,29,30,5,2,1.2485,1.2499,49,24,1,4,1.2484,1.25,35,23,7,7,1.2483,1.2501,28,37,2,5,1.2482,1.2502,43,46,5,1
2024-12-30T08:55:25.000000000Z,2024-12-30T08:55:25.000000000Z,10,1,29307,A,N,0,1.2492,0,0,0,665,6BH5,1.2491,1.2493,47,8,2,1,1.249,1.2494,24,45,4,7,1.2489,1.2495,46,23,4,7,1.2488,1.2496,47,28,4,1,1.2487,1.2497,31,49,5,5,1.2486,1.2498,16,45,1,7,1.2485,1.2499,18,43,1,6,1.2484,1.25,38,13,7,1,1.2483,1.2501,40,36,7,5,1.2482,1.2502,10,29,2,7
2024-12-30T08:55:30.000000000Z,2024-12-30T08:55:30.000000000Z,10,1,29307,A,N,0,1.2492,0,0,0,666,6BH5,1.2491,1.2493,19,22,6,6,1.249,1.2494,26,18,6,6,1.2489,1.2495,20,20,6,2,1.2488,1.2496,44,22,6,1,1.2487,1.2497,44,34,7,7,1.2486,1.2498,46,22,7,5,1.2485,1.2499,5,46,7,5,1.2484,1.25,45,36,7,6,1.2483,1.2501,6,32,5,7,1.2482,1.2502,40,46,7,6
2024-12-30T08:55:35.000000000Z,2024-12-30T08:55:35.000000000Z,10,1,29307,A,N,0,1.2492,0,0,0,667,6BH5,1.2491,1.2493,256,392,4,2,1.249,1.2494,21,35,3,4,1.2489,1.2495,216,264,7,4,1.2488,1.2496,40,20,7,4,1.2487,1.2497,30,36,7,2,1.2486,1.2498,47,23,1,1,1.2485,1.2499,10,39,6,1,1.2484,1.25,10,39,1,1,1.2483,1.2501,35,11,7,4,1.2482,1.2502,41,28,6,3
2024-12-30T08:55:40.000000000Z,2024-12-30T08:55:40.000000000Z,10,1,29307,A,N,0,1.2492,0,0,0,668,6BH5,1.2491,1.2493,33,5,4,7,1.249,1.2494,36,14,2,7,1.2489,1.2495,41,31,2,2,1.2488,1.2496,28,12,6,7,1.2487,1.2497,10,36,6,3,1.2486,1.2498,352,392,4,7,1.2485,1.2499,18,23,3,7,1.2484,1.25,39,23,6,4,1.2483,1.2501,36,40,3,7,1.2482,1.2502,9,18,5,4
2024-12-30T08:55:45.000000000Z,2024-12-30T08:55:45.000000000Z,10,1,29307,A,N,0,1.2493,0,0,0,669,6BH5,1.2492,1.2494,5,17,7,5,1.2491,1.2495,10,13,4,2,1.249,1.2496,11,29,6,3,1.2489,1.2497,16,17,6,7,1.2488,1.2498,40,80,7,2,1.2487,1.2499,31,22,2,5,1.2486,1.25,7,24,4,2,1.2485,1.2501,45,26,3,4,1.2484,1.2502,39,26,2,2,1.2483,1.2503,29,13,3,1
2024-12-30T08:55:50.000000000Z,2024-12-30T08:55:50.000000000Z,10,1,29307,A,N,0,1.2492,0,0,0,670,6BH5,1.2491,1.2493,36,44,3,4,1.249,1.2494,26,43,2,3,1.2489,1.2495,39,11,7,4,1.2488,1.2496,13,39,3,1,1.2487,1.2497,37,21,4,1,1.2486,1.2498,30,49,3,3,1.2485,1.2499,11,13,6,2,1.2484,1.25,20,47,6,2,1.2483,1.2501,39,49,1,5,1.2482,1.2502,45,21,7,7
2024-12-30T08:55:55.000000000Z,2024-12-30T08:55:55.000000000Z,10,1,29307,A,N,0,1.2492,0,0,0,671,6BH5,1.2491,1.2493,7,24,5,7,1.249,1.2494,47,43,3,3,1.2489,1.2495,20,27,3,4,1.2488,1.2496,11,44,5,3,1.2487,1.2497,23,49,6,1,1.2486,1.2498,27,27,5,6,1.2485,1.2499,36,44,2,6,1.2484,1.25,29,24,3,6,1.2483,1.2501,33,11,6,3,1.2482,1.2502,26,30,1,3
2024-12-30T08:56:00.000000000Z,2024-12-30T08:56:00.000000000Z,10,1,29307,A,N,0,1.2492,0,0,0,672,6BH5,1.2491,1.2493,17,29,5,6,1.249,1.2494,46,49,4,1,1.2489,1.2495,7,41,3,2,1.2488,1.2496,46,13,1,7,1.2487,1.2497,368,304,6,2,1.2486,1.2498,44,22,7,2,1.2485,1.2499,29,18,7,4,1.2484,1.25,11,8,7,6,1.2483,1.2501,41,25,1,4,1.2482,1.2502,11,10,7,6
2024-12-30T08:56:05.000000000Z,2024-12-30T08:56:05.000000000Z,10,1,29307,A,N,0,1.2491,0,0,0,673,6BH5,1.249,1.2492,20,42,5,1,1.2489,1.2493,27,10,6,7,1.2488,1.2494,19,49,6,4,1.2487,1.2495,14,33,4,4,1.2486,1.2496,24,16,6,6,1.2485,1.2497,14,11,2,5,1.2484,1.2498,39,43,3,4,1.2483,1.2499,6,7,6,7,1.2482,1.25,8,30,7,7,1.2481,1.2501,6,43,1,6
2024-12-30T08:56:10.000000000Z,2024-12-30T08:56:10.000000000Z,10,1,29307,A,N,0,1.249,0,0,0,674,6BH5,1.2489,1.2491,21,7,1,1,1.2488,1.2492,28,12,5,6,1.2487,1.2493,22,28,7,4,1.2486,1.2494,32,11,2,3,1.2485,1.2495,43,23,6,6,1.2484,1.2496,19,49,7,7,1.2483,1.2497,19,40,3,1,1.2482,1.2498,5,9,7,4,1.2481,1.2499,27,43,5,3,1.248,1.25,24,16,3,3
2024-12-30T08:56:15.000000000Z,2024-12-30T08:56:15.000000000Z,10,1,29307,A,N,0,1.2491,0,0,0,675,6BH5,1.249,1.2492,11,27,7,2,1.2489,1.2493,6,9,6,5,1.2488,1.2494,15,28,1,3,1.2487,1.2495,22,25,4,5,1.2486,1.2496,47,15,3,3,1.2485,1.2497,25,47,2,6,1.2484,1.2498,264,280,7,4,1.2483,1.2499,40,32,3,3,1.2482,1.25,28,16,1,4,1.2481,1.2501,34,38,2,6
2024-12-30T08:56:20.000000000Z,2024-12-30T08:56:20.000000000Z,10,1,29307,A,N,0,1.2492,0,0,0,676,6BH5,1.2491,1.2493,20,46,5,5,1.249,1.2494,12,6,3,2,1.2489,1.2495,22,9,4,2,1.2488,1.2496,27,23,3,2,1.2487,1.2497,49,44,4,3,1.2486,1.2498,13,18,2,5,1.2485,1.2499,9,37,1,3,1.2484,1.25,16,27,6,4,1.2483,1.2501,24,24,7,1,1.2482,1.2502,16,49,2,7
2024-12-30T08:56:25.000000000Z,2024-12-30T08:56:25.000000000Z,10,1,29307,A,N,0,1.2491,0,0,0,677,6BH5,1.249,1.2492,11,12,7,1,1.2489,1.2493,37,14,6,3,1.2488,1.2494,43,8,5,7,1.2487,1.2495,14,16,6,6,1.2486,1.2496,5,39,7,4,1.2485,1.2497,20,34,7,7,1.2484,1.2498,33,41,4,5,1.2483,1.2499,27,36,6,3,1.2482,1.25,45,39,5,3,1.2481,1.2501,32,40,5,5
2024-12-30T08:56:30.000000000Z,2024-12-30T08:56:30.000000000Z,10,1,29307,A,N,0,1.2492,0,0,0,678,6BH5,1.2491,1.2493,27,48,1,2,1.249,1.2494,24,6,1,6,1.2489,1.2495,9,36,6,3,1.2488,1.2496,7,13,2,6,1.2487,1.2497,14,23,5,5,1.2486,1.2498,10,48,6,7,1.2485,1.2499,23,14,1,5,1.2484,1.25,33,23,2,3,1.2483,1.2501,5,47,3,2,1.2482,1.2502,30,20,7,5
2024-12-30T08:56:35.000000000Z,2024-12-30T08:56:35.000000000Z,10,1,29307,A,N,0,1.2491,0,0,0,679,6BH5,1.249,1.2492,48,12,5,3,1.2489,1.2493,29,21,7,3,1.2488,1.2494,19,48,5,1,1.2487,1.2495,6,38,1,6,1.2486,1.2496,36,19,2,6,1.2485,1.2497,11,11,3,2,1.2484,1.2498,23,44,5,3,1.2483,1.2499,11,31,3,5,1.2482,1.25,12,14,5,2,1.2481,1.2501,20,33,4,2
2024-12-30T08:56:40.000000000Z,2024-12-30T08:56:40.000000000Z,10,1,29307,A,N,0,1.2491,0,0,0,680,6BH5,1.249,1.2492,8,44,5,6,1.2489,1.2493,22,16,2,5,1.2488,1.2494,13,30,6,7,1.2487,1.2495,45,47,5,4,1.2486,1.2496,39,9,6,2,1.2485,1.2497,9,40,7,6,1.2484,1.2498,26,37,5,2,1.2483,1.2499,27,14,4,2,1.2482,1.25,31,49,4,5,1.2481,1.2501,10,11,2,1
2024-12-30T08:56:45.000000000Z,2024-12-30T08:56:45.000000000Z,10,1,29307,A,N,0,1.249,0,0,0,681,6BH5,1.2489,1.2491,27,31,1,3,1.2488,1.2492,23,31,1,1,1.2487,1.2493,29,11,3,6,1.2486,1.2494,19,28,1,4,1.2485,1.2495,21,42,6,5,1.2484,1.2496,23,17,7,1,1.2483,1.2497,23,10,4,7,1.2482,1.2498,8,41,6,6,1.2481,1.2499,12,35,5,6,1.248,1.25,19,28,5,1
2024-12-30T08:56:50.000000000Z,2024-12-30T08:56:50.000000000Z,10,1,29307,A,N,0,1.2491,0,0,0,682,6BH5,1.249,1.2492,38,32,6,6,1.2489,1.2493,13,10,1,6,1.2488,1.2494,49,12,7,5,1.2487,1.2495,23,48,1,1,1.2486,1.2496,168,288,2,6,1.2485,1.2497,37,34,1,5,1.2484,1.2498,38,32,6,7,1.2483,1.2499,38,5,6,1,1.2482,1.25,22,43,4,2,1.2481,1.2501,10,24,6,4
2024-12-30T08:56:55.000000000Z,2024-12-30T08:56:55.000000000Z,10,1,29307,A,N,0,1.249,0,0,0,683,6BH5,1.2489,1.2491,46,7,5,5,1.2488,1.2492,27,17,1,3,1.2487,1.2493,42,32,2,4,1.2486,1.2494,14,14,5,1,1.2485,1.2495,288,288,3,3,1.2484,1.2496,32,29,4,2,1.2483,1.2497,6,36,6,6,1.2482,1.2498,13,47,1,4,1.2481,1.2499,29,44,4,1,1.248,1.25,27,35,2,4
2024-12-30T08:57:00.000000000Z,2024-12-30T08:57:00.000000000Z,10,1,29307,A,N,0,1.249,0,0,0,684,6BH5,1.2489,1.2491,47,47,2,2,1.2488,1.2492,19,41,6,7,1.2487,1.2493,47,29,6,7,1.2486,1.2494,8,22,3,5,1.2485,1.2495,40,20,2,3,1.2484,1.2496,30,49,6,3,1.2483,1.2497,23,42,5,3,1.2482,1.2498,48,36,1,1,1.2481,1.2499,14,22,4,6,1.248,1.25,12,28,4,6
2024-12-30T08:57:05.000000000Z,2024-12-30T08:57:05.000000000Z,10,1,29307,A,N,0,1.2491,0,0,0,685,6BH5,1.249,1.2492,44,43,3,7,1.2489,1.2493,15,45,2,2,1.2488,1.2494,21,48,4,3,1.2487,1.2495,47,6,7,1,1.2486,1.2496,14,46,6,3,1.2485,1.2497,23,22,2,6,1.2484,1.2498,27,49,6,4,1.2483,1.2499,30,33,3,2,1.2482,1.25,33,39,4,1,1.2481,1.2501,376,392,6,5
2024-12-30T08:57:10.000000000Z,2024-12-30T08:57:10.000000000Z,10,1,29307,A,N,0,1.249,0,0,0,686,6BH5,1.2489,1.2491,10,9,7,7,1.2488,1.2492,47,10,1,1,1.2487,1.2493,12,41,6,2,1.2486,1.2494,40,8,1,1,1.2485,1.2495,9,39,2,2,1.2484,1.2496,30,47,1,3,1.2483,1.2497,45,9,4,2,1.2482,1.2498,29,45,6,1,1.2481,1.2499,25,28,4,6,1.248,1.25,37,7,1,4
2024-12-30T08:57:15.000000000Z,2024-12-30T08:57:15.000000000Z,10,1,29307,A,N,0,1.249,0,0,0,687,6BH5,1.2489,1.2491,47,11,3,5,1.2488,1.2492,5,26,5,7,1.2487,1.2493,12,48,6,6,1.2486,1.2494,32,30,6,2,1.2485,1.2495,26,24,6,7,1.2484,1.2496,18,44,7,5,1.2483,1.2497,23,19,1,1,1.2482,1.2498,47,26,2,4,1.2481,1.2499,47,9,7,2,1.248,1.25,11,6,1,2
2024-12-30T08:57:20.000000000Z,2024-12-30T08:57:20.000000000Z,10,1,29307,A,N,0,1.2489,0,0,0,688,6BH5,1.2488,1.249,41,19,3,6,1.2487,1.2491,49,10,6,1,1.2486,1.2492,42,29,3,2,1.2485,1.2493,14,49,7,7,1.2484,1.2494,47,35,6,3,1.2483,1.2495,37,5,2,3,1.2482,1.2496,44,23,4,6,1.2481,1.2497,44,43,4,3,1.248,1.2498,27,42,3,6,1.2479,1.2499,21,31,5,5
2024-12-30T08:57:25.000000000Z,2024-12-30T08:57:25.000000000Z,10,1,29307,A,N,0,1.2489,0,0,0,689,6BH5,1.2488,1.249,42,15,7,2,1.2487,1.2491,11,12,5,1,1.2486,1.2492,31,25,7,7,1.2485,1.2493,42,30,6,4,1.2484,1.2494,21,14,7,7,1.2483,1.2495,24,8,3,6,1.2482,1.2496,34,35,2,6,1.2481,1.2497,15,40,2,5,1.248,1.2498,45,40,1,2,1.2479,1.2499,27,25,5,1
2024-12-30T08:57:30.000000000Z,2024-12-30T08:57:30.000000000Z,10,1,29307,A,N,0,1.2489,0,0,0,690,6BH5,1.2488,1.249,21,25,4,4,1.2487,1.2491,232,288,6,6,1.2486,1.2492,46,42,6,1,1.2485,1.2493,36,20,3,5,1.2484,1.2494,152,240,6,7,1.2483,1.2495,17,31,7,2,1.2482,1.2496,27,48,2,4,1.2481,1.2497,24,43,1,6,1.248,1.2498,31,38,5,1,1.2479,1.2499,8,27,5,1
2024-12-30T08:57:35.000000000Z,2024-12-30T08:57:35.000000000Z,10,1,29307,A,N,0,1.2489,0,0,0,691,6BH5,1.2488,1.249,20,36,3,2,1.2487,1.2491,43,22,1,4,1.2486,1.2492,28,20,5,4,1.2485,1.2493,46,38,3,6,1.2484,1.2494,17,26,4,7,1.2483,1.2495,34,27,4,3,1.2482,1.2496,49,12,3,7,1.2481,1.2497,15,49,7,6,1.248,1.2498,27,22,4,1,1.2479,1.2499,41,30,3,2
2024-12-30T08:57:40.000000000Z,2024-12-30T08:57:40.000000000Z,10,1,29307,A,N,0,1.249,0,0,0,692,6BH5,1.2489,1.2491,14,46,5,1,1.2488,1.2492,7,20,4,7,1.2487,1.2493,17,10,2,7,1.2486,1.2494,13,38,1,4,1.2485,1.2495,26,7,1,5,1.2484,1.2496,344,352,4,5,1.2483,1.2497,38,18,5,4,1.2482,1.2498,46,21,2,3,1.2481,1.2499,40,37,6,1,1.248,1.25,22,40,1,3
2024-12-30T08:57:45.000000000Z,2024-12-30T08:57:45.000000000Z,10,1,29307,A,N,0,1.249,0,0,0,693,6BH5,1.2489,1.2491,20,15,2,3,1.2488,1.2492,29,39,6,6,1.2487,1.2493,12,38,1,6,1.2486,1.2494,42,31,4,5,1.2485,1.2495,23,23,6,7,1.2484,1.2496,9,47,4,5,1.2483,1.2497,40,13,7,5,1.2482,1.2498,44,15,7,3,1.2481,1.2499,13,6,4,5,1.248,1.25,5,32,2,6
2024-12-30T08:57:50.000000000Z,2024-12-30T08:57:50.000000000Z,10,1,29307,A,N,0,1.2489,0,0,0,694,6BH5,1.2488,1.249,10,47,7,7,1.2487,1.2491,272,248,3,4,1.2486,1.2492,24,15,6,5,1.2485,1.2493,25,26,1,2,1.2484,1.2494,47,15,2,5,1.2483,1.2495,40,46,5,1,1.2482,1.2496,28,9,2,1,1.2481,1.2497,19,8,6,3,1.248,1.2498,46,8,6,2,1.2479,1.2499,38,17,7,5
2024-12-30T08:57:55.000000000Z,2024-12-30T08:57:55.000000000Z,10,1,29307,A,N,0,1.2489,0,0,0,695,6BH5,1.2488,1.249,9,33,1,6,1.2487,1.2491,45,42,1,5,1.2486,1.2492,48,36,1,6,1.2485,1.2493,10,26,3,3,1.2484,1.2494,45,45,7,1,1.2483,1.2495,42,13,2,5,1.2482,1.2496,41,47,7,6,1.2481,1.2497,64,72,6,4,1.248,1.2498,28,32,5,2,1.2479,1.2499,22,11,4,7
2024-12-30T08:58:00.000000000Z,2024-12-30T08:58:00.000000000Z,10,1,29307,A,N,0,1.249,0,0,0,696,6BH5,1.2489,1.2491,25,46,2,6,1.2488,1.2492,39,27,5,2,1.2487,1.2493,36,23,6,4,1.2486,1.2494,19,19,2,6,1.2485,1.2495,12,35,1,5,1.2484,1.2496,45,21,7,7,1.2483,1.2497,42,29,4,7,1.2482,1.2498,28,8,6,3,1.2481,1.2499,46,43,3,4,1.248,1.25,29,45,6,1
2024-12-30T08:58:05.000000000Z,2024-12-30T08:58:05.000000000Z,10,1,29307,A,N,0,1.2491,0,0,0,697,6BH5,1.249,1.2492,41,41,7,3,1.2489,1.2493,26,47,6,6,1.2488,1.2494,20,25,3,5,1.2487,1.2495,43,26,7,3,1.2486,1.2496,33,43,3,2,1.2485,1.2497,39,11,3,6,1.2484,1.2498,43,40,6,7,1.2483,1.2499,5,47,3,1,1.2482,1.25,31,27,3,5,1.2481,1.2501,28,17,2,3
2024-12-30T08:58:10.000000000Z,2024-12-30T08:58:10.000000000Z,10,1,29307,A,N,0,1.249,0,0,0,698,6BH5,1.2489,1.2491,19,5,3,2,1.2488,1.2492,35,36,4,5,1.2487,1.2493,14,25,4,3,1.2486,1.2494,8,22,1,4,1.2485,1.2495,34,39,5,6,1.2484,1.2496,10,18,6,5,1.2483,1.2497,24,13,4,6,1.2482,1.2498,38,20,2,1,1.2481,1.2499,296,72,7,2,1.248,1.25,48,37,2,7
2024-12-30T08:58:15.000000000Z,2024-12-30T08:58:15.000000000Z,10,1,29307,A,N,0,1.249,0,0,0,699,6BH5,1.2489,1.2491,7,8,3,6,1.2488,1.2492,31,45,4,6,1.2487,1.2493,40,46,3,7,1.2486,1.2494,33,44,1,5,1.2485,1.2495,48,11,7,7,1.2484,1.2496,22,14,1,3,1.2483,1.2497,48,248,4,6,1.2482,1.2498,48,12,1,3,1.2481,1.2499,28,27,7,6,1.248,1.25,32,29,2,5
2024-12-30T08:58:20.000000000Z,2024-12-30T08:58:20.000000000Z,10,1,29307,A,N,0,1.2491,0,0,0,700,6BH5,1.249,1.2492,39,45,2,5,1.2489,1.2493,9,26,2,1,1.2488,1.2494,13,14,5,7,1.2487,1.2495,29,25,1,3,1.2486,1.2496,43,40,3,1,1.2485,1.2497,30,21,1,7,1.2484,1.2498,38,12,5,4,1.2483,1.2499,41,49,6,6,1.2482,1.25,11,44,3,6,1.2481,1.2501,14,27,2,5
2024-12-30T08:58:25.000000000Z,2024-12-30T08:58:25.000000000Z,10,1,29307,A,N,0,1.2492,0,0,0,701,6BH5,1.2491,1.2493,17,9,2,4,1.249,1.2494,36,32,6,5,1.2489,1.2495,10,15,2,1,1.2488,1.2496,25,43,6,6,1.2487,1.2497,31,49,5,2,1.2486,1.2498,11,24,7,1,1.2485,1.2499,18,19,2,1,1.2484,1.25,35,14,5,4,1.2483,1.2501,32,42,1,6,1.2482,1.2502,14,20,7,3
2024-12-30T08:58:30.000000000Z,2024-12-30T08:58:30.000000000Z,10,1,29307,A,N,0,1.2492,0,0,0,702,6BH5,1.2491,1.2493,328,96,2,4,1.249,1.2494,38,31,4,3,1.2489,1.2495,39,49,4,3,1.2488,1.2496,336,136,2,2,1.2487,1.2497,29,25,3,3,1.2486,1.2498,23,36,3,7,1.2485,1.2499,39,6,4,5,1.2484,1.25,26,38,2,6,1.2483,1.2501,9,10,3,2,1.2482,1.2502,24,41,7,7
2024-12-30T08:58:35.000000000Z,2024-12-30T08:58:35.000000000Z,10,1,29307,A,N,0,1.2491,0,0,0,703,6BH5,1.249,1.2492,224,176,2,2,1.2489,1.2493,47,18,1,1,1.2488,1.2494,21,24,2,4,1.2487,1.2495,19,13,2,5,1.2486,1.2496,40,7,4,4,1.2485,1.2497,13,16,2,6,1.2484,1.2498,6,23,5,2,1.2483,1.2499,37,5,4,6,1.2482,1.25,392,232,1,4,1.2481,1.2501,47,8,7,6
2024-12-30T08:58:40.000000000Z,2024-12-30T08:58:40.000000000Z,10,1,29307,A,N,0,1.249,0,0,0,704,6BH5,1.2489,1.2491,27,10,3,4,1.2488,1.2492,20,27,4,4,1.2487,1.2493,22,13,5,2,1.2486,1.2494,27,9,3,3,1.2485,1.2495,176,352,6,4,1.2484,1.2496,20,45,7,7,1.2483,1.2497,5,44,6,5,1.2482,1.2498,26,11,2,4,1.2481,1.2499,40,8,1,6,1.248,1.25,7,7,6,4
2024-12-30T08:58:45.000000000Z,2024-12-30T08:58:45.000000000Z,10,1,29307,A,N,0,1.2489,0,0,0,705,6BH5,1.2488,1.249,20,20,4,6,1.2487,1.2491,35,34,5,3,1.2486,1.2492,32,9,7,1,1.2485,1.2493,25,24,6,4,1.2484,1.2494,21,46,4,7,1.2483,1.2495,36,27,5,1,1.2482,1.2496,7,10,1,6,1.2481,1.2497,6,36,2,6,1.248,1.2498,14,19,2,1,1.2479,1.2499,34,17,4,2
2024-12-30T08:58:50.000000000Z,2024-12-30T08:58:50.000000000Z,10,1,29307,A,N,0,1.249,0,0,0,706,6BH5,1.2489,1.2491,47,16,1,4,1.2488,1.2492,11,42,3,3,1.2487,1.2493,31,39,5,4,1.2486,1.2494,8,23,4,4,1.2485,1.2495,26,28,3,6,1.2484,1.2496,34,33,2,5,1.2483,1.2497,232,160,7,3,1.2482,1.2498,27,46,3,7,1.2481,1.2499,120,224,3,2,1.248,1.25,16,27,1,2
2024-12-30T08:58:55.000000000Z,2024-12-30T08:58:55.000000000Z,10,1,29307,A,N,0,1.2489,0,0,0,707,6BH5,1.2488,1.249,328,176,7,1,1.2487,1.2491,40,22,4,5,1.2486,1.2492,10,13,3,5,1.2485,1.2493,17,40,3,7,1.2484,1.2494,48,10,7,1,1.2483,1.2495,47,48,4,5,1.2482,1.2496,47,35,6,6,1.2481,1.2497,46,42,7,6,1.248,1.2498,46,19,5,6,1.2479,1.2499,28,25,6,4
2024-12-30T08:59:00.000000000Z,2024-12-30T08:59:00.000000000Z,10,1,29307,A,N,0,1.2489,0,0,0,708,6BH5,1.2488,1.249,48,25,1,5,1.2487,1.2491,22,42,1,2,1.2486,1.2492,15,36,4,2,1.2485,1.2493,42,26,5,1,1.2484,1.2494,27,31,7,1,1.2483,1.2495,22,16,3,5,1.2482,1.2496,16,8,3,4,1.2481,1.2497,6,17,4,5,1.248,1.2498,39,19,6,2,1.2479,1.2499,5,47,4,1
2024-12-30T08:59:05.000000000Z,2024-12-30T08:59:05.000000000Z,10,1,29307,A,N,0,1.2489,0,0,0,709,6BH5,1.2488,1.249,17,6,3,4,1.2487,1.2491,17,40,5,2,1.2486,1.2492,19,33,2,5,1.2485,1.2493,9,46,2,2,1.2484,1.2494,41,12,5,5,1.2483,1.2495,27,19,2,3,1.2482,1.2496,42,9,5,7,1.2481,1.2497,6,33,2,7,1.248,1.2498,13,40,7,4,1.2479,1.2499,14,43,2,2
2024-12-30T08:59:10.000000000Z,2024-12-30T08:59:10.000000000Z,10,1,29307,A,N,0,1.2489,0,0,0,710,6BH5,1.2488,1.249,44,18,2,1,1.2487,1.2491,26,41,7,7,1.2486,1.2492,6,29,1,4,1.2485,1.2493,25,8,6,2,1.2484,1.2494,26,5,4,3,1.2483,1.2495,49,14,7,6,1.2482,1.2496,25,40,1,5,1.2481,1.2497,47,32,5,1,1.248,1.2498,44,33,4,2,1.2479,1.2499,31,26,1,7
2024-12-30T08:59:15.000000000Z,2024-12-30T08:59:15.000000000Z,10,1,29307,A,N,0,1.2489,0,0,0,711,6BH5,1.2488,1.249,24,19,7,5,1.2487,1.2491,27,10,5,3,1.2486,1.2492,49,11,5,7,1.2485,1.2493,44,43,1,2,1.2484,1.2494,26,6,2,2,1.2483,1.2495,44,22,3,4,1.2482,1.2496,6,34,1,6,1.2481,1.2497,20,37,2,2,1.248,1.2498,22,14,2,3,1.2479,1.2499,29,47,3,3
2024-12-30T08:59:20.000000000Z,2024-12-30T08:59:20.000000000Z,10,1,29307,A,N,0,1.2489,0,0,0,712,6BH5,1.2488,1.249,14,34,6,4,1.2487,1.2491,28,24,5,7,1.2486,1.2492,39,43,3,2,1.2485,1.2493,19,19,5,3,1.2484,1.2494,8,20,5,5,1.2483,1.2495,25,6,6,5,1.2482,1.2496,39,34,4,6,1.2481,1.2497,5,20,7,1,1.248,1.2498,26,17,2,3,1.2479,1.2499,21,13,5,3
2024-12-30T08:59:25.000000000Z,2024-12-30T08:59:25.000000000Z,10,1,29307,A,N,0,1.2489,0,0,0,713,6BH5,1.2488,1.249,47,15,7,1,1.2487,1.2491,46,35,6,6,1.2486,1.2492,21,22,3,7,1.2485,1.2493,22,48,7,5,1.2484,1.2494,5,8,1,4,1.2483,1.2495,36,28,1,5,1.2482,1.2496,24,44,2,1,1.2481,1.2497,17,32,6,7,1.248,1.2498,48,35,7,5,1.2479,1.2499,39,18,2,2
2024-12-30T08:59:30.000000000Z,2024-12-30T08:59:30.000000000Z,10,1,29307,A,N,0,1.2488,0,0,0,714,6BH5,1.2487,1.2489,16,31,2,5,1.2486,1.249,29,15,5,7,1.2485,1.2491,30,31,2,7,1.2484,1.2492,80,64,4,6,1.2483,1.2493,46,18,4,3,1.2482,1.2494,37,19,7,4,1.2481,1.2495,43,19,7,5,1.248,1.2496,43,11,7,1,1.2479,1.2497,13,28,4,6,1.2478,1.2498,31,37,7,5
2024-12-30T08:59:35.000000000Z,2024-12-30T08:59:35.000000000Z,10,1,29307,A,N,0,1.2488,0,0,0,715,6BH5,1.2487,1.2489,23,26,2,5,1.2486,1.249,112,288,5,7,1.2485,1.2491,12,29,2,7,1.2484,1.2492,30,45,4,5,1.2483,1.2493,38,41,6,5,1.2482,1.2494,28,6,7,1,1.2481,1.2495,31,21,1,5,1.248,1.2496,28,12,6,6,1.2479,1.2497,13,22,3,6,1.2478,1.2498,45,48,6,2
2024-12-30T08:59:40.000000000Z,2024-12-30T08:59:40.000000000Z,10,1,29307,A,N,0,1.2489,0,0,0,716,6BH5,1.2488,1.249,6,42,3,4,1.2487,1.2491,41,30,3,1,1.2486,1.2492,28,39,1,1,1.2485,1.2493,27,10,1,3,1.2484,1.2494,35,42,3,2,1.2483,1.2495,11,27,5,4,1.2482,1.2496,29,43,1,4,1.2481,1.2497,23,8,1,5,1.248,1.2498,38,11,6,1,1.2479,1.2499,11,49,1,1
2024-12-30T08:59:45.000000000Z,2024-12-30T08:59:45.000000000Z,10,1,29307,A,N,0,1.249,0,0,0,717,6BH5,1.2489,1.2491,42,48,5,4,1.2488,1.2492,26,13,1,6,1.2487,1.2493,352,248,3,6,1.2486,1.2494,32,12,2,2,1.2485,1.2495,19,26,7,6,1.2484,1.2496,49,38,7,3,1.2483,1.2497,18,45,3,7,1.2482,1.2498,6,6,5,4,1.2481,1.2499,43,6,1,1,1.248,1.25,32,21,4,5
2024-12-30T08:59:50.000000000Z,2024-12-30T08:59:50.000000000Z,10,1,29307,A,N,0,1.249,0,0,0,718,6BH5,1.2489,1.2491,13,21,1,2,1.2488,1.2492,9,18,6,7,1.2487,1.2493,9,42,1,5,1.2486,1.2494,25,40,1,6,1.2485,1.2495,19,5,6,3,1.2484,1.2496,27,24,4,5,1.2483,1.2497,24,28,5,4,1.2482,1.2498,27,27,4,7,1.2481,1.2499,48,14,3,2,1.248,1.25,36,27,6,7
2024-12-30T08:59:55.000000000Z,2024-12-30T08:59:55.000000000Z,10,1,29307,A,N,0,1.2491,0,0,0,719,6BH5,1.249,1.2492,31,42,5,3,1.2489,1.2493,24,19,5,6,1.2488,1.2494,152,264,6,1,1.2487,1.2495,20,37,7,4,1.2486,1.2496,12,25,2,5,1.2485,1.2497,24,46,2,3,1.2484,1.2498,13,42,5,5,1.2483,1.2499,6,21,6,6,1.2482,1.25,28,35,1,4,1.2481,1.2501,46,41,7,4
2024-12-30T09:00:00.000000000Z,2024-12-30T09:00:00.000000000Z,10,1,29307,A,N,0,1.2491,0,0,0,720,6BH5,1.249,1.2492,14,7,5,5,1.2489,1.2493,104,352,6,3,1.2488,1.2494,96,224,5,2,1.2487,1.2495,48,13,3,3,1.2486,1.2496,31,34,6,7,1.2485,1.2497,23,44,4,6,1.2484,1.2498,27,49,2,4,1.2483,1.2499,22,46,4,5,1.2482,1.25,30,17,7,6,1.2481,1.2501,48,40,1,7
2024-12-30T09:00:05.000000000Z,2024-12-30T09:00:05.000000000Z,10,1,29307,A,N,0,1.2491,0,0,0,721,6BH5,1.249,1.2492,31,10,2,1,1.2489,1.2493,16,33,2,5,1.2488,1.2494,38,15,7,3,1.2487,1.2495,14,9,7,6,1.2486,1.2496,21,32,1,5,1.2485,1.2497,44,6,4,3,1.2484,1.2498,41,21,4,4,1.2483,1.2499,35,9,4,1,1.2482,1.25,41,46,7,1,1.2481,1.2501,49,17,1,2
2024-12-30T09:00:10.000000000Z,2024-12-30T09:00:10.000000000Z,10,1,29307,A,N,0,1.2492,0,0,0,722,6BH5,1.2491,1.2493,27,7,5,5,1.249,1.2494,7,33,2,4,1.2489,1.2495,44,49,1,2,1.2488,1.2496,36,6,1,5,1.2487,1.2497,27,16,4,2,1.2486,1.2498,112,184,2,1,1.2485,1.2499,41,32,5,5,1.2484,1.25,27,8,7,6,1.2483,1.2501,32,43,4,4,1.2482,1.2502,36,18,5,3
2024-12-30T09:00:15.000000000Z,2024-12-30T09:00:15.000000000Z,10,1,29307,A,N,0,1.2492,0,0,0,723,6BH5,1.2491,1.2493,43,46,2,7,1.249,1.2494,72,256,2,7,1.2489,1.2495,39,11,6,5,1.2488,1.2496,20,8,3,3,1.2487,1.2497,8,23,4,3,1.2486,1.2498,35,12,2,1,1.2485,1.2499,7,25,3,6,1.2484,1.25,18,27,3,5,1.2483,1.2501,22,17,5,2,1.2482,1.2502,43,35,1,1
2024-12-30T09:00:20.000000000Z,2024-12-30T09:00:20.000000000Z,10,1,29307,A,N,0,1.2491,0,0,0,724,6BH5,1.249,1.2492,184,256,2,5,1.2489,1.2493,47,23,1,4,1.2488,1.2494,41,23,5,1,1.2487,1.2495,16,35,2,4,1.2486,1.2496,13,38,2,7,1.2485,1.2497,32,39,6,6,1.2484,1.2498,45,15,4,6,1.2483,1.2499,12,47,3,3,1.2482,1.25,49,11,5,4,1.2481,1.2501,34,48,5,3
2024-12-30T09:00:25.000000000Z,2024-12-30T09:00:25.000000000Z,10,1,29307,A,N,0,1.2492,0,0,0,725,6BH5,1.2491,1.2493,37,24,6,1,1.249,1.2494,26,42,5,5,1.2489,1.2495,15,14,3,2,1.2488,1.2496,48,8,2,1,1.2487,1.2497,45,34,3,2,1.2486,1.2498,46,40,4,2,1.2485,1.2499,10,11,4,3,1.2484,1.25,19,34,2,4,1.2483,1.2501,34,5,4,3,1.2482,1.2502,25,46,2,7
2024-12-30T09:00:30.000000000Z,2024-12-30T09:00:30.000000000Z,10,1,29307,A,N,0,1.2493,0,0,0,726,6BH5,1.2492,1.2494,41,48,5,2,1.2491,1.2495,30,9,5,7,1.249,1.2496,17,15,7,1,1.2489,1.2497,22,28,5,4,1.2488,1.2498,26,24,4,3,1.2487,1.2499,24,45,5,7,1.2486,1.25,28,21,5,6,1.2485,1.2501,19,13,6,2,1.2484,1.2502,35,17,1,1,1.2483,1.2503,344,312,7,5
2024-12-30T09:00:35.000000000Z,2024-12-30T09:00:35.000000000Z,10,1,29307,A,N,0,1.2493,0,0,0,727,6BH5,1.2492,1.2494,49,26,2,1,1.2491,1.2495,40,36,6,6,1.249,1.2496,31,7,7,4,1.2489,1.2497,33,9,1,3,1.2488,1.2498,39,34,5,4,1.2487,1.2499,42,7,5,5,1.2486,1.25,39,12,4,1,1.2485,1.2501,12,25,3,5,1.2484,1.2502,36,48,5,7,1.2483,1.2503,12,39,6,4
2024-12-30T09:00:40.000000000Z,2024-12-30T09:00:40.000000000Z,10,1,29307,A,N,0,1.2494,0,0,0,728,6BH5,1.2493,1.2495,33,8,2,5,1.2492,1.2496,6,11,3,4,1.2491,1.2497,44,30,2,7,1.249,1.2498,41,20,7,4,1.2489,1.2499,44,41,4,3,1.2488,1.25,26,24,3,4,1.2487,1.2501,35,30,5,5,1.2486,1.2502,33,26,1,3,1.2485,1.2503,43,27,1,2,1.2484,1.2504,36,42,6,1
2024-12-30T09:00:45.000000000Z,2024-12-30T09:00:45.000000000Z,10,1,29307,A,N,0,1.2494,0,0,0,729,6BH5,1.2493,1.2495,38,8,7,4,1.2492,1.2496,33,47,1,5,1.2491,1.2497,24,29,2,2,1.249,1.2498,14,43,7,5,1.2489,1.2499,24,42,7,3,1.2488,1.25,40,29,7,2,1.2487,1.2501,45,27,5,3,1.2486,1.2502,23,9,7,3,1.2485,1.2503,43,29,5,4,1.2484,1.2504,23,49,7,2
2024-12-30T09:00:50.000000000Z,2024-12-30T09:00:50.000000000Z,10,1,29307,A,N,0,1.2494,0,0,0,730,6BH5,1.2493,1.2495,39,20,4,3,1.2492,1.2496,27,21,3,3,1.2491,1.2497,23,40,6,3,1.249,1.2498,45,26,2,3,1.2489,1.2499,31,23,7,6,1.2488,1.25,29,10,7,5,1.2487,1.2501,26,8,2,3,1.2486,1.2502,8,47,5,5,1.2485,1.2503,43,36,4,5,1.2484,1.2504,29,34,6,6
2024-12-30T09:00:55.000000000Z,2024-12-30T09:00:55.000000000Z,10,1,29307,A,N,0,1.2494,0,0,0,731,6BH5,1.2493,1.2495,10,33,7,6,1.2492,1.2496,35,10,2,5,1.2491,1.2497,42,42,2,1,1.249,1.2498,47,37,2,7,1.2489,1.2499,7,23,7,6,1.2488,1.25,10,6,7,4,1.2487,1.2501,42,43,1,7,1.2486,1.2502,48,19,7,5,1.2485,1.2503,18,15,3,4,1.2484,1.2504,34,44,7,4
2024-12-30T09:01:00.000000000Z,2024-12-30T09:01:00.000000000Z,10,1,29307,A,N,0,1.2493,0,0,0,732,6BH5,1.2492,1.2494,42,12,3,5,1.2491,1.2495,30,48,2,7,1.249,1.2496,22,43,6,4,1.2489,1.2497,25,27,4,2,1.2488,1.2498,24,23,1,7,1.2487,1.2499,9,38,4,3,1.2486,1.25,7,30,1,1,1.2485,1.2501,20,39,3,1,1.2484,1.2502,48,24,6,3,1.2483,1.2503,7,36,5,6
2024-12-30T09:01:05.000000000Z,2024-12-30T09:01:05.000000000Z,10,1,29307,A,N,0,1.2493,0,0,0,733,6BH5,1.2492,1.2494,23,49,6,3,1.2491,1.2495,40,7,1,5,1.249,1.2496,49,31,2,2,1.2489,1.2497,26,42,7,1,1.2488,1.2498,44,43,5,7,1.2487,1.2499,46,33,4,5,1.2486,1.25,30,42,7,2,1.2485,1.2501,19,49,1,1,1.2484,1.2502,18,49,4,3,1.2483,1.2503,24,25,4,5
2024-12-30T09:01:10.000000000Z,2024-12-30T09:01:10.000000000Z,10,1,29307,A,N,0,1.2492,0,0,0,734,6BH5,1.2491,1.2493,49,37,2,2,1.249,1.2494,37,46,6,1,1.2489,1.2495,5,14,3,1,1.2488,1.2496,35,8,4,5,1.2487,1.2497,27,37,6,4,1.2486,1.2498,19,45,4,2,1.2485,1.2499,31,35,4,6,1.2484,1.25,35,38,4,4,1.2483,1.2501,12,46,3,2,1.2482,1.2502,20,26,2,4
2024-12-30T09:01:15.000000000Z,2024-12-30T09:01:15.000000000Z,10,1,29307,A,N,0,1.2491,0,0,0,735,6BH5,1.249,1.2492,152,392,3,3,1.2489,1.2493,22,25,1,3,1.2488,1.2494,19,7,5,3,1.2487,1.2495,34,10,6,7,1.2486,1.2496,42,42,2,6,1.2485,1.2497,15,26,4,3,1.2484,1.2498,34,47,1,4,1.2483,1.2499,13,49,2,3,1.2482,1.25,47,45,7,2,1.2481,1.2501,31,28,1,4
2024-12-30T09:01:20.000000000Z,2024-12-30T09:01:20.000000000Z,10,1,29307,A,N,0,1.2491,0,0,0,736,6BH5,1.249,1.2492,16,27,4,4,1.2489,1.2493,5,45,3,4,1.2488,1.2494,45,42,5,1,1.2487,1.2495,7,36,3,2,1.2486,1.2496,11,39,6,5,1.2485,1.2497,45,5,4,1,1.2484,1.2498,11,7,4,7,1.2483,1.2499,28,5,6,6,1.2482,1.25,15,7,4,4,1.2481,1.2501,43,19,5,2
2024-12-30T09:01:25.000000000Z,2024-12-30T09:01:25.000000000Z,10,1,29307,A,N,0,1.2491,0,0,0,737,6BH5,1.249,1.2492,34,37,6,6,1.2489,1.2493,224,64,2,4,1.2488,1.2494,8,9,3,1,1.2487,1.2495,35,11,4,2,1.2486,1.2496,25,17,7,7,1.2485,1.2497,13,28,3,2,1.2484,1.2498,5,25,4,4,1.2483,1.2499,18,33,1,7,1.2482,1.25,23,27,7,1,1.2481,1.2501,44,40,2,4
2024-12-30T09:01:30.000000000Z,2024-12-30T09:01:30.000000000Z,10,1,29307,A,N,0,1.249,0,0,0,738,6BH5,1.2489,1.2491,40,30,3,4,1.2488,1.2492,8,48,5,6,1.2487,1.2493,32,23,3,4,1.2486,1.2494,47,18,6,5,1.2485,1.2495,13,44,5,5,1.2484,1.2496,49,47,3,4,1.2483,1.2497,17,30,1,4,1.2482,1.2498,9,11,4,6,1.2481,1.2499,42,9,7,3,1.248,1.25,12,25,6,5
2024-12-30T09:01:35.000000000Z,2024-12-30T09:01:35.000000000Z,10,1,29307,A,N,0,1.2491,0,0,0,739,6BH5,1.249,1.2492,29,49,5,4,1.2489,1.2493,35,11,3,7,1.2488,1.2494,21,39,6,7,1.2487,1.2495,32,43,2,3,1.2486,1.2496,39,26,1,4,1.2485,1.2497,34,35,6,4,1.2484,1.2498,32,9,1,4,1.2483,1.2499,29,17,6,4,1.2482,1.25,49,15,5,1,1.2481,1.2501,26,7,2,3
2024-12-30T09:01:40.000000000Z,2024-12-30T09:01:40.000000000Z,10,1,29307,A,N,0,1.2491,0,0,0,740,6BH5,1.249,1.2492,44,28,4,5,1.2489,1.2493,32,43,2,5,1.2488,1.2494,41,44,2,1,1.2487,1.2495,8,14,5,6,1.2486,1.2496,12,46,5,4,1.2485,1.2497,31,34,2,5,1.2484,1.2498,7,46,3,6,1.2483,1.2499,20,40,4,2,1.2482,1.25,22,43,3,5,1.2481,1.2501,43,6,5,4
2024-12-30T09:01:45.000000000Z,2024-12-30T09:01:45.000000000Z,10,1,29307,A,N,0,1.249,0,0,0,741,6BH5,1.2489,1.2491,6,23,3,5,1.2488,1.2492,26,11,2,6,1.2487,1.2493,29,30,5,4,1.2486,1.2494,16,40,7,1,1.2485,1.2495,14,39,6,1,1.2484,1.2496,31,11,3,1,1.2483,1.2497,37,17,5,2,1.2482,1.2498,9,6,6,4,1.2481,1.2499,39,44,5,6,1.248,1.25,22,21,7,6
2024-12-30T09:01:50.000000000Z,2024-12-30T09:01:50.000000000Z,10,1,29307,A,N,0,1.249,0,0,0,742,6BH5,1.2489,1.2491,42,23,3,5,1.2488,1.2492,32,39,6,5,1.2487,1.2493,168,304,7,1,1.2486,1.2494,240,200,4,4,1.2485,1.2495,46,39,7,2,1.2484,1.2496,9,21,5,6,1.2483,1.2497,29,48,1,2,1.2482,1.2498,23,31,7,2,1.2481,1.2499,20,49,3,7,1.248,1.25,10,41,1,1
2024-12-30T09:01:55.000000000Z,2024-12-30T09:01:55.000000000Z,10,1,29307,A,N,0,1.2491,0,0,0,743,6BH5,1.249,1.2492,7,23,2,4,1.2489,1.2493,44,24,7,3,1.2488,1.2494,8,17,6,5,1.2487,1.2495,6,29,7,4,1.2486,1.2496,42,26,2,7,1.2485,1.2497,46,37,5,6,1.2484,1.2498,17,37,3,6,1.2483,1.2499,26,5,3,4,1.2482,1.25,48,33,5,4,1.2481,1.2501,25,40,4,3
2024-12-30T09:02:00.000000000Z,2024-12-30T09:02:00.000000000Z,10,1,29307,A,N,0,1.2491,0,0,0,744,6BH5,1.249,1.2492,30,45,2,1,1.2489,1.2493,11,26,5,1,1.2488,1.2494,16,48,5,6,1.2487,1.2495,20,45,2,1,1.2486,1.2496,18,32,7,7,1.2485,1.2497,16,17,6,2,1.2484,1.2498,33,34,7,4,1.2483,1.2499,13,42,2,6,1.2482,1.25,31,15,6,3,1.2481,1.2501,5,15,6,2
2024-12-30T09:02:05.000000000Z,2024-12-30T09:02:05.000000000Z,10,1,29307,A,N,0,1.249,0,0,0,745,6BH5,1.2489,1.2491,26,12,7,1,1.2488,1.2492,6,48,4,7,1.2487,1.2493,296,296,1,6,1.2486,1.2494,15,23,5,1,1.2485,1.2495,17,32,6,1,1.2484,1.2496,24,28,1,3,1.2483,1.2497,29,37,1,6,1.2482,1.2498,7,32,5,3,1.2481,1.2499,41,7,7,2,1.248,1.25,6,26,3,3
2024-12-30T09:02:10.000000000Z,2024-12-30T09:02:10.000000000Z,10,1,29307,A,N,0,1.2489,0,0,0,746,6BH5,1.2488,1.249,18,49,5,4,1.2487,1.2491,25,27,4,6,1.2486,1.2492,16,24,2,6,1.2485,1.2493,45,48,1,4,1.2484,1.2494,35,35,4,4,1.2483,1.2495,39,48,4,2,1.2482,1.2496,45,7,7,4,1.2481,1.2497,5,9,5,2,1.248,1.2498,25,41,7,3,1.2479,1.2499,6,34,5,4
2024-12-30T09:02:15.000000000Z,2024-12-30T09:02:15.000000000Z,10,1,29307,A,N,0,1.2489,0,0,0,747,6BH5,1.2488,1.249,9,35,1,7,1.2487,1.2491,280,248,2,5,1.2486,1.2492,9,42,3,6,1.2485,1.2493,25,28,6,1,1.2484,1.2494,6,23,1,5,1.2483,1.2495,37,13,3,1,1.2482,1.2496,31,12,5,7,1.2481,1.2497,48,45,7,5,1.248,1.2498,19,35,4,3,1.2479,1.2499,14,30,2,5
2024-12-30T09:02:20.000000000Z,2024-12-30T09:02:20.000000000Z,10,1,29307,A,N,0,1.2489,0,0,0,748,6BH5,1.2488,1.249,48,36,1,6,1.2487,1.2491,16,48,3,5,1.2486,1.2492,14,28,1,1,1.2485,1.2493,12,47,5,6,1.2484,1.2494,9,15,3,6,1.2483,1.2495,33,9,2,3,1.2482,1.2496,46,48,5,3,1.2481,1.2497,28,16,7,4,1.248,1.2498,23,41,6,7,1.2479,1.2499,26,15,2,2
2024-12-30T09:02:25.000000000Z,2024-12-30T09:02:25.000000000Z,10,1,29307,A,N,0,1.2489,0,0,0,749,6BH5,1.2488,1.249,34,25,1,1,1.2487,1.2491,11,44,4,5,1.2486,1.2492,49,23,4,3,1.2485,1.2493,7,6,2,6,1.2484,1.2494,21,38,2,7,1.2483,1.2495,20,20,7,6,1.2482,1.2496,29,23,3,4,1.2481,1.2497,45,33,3,5,1.248,1.2498,18,37,3,3,1.2479,1.2499,37,10,4,2
2024-12-30T09:02:30.000000000Z,2024-12-30T09:02:30.000000000Z,10,1,29307,A,N,0,1.249,0,0,0,750,6BH5,1.2489,1.2491,240,272,6,5,1.2488,1.2492,37,20,7,5,1.2487,1.2493,26,26,6,6,1.2486,1.2494,37,43,3,1,1.2485,1.2495,39,28,7,4,1.2484,1.2496,27,37,5,2,1.2483,1.2497,30,44,5,5,1.2482,1.2498,6,29,6,5,1.2481,1.2499,26,13,3,1,1.248,1.25,14,34,3,4
2024-12-30T09:02:35.000000000Z,2024-12-30T09:02:35.000000000Z,10,1,29307,A,N,0,1.2489,0,0,0,751,6BH5,1.2488,1.249,34,37,3,2,1.2487,1.2491,27,35,4,7,1.2486,1.2492,49,5,6,2,1.2485,1.2493,8,22,7,1,1.2484,1.2494,9,29,1,2,1.2483,1.2495,21,36,2,1,1.2482,1.2496,49,48,1,4,1.2481,1.2497,24,11,2,2,1.248,1.2498,23,21,7,2,1.2479,1.2499,31,43,6,7
2024-12-30T09:02:40.000000000Z,2024-12-30T09:02:40.000000000Z,10,1,29307,A,N,0,1.249,0,0,0,752,6BH5,1.2489,1.2491,30,18,7,3,1.2488,1.2492,13,27,6,5,1.2487,1.2493,27,14,2,5,1.2486,1.2494,42,42,1,2,1.2485,1.2495,48,46,6,5,1.2484,1.2496,27,13,3,3,1.2483,1.2497,44,32,1,2,1.2482,1.2498,17,34,4,6,1.2481,1.2499,34,49,6,4,1.248,1.25,42,19,7,6
2024-12-30T09:02:45.000000000Z,2024-12-30T09:02:45.000000000Z,10,1,29307,A,N,0,1.2491,0,0,0,753,6BH5,1.249,1.2492,12,40,1,6,1.2489,1.2493,28,25,4,1,1.2488,1.2494,43,48,7,4,1.2487,1.2495,34,32,7,1,1.2486,1.2496,14,29,5,5,1.2485,1.2497,27,40,3,6,1.2484,1.2498,26,22,4,3,1.2483,1.2499,112,328,2,4,1.2482,1.25,15,39,1,7,1.2481,1.2501,23,41,6,4
2024-12-30T09:02:50.000000000Z,2024-12-30T09:02:50.000000000Z,10,1,29307,A,N,0,1.2492,0,0,0,754,6BH5,1.2491,1.2493,7,14,5,4,1.249,1.2494,37,38,4,5,1.2489,1.2495,25,43,5,7,1.2488,1.2496,17,44,1,6,1.2487,1.2497,14,14,2,6,1.2486,1.2498,34,22,3,2,1.2485,1.2499,26,7,6,4,1.2484,1.25,40,15,1,3,1.2483,1.2501,96,144,2,1,1.2482,1.2502,14,36,7,3
2024-12-30T09:02:55.000000000Z,2024-12-30T09:02:55.000000000Z,10,1,29307,A,N,0,1.2493,0,0,0,755,6BH5,1.2492,1.2494,32,8,5,5,1.2491,1.2495,33,27,5,6,1.249,1.2496,39,44,4,6,1.2489,1.2497,6,46,6,3,1.2488,1.2498,13,21,4,6,1.2487,1.2499,45,39,7,4,1.2486,1.25,38,7,1,5,1.2485,1.2501,24,35,1,2,1.2484,1.2502,13,11,1,2,1.2483,1.2503,9,6,4,2
2024-12-30T09:03:00.000000000Z,2024-12-30T09:03:00.000000000Z,10,1,29307,A,N,0,1.2494,0,0,0,756,6BH5,1.2493,1.2495,48,10,6,6,1.2492,1.2496,35,21,3,7,1.2491,1.2497,25,33,3,1,1.249,1.2498,48,38,7,4,1.2489,1.2499,34,21,4,3,1.2488,1.25,44,36,7,6,1.2487,1.2501,46,7,4,1,1.2486,1.2502,17,22,6,2,1.2485,1.2503,25,30,2,5,1.2484,1.2504,20,38,3,3
2024-12-30T09:03:05.000000000Z,2024-12-30T09:03:05.000000000Z,10,1,29307,A,N,0,1.2494,0,0,0,757,6BH5,1.2493,1.2495,34,11,3,6,1.2492,1.2496,19,13,4,4,1.2491,1.2497,20,7,3,7,1.249,1.2498,45,6,6,5,1.2489,1.2499,18,5,6,6,1.2488,1.25,27,18,6,4,1.2487,1.2501,30,26,6,7,1.2486,1.2502,23,35,2,5,1.2485,1.2503,9,25,5,6,1.2484,1.2504,11,19,7,5
2024-12-30T09:03:10.000000000Z,2024-12-30T09:03:10.000000000Z,10,1,29307,A,N,0,1.2494,0,0,0,758,6BH5,1.2493,1.2495,48,6,2,7,1.2492,1.2496,32,26,3,5,1.2491,1.2497,26,29,1,4,1.249,1.2498,35,41,4,1,1.2489,1.2499,10,35,2,4,1.2488,1.25,42,17,4,6,1.2487,1.2501,33,15,6,5,1.2486,1.2502,43,14,2,1,1.2485,1.2503,26,25,6,1,1.2484,1.2504,35,20,4,7
2024-12-30T09:03:15.000000000Z,2024-12-30T09:03:15.000000000Z,10,1,29307,A,N,0,1.2494,0,0,0,759,6BH5,1.2493,1.2495,21,30,4,4,1.2492,1.2496,27,13,2,2,1.2491,1.2497,22,20,5,4,1.249,1.2498,22,48,2,5,1.2489,1.2499,40,160,1,1,1.2488,1.25,39,31,4,7,1.2487,1.2501,18,36,1,5,1.2486,1.2502,6,49,6,5,1.2485,1.2503,21,36,6,1,1.2484,1.2504,11,33,1,7
2024-12-30T09:03:20.000000000Z,2024-12-30T09:03:20.000000000Z,10,1,29307,A,N,0,1.2495,0,0,0,760,6BH5,1.2494,1.2496,33,23,1,5,1.2493,1.2497,30,28,6,5,1.2492,1.2498,14,46,5,1,1.2491,1.2499,32,16,2,7,1.249,1.25,20,24,5,3,1.2489,1.2501,26,18,3,4,1.2488,1.2502,6,26,3,7,1.2487,1.2503,15,47,3,1,1.2486,1.2504,37,23,4,2,1.2485,1.2505,47,16,2,7
2024-12-30T09:03:25.000000000Z,2024-12-30T09:03:25.000000000Z,10,1,29307,A,N,0,1.2495,0,0,0,761,6BH5,1.2494,1.2496,15,20,1,5,1.2493,1.2497,21,49,7,1,1.2492,1.2498,46,5,7,4,1.2491,1.2499,6,5,7,4,1.249,1.25,9,16,6,4,1.2489,1.2501,44,48,1,2,1.2488,1.2502,29,42,6,7,1.2487,1.2503,31,48,3,2,1.2486,1.2504,36,26,5,7,1.2485,1.2505,48,17,5,2
2024-12-30T09:03:30.000000000Z,2024-12-30T09:03:30.000000000Z,10,1,29307,A,N,0,1.2494,0,0,0,762,6BH5,1.2493,1.2495,34,15,2,2,1.2492,1.2496,13,37,2,2,1.2491,1.2497,29,5,5,4,1.249,1.2498,21,44,6,1,1.2489,1.2499,8,18,5,6,1.2488,1.25,64,272,6,6,1.2487,1.2501,10,31,4,7,1.2486,1.2502,14,17,1,6,1.2485,1.2503,34,13,6,2,1.2484,1.2504,24,29,4,6
2024-12-30T09:03:35.000000000Z,2024-12-30T09:03:35.000000000Z,10,1,29307,A,N,0,1.2493,0,0,0,763,6BH5,1.2492,1.2494,16,18,2,6,1.2491,1.2495,18,6,2,5,1.249,1.2496,10,29,3,7,1.2489,1.2497,32,29,3,1,1.2488,1.2498,376,352,7,1,1.2487,1.2499,11,25,3,7,1.2486,1.25,41,39,2,5,1.2485,1.2501,8,34,5,5,1.2484,1.2502,13,21,3,7,1.2483,1.2503,43,17,1,2
2024-12-30T09:03:40.000000000Z,2024-12-30T09:03:40.000000000Z,10,1,29307,A,N,0,1.2494,0,0,0,764,6BH5,1.2493,1.2495,23,21,2,6,1.2492,1.2496,17,22,1,5,1.2491,1.2497,13,34,5,5,1.249,1.2498,12,48,1,4,1.2489,1.2499,38,7,5,2,1.2488,1.25,9,31,1,5,1.2487,1.2501,49,45,2,7,1.2486,1.2502,33,47,4,3,1.2485,1.2503,14,38,1,6,1.2484,1.2504,20,5,5,1
2024-12-30T09:03:45.000000000Z,2024-12-30T09:03:45.000000000Z,10,1,29307,A,N,0,1.2495,0,0,0,765,6BH5,1.2494,1.2496,46,42,3,2,1.2493,1.2497,49,48,2,2,1.2492,1.2498,32,32,6,6,1.2491,1.2499,29,49,3,3,1.249,1.25,15,27,6,2,1.2489,1.2501,27,44,2,6,1.2488,1.2502,24,36,6,6,1.2487,1.2503,34,32,6,2,1.2486,1.2504,38,9,7,3,1.2485,1.2505,48,34,2,3
2024-12-30T09:03:50.000000000Z,2024-12-30T09:03:50.000000000Z,10,1,29307,A,N,0,1.2495,0,0,0,766,6BH5,1.2494,1.2496,40,42,7,3,1.2493,1.2497,18,15,5,2,1.2492,1.2498,31,20,2,1,1.2491,1.2499,13,13,5,4,1.249,1.25,36,33,5,3,1.2489,1.2501,35,31,6,6,1.2488,1.2502,24,15,3,7,1.2487,1.2503,43,27,6,7,1.2486,1.2504,19,35,2,6,1.2485,1.2505,32,32,2,7
2024-12-30T09:03:55.000000000Z,2024-12-30T09:03:55.000000000Z,10,1,29307,A,N,0,1.2494,0,0,0,767,6BH5,1.2493,1.2495,41,18,6,7,1.2492,1.2496,40,22,4,6,1.2491,1.2497,37,26,3,1,1.249,1.2498,240,152,2,3,1.2489,1.2499,18,38,7,1,1.2488,1.25,5,39,2,3,1.2487,1.2501,39,6,3,7,1.2486,1.2502,45,32,2,6,1.2485,1.2503,10,9,6,4,1.2484,1.2504,29,30,7,6
2024-12-30T09:04:00.000000000Z,2024-12-30T09:04:00.000000000Z,10,1,29307,A,N,0,1.2494,0,0,0,768,6BH5,1.2493,1.2495,47,37,5,7,1.2492,1.2496,41,16,5,5,1.2491,1.2497,37,48,6,3,1.249,1.2498,42,34,5,2,1.2489,1.2499,11,5,5,4,1.2488,1.25,7,47,4,7,1.2487,1.2501,49,18,7,6,1.2486,1.2502,20,22,3,1,1.2485,1.2503,37,23,6,3,1.2484,1.2504,7,42,1,1
2024-12-30T09:04:05.000000000Z,2024-12-30T09:04:05.000000000Z,10,1,29307,A,N,0,1.2493,0,0,0,769,6BH5,1.2492,1.2494,40,8,7,7,1.2491,1.2495,26,43,6,1,1.249,1.2496,42,17,5,4,1.2489,1.2497,30,5,1,1,1.2488,1.2498,36,12,3,2,1.2487,1.2499,40,384,6,7,1.2486,1.25,41,20,1,1,1.2485,1.2501,47,6,5,3,1.2484,1.2502,31,35,1,5,1.2483,1.2503,17,23,3,3
2024-12-30T09:04:10.000000000Z,2024-12-30T09:04:10.000000000Z,10,1,29307,A,N,0,1.2493,0,0,0,770,6BH5,1.2492,1.2494,7,25,7,4,1.2491,1.2495,15,8,4,7,1.249,1.2496,12,28,2,7,1.2489,1.2497,31,18,4,5,1.2488,1.2498,39,47,7,6,1.2487,1.2499,36,11,6,3,1.2486,1.25,11,42,5,3,1.2485,1.2501,39,22,1,1,1.2484,1.2502,368,368,1,4,1.2483,1.2503,9,14,7,1
2024-12-30T09:04:15.000000000Z,2024-12-30T09:04:15.000000000Z,10,1,29307,A,N,0,1.2493,0,0,0,771,6BH5,1.2492,1.2494,40,43,3,7,1.2491,1.2495,30,31,6,3,1.249,1.2496,12,21,5,2,1.2489,1.2497,40,7,3,2,1.2488,1.2498,38,9,1,5,1.2487,1.2499,20,18,6,3,1.2486,1.25,49,16,1,3,1.2485,1.2501,33,27,1,6,1.2484,1.2502,20,35,3,5,1.2483,1.2503,9,24,7,2
2024-12-30T09:04:20.000000000Z,2024-12-30T09:04:20.000000000Z,10,1,29307,A,N,0,1.2494,0,0,0,772,6BH5,1.2493,1.2495,36,46,1,7,1.2492,1.2496,31,14,7,1,1.2491,1.2497,41,39,7,7,1.249,1.2498,40,27,5,5,1.2489,1.2499,43,43,2,5,1.2488,1.25,47,5,4,3,1.2487,1.2501,44,49,4,7,1.2486,1.2502,38,9,5,2,1.2485,1.2503,11,5,1,7,1.2484,1.2504,31,21,6,1
2024-12-30T09:04:25.000000000Z,2024-12-30T09:04:25.000000000Z,10,1,29307,A,N,0,1.2494,0,0,0,773,6BH5,1.2493,1.2495,19,46,4,4,1.2492,1.2496,9,6,6,6,1.2491,1.2497,21,16,2,1,1.249,1.2498,11,28,2,3,1.2489,1.2499,30,35,2,2,1.2488,1.25,46,26,1,5,1.2487,1.2501,45,7,2,7,1.2486,1.2502,46,8,2,3,1.2485,1.2503,26,10,6,1,1.2484,1.2504,11,28,3,6
2024-12-30T09:04:30.000000000Z,2024-12-30T09:04:30.000000000Z,10,1,29307,A,N,0,1.2494,0,0,0,774,6BH5,1.2493,1.2495,19,48,1,7,1.2492,1.2496,248,320,7,5,1.2491,1.2497,15,8,2,1,1.249,1.2498,28,38,4,3,1.2489,1.2499,27,44,4,3,1.2488,1.25,7,36,2,7,1.2487,1.2501,35,5,4,6,1.2486,1.2502,40,33,1,7,1.2485,1.2503,21,49,1,6,1.2484,1.2504,23,9,2,1
2024-12-30T09:04:35.000000000Z,2024-12-30T09:04:35.000000000Z,10,1,29307,A,N,0,1.2495,0,0,0,775,6BH5,1.2494,1.2496,48,30,5,5,1.2493,1.2497,28,25,6,6,1.2492,1.2498,34,14,3,7,1.2491,1.2499,6,17,3,5,1.249,1.25,12,9,4,3,1.2489,1.2501,47,38,4,6,1.2488,1.2502,22,21,6,6,1.2487,1.2503,22,30,7,7,1.2486,1.2504,32,24,4,4,1.2485,1.2505,38,15,7,3
2024-12-30T09:04:40.000000000Z,2024-12-30T09:04:40.000000000Z,10,1,29307,A,N,0,1.2495,0,0,0,776,6BH5,1.2494,1.2496,15,6,6,4,1.2493,1.2497,44,32,7,2,1.2492,1.2498,26,33,5,6,1.2491,1.2499,42,6,4,7,1.249,1.25,16,49,7,1,1.2489,1.2501,47,13,6,4,1.2488,1.2502,22,47,5,4,1.2487,1.2503,36,25,7,1,1.2486,1.2504,216,296,1,4,1.2485,1.2505,42,8,3,5
2024-12-30T09:04:45.000000000Z,2024-12-30T09:04:45.000000000Z,10,1,29307,A,N,0,1.2494,0,0,0,777,6BH5,1.2493,1.2495,23,28,3,7,1.2492,1.2496,5,22,7,1,1.2491,1.2497,28,15,4,5,1.249,1.2498,8,30,4,3,1.2489,1.2499,7,29,2,1,1.2488,1.25,35,40,3,3,1.2487,1.2501,20,12,3,5,1.2486,1.2502,22,12,1,4,1.2485,1.2503,24,34,3,1,1.2484,1.2504,9,18,3,6
2024-12-30T09:04:50.000000000Z,2024-12-30T09:04:50.000000000Z,10,1,29307,A,N,0,1.2494,0,0,0,778,6BH5,1.2493,1.2495,29,43,2,4,1.2492,1.2496,30,25,3,2,1.2491,1.2497,5,31,6,4,1.249,1.2498,45,39,6,6,1.2489,1.2499,40,14,4,1,1.2488,1.25,21,16,4,1,1.2487,1.2501,30,44,6,7,1.2486,1.2502,37,12,5,2,1.2485,1.2503,28,28,4,7,1.2484,1.2504,46,20,6,4
2024-12-30T09:04:55.000000000Z,2024-12-30T09:04:55.000000000Z,10,1,29307,A,N,0,1.2495,0,0,0,779,6BH5,1.2494,1.2496,28,34,4,7,1.2493,1.2497,17,41,2,5,1.2492,1.2498,22,44,1,1,1.2491,1.2499,10,15,7,6,1.249,1.25,15,12,5,3,1.2489,1.2501,48,240,4,7,1.2488,1.2502,40,20,6,2,1.2487,1.2503,15,48,6,5,1.2486,1.2504,41,43,4,4,1.2485,1.2505,10,38,1,4
2024-12-30T09:05:00.000000000Z,2024-12-30T09:05:00.000000000Z,10,1,29307,A,N,0,1.2495,0,0,0,780,6BH5,1.2494,1.2496,48,34,1,2,1.2493,1.2497,40,9,4,3,1.2492,1.2498,30,23,4,3,1.2491,1.2499,13,24,3,7,1.249,1.25,9,14,1,1,1.2489,1.2501,36,12,6,5,1.2488,1.2502,26,32,7,2,1.2487,1.2503,35,45,2,1,1.2486,1.2504,25,10,5,2,1.2485,1.2505,27,7,1,6
2024-12-30T09:05:05.000000000Z,2024-12-30T09:05:05.000000000Z,10,1,29307,A,N,0,1.2495,0,0,0,781,6BH5,1.2494,1.2496,29,20,1,2,1.2493,1.2497,7,9,7,3,1.2492,1.2498,26,30,2,1,1.2491,1.2499,9,42,5,4,1.249,1.25,35,26,1,7,1.2489,1.2501,21,45,6,2,1.2488,1.2502,7,17,6,4,1.2487,1.2503,29,41,5,3,1.2486,1.2504,23,12,6,3,1.2485,1.2505,42,23,5,4
2024-12-30T09:05:10.000000000Z,2024-12-30T09:05:10.000000000Z,10,1,29307,A,N,0,1.2496,0,0,0,782,6BH5,1.2495,1.2497,21,24,6,6,1.2494,1.2498,42,32,2,7,1.2493,1.2499,36,29,3,6,1.2492,1.25,37,9,5,5,1.2491,1.2501,21,33,3,6,1.249,1.2502,5,19,3,2,1.2489,1.2503,49,30,6,4,1.2488,1.2504,16,27,2,3,1.2487,1.2505,9,49,2,5,1.2486,1.2506,10,20,7,7
2024-12-30T09:05:15.000000000Z,2024-12-30T09:05:15.000000000Z,10,1,29307,A,N,0,1.2497,0,0,0,783,6BH5,1.2496,1.2498,24,29,3,5,1.2495,1.2499,7,38,4,3,1.2494,1.25,26,8,7,2,1.2493,1.2501,11,49,2,2,1.2492,1.2502,35,40,1,1,1.2491,1.2503,35,31,2,1,1.249,1.2504,5,23,1,4,1.2489,1.2505,5,16,7,2,1.2488,1.2506,5,5,5,3,1.2487,1.2507,9,39,3,4
2024-12-30T09:05:20.000000000Z,2024-12-30T09:05:20.000000000Z,10,1,29307,A,N,0,1.2497,0,0,0,784,6BH5,1.2496,1.2498,43,25,4,6,1.2495,1.2499,24,47,6,6,1.2494,1.25,47,36,4,1,1.2493,1.2501,8,11,2,4,1.2492,1.2502,28,25,1,1,1.2491,1.2503,192,256,6,2,1.249,1.2504,42,21,3,7,1.2489,1.2505,44,49,5,2,1.2488,1.2506,10,36,6,5,1.2487,1.2507,20,21,3,5
2024-12-30T09:05:25.000000000Z,2024-12-30T09:05:25.000000000Z,10,1,29307,A,N,0,1.2498,0,0,0,785,6BH5,1.2497,1.2499,39,12,3,5,1.2496,1.25,18,27,4,1,1.2495,1.2501,27,40,4,2,1.2494,1.2502,33,44,4,1,1.2493,1.2503,40,21,2,1,1.2492,1.2504,168,368,4,6,1.2491,1.2505,49,31,3,5,1.249,1.2506,38,7,5,3,1.2489,1.2507,45,14,5,6,1.2488,1.2508,5,5,6,5
2024-12-30T09:05:30.000000000Z,2024-12-30T09:05:30.000000000Z,10,1,29307,A,N,0,1.2499,0,0,0,786,6BH5,1.2498,1.25,23,39,6,2,1.2497,1.2501,46,49,3,2,1.2496,1.2502,208,392,5,6,1.2495,1.2503,19,33,6,3,1.2494,1.2504,37,27,5,7,1.2493,1.2505,21,36,5,7,1.2492,1.2506,7,29,1,6,1.2491,1.2507,7,24,4,6,1.249,1.2508,45,5,6,5,1.2489,1.2509,22,42,6,3
2024-12-30T09:05:35.000000000Z,2024-12-30T09:05:35.000000000Z,10,1,29307,A,N,0,1.25,0,0,0,787,6BH5,1.2499,1.2501,13,5,2,5,1.2498,1.2502,120,72,5,6,1.2497,1.2503,16,47,7,7,1.2496,1.2504,296,184,5,4,1.2495,1.2505,25,23,1,3,1.2494,1.2506,49,26,3,5,1.2493,1.2507,29,39,5,5,1.2492,1.2508,18,17,2,2,1.2491,1.2509,10,46,5,5,1.249,1.251,12,6,7,6
2024-12-30T09:05:40.000000000Z,2024-12-30T09:05:40.000000000Z,10,1,29307,A,N,0,1.2501,0,0,0,788,6BH5,1.25,1.2502,19,34,4,1,1.2499,1.2503,25,42,7,1,1.2498,1.2504,18,11,6,3,1.2497,1.2505,20,36,2,3,1.2496,1.2506,33,38,1,2,1.2495,1.2507,40,36,5,3,1.2494,1.2508,31,6,1,6,1.2493,1.2509,18,14,7,7,1.2492,1.251,24,15,5,7,1.2491,1.2511,21,41,4,4
2024-12-30T09:05:45.000000000Z,2024-12-30T09:05:45.000000000Z,10,1,29307,A,N,0,1.2501,0,0,0,789,6BH5,1.25,1.2502,38,49,7,5,1.2499,1.2503,48,37,2,4,1.2498,1.2504,14,43,7,3,1.2497,1.2505,40,37,4,3,1.2496,1.2506,33,48,5,4,1.2495,1.2507,46,25,4,5,1.2494,1.2508,34,21,5,2,1.2493,1.2509,8,43,1,5,1.2492,1.251,33,41,4,7,1.2491,1.2511,40,36,5,4
2024-12-30T09:05:50.000000000Z,2024-12-30T09:05:50.000000000Z,10,1,29307,A,N,0,1.2501,0,0,0,790,6BH5,1.25,1.2502,43,26,1,7,1.2499,1.2503,72,112,3,2,1.2498,1.2504,26,28,5,4,1.2497,1.2505,20,6,7,1,1.2496,1.2506,30,34,7,2,1.2495,1.2507,10,5,3,4,1.2494,1.2508,30,35,7,1,1.2493,1.2509,43,21,3,4,1.2492,1.251,15,32,6,4,1.2491,1.2511,184,48,4,3
2024-12-30T09:05:55.000000000Z,2024-12-30T09:05:55.000000000Z,10,1,29307,A,N,0,1.25,0,0,0,791,6BH5,1.2499,1.2501,7,46,5,5,1.2498,1.2502,17,29,6,4,1.2497,1.2503,26,45,5,4,1.2496,1.2504,36,34,7,1,1.2495,1.2505,37,32,2,6,1.2494,1.2506,17,25,1,7,1.2493,1.2507,48,44,4,5,1.2492,1.2508,22,42,4,7,1.2491,1.2509,40,42,2,2,1.249,1.251,35,46,5,4
2024-12-30T09:06:00.000000000Z,2024-12-30T09:06:00.000000000Z,10,1,29307,A,N,0,1.25,0,0,0,792,6BH5,1.2499,1.2501,34,11,3,1,1.2498,1.2502,12,14,7,1,1.2497,1.2503,48,47,1,6,1.2496,1.2504,39,23,4,3,1.2495,1.2505,8,30,3,4,1.2494,1.2506,40,45,6,3,1.2493,1.2507,20,20,6,4,1.2492,1.2508,43,28,4,7,1.2491,1.2509,13,25,3,6,1.249,1.251,10,47,7,2
2024-12-30T09:06:05.000000000Z,2024-12-30T09:06:05.000000000Z,10,1,29307,A,N,0,1.2501,0,0,0,793,6BH5,1.25,1.2502,26,38,4,5,1.2499,1.2503,13,22,6,7,1.2498,1.2504,46,34,3,6,1.2497,1.2505,44,10,3,6,1.2496,1.2506,26,43,5,3,1.2495,1.2507,46,29,6,1,1.2494,1.2508,34,49,4,5,1.2493,1.2509,44,16,1,6,1.2492,1.251,48,37,4,3,1.2491,1.2511,10,49,4,7
2024-12-30T09:06:10.000000000Z,2024-12-30T09:06:10.000000000Z,10,1,29307,A,N,0,1.2502,0,0,0,794,6BH5,1.2501,1.2503,19,10,6,5,1.25,1.2504,46,45,6,6,1.2499,1.2505,43,21,7,1,1.2498,1.2506,27,43,1,2,1.2497,1.2507,44,13,7,3,1.2496,1.2508,26,22,2,6,1.2495,1.2509,19,46,7,1,1.2494,1.251,18,35,1,6,1.2493,1.2511,39,38,3,7,1.2492,1.2512,31,49,7,2
2024-12-30T09:06:15.000000000Z,2024-12-30T09:06:15.000000000Z,10,1,29307,A,N,0,1.2502,0,0,0,795,6BH5,1.2501,1.2503,45,9,5,7,1.25,1.2504,49,5,1,2,1.2499,1.2505,41,48,4,5,1.2498,1.2506,48,41,6,6,1.2497,1.2507,112,328,3,2,1.2496,1.2508,14,15,7,3,1.2495,1.2509,27,16,6,6,1.2494,1.251,184,232,3,5,1.2493,1.2511,33,47,1,7,1.2492,1.2512,27,9,5,5
2024-12-30T09:06:20.000000000Z,2024-12-30T09:06:20.000000000Z,10,1,29307,A,N,0,1.2502,0,0,0,796,6BH5,1.2501,1.2503,39,21,6,2,1.25,1.2504,27,46,2,3,1.2499,1.2505,13,18,7,2,1.2498,1.2506,31,12,6,7,1.2497,1.2507,30,45,3,7,1.2496,1.2508,23,46,2,6,1.2495,1.2509,176,176,6,1,1.2494,1.251,48,35,1,2,1.2493,1.2511,23,29,7,5,1.2492,1.2512,38,12,1,3
2024-12-30T09:06:25.000000000Z,2024-12-30T09:06:25.000000000Z,10,1,29307,A,N,0,1.2502,0,0,0,797,6BH5,1.2501,1.2503,22,14,1,4,1.25,1.2504,9,27,3,7,1.2499,1.2505,31,11,1,5,1.2498,1.2506,10,13,5,6,1.2497,1.2507,13,15,3,3,1.2496,1.2508,7,49,3,5,1.2495,1.2509,5,44,6,1,1.2494,1.251,33,35,5,2,1.2493,1.2511,33,41,2,1,1.2492,1.2512,28,6,3,3
2024-12-30T09:06:30.000000000Z,2024-12-30T09:06:30.000000000Z,10,1,29307,A,N,0,1.2502,0,0,0,798,6BH5,1.2501,1.2503,28,16,2,6,1.25,1.2504,23,36,3,1,1.2499,1.2505,49,16,3,2,1.2498,1.2506,15,44,2,4,1.2497,1.2507,43,35,3,4,1.2496,1.2508,34,46,3,6,1.2495,1.2509,5,48,7,5,1.2494,1.251,28,44,5,2,1.2493,1.2511,38,42,5,5,1.2492,1.2512,44,9,4,5
2024-12-30T09:06:35.000000000Z,2024-12-30T09:06:35.000000000Z,10,1,29307,A,N,0,1.2503,0,0,0,799,6BH5,1.2502,1.2504,32,45,2,6,1.2501,1.2505,13,14,1,4,1.25,1.2506,7,33,5,3,1.2499,1.2507,31,23,2,7,1.2498,1.2508,31,34,4,5,1.2497,1.2509,17,45,4,2,1.2496,1.251,10,30,3,2,1.2495,1.2511,25,14,5,2,1.2494,1.2512,25,38,5,6,1.2493,1.2513,20,22,3,1
2024-12-30T09:06:40.000000000Z,2024-12-30T09:06:40.000000000Z,10,1,29307,A,N,0,1.2503,0,0,0,800,6BH5,1.2502,1.2504,15,40,4,6,1.2501,1.2505,44,28,2,6,1.25,1.2506,12,16,2,1,1.2499,1.2507,48,9,5,3,1.2498,1.2508,46,34,4,6,1.2497,1.2509,224,248,3,4,1.2496,1.251,32,22,2,5,1.2495,1.2511,24,29,4,7,1.2494,1.2512,13,46,7,1,1.2493,1.2513,44,32,2,1
2024-12-30T09:06:45.000000000Z,2024-12-30T09:06:45.000000000Z,10,1,29307,A,N,0,1.2502,0,0,0,801,6BH5,1.2501,1.2503,22,31,4,3,1.25,1.2504,10,20,7,4,1.2499,1.2505,15,26,7,3,1.2498,1.2506,30,11,3,5,1.2497,1.2507,44,23,6,4,1.2496,1.2508,23,40,6,7,1.2495,1.2509,22,24,4,2,1.2494,1.251,44,15,7,6,1.2493,1.2511,216,80,3,7,1.2492,1.2512,32,11,6,3
2024-12-30T09:06:50.000000000Z,2024-12-30T09:06:50.000000000Z,10,1,29307,A,N,0,1.2502,0,0,0,802,6BH5,1.2501,1.2503,36,33,2,1,1.25,1.2504,14,14,5,4,1.2499,1.2505,19,13,1,3,1.2498,1.2506,48,16,3,5,1.2497,1.2507,9,42,6,3,1.2496,1.2508,16,26,5,4,1.2495,1.2509,8,47,3,2,1.2494,1.251,39,8,1,5,1.2493,1.2511,25,36,1,5,1.2492,1.2512,35,29,1,5
2024-12-30T09:06:55.000000000Z,2024-12-30T09:06:55.000000000Z,10,1,29307,A,N,0,1.2501,0,0,0,803,6BH5,1.25,1.2502,32,7,2,1,1.2499,1.2503,17,38,4,6,1.2498,1.2504,18,36,6,3,1.2497,1.2505,12,39,3,1,1.2496,1.2506,44,21,1,3,1.2495,1.2507,208,328,3,6,1.2494,1.2508,19,16,6,7,1.2493,1.2509,46,20,1,5,1.2492,1.251,18,22,4,3,1.2491,1.2511,30,19,4,3
2024-12-30T09:07:00.000000000Z,2024-12-30T09:07:00.000000000Z,10,1,29307,A,N,0,1.2502,0,0,0,804,6BH5,1.2501,1.2503,21,18,2,7,1.25,1.2504,28,44,5,3,1.2499,1.2505,40,8,7,2,1.2498,1.2506,44,45,5,1,1.2497,1.2507,15,20,5,4,1.2496,1.2508,43,6,2,1,1.2495,1.2509,27,26,3,2,1.2494,1.251,49,36,1,7,1.2493,1.2511,22,26,5,6,1.2492,1.2512,10,31,6,7
2024-12-30T09:07:05.000000000Z,2024-12-30T09:07:05.000000000Z,10,1,29307,A,N,0,1.2502,0,0,0,805,6BH5,1.2501,1.2503,45,20,7,1,1.25,1.2504,33,27,5,5,1.2499,1.2505,33,11,7,7,1.2498,1.2506,26,20,4,4,1.2497,1.2507,18,25,3,4,1.2496,1.2508,40,18,2,2,1.2495,1.2509,23,40,3,5,1.2494,1.251,30,39,7,4,1.2493,1.2511,9,47,5,7,1.2492,1.2512,21,38,4,4
2024-12-30T09:07:10.000000000Z,2024-12-30T09:07:10.000000000Z,10,1,29307,A,N,0,1.2503,0,0,0,806,6BH5,1.2502,1.2504,14,25,1,4,1.2501,1.2505,11,16,3,6,1.25,1.2506,31,24,6,7,1.2499,1.2507,32,47,2,3,1.2498,1.2508,17,43,4,6,1.2497,1.2509,42,29,3,1,1.2496,1.251,49,8,2,2,1.2495,1.2511,288,256,5,2,1.2494,1.2512,25,18,5,2,1.2493,1.2513,6,5,6,1
2024-12-30T09:07:15.000000000Z,2024-12-30T09:07:15.000000000Z,10,1,29307,A,N,0,1.2502,0,0,0,807,6BH5,1.2501,1.2503,34,13,5,5,1.25,1.2504,19,7,1,4,1.2499,1.2505,25,38,3,1,1.2498,1.2506,29,17,3,4,1.2497,1.2507,16,29,7,1,1.2496,1.2508,6,13,3,4,1.2495,1.2509,18,16,3,6,1.2494,1.251,7,26,1,7,1.2493,1.2511,7,35,5,6,1.2492,1.2512,22,11,4,5
2024-12-30T09:07:20.000000000Z,2024-12-30T09:07:20.000000000Z,10,1,29307,A,N,0,1.2501,0,0,0,808,6BH5,1.25,1.2502,40,45,1,4,1.2499,1.2503,45,13,6,5,1.2498,1.2504,37,8,1,5,1.2497,1.2505,5,19,6,3,1.2496,1.2506,37,44,6,7,1.2495,1.2507,16,22,3,4,1.2494,1.2508,5,29,4,1,1.2493,1.2509,37,30,3,4,1.2492,1.251,20,18,4,7,1.2491,1.2511,45,18,6,5
2024-12-30T09:07:25.000000000Z,2024-12-30T09:07:25.000000000Z,10,1,29307,A,N,0,1.2501,0,0,0,809,6BH5,1.25,1.2502,31,44,4,1,1.2499,1.2503,47,43,7,1,1.2498,1.2504,34,41,5,4,1.2497,1.2505,19,29,5,2,1.2496,1.2506,11,16,1,7,1.2495,1.2507,29,43,2,7,1.2494,1.2508,36,19,7,7,1.2493,1.2509,48,80,4,7,1.2492,1.251,26,41,3,5,1.2491,1.2511,12,24,3,3
2024-12-30T09:07:30.000000000Z,2024-12-30T09:07:30.000000000Z,10,1,29307,A,N,0,1.2502,0,0,0,810,6BH5,1.2501,1.2503,29,23,5,2,1.25,1.2504,48,6,7,3,1.2499,1.2505,15,44,6,5,1.2498,1.2506,42,24,5,6,1.2497,1.2507,11,9,6,5,1.2496,1.2508,46,5,7,4,1.2495,1.2509,17,43,3,5,1.2494,1.251,10,19,5,5,1.2493,1.2511,21,11,7,5,1.2492,1.2512,22,6,6,4
2024-12-30T09:07:35.000000000Z,2024-12-30T09:07:35.000000000Z,10,1,29307,A,N,0,1.2502,0,0,0,811,6BH5,1.2501,1.2503,43,26,3,6,1.25,1.2504,10,41,4,6,1.2499,1.2505,41,9,3,5,1.2498,1.2506,41,38,1,5,1.2497,1.2507,30,16,4,7,1.2496,1.2508,19,12,4,7,1.2495,1.2509,38,24,1,5,1.2494,1.251,42,7,2,5,1.2493,1.2511,16,48,7,2,1.2492,1.2512,41,36,6,3
2024-12-30T09:07:40.000000000Z,2024-12-30T09:07:40.000000000Z,10,1,29307,A,N,0,1.2501,0,0,0,812,6BH5,1.25,1.2502,16,18,1,2,1.2499,1.2503,28,24,3,4,1.2498,1.2504,11,5,7,6,1.2497,1.2505,72,352,5,2,1.2496,1.2506,35,49,6,3,1.2495,1.2507,35,45,5,4,1.2494,1.2508,25,38,6,5,1.2493,1.2509,42,44,1,3,1.2492,1.251,23,11,7,6,1.2491,1.2511,208,216,2,2
2024-12-30T09:07:45.000000000Z,2024-12-30T09:07:45.000000000Z,10,1,29307,A,N,0,1.25,0,0,0,813,6BH5,1.2499,1.2501,46,46,2,7,1.2498,1.2502,29,44,2,1,1.2497,1.2503,25,44,4,5,1.2496,1.2504,24,22,4,3,1.2495,1.2505,26,47,6,2,1.2494,1.2506,64,160,6,7,1.2493,1.2507,24,9,7,3,1.2492,1.2508,9,18,4,6,1.2491,1.2509,33,33,2,6,1.249,1.251,26,8,5,1
2024-12-30T09:07:50.000000000Z,2024-12-30T09:07:50.000000000Z,10,1,29307,A,N,0,1.25,0,0,0,814,6BH5,1.2499,1.2501,17,27,3,2,1.2498,1.2502,27,8,2,5,1.2497,1.2503,41,10,7,5,1.2496,1.2504,40,9,4,3,1.2495,1.2505,49,5,5,7,1.2494,1.2506,46,14,1,7,1.2493,1.2507,34,31,1,7,1.2492,1.2508,11,37,5,4,1.2491,1.2509,38,7,6,2,1.249,1.251,21,16,4,5
2024-12-30T09:07:55.000000000Z,2024-12-30T09:07:55.000000000Z,10,1,29307,A,N,0,1.2499,0,0,0,815,6BH5,1.2498,1.25,20,22,7,5,1.2497,1.2501,13,20,3,5,1.2496,1.2502,24,46,6,7,1.2495,1.2503,26,5,5,3,1.2494,1.2504,9,44,5,2,1.2493,1.2505,49,35,7,2,1.2492,1.2506,7,48,4,2,1.2491,1.2507,42,28,5,3,1.249,1.2508,29,10,1,1,1.2489,1.2509,21,25,3,4
2024-12-30T09:08:00.000000000Z,2024-12-30T09:08:00.000000000Z,10,1,29307,A,N,0,1.2499,0,0,0,816,6BH5,1.2498,1.25,17,22,6,7,1.2497,1.2501,7,21,7,1,1.2496,1.2502,29,12,7,3,1.2495,1.2503,33,16,4,7,1.2494,1.2504,26,35,5,1,1.2493,1.2505,34,19,7,1,1.2492,1.2506,21,48,5,6,1.2491,1.2507,19,43,2,6,1.249,1.2508,14,32,5,1,1.2489,1.2509,42,23,7,4
2024-12-30T09:08:05.000000000Z,2024-12-30T09:08:05.000000000Z,10,1,29307,A,N,0,1.2499,0,0,0,817,6BH5,1.2498,1.25,28,32,5,5,1.2497,1.2501,25,28,7,5,1.2496,1.2502,8,7,5,5,1.2495,1.2503,13,5,6,4,1.2494,1.2504,40,49,7,3,1.2493,1.2505,29,30,3,4,1.2492,1.2506,5,30,1,3,1.2491,1.2507,46,42,2,6,1.249,1.2508,44,49,6,1,1.2489,1.2509,47,38,1,2
2024-12-30T09:08:10.000000000Z,2024-12-30T09:08:10.000000000Z,10,1,29307,A,N,0,1.2498,0,0,0,818,6BH5,1.2497,1.2499,41,43,7,4,1.2496,1.25,10,49,6,1,1.2495,1.2501,35,12,1,3,1.2494,1.2502,34,22,5,6,1.2493,1.2503,35,37,7,6,1.2492,1.2504,34,20,6,3,1.2491,1.2505,32,10,5,6,1.249,1.2506,5,18,3,7,1.2489,1.2507,19,23,6,1,1.2488,1.2508,41,30,3,1
2024-12-30T09:08:15.000000000Z,2024-12-30T09:08:15.000000000Z,10,1,29307,A,N,0,1.2497,0,0,0,819,6BH5,1.2496,1.2498,44,12,5,4,1.2495,1.2499,36,38,3,1,1.2494,1.25,6,23,7,1,1.2493,1.2501,12,7,7,7,1.2492,1.2502,32,26,3,2,1.2491,1.2503,40,18,1,6,1.249,1.2504,18,19,5,2,1.2489,1.2505,47,49,4,3,1.2488,1.2506,49,19,3,7,1.2487,1.2507,23,22,1,2
2024-12-30T09:08:20.000000000Z,2024-12-30T09:08:20.000000000Z,10,1,29307,A,N,0,1.2496,0,0,0,820,6BH5,1.2495,1.2497,40,20,3,7,1.2494,1.2498,13,44,6,6,1.2493,1.2499,42,10,4,5,1.2492,1.25,25,34,4,4,1.2491,1.2501,5,31,4,5,1.249,1.2502,88,344,6,4,1.2489,1.2503,15,22,4,2,1.2488,1.2504,9,6,2,2,1.2487,1.2505,20,29,6,6,1.2486,1.2506,16,13,1,2
2024-12-30T09:08:25.000000000Z,2024-12-30T09:08:25.000000000Z,10,1,29307,A,N,0,1.2497,0,0,0,821,6BH5,1.2496,1.2498,35,45,7,1,1.2495,1.2499,29,37,3,7,1.2494,1.25,15,35,7,4,1.2493,1.2501,48,8,6,5,1.2492,1.2502,14,6,1,1,1.2491,1.2503,46,27,1,3,1.249,1.2504,29,8,4,3,1.2489,1.2505,7,16,7,4,1.2488,1.2506,45,46,7,3,1.2487,1.2507,26,19,4,1
2024-12-30T09:08:30.000000000Z,2024-12-30T09:08:30.000000000Z,10,1,29307,A,N,0,1.2497,0,0,0,822,6BH5,1.2496,1.2498,29,47,3,5,1.2495,1.2499,40,35,7,6,1.2494,1.25,47,35,4,5,1.2493,1.2501,49,25,3,3,1.2492,1.2502,39,37,4,1,1.2491,1.2503,17,34,2,1,1.249,1.2504,35,23,3,2,1.2489,1.2505,200,48,5,7,1.2488,1.2506,34,32,2,6,1.2487,1.2507,49,23,4,1
2024-12-30T09:08:35.000000000Z,2024-12-30T09:08:35.000000000Z,10,1,29307,A,N,0,1.2498,0,0,0,823,6BH5,1.2497,1.2499,38,40,5,3,1.2496,1.25,45,47,2,3,1.2495,1.2501,47,42,2,7,1.2494,1.2502,9,46,6,2,1.2493,1.2503,27,6,2,4,1.2492,1.2504,46,36,1,7,1.2491,1.2505,48,35,7,3,1.249,1.2506,38,29,4,7,1.2489,1.2507,29,42,5,2,1.2488,1.2508,41,49,6,1
2024-12-30T09:08:40.000000000Z,2024-12-30T09:08:40.000000000Z,10,1,29307,A,N,0,1.2497,0,0,0,824,6BH5,1.2496,1.2498,35,23,3,4,1.2495,1.2499,21,6,3,1,1.2494,1.25,33,23,4,3,1.2493,1.2501,38,18,3,1,1.2492,1.2502,21,12,6,1,1.2491,1.2503,47,44,5,7,1.249,1.2504,34,30,6,3,1.2489,1.2505,8,9,2,7,1.2488,1.2506,392,64,4,5,1.2487,1.2507,9,9,1,1
2024-12-30T09:08:45.000000000Z,2024-12-30T09:08:45.000000000Z,10,1,29307,A,N,0,1.2498,0,0,0,825,6BH5,1.2497,1.2499,31,8,1,3,1.2496,1.25,20,27,4,5,1.2495,1.2501,40,49,2,5,1.2494,1.2502,34,47,4,6,1.2493,1.2503,22,24,4,3,1.2492,1.2504,21,32,4,6,1.2491,1.2505,22,10,4,2,1.249,1.2506,21,35,2,4,1.2489,1.2507,31,7,6,4,1.2488,1.2508,33,12,1,2
2024-12-30T09:08:50.000000000Z,2024-12-30T09:08:50.000000000Z,10,1,29307,A,N,0,1.2497,0,0,0,826,6BH5,1.2496,1.2498,43,14,6,6,1.2495,1.2499,40,24,4,7,1.2494,1.25,36,41,5,3,1.2493,1.2501,9,28,7,3,1.2492,1.2502,44,12,5,5,1.2491,1.2503,18,9,5,1,1.249,1.2504,47,48,4,6,1.2489,1.2505,42,41,2,5,1.2488,1.2506,7,47,4,2,1.2487,1.2507,49,23,7,6
2024-12-30T09:08:55.000000000Z,2024-12-30T09:08:55.000000000Z,10,1,29307,A,N,0,1.2497,0,0,0,827,6BH5,1.2496,1.2498,29,17,4,1,1.2495,1.2499,13,49,3,5,1.2494,1.25,10,33,6,6,1.2493,1.2501,10,43,1,7,1.2492,1.2502,49,10,5,2,1.2491,1.2503,8,44,3,7,1.249,1.2504,23,43,4,5,1.2489,1.2505,32,13,5,4,1.2488,1.2506,34,6,6,6,1.2487,1.2507,88,384,5,7
2024-12-30T09:09:00.000000000Z,2024-12-30T09:09:00.000000000Z,10,1,29307,A,N,0,1.2498,0,0,0,828,6BH5,1.2497,1.2499,25,27,6,6,1.2496,1.25,49,17,3,3,1.2495,1.2501,6,34,4,2,1.2494,1.2502,33,26,1,2,1.2493,1.2503,23,20,1,2,1.2492,1.2504,31,47,3,3,1.2491,1.2505,18,46,5,7,1.249,1.2506,42,33,3,2,1.2489,1.2507,19,36,3,6,1.2488,1.2508,45,18,3,6
2024-12-30T09:09:05.000000000Z,2024-12-30T09:09:05.000000000Z,10,1,29307,A,N,0,1.2499,0,0,0,829,6BH5,1.2498,1.25,18,40,6,7,1.2497,1.2501,45,47,7,6,1.2496,1.2502,49,18,2,3,1.2495,1.2503,6,38,1,5,1.2494,1.2504,9,33,3,6,1.2493,1.2505,37,24,5,3,1.2492,1.2506,41,46,1,6,1.2491,1.2507,33,39,1,6,1.249,1.2508,8,47,4,4,1.2489,1.2509,12,14,7,5
2024-12-30T09:09:10.000000000Z,2024-12-30T09:09:10.000000000Z,10,1,29307,A,N,0,1.25,0,0,0,830,6BH5,1.2499,1.2501,36,18,7,1,1.2498,1.2502,16,13,4,2,1.2497,1.2503,41,25,2,5,1.2496,1.2504,33,11,5,6,1.2495,1.2505,13,13,1,5,1.2494,1.2506,26,26,3,2,1.2493,1.2507,6,11,3,7,1.2492,1.2508,25,19,1,5,1.2491,1.2509,45,10,1,7,1.249,1.251,41,30,1,1
2024-12-30T09:09:15.000000000Z,2024-12-30T09:09:15.000000000Z,10,1,29307,A,N,0,1.2501,0,0,0,831,6BH5,1.25,1.2502,42,45,3,4,1.2499,1.2503,208,192,4,6,1.2498,1.2504,44,39,1,3,1.2497,1.2505,37,29,6,5,1.2496,1.2506,17,19,7,5,1.2495,1.2507,49,37,3,4,1.2494,1.2508,40,10,1,4,1.2493,1.2509,37,43,6,2,1.2492,1.251,37,42,3,3,1.2491,1.2511,14,35,2,2
2024-12-30T09:09:20.000000000Z,2024-12-30T09:09:20.000000000Z,10,1,29307,A,N,0,1.25,0,0,0,832,6BH5,1.2499,1.2501,39,16,2,4,1.2498,1.2502,13,34,2,5,1.2497,1.2503,23,18,2,3,1.2496,1.2504,7,19,5,5,1.2495,1.2505,37,6,5,5,1.2494,1.2506,20,18,7,6,1.2493,1.2507,9,47,2,2,1.2492,1.2508,18,6,5,3,1.2491,1.2509,17,25,7,4,1.249,1.251,7,17,5,1
2024-12-30T09:09:25.000000000Z,2024-12-30T09:09:25.000000000Z,10,1,29307,A,N,0,1.25,0,0,0,833,6BH5,1.2499,1.2501,40,22,1,5,1.2498,1.2502,29,42,7,2,1.2497,1.2503,40,33,1,3,1.2496,1.2504,25,18,1,1,1.2495,1.2505,37,12,3,4,1.2494,1.2506,15,14,3,1,1.2493,1.2507,24,24,4,5,1.2492,1.2508,34,27,2,1,1.2491,1.2509,5,31,7,6,1.249,1.251,35,36,4,7
2024-12-30T09:09:30.000000000Z,2024-12-30T09:09:30.000000000Z,10,1,29307,A,N,0,1.25,0,0,0,834,6BH5,1.2499,1.2501,38,8,3,1,1.2498,1.2502,38,38,5,5,1.2497,1.2503,42,25,4,1,1.2496,1.2504,43,30,6,7,1.2495,1.2505,13,22,1,3,1.2494,1.2506,36,47,2,1,1.2493,1.2507,16,34,4,2,1.2492,1.2508,25,31,6,6,1.2491,1.2509,12,41,6,7,1.249,1.251,44,26,5,1
2024-12-30T09:09:35.000000000Z,2024-12-30T09:09:35.000000000Z,10,1,29307,A,N,0,1.2501,0,0,0,835,6BH5,1.25,1.2502,12,47,2,1,1.2499,1.2503,17,26,1,7,1.2498,1.2504,36,49,5,1,1.2497,1.2505,8,46,7,5,1.2496,1.2506,12,35,2,5,1.2495,1.2507,17,25,5,4,1.2494,1.2508,16,29,5,4,1.2493,1.2509,45,26,1,7,1.2492,1.251,5,17,3,3,1.2491,1.2511,9,6,2,5
2024-12-30T09:09:40.000000000Z,2024-12-30T09:09:40.000000000Z,10,1,29307,A,N,0,1.25,0,0,0,836,6BH5,1.2499,1.2501,13,26,4,4,1.2498,1.2502,22,38,2,6,1.2497,1.2503,7,9,7,6,1.2496,1.2504,28,32,1,6,1.2495,1.2505,31,49,5,4,1.2494,1.2506,9,6,3,4,1.2493,1.2507,392,160,2,1,1.2492,1.2508,9,9,6,5,1.2491,1.2509,13,36,3,4,1.249,1.251,13,20,2,6
2024-12-30T09:09:45.000000000Z,2024-12-30T09:09:45.000000000Z,10,1,29307,A,N,0,1.2501,0,0,0,837,6BH5,1.25,1.2502,36,40,2,3,1.2499,1.2503,38,6,5,3,1.2498,1.2504,336,88,3,3,1.2497,1.2505,7,31,6,6,1.2496,1.2506,304,216,7,1,1.2495,1.2507,392,384,7,5,1.2494,1.2508,7,13,3,4,1.2493,1.2509,12,30,7,5,1.2492,1.251,43,16,3,7,1.2491,1.2511,38,12,6,2
2024-12-30T09:09:50.000000000Z,2024-12-30T09:09:50.000000000Z,10,1,29307,A,N,0,1.2501,0,0,0,838,6BH5,1.25,1.2502,31,22,3,3,1.2499,1.2503,45,14,3,5,1.2498,1.2504,26,21,3,7,1.2497,1.2505,9,13,3,3,1.2496,1.2506,44,28,4,1,1.2495,1.2507,20,29,2,1,1.2494,1.2508,7,36,2,1,1.2493,1.2509,7,11,2,3,1.2492,1.251,29,32,5,3,1.2491,1.2511,22,42,2,6
2024-12-30T09:09:55.000000000Z,2024-12-30T09:09:55.000000000Z,10,1,29307,A,N,0,1.2501,0,0,0,839,6BH5,1.25,1.2502,13,47,1,6,1.2499,1.2503,49,11,6,2,1.2498,1.2504,46,32,4,3,1.2497,1.2505,20,21,7,5,1.2496,1.2506,35,6,3,6,1.2495,1.2507,47,29,4,6,1.2494,1.2508,23,39,1,1,1.2493,1.2509,19,26,5,1,1.2492,1.251,29,29,6,6,1.2491,1.2511,13,28,4,7
2024-12-30T09:10:00.000000000Z,2024-12-30T09:10:00.000000000Z,10,1,29307,A,N,0,1.25,0,0,0,840,6BH5,1.2499,1.2501,45,28,6,1,1.2498,1.2502,28,15,7,6,1.2497,1.2503,17,34,3,1,1.2496,1.2504,25,28,2,2,1.2495,1.2505,25,27,1,5,1.2494,1.2506,42,32,1,3,1.2493,1.2507,27,24,7,7,1.2492,1.2508,12,47,6,6,1.2491,1.2509,45,44,7,3,1.249,1.251,29,33,6,4
2024-12-30T09:10:05.000000000Z,2024-12-30T09:10:05.000000000Z,10,1,29307,A,N,0,1.25,0,0,0,841,6BH5,1.2499,1.2501,25,16,7,2,1.2498,1.2502,43,10,3,1,1.2497,1.2503,8,38,6,4,1.2496,1.2504,10,26,5,2,1.2495,1.2505,32,30,4,2,1.2494,1.2506,320,72,1,2,1.2493,1.2507,27,17,5,1,1.2492,1.2508,27,38,4,1,1.2491,1.2509,48,38,6,2,1.249,1.251,16,22,4,3
2024-12-30T09:10:10.000000000Z,2024-12-30T09:10:10.000000000Z,10,1,29307,A,N,0,1.2501,0,0,0,842,6BH5,1.25,1.2502,45,26,6,4,1.2499,1.2503,11,44,3,5,1.2498,1.2504,13,45,4,4,1.2497,1.2505,37,6,5,7,1.2496,1.2506,13,24,4,7,1.2495,1.2507,34,23,4,6,1.2494,1.2508,14,13,1,6,1.2493,1.2509,22,46,4,3,1.2492,1.251,35,39,4,5,1.2491,1.2511,26,15,2,1
2024-12-30T09:10:15.000000000Z,2024-12-30T09:10:15.000000000Z,10,1,29307,A,N,0,1.2501,0,0,0,843,6BH5,1.25,1.2502,27,10,6,4,1.2499,1.2503,13,44,6,1,1.2498,1.2504,26,6,1,5,1.2497,1.2505,47,30,6,5,1.2496,1.2506,13,49,6,7,1.2495,1.2507,18,30,6,5,1.2494,1.2508,34,26,4,6,1.2493,1.2509,27,21,2,4,1.2492,1.251,15,45,7,6,1.2491,1.2511,304,296,5,4
2024-12-30T09:10:20.000000000Z,2024-12-30T09:10:20.000000000Z,10,1,29307,A,N,0,1.2502,0,0,0,844,6BH5,1.2501,1.2503,41,41,4,6,1.25,1.2504,38,26,2,6,1.2499,1.2505,49,27,5,5,1.2498,1.2506,13,18,1,3,1.2497,1.2507,16,45,6,5,1.2496,1.2508,16,38,3,1,1.2495,1.2509,7,10,4,1,1.2494,1.251,26,11,6,2,1.2493,1.2511,26,42,7,4,1.2492,1.2512,12,18,4,1
2024-12-30T09:10:25.000000000Z,2024-12-30T09:10:25.000000000Z,10,1,29307,A,N,0,1.2503,0,0,0,845,6BH5,1.2502,1.2504,22,25,5,7,1.2501,1.2505,35,10,2,7,1.25,1.2506,24,32,1,4,1.2499,1.2507,30,17,1,4,1.2498,1.2508,41,38,7,2,1.2497,1.2509,29,33,4,7,1.2496,1.251,39,43,7,5,1.2495,1.2511,49,34,7,4,1.2494,1.2512,22,19,6,3,1.2493,1.2513,9,27,1,2
2024-12-30T09:10:30.000000000Z,2024-12-30T09:10:30.000000000Z,10,1,29307,A,N,0,1.2503,0,0,0,846,6BH5,1.2502,1.2504,35,27,4,5,1.2501,1.2505,11,42,7,1,1.25,1.2506,17,7,1,1,1.2499,1.2507,272,256,7,2,1.2498,1.2508,11,18,4,3,1.2497,1.2509,28,15,3,7,1.2496,1.251,14,47,1,4,1.2495,1.2511,43,26,3,3,1.2494,1.2512,34,10,6,1,1.2493,1.2513,29,43,3,6
2024-12-30T09:10:35.000000000Z,2024-12-30T09:10:35.000000000Z,10,1,29307,A,N,0,1.2504,0,0,0,847,6BH5,1.2503,1.2505,16,33,2,2,1.2502,1.2506,16,13,1,7,1.2501,1.2507,38,36,6,4,1.25,1.2508,44,18,5,7,1.2499,1.2509,368,120,3,6,1.2498,1.251,128,368,7,2,1.2497,1.2511,42,13,2,1,1.2496,1.2512,39,34,1,2,1.2495,1.2513,36,26,5,2,1.2494,1.2514,17,27,4,5
2024-12-30T09:10:40.000000000Z,2024-12-30T09:10:40.000000000Z,10,1,29307,A,N,0,1.2504,0,0,0,848,6BH5,1.2503,1.2505,39,18,4,2,1.2502,1.2506,336,304,2,3,1.2501,1.2507,40,8,2,2,1.25,1.2508,13,6,6,3,1.2499,1.2509,33,37,4,2,1.2498,1.251,48,42,5,7,1.2497,1.2511,184,208,4,4,1.2496,1.2512,8,36,3,2,1.2495,1.2513,5,30,6,7,1.2494,1.2514,39,22,3,4
2024-12-30T09:10:45.000000000Z,2024-12-30T09:10:45.000000000Z,10,1,29307,A,N,0,1.2504,0,0,0,849,6BH5,1.2503,1.2505,17,31,4,7,1.2502,1.2506,28,33,7,6,1.2501,1.2507,24,28,4,2,1.25,1.2508,42,36,7,5,1.2499,1.2509,8,16,1,5,1.2498,1.251,10,32,7,4,1.2497,1.2511,19,17,7,2,1.2496,1.2512,24,32,6,2,1.2495,1.2513,45,43,1,5,1.2494,1.2514,35,46,5,5
2024-12-30T09:10:50.000000000Z,2024-12-30T09:10:50.000000000Z,10,1,29307,A,N,0,1.2503,0,0,0,850,6BH5,1.2502,1.2504,44,46,6,3,1.2501,1.2505,10,17,5,4,1.25,1.2506,29,44,3,5,1.2499,1.2507,42,22,7,2,1.2498,1.2508,45,14,2,5,1.2497,1.2509,33,12,4,4,1.2496,1.251,31,17,2,2,1.2495,1.2511,32,13,1,2,1.2494,1.2512,26,5,4,6,1.2493,1.2513,27,6,3,6
2024-12-30T09:10:55.000000000Z,2024-12-30T09:10:55.000000000Z,10,1,29307,A,N,0,1.2503,0,0,0,851,6BH5,1.2502,1.2504,49,24,5,7,1.2501,1.2505,11,11,1,3,1.25,1.2506,12,30,5,7,1.2499,1.2507,11,49,1,7,1.2498,1.2508,12,19,2,6,1.2497,1.2509,26,15,2,1,1.2496,1.251,7,11,3,3,1.2495,1.2511,32,46,7,4,1.2494,1.2512,31,16,4,1,1.2493,1.2513,34,15,5,2
2024-12-30T09:11:00.000000000Z,2024-12-30T09:11:00.000000000Z,10,1,29307,A,N,0,1.2503,0,0,0,852,6BH5,1.2502,1.2504,30,18,7,4,1.2501,1.2505,40,16,2,2,1.25,1.2506,41,41,5,1,1.2499,1.2507,35,38,3,4,1.2498,1.2508,20,34,7,4,1.2497,1.2509,44,41,3,2,1.2496,1.251,23,25,4,3,1.2495,1.2511,23,9,2,1,1.2494,1.2512,34,21,5,4,1.2493,1.2513,20,32,4,1
2024-12-30T09:11:05.000000000Z,2024-12-30T09:11:05.000000000Z,10,1,29307,A,N,0,1.2504,0,0,0,853,6BH5,1.2503,1.2505,47,10,1,2,1.2502,1.2506,32,33,1,6,1.2501,1.2507,12,12,5,3,1.25,1.2508,25,8,4,4,1.2499,1.2509,27,23,2,6,1.2498,1.251,18,12,1,3,1.2497,1.2511,22,36,4,4,1.2496,1.2512,31,46,5,3,1.2495,1.2513,38,9,4,4,1.2494,1.2514,16,45,3,1
2024-12-30T09:11:10.000000000Z,2024-12-30T09:11:10.000000000Z,10,1,29307,A,N,0,1.2504,0,0,0,854,6BH5,1.2503,1.2505,5,17,6,7,1.2502,1.2506,28,12,3,7,1.2501,1.2507,47,18,3,6,1.25,1.2508,41,10,3,4,1.2499,1.2509,29,14,6,2,1.2498,1.251,21,34,3,3,1.2497,1.2511,23,40,4,6,1.2496,1.2512,5,24,1,6,1.2495,1.2513,29,23,1,1,1.2494,1.2514,44,36,7,4
2024-12-30T09:11:15.000000000Z,2024-12-30T09:11:15.000000000Z,10,1,29307,A,N,0,1.2503,0,0,0,855,6BH5,1.2502,1.2504,272,344,6,2,1.2501,1.2505,30,31,6,6,1.25,1.2506,45,20,7,6,1.2499,1.2507,11,25,2,5,1.2498,1.2508,47,21,5,6,1.2497,1.2509,15,22,6,7,1.2496,1.251,26,7,3,3,1.2495,1.2511,7,27,1,1,1.2494,1.2512,38,48,5,5,1.2493,1.2513,224,344,5,3
2024-12-30T09:11:20.000000000Z,2024-12-30T09:11:20.000000000Z,10,1,29307,A,N,0,1.2503,0,0,0,856,6BH5,1.2502,1.2504,22,42,3,6,1.2501,1.2505,28,40,5,1,1.25,1.2506,37,31,6,3,1.2499,1.2507,14,7,7,3,1.2498,1.2508,41,44,1,4,1.2497,1.2509,38,38,7,2,1.2496,1.251,45,41,4,5,1.2495,1.2511,39,45,3,2,1.2494,1.2512,12,27,3,5,1.2493,1.2513,40,8,2,7
2024-12-30T09:11:25.000000000Z,2024-12-30T09:11:25.000000000Z,10,1,29307,A,N,0,1.2502,0,0,0,857,6BH5,1.2501,1.2503,31,17,6,6,1.25,1.2504,38,37,6,2,1.2499,1.2505,12,20,5,2,1.2498,1.2506,40,8,2,5,1.2497,1.2507,328,320,7,2,1.2496,1.2508,30,30,7,1,1.2495,1.2509,13,41,6,6,1.2494,1.251,216,56,7,3,1.2493,1.2511,41,16,6,4,1.2492,1.2512,30,16,2,6
2024-12-30T09:11:30.000000000Z,2024-12-30T09:11:30.000000000Z,10,1,29307,A,N,0,1.2503,0,0,0,858,6BH5,1.2502,1.2504,12,37,6,2,1.2501,1.2505,34,49,2,5,1.25,1.2506,28,37,5,4,1.2499,1.2507,8,46,3,4,1.2498,1.2508,33,25,2,6,1.2497,1.2509,38,41,4,1,1.2496,1.251,28,48,5,4,1.2495,1.2511,24,6,6,1,1.2494,1.2512,19,38,5,2,1.2493,1.2513,15,31,1,7
2024-12-30T09:11:35.000000000Z,2024-12-30T09:11:35.000000000Z,10,1,29307,A,N,0,1.2504,0,0,0,859,6BH5,1.2503,1.2505,15,7,2,7,1.2502,1.2506,43,8,6,6,1.2501,1.2507,40,35,3,3,1.25,1.2508,16,19,1,3,1.2499,1.2509,32,29,2,2,1.2498,1.251,200,248,1,5,1.2497,1.2511,14,25,2,2,1.2496,1.2512,7,24,7,5,1.2495,1.2513,29,16,1,6,1.2494,1.2514,25,9,2,7
2024-12-30T09:11:40.000000000Z,2024-12-30T09:11:40.000000000Z,10,1,29307,A,N,0,1.2504,0,0,0,860,6BH5,1.2503,1.2505,21,12,5,4,1.2502,1.2506,28,45,5,5,1.2501,1.2507,35,23,3,5,1.25,1.2508,27,41,4,7,1.2499,1.2509,20,18,7,5,1.2498,1.251,39,28,1,6,1.2497,1.2511,22,7,3,6,1.2496,1.2512,25,39,5,4,1.2495,1.2513,39,25,2,7,1.2494,1.2514,27,6,3,6
2024-12-30T09:11:45.000000000Z,2024-12-30T09:11:45.000000000Z,10,1,29307,A,N,0,1.2505,0,0,0,861,6BH5,1.2504,1.2506,27,10,5,6,1.2503,1.2507,9,17,7,5,1.2502,1.2508,7,35,2,6,1.2501,1.2509,17,45,3,1,1.25,1.251,5,39,7,3,1.2499,1.2511,28,34,1,4,1.2498,1.2512,43,8,4,3,1.2497,1.2513,11,13,6,4,1.2496,1.2514,296,80,3,3,1.2495,1.2515,45,39,7,1
2024-12-30T09:11:50.000000000Z,2024-12-30T09:11:50.000000000Z,10,1,29307,A,N,0,1.2505,0,0,0,862,6BH5,1.2504,1.2506,7,47,2,3,1.2503,1.2507,43,31,1,5,1.2502,1.2508,45,46,5,5,1.2501,1.2509,8,18,5,3,1.25,1.251,46,9,5,4,1.2499,1.2511,28,17,2,2,1.2498,1.2512,34,13,4,6,1.2497,1.2513,26,42,5,7,1.2496,1.2514,15,7,3,4,1.2495,1.2515,6,14,3,1
2024-12-30T09:11:55.000000000Z,2024-12-30T09:11:55.000000000Z,10,1,29307,A,N,0,1.2505,0,0,0,863,6BH5,1.2504,1.2506,5,38,5,6,1.2503,1.2507,38,21,3,1,1.2502,1.2508,29,48,6,4,1.2501,1.2509,15,25,4,5,1.25,1.251,46,45,5,1,1.2499,1.2511,16,8,1,6,1.2498,1.2512,38,22,5,2,1.2497,1.2513,47,24,1,4,1.2496,1.2514,12,21,5,1,1.2495,1.2515,29,25,5,1
2024-12-30T09:12:00.000000000Z,2024-12-30T09:12:00.000000000Z,10,1,29307,A,N,0,1.2504,0,0,0,864,6BH5,1.2503,1.2505,34,17,7,7,1.2502,1.2506,16,6,3,6,1.2501,1.2507,17,5,7,1,1.25,1.2508,30,17,2,6,1.2499,1.2509,23,27,1,7,1.2498,1.251,11,18,2,4,1.2497,1.2511,6,32,6,4,1.2496,1.2512,44,44,6,2,1.2495,1.2513,14,40,5,5,1.2494,1.2514,15,31,3,2
2024-12-30T09:12:05.000000000Z,2024-12-30T09:12:05.000000000Z,10,1,29307,A,N,0,1.2504,0,0,0,865,6BH5,1.2503,1.2505,43,15,1,3,1.2502,1.2506,46,28,4,1,1.2501,1.2507,10,24,6,2,1.25,1.2508,38,35,6,4,1.2499,1.2509,45,25,6,7,1.2498,1.251,49,30,6,3,1.2497,1.2511,11,29,1,4,1.2496,1.2512,24,28,5,4,1.2495,1.2513,40,35,3,1,1.2494,1.2514,14,42,4,1
2024-12-30T09:12:10.000000000Z,2024-12-30T09:12:10.000000000Z,10,1,29307,A,N,0,1.2505,0,0,0,866,6BH5,1.2504,1.2506,35,13,1,5,1.2503,1.2507,31,32,3,4,1.2502,1.2508,12,21,2,7,1.2501,1.2509,14,43,1,4,1.25,1.251,47,21,7,3,1.2499,1.2511,23,25,4,3,1.2498,1.2512,47,5,6,4,1.2497,1.2513,14,44,6,2,1.2496,1.2514,24,42,7,3,1.2495,1.2515,40,20,7,4
2024-12-30T09:12:15.000000000Z,2024-12-30T09:12:15.000000000Z,10,1,29307,A,N,0,1.2504,0,0,0,867,6BH5,1.2503,1.2505,104,128,6,4,1.2502,1.2506,7,42,5,7,1.2501,1.2507,42,30,5,5,1.25,1.2508,36,31,2,7,1.2499,1.2509,38,23,3,3,1.2498,1.251,10,17,6,6,1.2497,1.2511,28,14,7,7,1.2496,1.2512,17,22,2,2,1.2495,1.2513,27,27,1,6,1.2494,1.2514,16,18,1,4
2024-12-30T09:12:20.000000000Z,2024-12-30T09:12:20.000000000Z,10,1,29307,A,N,0,1.2504,0,0,0,868,6BH5,1.2503,1.2505,45,48,1,2,1.2502,1.2506,14,23,6,4,1.2501,1.2507,41,9,7,7,1.25,1.2508,37,39,6,2,1.2499,1.2509,43,14,3,6,1.2498,1.251,39,35,4,7,1.2497,1.2511,23,41,2,3,1.2496,1.2512,11,47,1,6,1.2495,1.2513,46,7,6,5,1.2494,1.2514,5,47,4,6
2024-12-30T09:12:25.000000000Z,2024-12-30T09:12:25.000000000Z,10,1,29307,A,N,0,1.2504,0,0,0,869,6BH5,1.2503,1.2505,18,21,7,6,1.2502,1.2506,11,28,2,6,1.2501,1.2507,30,20,2,6,1.25,1.2508,40,39,3,1,1.2499,1.2509,33,45,1,1,1.2498,1.251,40,20,7,2,1.2497,1.2511,42,40,6,5,1.2496,1.2512,23,45,5,3,1.2495,1.2513,28,18,6,5,1.2494,1.2514,11,45,3,4
2024-12-30T09:12:30.000000000Z,2024-12-30T09:12:30.000000000Z,10,1,29307,A,N,0,1.2503,0,0,0,870,6BH5,1.2502,1.2504,20,8,3,5,1.2501,1.2505,36,16,2,5,1.25,1.2506,7,6,2,6,1.2499,1.2507,27,35,2,1,1.2498,1.2508,20,8,6,4,1.2497,1.2509,32,7,2,7,1.2496,1.251,136,64,1,4,1.2495,1.2511,17,46,2,5,1.2494,1.2512,34,45,4,7,1.2493,1.2513,47,5,1,4
2024-12-30T09:12:35.000000000Z,2024-12-30T09:12:35.000000000Z,10,1,29307,A,N,0,1.2502,0,0,0,871,6BH5,1.2501,1.2503,46,13,5,2,1.25,1.2504,24,20,5,3,1.2499,1.2505,29,17,4,4,1.2498,1.2506,28,32,1,2,1.2497,1.2507,25,31,5,6,1.2496,1.2508,20,28,6,1,1.2495,1.2509,46,31,6,1,1.2494,1.251,11,40,7,7,1.2493,1.2511,42,28,5,5,1.2492,1.2512,33,31,2,5
2024-12-30T09:12:40.000000000Z,2024-12-30T09:12:40.000000000Z,10,1,29307,A,N,0,1.2501,0,0,0,872,6BH5,1.25,1.2502,14,34,4,5,1.2499,1.2503,32,33,7,3,1.2498,1.2504,23,14,5,7,1.2497,1.2505,43,46,4,7,1.2496,1.2506,15,40,4,4,1.2495,1.2507,44,43,3,4,1.2494,1.2508,32,23,6,3,1.2493,1.2509,33,23,2,5,1.2492,1.251,28,42,6,2,1.2491,1.2511,17,8,5,3
2024-12-30T09:12:45.000000000Z,2024-12-30T09:12:45.000000000Z,10,1,29307,A,N,0,1.2502,0,0,0,873,6BH5,1.2501,1.2503,28,37,1,1,1.25,1.2504,7,7,6,2,1.2499,1.2505,47,13,2,4,1.2498,1.2506,45,23,2,6,1.2497,1.2507,32,23,6,1,1.2496,1.2508,34,46,5,1,1.2495,1.2509,34,26,4,2,1.2494,1.251,39,20,5,7,1.2493,1.2511,29,47,1,6,1.2492,1.2512,42,36,4,6
2024-12-30T09:12:50.000000000Z,2024-12-30T09:12:50.000000000Z,10,1,29307,A,N,0,1.2503,0,0,0,874,6BH5,1.2502,1.2504,9,23,4,6,1.2501,1.2505,22,31,7,3,1.25,1.2506,49,25,4,4,1.2499,1.2507,13,11,1,1,1.2498,1.2508,43,16,6,5,1.2497,1.2509,21,31,5,7,1.2496,1.251,18,9,3,4,1.2495,1.2511,28,44,1,1,1.2494,1.2512,7,27,5,6,1.2493,1.2513,24,18,6,4
2024-12-30T09:12:55.000000000Z,2024-12-30T09:12:55.000000000Z,10,1,29307,A,N,0,1.2503,0,0,0,875,6BH5,1.2502,1.2504,49,42,4,6,1.2501,1.2505,14,35,3,3,1.25,1.2506,44,36,1,3,1.2499,1.2507,5,33,4,7,1.2498,1.2508,36,29,5,5,1.2497,1.2509,34,22,4,3,1.2496,1.251,24,12,7,6,1.2495,1.2511,12,46,6,7,1.2494,1.2512,30,42,6,6,1.2493,1.2513,14,23,3,3
2024-12-30T09:13:00.000000000Z,2024-12-30T09:13:00.000000000Z,10,1,29307,A,N,0,1.2504,0,0,0,876,6BH5,1.2503,1.2505,10,45,1,1,1.2502,1.2506,7,24,3,7,1.2501,1.2507,12,10,5,3,1.25,1.2508,23,14,7,3,1.2499,1.2509,12,12,4,7,1.2498,1.251,21,48,5,2,1.2497,1.2511,47,19,7,5,1.2496,1.2512,35,16,7,2,1.2495,1.2513,40,15,6,7,1.2494,1.2514,34,9,5,4
2024-12-30T09:13:05.000000000Z,2024-12-30T09:13:05.000000000Z,10,1,29307,A,N,0,1.2503,0,0,0,877,6BH5,1.2502,1.2504,14,26,2,6,1.2501,1.2505,42,42,7,6,1.25,1.2506,40,18,3,7,1.2499,1.2507,38,6,6,7,1.2498,1.2508,22,24,7,6,1.2497,1.2509,41,38,6,7,1.2496,1.251,44,20,6,4,1.2495,1.2511,42,43,2,6,1.2494,1.2512,43,13,5,7,1.2493,1.2513,21,25,4,6
2024-12-30T09:13:10.000000000Z,2024-12-30T09:13:10.000000000Z,10,1,29307,A,N,0,1.2503,0,0,0,878,6BH5,1.2502,1.2504,22,41,5,7,1.2501,1.2505,5,10,4,7,1.25,1.2506,35,12,6,7,1.2499,1.2507,11,37,1,1,1.2498,1.2508,24,11,2,6,1.2497,1.2509,22,14,3,3,1.2496,1.251,5,32,2,3,1.2495,1.2511,7,15,4,6,1.2494,1.2512,288,160,1,3,1.2493,1.2513,39,31,2,5
2024-12-30T09:13:15.000000000Z,2024-12-30T09:13:15.000000000Z,10,1,29307,A,N,0,1.2502,0,0,0,879,6BH5,1.2501,1.2503,22,7,4,2,1.25,1.2504,26,34,2,1,1.2499,1.2505,23,23,1,4,1.2498,1.2506,45,33,3,1,1.2497,1.2507,42,5,2,1,1.2496,1.2508,40,26,6,2,1.2495,1.2509,24,27,4,6,1.2494,1.251,11,45,1,4,1.2493,1.2511,15,11,6,3,1.2492,1.2512,42,33,1,2
2024-12-30T09:13:20.000000000Z,2024-12-30T09:13:20.000000000Z,10,1,29307,A,N,0,1.2501,0,0,0,880,6BH5,1.25,1.2502,41,32,2,3,1.2499,1.2503,39,35,2,2,1.2498,1.2504,40,21,1,5,1.2497,1.2505,32,26,2,1,1.2496,1.2506,40,6,6,4,1.2495,1.2507,40,12,7,1,1.2494,1.2508,38,8,1,6,1.2493,1.2509,27,43,2,2,1.2492,1.251,11,35,6,7,1.2491,1.2511,23,25,3,6
2024-12-30T09:13:25.000000000Z,2024-12-30T09:13:25.000000000Z,10,1,29307,A,N,0,1.2502,0,0,0,881,6BH5,1.2501,1.2503,48,38,3,5,1.25,1.2504,37,25,2,6,1.2499,1.2505,47,15,3,1,1.2498,1.2506,6,34,5,6,1.2497,1.2507,28,8,3,5,1.2496,1.2508,21,12,5,7,1.2495,1.2509,15,20,2,4,1.2494,1.251,42,28,7,6,1.2493,1.2511,5,30,1,4,1.2492,1.2512,31,29,6,1
2024-12-30T09:13:30.000000000Z,2024-12-30T09:13:30.000000000Z,10,1,29307,A,N,0,1.2501,0,0,0,882,6BH5,1.25,1.2502,36,16,1,2,1.2499,1.2503,38,5,5,5,1.2498,1.2504,17,35,5,7,1.2497,1.2505,33,22,6,1,1.2496,1.2506,5,32,4,7,1.2495,1.2507,10,25,5,6,1.2494,1.2508,45,36,5,1,1.2493,1.2509,35,40,1,5,1.2492,1.251,19,24,5,7,1.2491,1.2511,32,12,6,1
2024-12-30T09:13:35.000000000Z,2024-12-30T09:13:35.000000000Z,10,1,29307,A,N,0,1.2502,0,0,0,883,6BH5,1.2501,1.2503,33,26,3,7,1.25,1.2504,10,44,7,4,1.2499,1.2505,56,64,7,5,1.2498,1.2506,39,46,3,4,1.2497,1.2507,216,88,6,5,1.2496,1.2508,25,41,6,2,1.2495,1.2509,30,46,1,4,1.2494,1.251,32,7,1,1,1.2493,1.2511,34,23,1,6,1.2492,1.2512,41,9,4,2
2024-12-30T09:13:40.000000000Z,2024-12-30T09:13:40.000000000Z,10,1,29307,A,N,0,1.2502,0,0,0,884,6BH5,1.2501,1.2503,31,43,7,2,1.25,1.2504,224,280,6,7,1.2499,1.2505,44,36,3,1,1.2498,1.2506,30,22,2,7,1.2497,1.2507,26,22,5,3,1.2496,1.2508,29,30,7,1,1.2495,1.2509,248,56,2,7,1.2494,1.251,6,47,6,4,1.2493,1.2511,32,43,2,1,1.2492,1.2512,392,272,7,2
2024-12-30T09:13:45.000000000Z,2024-12-30T09:13:45.000000000Z,10,1,29307,A,N,0,1.2501,0,0,0,885,6BH5,1.25,1.2502,256,96,3,5,1.2499,1.2503,5,35,5,3,1.2498,1.2504,13,30,6,7,1.2497,1.2505,14,47,6,1,1.2496,1.2506,41,22,3,2,1.2495,1.2507,29,10,2,3,1.2494,1.2508,72,304,3,6,1.2493,1.2509,47,10,2,3,1.2492,1.251,27,17,4,4,1.2491,1.2511,11,21,1,6
2024-12-30T09:13:50.000000000Z,2024-12-30T09:13:50.000000000Z,10,1,29307,A,N,0,1.2502,0,0,0,886,6BH5,1.2501,1.2503,42,34,1,6,1.25,1.2504,35,27,4,3,1.2499,1.2505,24,32,6,6,1.2498,1.2506,35,48,7,2,1.2497,1.2507,9,26,1,4,1.2496,1.2508,23,42,3,1,1.2495,1.2509,25,41,3,6,1.2494,1.251,34,30,5,1,1.2493,1.2511,40,30,7,1,1.2492,1.2512,31,30,3,2
2024-12-30T09:13:55.000000000Z,2024-12-30T09:13:55.000000000Z,10,1,29307,A,N,0,1.2502,0,0,0,887,6BH5,1.2501,1.2503,41,38,4,2,1.25,1.2504,16,15,4,5,1.2499,1.2505,11,32,7,5,1.2498,1.2506,47,35,1,3,1.2497,1.2507,17,31,5,3,1.2496,1.2508,36,16,3,4,1.2495,1.2509,38,10,2,1,1.2494,1.251,18,11,6,4,1.2493,1.2511,5,33,4,5,1.2492,1.2512,42,38,5,1
2024-12-30T09:14:00.000000000Z,2024-12-30T09:14:00.000000000Z,10,1,29307,A,N,0,1.2502,0,0,0,888,6BH5,1.2501,1.2503,49,27,7,3,1.25,1.2504,24,5,1,2,1.2499,1.2505,34,9,7,7,1.2498,1.2506,47,19,4,2,1.2497,1.2507,48,30,3,3,1.2496,1.2508,34,5,7,7,1.2495,1.2509,24,26,1,2,1.2494,1.251,41,49,3,3,1.2493,1.2511,25,37,2,7,1.2492,1.2512,40,30,6,6
2024-12-30T09:14:05.000000000Z,2024-12-30T09:14:05.000000000Z,10,1,29307,A,N,0,1.2501,0,0,0,889,6BH5,1.25,1.2502,8,16,1,5,1.2499,1.2503,13,29,6,7,1.2498,1.2504,11,31,7,7,1.2497,1.2505,10,39,6,6,1.2496,1.2506,22,35,4,3,1.2495,1.2507,21,9,5,1,1.2494,1.2508,25,45,7,5,1.2493,1.2509,14,36,1,5,1.2492,1.251,43,41,6,6,1.2491,1.2511,19,12,1,2
2024-12-30T09:14:10.000000000Z,2024-12-30T09:14:10.000000000Z,10,1,29307,A,N,0,1.25,0,0,0,890,6BH5,1.2499,1.2501,37,20,6,5,1.2498,1.2502,15,11,1,1,1.2497,1.2503,48,37,7,6,1.2496,1.2504,47,29,5,1,1.2495,1.2505,43,14,6,4,1.2494,1.2506,14,48,7,5,1.2493,1.2507,10,44,7,5,1.2492,1.2508,47,49,1,7,1.2491,1.2509,304,168,1,6,1.249,1.251,43,19,5,1
2024-12-30T09:14:15.000000000Z,2024-12-30T09:14:15.000000000Z,10,1,29307,A,N,0,1.2501,0,0,0,891,6BH5,1.25,1.2502,29,18,3,7,1.2499,1.2503,10,45,3,7,1.2498,1.2504,20,48,4,5,1.2497,1.2505,26,47,4,2,1.2496,1.2506,10,24,6,4,1.2495,1.2507,16,13,3,4,1.2494,1.2508,15,9,3,1,1.2493,1.2509,10,22,5,6,1.2492,1.251,46,47,6,4,1.2491,1.2511,22,28,6,7
2024-12-30T09:14:20.000000000Z,2024-12-30T09:14:20.000000000Z,10,1,29307,A,N,0,1.2501,0,0,0,892,6BH5,1.25,1.2502,46,5,7,6,1.2499,1.2503,6,40,7,6,1.2498,1.2504,17,37,2,7,1.2497,1.2505,20,36,7,3,1.2496,1.2506,16,37,3,3,1.2495,1.2507,9,31,7,4,1.2494,1.2508,39,44,6,4,1.2493,1.2509,31,19,3,2,1.2492,1.251,14,38,6,7,1.2491,1.2511,12,20,5,5
2024-12-30T09:14:25.000000000Z,2024-12-30T09:14:25.000000000Z,10,1,29307,A,N,0,1.25,0,0,0,893,6BH5,1.2499,1.2501,16,43,3,2,1.2498,1.2502,22,35,3,7,1.2497,1.2503,38,37,4,2,1.2496,1.2504,15,7,4,2,1.2495,1.2505,32,13,2,5,1.2494,1.2506,49,36,2,5,1.2493,1.2507,21,29,2,5,1.2492,1.2508,48,28,1,1,1.2491,1.2509,11,24,7,4,1.249,1.251,23,39,3,4
2024-12-30T09:14:30.000000000Z,2024-12-30T09:14:30.000000000Z,10,1,29307,A,N,0,1.2501,0,0,0,894,6BH5,1.25,1.2502,43,29,3,7,1.2499,1.2503,6,20,5,2,1.2498,1.2504,43,6,2,2,1.2497,1.2505,17,6,2,6,1.2496,1.2506,48,42,4,2,1.2495,1.2507,27,27,4,4,1.2494,1.2508,5,23,5,1,1.2493,1.2509,16,29,7,1,1.2492,1.251,14,6,1,5,1.2491,1.2511,8,27,5,6
2024-12-30T09:14:35.000000000Z,2024-12-30T09:14:35.000000000Z,10,1,29307,A,N,0,1.25,0,0,0,895,6BH5,1.2499,1.2501,27,16,4,5,1.2498,1.2502,19,14,2,5,1.2497,1.2503,27,22,7,3,1.2496,1.2504,25,32,2,5,1.2495,1.2505,14,21,3,5,1.2494,1.2506,36,42,4,2,1.2493,1.2507,10,21,5,2,1.2492,1.2508,47,29,6,1,1.2491,1.2509,45,16,1,5,1.249,1.251,5,35,5,3
2024-12-30T09:14:40.000000000Z,2024-12-30T09:14:40.000000000Z,10,1,29307,A,N,0,1.2499,0,0,0,896,6BH5,1.2498,1.25,23,8,5,4,1.2497,1.2501,40,46,2,3,1.2496,1.2502,15,8,3,1,1.2495,1.2503,28,24,5,1,1.2494,1.2504,17,21,3,4,1.2493,1.2505,22,47,1,3,1.2492,1.2506,21,14,1,5,1.2491,1.2507,9,10,3,3,1.249,1.2508,19,31,4,3,1.2489,1.2509,28,25,2,3
2024-12-30T09:14:45.000000000Z,2024-12-30T09:14:45.000000000Z,10,1,29307,A,N,0,1.2498,0,0,0,897,6BH5,1.2497,1.2499,22,14,5,5,1.2496,1.25,45,5,2,5,1.2495,1.2501,40,176,3,7,1.2494,1.2502,49,21,2,5,1.2493,1.2503,42,30,7,7,1.2492,1.2504,24,27,5,3,1.2491,1.2505,15,12,6,5,1.249,1.2506,5,41,3,2,1.2489,1.2507,46,45,2,7,1.2488,1.2508,8,25,5,5
2024-12-30T09:14:50.000000000Z,2024-12-30T09:14:50.000000000Z,10,1,29307,A,N,0,1.2498,0,0,0,898,6BH5,1.2497,1.2499,16,43,1,6,1.2496,1.25,6,26,6,1,1.2495,1.2501,7,27,4,4,1.2494,1.2502,10,45,5,7,1.2493,1.2503,28,38,4,2,1.2492,1.2504,10,8,6,5,1.2491,1.2505,49,16,7,7,1.249,1.2506,25,36,3,7,1.2489,1.2507,26,40,7,5,1.2488,1.2508,31,38,4,4
2024-12-30T09:14:55.000000000Z,2024-12-30T09:14:55.000000000Z,10,1,29307,A,N,0,1.2497,0,0,0,899,6BH5,1.2496,1.2498,8,33,7,3,1.2495,1.2499,120,368,1,6,1.2494,1.25,44,41,5,7,1.2493,1.2501,15,35,4,6,1.2492,1.2502,5,10,3,7,1.2491,1.2503,16,5,4,4,1.249,1.2504,33,34,7,5,1.2489,1.2505,16,14,7,7,1.2488,1.2506,10,12,4,7,1.2487,1.2507,6,15,3,4
2024-12-30T09:15:00.000000000Z,2024-12-30T09:15:00.000000000Z,10,1,29307,A,N,0,1.2497,0,0,0,900,6BH5,1.2496,1.2498,44,8,3,1,1.2495,1.2499,5,44,2,7,1.2494,1.25,26,46,4,3,1.2493,1.2501,144,144,3,6,1.2492,1.2502,37,23,7,2,1.2491,1.2503,41,49,1,1,1.249,1.2504,6,26,4,4,1.2489,1.2505,24,7,1,2,1.2488,1.2506,13,23,6,4,1.2487,1.2507,10,9,5,6
2024-12-30T09:15:05.000000000Z,2024-12-30T09:15:05.000000000Z,10,1,29307,A,N,0,1.2498,0,0,0,901,6BH5,1.2497,1.2499,49,45,4,2,1.2496,1.25,36,29,5,7,1.2495,1.2501,35,16,1,2,1.2494,1.2502,32,26,2,3,1.2493,1.2503,14,20,1,4,1.2492,1.2504,8,41,3,6,1.2491,1.2505,28,31,3,3,1.249,1.2506,5,43,5,4,1.2489,1.2507,16,9,5,1,1.2488,1.2508,20,28,5,5
2024-12-30T09:15:10.000000000Z,2024-12-30T09:15:10.000000000Z,10,1,29307,A,N,0,1.2497,0,0,0,902,6BH5,1.2496,1.2498,33,32,6,5,1.2495,1.2499,6,40,2,6,1.2494,1.25,43,13,4,5,1.2493,1.2501,29,32,3,6,1.2492,1.2502,37,42,4,3,1.2491,1.2503,35,14,1,1,1.249,1.2504,34,18,5,3,1.2489,1.2505,7,33,2,4,1.2488,1.2506,8,6,3,7,1.2487,1.2507,27,42,2,6
2024-12-30T09:15:15.000000000Z,2024-12-30T09:15:15.000000000Z,10,1,29307,A,N,0,1.2497,0,0,0,903,6BH5,1.2496,1.2498,5,49,1,5,1.2495,1.2499,27,22,2,1,1.2494,1.25,31,13,7,5,1.2493,1.2501,33,46,5,1,1.2492,1.2502,80,232,3,1,1.2491,1.2503,47,44,1,4,1.249,1.2504,41,44,4,6,1.2489,1.2505,29,6,1,2,1.2488,1.2506,18,49,2,6,1.2487,1.2507,41,14,1,2
2024-12-30T09:15:20.000000000Z,2024-12-30T09:15:20.000000000Z,10,1,29307,A,N,0,1.2497,0,0,0,904,6BH5,1.2496,1.2498,46,21,7,2,1.2495,1.2499,29,39,3,5,1.2494,1.25,29,20,7,1,1.2493,1.2501,16,39,3,1,1.2492,1.2502,36,23,6,5,1.2491,1.2503,16,22,5,2,1.249,1.2504,24,12,6,6,1.2489,1.2505,6,49,1,5,1.2488,1.2506,25,16,4,5,1.2487,1.2507,44,13,2,7
2024-12-30T09:15:25.000000000Z,2024-12-30T09:15:25.000000000Z,10,1,29307,A,N,0,1.2497,0,0,0,905,6BH5,1.2496,1.2498,47,29,2,6,1.2495,1.2499,6,26,5,7,1.2494,1.25,33,9,6,6,1.2493,1.2501,312,80,7,1,1.2492,1.2502,33,34,3,5,1.2491,1.2503,6,25,1,5,1.249,1.2504,39,23,1,2,1.2489,1.2505,37,21,5,4,1.2488,1.2506,27,20,6,2,1.2487,1.2507,44,45,5,6
2024-12-30T09:15:30.000000000Z,2024-12-30T09:15:30.000000000Z,10,1,29307,A,N,0,1.2498,0,0,0,906,6BH5,1.2497,1.2499,25,21,4,6,1.2496,1.25,38,26,4,2,1.2495,1.2501,9,5,5,1,1.2494,1.2502,10,27,1,6,1.2493,1.2503,22,44,4,2,1.2492,1.2504,16,42,7,7,1.2491,1.2505,29,17,6,3,1.249,1.2506,45,15,2,3,1.2489,1.2507,11,41,3,3,1.2488,1.2508,15,42,5,4
2024-12-30T09:15:35.000000000Z,2024-12-30T09:15:35.000000000Z,10,1,29307,A,N,0,1.2498,0,0,0,907,6BH5,1.2497,1.2499,9,9,3,5,1.2496,1.25,29,46,2,2,1.2495,1.2501,38,39,6,4,1.2494,1.2502,38,38,3,6,1.2493,1.2503,25,37,7,4,1.2492,1.2504,29,11,2,2,1.2491,1.2505,14,42,4,2,1.249,1.2506,240,272,3,4,1.2489,1.2507,37,15,2,2,1.2488,1.2508,42,20,3,1
2024-12-30T09:15:40.000000000Z,2024-12-30T09:15:40.000000000Z,10,1,29307,A,N,0,1.2497,0,0,0,908,6BH5,1.2496,1.2498,19,20,6,7,1.2495,1.2499,13,33,1,3,1.2494,1.25,15,10,2,2,1.2493,1.2501,12,29,4,2,1.2492,1.2502,49,36,7,6,1.2491,1.2503,29,32,7,4,1.249,1.2504,48,26,7,6,1.2489,1.2505,10,27,2,3,1.2488,1.2506,26,45,5,1,1.2487,1.2507,40,26,4,4
2024-12-30T09:15:45.000000000Z,2024-12-30T09:15:45.000000000Z,10,1,29307,A,N,0,1.2497,0,0,0,909,6BH5,1.2496,1.2498,22,42,1,1,1.2495,1.2499,49,48,6,5,1.2494,1.25,37,14,6,7,1.2493,1.2501,120,312,1,2,1.2492,1.2502,8,6,1,1,1.2491,1.2503,35,18,1,7,1.249,1.2504,20,24,7,3,1.2489,1.2505,39,49,1,5,1.2488,1.2506,38,18,6,2,1.2487,1.2507,24,32,4,7
2024-12-30T09:15:50.000000000Z,2024-12-30T09:15:50.000000000Z,10,1,29307,A,N,0,1.2496,0,0,0,910,6BH5,1.2495,1.2497,27,40,4,7,1.2494,1.2498,15,5,5,7,1.2493,1.2499,35,13,2,7,1.2492,1.25,36,49,3,5,1.2491,1.2501,10,31,2,4,1.249,1.2502,21,41,5,1,1.2489,1.2503,44,17,6,6,1.2488,1.2504,43,45,7,2,1.2487,1.2505,38,8,5,7,1.2486,1.2506,25,47,5,7
2024-12-30T09:15:55.000000000Z,2024-12-30T09:15:55.000000000Z,10,1,29307,A,N,0,1.2496,0,0,0,911,6BH5,1.2495,1.2497,49,20,1,5,1.2494,1.2498,41,41,5,6,1.2493,1.2499,12,36,3,5,1.2492,1.25,104,64,4,1,1.2491,1.2501,23,46,3,6,1.249,1.2502,34,44,2,5,1.2489,1.2503,36,38,4,3,1.2488,1.2504,11,36,3,1,1.2487,1.2505,26,29,7,5,1.2486,1.2506,48,13,2,3
2024-12-30T09:16:00.000000000Z,2024-12-30T09:16:00.000000000Z,10,1,29307,A,N,0,1.2495,0,0,0,912,6BH5,1.2494,1.2496,41,34,4,6,1.2493,1.2497,20,26,6,2,1.2492,1.2498,45,6,3,2,1.2491,1.2499,13,32,5,3,1.249,1.25,38,8,5,1,1.2489,1.2501,16,6,7,7,1.2488,1.2502,16,30,5,4,1.2487,1.2503,40,22,6,1,1.2486,1.2504,21,48,4,3,1.2485,1.2505,8,39,1,4
2024-12-30T09:16:05.000000000Z,2024-12-30T09:16:05.000000000Z,10,1,29307,A,N,0,1.2494,0,0,0,913,6BH5,1.2493,1.2495,12,16,4,2,1.2492,1.2496,8,15,3,3,1.2491,1.2497,13,25,2,6,1.249,1.2498,10,29,2,5,1.2489,1.2499,44,22,4,4,1.2488,1.25,24,48,1,1,1.2487,1.2501,23,32,2,3,1.2486,1.2502,47,35,6,3,1.2485,1.2503,10,13,1,1,1.2484,1.2504,21,40,4,2
2024-12-30T09:16:10.000000000Z,2024-12-30T09:16:10.000000000Z,10,1,29307,A,N,0,1.2494,0,0,0,914,6BH5,1.2493,1.2495,20,21,3,6,1.2492,1.2496,41,7,4,3,1.2491,1.2497,7,20,1,4,1.249,1.2498,37,47,2,3,1.2489,1.2499,22,34,3,2,1.2488,1.25,39,16,6,5,1.2487,1.2501,5,15,7,1,1.2486,1.2502,344,376,3,5,1.2485,1.2503,32,43,2,7,1.2484,1.2504,27,34,4,3
2024-12-30T09:16:15.000000000Z,2024-12-30T09:16:15.000000000Z,10,1,29307,A,N,0,1.2493,0,0,0,915,6BH5,1.2492,1.2494,7,20,7,3,1.2491,1.2495,8,26,2,6,1.249,1.2496,20,7,4,2,1.2489,1.2497,39,45,7,5,1.2488,1.2498,34,38,7,6,1.2487,1.2499,34,37,1,6,1.2486,1.25,49,6,2,2,1.2485,1.2501,7,21,2,6,1.2484,1.2502,10,16,5,6,1.2483,1.2503,7,45,3,5
2024-12-30T09:16:20.000000000Z,2024-12-30T09:16:20.000000000Z,10,1,29307,A,N,0,1.2493,0,0,0,916,6BH5,1.2492,1.2494,31,33,5,4,1.2491,1.2495,17,29,4,5,1.249,1.2496,19,49,5,6,1.2489,1.2497,36,11,3,1,1.2488,1.2498,9,47,4,7,1.2487,1.2499,37,5,6,4,1.2486,1.25,5,19,5,7,1.2485,1.2501,42,49,7,7,1.2484,1.2502,35,11,5,4,1.2483,1.2503,22,44,3,4
2024-12-30T09:16:25.000000000Z,2024-12-30T09:16:25.000000000Z,10,1,29307,A,N,0,1.2492,0,0,0,917,6BH5,1.2491,1.2493,35,29,2,6,1.249,1.2494,32,20,7,6,1.2489,1.2495,44,39,3,6,1.2488,1.2496,49,38,6,7,1.2487,1.2497,8,45,2,6,1.2486,1.2498,42,38,4,7,1.2485,1.2499,320,64,7,3,1.2484,1.25,19,25,3,7,1.2483,1.2501,14,8,5,1,1.2482,1.2502,23,28,6,4
2024-12-30T09:16:30.000000000Z,2024-12-30T09:16:30.000000000Z,10,1,29307,A,N,0,1.2493,0,0,0,918,6BH5,1.2492,1.2494,10,16,1,6,1.2491,1.2495,49,34,6,4,1.249,1.2496,34,8,4,2,1.2489,1.2497,42,31,2,5,1.2488,1.2498,44,39,4,5,1.2487,1.2499,27,47,1,4,1.2486,1.25,35,7,4,1,1.2485,1.2501,43,6,5,1,1.2484,1.2502,16,23,5,6,1.2483,1.2503,48,8,7,4
2024-12-30T09:16:35.000000000Z,2024-12-30T09:16:35.000000000Z,10,1,29307,A,N,0,1.2492,0,0,0,919,6BH5,1.2491,1.2493,26,22,6,2,1.249,1.2494,45,49,3,4,1.2489,1.2495,6,7,5,5,1.2488,1.2496,18,34,2,5,1.2487,1.2497,44,29,5,3,1.2486,1.2498,14,29,1,6,1.2485,1.2499,46,15,4,2,1.2484,1.25,32,32,7,3,1.2483,1.2501,39,24,6,2,1.2482,1.2502,21,23,1,5
2024-12-30T09:16:40.000000000Z,2024-12-30T09:16:40.000000000Z,10,1,29307,A,N,0,1.2493,0,0,0,920,6BH5,1.2492,1.2494,7,38,6,4,1.2491,1.2495,22,38,5,4,1.249,1.2496,49,15,7,4,1.2489,1.2497,39,14,6,7,1.2488,1.2498,10,23,2,1,1.2487,1.2499,49,17,2,4,1.2486,1.25,24,6,4,7,1.2485,1.2501,15,23,1,6,1.2484,1.2502,29,18,7,4,1.2483,1.2503,24,22,1,3
2024-12-30T09:16:45.000000000Z,2024-12-30T09:16:45.000000000Z,10,1,29307,A,N,0,1.2493,0,0,0,921,6BH5,1.2492,1.2494,30,36,5,7,1.2491,1.2495,30,19,4,6,1.249,1.2496,48,7,6,7,1.2489,1.2497,43,33,1,6,1.2488,1.2498,8,14,3,7,1.2487,1.2499,8,36,5,2,1.2486,1.25,20,26,4,4,1.2485,1.2501,25,13,2,6,1.2484,1.2502,31,29,5,6,1.2483,1.2503,42,15,4,1
2024-12-30T09:16:50.000000000Z,2024-12-30T09:16:50.000000000Z,10,1,29307,A,N,0,1.2494,0,0,0,922,6BH5,1.2493,1.2495,23,28,6,7,1.2492,1.2496,12,24,1,6,1.2491,1.2497,29,25,3,2,1.249,1.2498,39,7,1,1,1.2489,1.2499,31,5,2,3,1.2488,1.25,15,41,5,3,1.2487,1.2501,32,42,6,7,1.2486,1.2502,32,6,1,6,1.2485,1.2503,20,12,5,3,1.2484,1.2504,8,27,5,2
2024-12-30T09:16:55.000000000Z,2024-12-30T09:16:55.000000000Z,10,1,29307,A,N,0,1.2493,0,0,0,923,6BH5,1.2492,1.2494,160,320,6,4,1.2491,1.2495,12,24,7,6,1.249,1.2496,22,44,3,6,1.2489,1.2497,43,44,1,1,1.2488,1.2498,11,24,2,5,1.2487,1.2499,30,18,3,2,1.2486,1.25,88,48,7,4,1.2485,1.2501,21,34,6,5,1.2484,1.2502,40,26,7,6,1.2483,1.2503,14,26,7,4
2024-12-30T09:17:00.000000000Z,2024-12-30T09:17:00.000000000Z,10,1,29307,A,N,0,1.2493,0,0,0,924,6BH5,1.2492,1.2494,9,29,1,1,1.2491,1.2495,41,11,7,3,1.249,1.2496,216,64,7,6,1.2489,1.2497,41,14,2,3,1.2488,1.2498,35,14,3,6,1.2487,1.2499,12,15,4,3,1.2486,1.25,25,48,5,6,1.2485,1.2501,41,17,1,7,1.2484,1.2502,21,12,3,1,1.2483,1.2503,19,43,6,6
2024-12-30T09:17:05.000000000Z,2024-12-30T09:17:05.000000000Z,10,1,29307,A,N,0,1.2493,0,0,0,925,6BH5,1.2492,1.2494,39,35,2,2,1.2491,1.2495,6,45,1,2,1.249,1.2496,27,37,4,5,1.2489,1.2497,15,24,2,6,1.2488,1.2498,29,8,3,5,1.2487,1.2499,16,6,5,2,1.2486,1.25,23,7,7,4,1.2485,1.2501,39,31,3,6,1.2484,1.2502,7,9,5,7,1.2483,1.2503,23,39,1,4
2024-12-30T09:17:10.000000000Z,2024-12-30T09:17:10.000000000Z,10,1,29307,A,N,0,1.2493,0,0,0,926,6BH5,1.2492,1.2494,24,21,5,5,1.2491,1.2495,34,10,2,7,1.249,1.2496,24,20,4,3,1.2489,1.2497,33,31,7,1,1.2488,1.2498,36,7,6,2,1.2487,1.2499,30,25,6,6,1.2486,1.25,31,48,3,1,1.2485,1.2501,22,6,4,6,1.2484,1.2502,21,20,1,2,1.2483,1.2503,11,13,7,3
2024-12-30T09:17:15.000000000Z,2024-12-30T09:17:15.000000000Z,10,1,29307,A,N,0,1.2493,0,0,0,927,6BH5,1.2492,1.2494,27,31,1,5,1.2491,1.2495,20,32,4,5,1.249,1.2496,240,48,3,7,1.2489,1.2497,29,49,4,7,1.2488,1.2498,31,22,7,5,1.2487,1.2499,48,37,2,2,1.2486,1.25,10,47,1,3,1.2485,1.2501,41,30,5,3,1.2484,1.2502,11,40,6,7,1.2483,1.2503,37,9,5,1
2024-12-30T09:17:20.000000000Z,2024-12-30T09:17:20.000000000Z,10,1,29307,A,N,0,1.2493,0,0,0,928,6BH5,1.2492,1.2494,21,8,1,4,1.2491,1.2495,27,15,4,4,1.249,1.2496,22,31,3,1,1.2489,1.2497,37,44,6,4,1.2488,1.2498,30,38,5,5,1.2487,1.2499,16,12,3,1,1.2486,1.25,25,27,3,1,1.2485,1.2501,39,6,4,7,1.2484,1.2502,128,168,6,1,1.2483,1.2503,26,40,7,3
2024-12-30T09:17:25.000000000Z,2024-12-30T09:17:25.000000000Z,10,1,29307,A,N,0,1.2493,0,0,0,929,6BH5,1.2492,1.2494,31,39,3,5,1.2491,1.2495,22,21,6,1,1.249,1.2496,18,32,7,4,1.2489,1.2497,47,36,5,1,1.2488,1.2498,25,28,6,4,1.2487,1.2499,26,8,5,4,1.2486,1.25,44,45,3,4,1.2485,1.2501,26,24,2,3,1.2484,1.2502,37,21,4,6,1.2483,1.2503,8,10,2,5
2024-12-30T09:17:30.000000000Z,2024-12-30T09:17:30.000000000Z,10,1,29307,A,N,0,1.2492,0,0,0,930,6BH5,1.2491,1.2493,19,9,6,2,1.249,1.2494,11,34,6,2,1.2489,1.2495,34,28,6,5,1.2488,1.2496,46,13,7,1,1.2487,1.2497,35,48,3,5,1.2486,1.2498,6,24,4,2,1.2485,1.2499,35,40,4,4,1.2484,1.25,40,22,6,1,1.2483,1.2501,38,19,3,3,1.2482,1.2502,36,46,1,7
2024-12-30T09:17:35.000000000Z,2024-12-30T09:17:35.000000000Z,10,1,29307,A,N,0,1.2491,0,0,0,931,6BH5,1.249,1.2492,12,44,7,4,1.2489,1.2493,32,32,3,6,1.2488,1.2494,14,26,7,4,1.2487,1.2495,45,18,4,1,1.2486,1.2496,49,12,2,2,1.2485,1.2497,7,28,7,5,1.2484,1.2498,9,44,5,1,1.2483,1.2499,43,6,3,4,1.2482,1.25,23,32,3,4,1.2481,1.2501,30,42,6,3
2024-12-30T09:17:40.000000000Z,2024-12-30T09:17:40.000000000Z,10,1,29307,A,N,0,1.2491,0,0,0,932,6BH5,1.249,1.2492,13,45,2,2,1.2489,1.2493,22,14,7,3,1.2488,1.2494,23,45,3,2,1.2487,1.2495,9,23,1,2,1.2486,1.2496,14,15,7,2,1.2485,1.2497,5,35,3,3,1.2484,1.2498,25,41,5,6,1.2483,1.2499,9,10,4,7,1.2482,1.25,160,136,3,5,1.2481,1.2501,36,26,1,5
2024-12-30T09:17:45.000000000Z,2024-12-30T09:17:45.000000000Z,10,1,29307,A,N,0,1.249,0,0,0,933,6BH5,1.2489,1.2491,34,23,4,1,1.2488,1.2492,8,14,4,5,1.2487,1.2493,35,20,3,7,1.2486,1.2494,25,6,7,3,1.2485,1.2495,13,6,2,5,1.2484,1.2496,112,248,1,5,1.2483,1.2497,47,37,6,4,1.2482,1.2498,15,22,2,1,1.2481,1.2499,25,40,6,3,1.248,1.25,22,21,2,5
2024-12-30T09:17:50.000000000Z,2024-12-30T09:17:50.000000000Z,10,1,29307,A,N,0,1.2489,0,0,0,934,6BH5,1.2488,1.249,10,47,6,4,1.2487,1.2491,36,21,5,5,1.2486,1.2492,17,10,6,1,1.2485,1.2493,18,39,3,6,1.2484,1.2494,5,47,4,5,1.2483,1.2495,31,14,2,4,1.2482,1.2496,45,46,4,7,1.2481,1.2497,9,26,1,1,1.248,1.2498,45,47,2,2,1.2479,1.2499,40,44,1,1
2024-12-30T09:17:55.000000000Z,2024-12-30T09:17:55.000000000Z,10,1,29307,A,N,0,1.2488,0,0,0,935,6BH5,1.2487,1.2489,23,14,2,2,1.2486,1.249,26,43,6,1,1.2485,1.2491,30,35,7,1,1.2484,1.2492,22,6,1,4,1.2483,1.2493,14,37,3,3,1.2482,1.2494,39,19,5,5,1.2481,1.2495,9,21,6,2,1.248,1.2496,22,29,1,5,1.2479,1.2497,24,49,2,6,1.2478,1.2498,44,46,4,6
2024-12-30T09:18:00.000000000Z,2024-12-30T09:18:00.000000000Z,10,1,29307,A,N,0,1.2487,0,0,0,936,6BH5,1.2486,1.2488,29,46,2,7,1.2485,1.2489,29,32,3,1,1.2484,1.249,9,37,3,5,1.2483,1.2491,9,38,1,6,1.2482,1.2492,14,16,3,7,1.2481,1.2493,128,280,3,2,1.248,1.2494,14,17,2,5,1.2479,1.2495,17,45,6,3,1.2478,1.2496,24,24,1,4,1.2477,1.2497,26,28,4,1
2024-12-30T09:18:05.000000000Z,2024-12-30T09:18:05.000000000Z,10,1,29307,A,N,0,1.2487,0,0,0,937,6BH5,1.2486,1.2488,30,40,1,1,1.2485,1.2489,9,14,2,4,1.2484,1.249,31,31,5,7,1.2483,1.2491,26,16,2,3,1.2482,1.2492,20,34,3,1,1.2481,1.2493,15,24,3,7,1.248,1.2494,15,41,7,4,1.2479,1.2495,28,26,5,7,1.2478,1.2496,10,42,5,3,1.2477,1.2497,20,10,1,4
2024-12-30T09:18:10.000000000Z,2024-12-30T09:18:10.000000000Z,10,1,29307,A,N,0,1.2487,0,0,0,938,6BH5,1.2486,1.2488,39,28,6,3,1.2485,1.2489,44,6,3,4,1.2484,1.249,8,28,3,6,1.2483,1.2491,43,44,3,7,1.2482,1.2492,5,16,1,3,1.2481,1.2493,43,15,3,6,1.248,1.2494,19,29,1,3,1.2479,1.2495,30,49,4,6,1.2478,1.2496,36,15,5,1,1.2477,1.2497,40,34,4,6
2024-12-30T09:18:15.000000000Z,2024-12-30T09:18:15.000000000Z,10,1,29307,A,N,0,1.2488,0,0,0,939,6BH5,1.2487,1.2489,11,20,6,5,1.2486,1.249,31,34,7,1,1.2485,1.2491,46,22,3,6,1.2484,1.2492,7,28,6,4,1.2483,1.2493,35,39,7,1,1.2482,1.2494,112,192,2,4,1.2481,1.2495,23,21,5,3,1.248,1.2496,49,40,5,4,1.2479,1.2497,32,13,3,6,1.2478,1.2498,12,23,2,6
2024-12-30T09:18:20.000000000Z,2024-12-30T09:18:20.000000000Z,10,1,29307,A,N,0,1.2488,0,0,0,940,6BH5,1.2487,1.2489,6,23,5,1,1.2486,1.249,13,27,5,1,1.2485,1.2491,16,29,1,3,1.2484,1.2492,39,22,3,6,1.2483,1.2493,34,7,5,1,1.2482,1.2494,9,35,5,5,1.2481,1.2495,30,11,6,2,1.248,1.2496,18,22,1,4,1.2479,1.2497,10,9,5,5,1.2478,1.2498,24,15,5,6
2024-12-30T09:18:25.000000000Z,2024-12-30T09:18:25.000000000Z,10,1,29307,A,N,0,1.2489,0,0,0,941,6BH5,1.2488,1.249,39,29,6,2,1.2487,1.2491,41,6,4,7,1.2486,1.2492,8,31,6,3,1.2485,1.2493,31,42,4,1,1.2484,1.2494,16,39,7,2,1.2483,1.2495,27,37,6,3,1.2482,1.2496,31,28,2,4,1.2481,1.2497,24,41,2,6,1.248,1.2498,43,25,5,6,1.2479,1.2499,34,14,3,1
2024-12-30T09:18:30.000000000Z,2024-12-30T09:18:30.000000000Z,10,1,29307,A,N,0,1.2489,0,0,0,942,6BH5,1.2488,1.249,160,184,2,7,1.2487,1.2491,8,44,1,4,1.2486,1.2492,48,7,7,3,1.2485,1.2493,30,31,1,3,1.2484,1.2494,48,24,7,5,1.2483,1.2495,30,31,6,1,1.2482,1.2496,26,16,6,6,1.2481,1.2497,23,10,2,1,1.248,1.2498,27,21,5,2,1.2479,1.2499,18,35,3,6
2024-12-30T09:18:35.000000000Z,2024-12-30T09:18:35.000000000Z,10,1,29307,A,N,0,1.249,0,0,0,943,6BH5,1.2489,1.2491,34,22,4,1,1.2488,1.2492,41,29,6,6,1.2487,1.2493,43,31,6,5,1.2486,1.2494,34,15,7,4,1.2485,1.2495,27,11,5,6,1.2484,1.2496,256,80,3,5,1.2483,1.2497,22,48,6,6,1.2482,1.2498,25,19,1,2,1.2481,1.2499,18,25,3,5,1.248,1.25,11,19,7,4
2024-12-30T09:18:40.000000000Z,2024-12-30T09:18:40.000000000Z,10,1,29307,A,N,0,1.2491,0,0,0,944,6BH5,1.249,1.2492,9,43,6,7,1.2489,1.2493,38,29,2,3,1.2488,1.2494,36,16,5,5,1.2487,1.2495,42,14,2,3,1.2486,1.2496,41,36,6,7,1.2485,1.2497,14,47,6,3,1.2484,1.2498,11,30,6,2,1.2483,1.2499,33,36,2,6,1.2482,1.25,42,10,6,4,1.2481,1.2501,43,31,3,7
2024-12-30T09:18:45.000000000Z,2024-12-30T09:18:45.000000000Z,10,1,29307,A,N,0,1.2491,0,0,0,945,6BH5,1.249,1.2492,36,25,1,7,1.2489,1.2493,15,7,6,2,1.2488,1.2494,28,11,1,1,1.2487,1.2495,5,30,1,3,1.2486,1.2496,14,6,3,2,1.2485,1.2497,14,40,6,1,1.2484,1.2498,40,5,3,4,1.2483,1.2499,12,29,5,1,1.2482,1.25,44,37,3,5,1.2481,1.2501,20,12,1,5
2024-12-30T09:18:50.000000000Z,2024-12-30T09:18:50.000000000Z,10,1,29307,A,N,0,1.2491,0,0,0,946,6BH5,1.249,1.2492,42,16,7,1,1.2489,1.2493,25,25,1,3,1.2488,1.2494,48,40,4,1,1.2487,1.2495,41,27,3,2,1.2486,1.2496,20,17,4,6,1.2485,1.2497,36,27,1,3,1.2484,1.2498,49,6,3,7,1.2483,1.2499,39,40,2,4,1.2482,1.25,48,15,6,1,1.2481,1.2501,38,39,5,2
2024-12-30T09:18:55.000000000Z,2024-12-30T09:18:55.000000000Z,10,1,29307,A,N,0,1.249,0,0,0,947,6BH5,1.2489,1.2491,144,184,4,4,1.2488,1.2492,30,32,4,2,1.2487,1.2493,39,37,6,7,1.2486,1.2494,48,16,2,4,1.2485,1.2495,41,44,3,6,1.2484,1.2496,27,13,3,3,1.2483,1.2497,9,25,5,6,1.2482,1.2498,49,45,4,3,1.2481,1.2499,27,44,4,2,1.248,1.25,16,11,4,2
2024-12-30T09:19:00.000000000Z,2024-12-30T09:19:00.000000000Z,10,1,29307,A,N,0,1.2489,0,0,0,948,6BH5,1.2488,1.249,7,17,4,7,1.2487,1.2491,43,27,7,1,1.2486,1.2492,37,40,4,6,1.2485,1.2493,32,5,7,7,1.2484,1.2494,36,28,6,7,1.2483,1.2495,5,32,3,1,1.2482,1.2496,22,17,3,2,1.2481,1.2497,8,31,6,6,1.248,1.2498,49,18,2,5,1.2479,1.2499,47,42,3,3
2024-12-30T09:19:05.000000000Z,2024-12-30T09:19:05.000000000Z,10,1,29307,A,N,0,1.249,0,0,0,949,6BH5,1.2489,1.2491,7,5,4,3,1.2488,1.2492,7,12,2,7,1.2487,1.2493,33,20,7,5,1.2486,1.2494,120,288,3,2,1.2485,1.2495,36,27,1,6,1.2484,1.2496,20,47,5,2,1.2483,1.2497,38,38,5,6,1.2482,1.2498,12,24,6,6,1.2481,1.2499,25,30,7,7,1.248,1.25,44,30,1,1
2024-12-30T09:19:10.000000000Z,2024-12-30T09:19:10.000000000Z,10,1,29307,A,N,0,1.2491,0,0,0,950,6BH5,1.249,1.2492,7,28,1,2,1.2489,1.2493,46,22,5,5,1.2488,1.2494,18,23,2,7,1.2487,1.2495,20,29,3,1,1.2486,1.2496,22,36,6,1,1.2485,1.2497,25,15,5,6,1.2484,1.2498,20,16,7,3,1.2483,1.2499,14,41,1,1,1.2482,1.25,40,5,6,1,1.2481,1.2501,42,29,4,5
2024-12-30T09:19:15.000000000Z,2024-12-30T09:19:15.000000000Z,10,1,29307,A,N,0,1.2492,0,0,0,951,6BH5,1.2491,1.2493,11,15,2,6,1.249,1.2494,40,10,4,5,1.2489,1.2495,19,25,5,2,1.2488,1.2496,15,14,5,7,1.2487,1.2497,46,34,2,1,1.2486,1.2498,24,31,4,6,1.2485,1.2499,46,42,2,1,1.2484,1.25,22,25,6,6,1.2483,1.2501,23,44,2,6,1.2482,1.2502,8,25,5,6
2024-12-30T09:19:20.000000000Z,2024-12-30T09:19:20.000000000Z,10,1,29307,A,N,0,1.2493,0,0,0,952,6BH5,1.2492,1.2494,31,11,5,4,1.2491,1.2495,24,29,6,4,1.249,1.2496,21,41,7,7,1.2489,1.2497,48,47,7,7,1.2488,1.2498,43,48,4,2,1.2487,1.2499,344,336,4,4,1.2486,1.25,49,12,5,6,1.2485,1.2501,7,18,7,1,1.2484,1.2502,45,43,2,5,1.2483,1.2503,35,11,1,4
2024-12-30T09:19:25.000000000Z,2024-12-30T09:19:25.000000000Z,10,1,29307,A,N,0,1.2494,0,0,0,953,6BH5,1.2493,1.2495,224,224,5,5,1.2492,1.2496,10,32,5,2,1.2491,1.2497,18,36,5,5,1.249,1.2498,8,18,2,3,1.2489,1.2499,38,7,5,7,1.2488,1.25,5,46,6,3,1.2487,1.2501,48,6,7,7,1.2486,1.2502,10,23,6,6,1.2485,1.2503,9,34,3,4,1.2484,1.2504,32,5,6,5
2024-12-30T09:19:30.000000000Z,2024-12-30T09:19:30.000000000Z,10,1,29307,A,N,0,1.2494,0,0,0,954,6BH5,1.2493,1.2495,43,21,2,3,1.2492,1.2496,34,44,3,6,1.2491,1.2497,29,17,2,7,1.249,1.2498,26,37,6,6,1.2489,1.2499,37,26,3,7,1.2488,1.25,39,14,7,4,1.2487,1.2501,45,37,5,3,1.2486,1.2502,45,37,3,6,1.2485,1.2503,40,11,4,3,1.2484,1.2504,36,46,1,7
2024-12-30T09:19:35.000000000Z,2024-12-30T09:19:35.000000000Z,10,1,29307,A,N,0,1.2494,0,0,0,955,6BH5,1.2493,1.2495,32,46,2,7,1.2492,1.2496,28,8,6,1,1.2491,1.2497,28,30,2,1,1.249,1.2498,40,41,2,2,1.2489,1.2499,30,15,7,4,1.2488,1.25,48,17,2,4,1.2487,1.2501,42,17,6,4,1.2486,1.2502,38,31,6,4,1.2485,1.2503,40,5,2,5,1.2484,1.2504,16,29,2,4
2024-12-30T09:19:40.000000000Z,2024-12-30T09:19:40.000000000Z,10,1,29307,A,N,0,1.2494,0,0,0,956,6BH5,1.2493,1.2495,38,28,3,7,1.2492,1.2496,33,35,7,3,1.2491,1.2497,112,376,2,6,1.249,1.2498,47,5,3,1,1.2489,1.2499,29,8,7,4,1.2488,1.25,47,49,3,4,1.2487,1.2501,296,144,6,7,1.2486,1.2502,8,24,6,7,1.2485,1.2503,5,9,6,6,1.2484,1.2504,11,48,7,2
2024-12-30T09:19:45.000000000Z,2024-12-30T09:19:45.000000000Z,10,1,29307,A,N,0,1.2494,0,0,0,957,6BH5,1.2493,1.2495,13,43,7,5,1.2492,1.2496,35,49,6,7,1.2491,1.2497,6,10,4,5,1.249,1.2498,30,16,4,1,1.2489,1.2499,39,39,6,5,1.2488,1.25,35,44,5,2,1.2487,1.2501,44,11,5,4,1.2486,1.2502,44,15,6,4,1.2485,1.2503,33,34,5,7,1.2484,1.2504,47,45,7,4
2024-12-30T09:19:50.000000000Z,2024-12-30T09:19:50.000000000Z,10,1,29307,A,N,0,1.2493,0,0,0,958,6BH5,1.2492,1.2494,8,7,1,5,1.2491,1.2495,29,36,1,2,1.249,1.2496,45,33,7,7,1.2489,1.2497,15,35,4,5,1.2488,1.2498,7,6,4,4,1.2487,1.2499,8,48,6,6,1.2486,1.25,48,35,6,7,1.2485,1.2501,23,26,7,4,1.2484,1.2502,11,8,1,1,1.2483,1.2503,41,34,5,1
2024-12-30T09:19:55.000000000Z,2024-12-30T09:19:55.000000000Z,10,1,29307,A,N,0,1.2493,0,0,0,959,6BH5,1.2492,1.2494,42,27,4,5,1.2491,1.2495,20,38,1,2,1.249,1.2496,19,39,2,6,1.2489,1.2497,13,36,3,1,1.2488,1.2498,20,36,1,6,1.2487,1.2499,39,49,1,7,1.2486,1.25,29,22,7,2,1.2485,1.2501,8,30,3,7,1.2484,1.2502,19,32,7,3,1.2483,1.2503,24,18,3,2
2024-12-30T09:20:00.000000000Z,2024-12-30T09:20:00.000000000Z,10,1,29307,A,N,0,1.2493,0,0,0,960,6BH5,1.2492,1.2494,28,45,4,4,1.2491,1.2495,5,18,7,2,1.249,1.2496,46,39,2,2,1.2489,1.2497,32,13,4,2,1.2488,1.2498,32,41,7,3,1.2487,1.2499,22,19,5,1,1.2486,1.25,9,44,5,3,1.2485,1.2501,47,11,2,6,1.2484,1.2502,328,344,1,1,1.2483,1.2503,16,14,4,6
2024-12-30T09:20:05.000000000Z,2024-12-30T09:20:05.000000000Z,10,1,29307,A,N,0,1.2493,0,0,0,961,6BH5,1.2492,1.2494,24,9,7,6,1.2491,1.2495,48,18,3,2,1.249,1.2496,36,16,2,5,1.2489,1.2497,29,18,5,1,1.2488,1.2498,320,128,2,4,1.2487,1.2499,23,39,1,3,1.2486,1.25,42,45,3,3,1.2485,1.2501,20,39,5,7,1.2484,1.2502,5,29,6,3,1.2483,1.2503,19,39,4,1
2024-12-30T09:20:10.000000000Z,2024-12-30T09:20:10.000000000Z,10,1,29307,A,N,0,1.2494,0,0,0,962,6BH5,1.2493,1.2495,26,43,6,6,1.2492,1.2496,45,39,5,6,1.2491,1.2497,22,25,2,1,1.249,1.2498,33,24,1,2,1.2489,1.2499,9,14,7,6,1.2488,1.25,31,46,5,5,1.2487,1.2501,6,29,2,6,1.2486,1.2502,46,11,1,4,1.2485,1.2503,45,14,3,1,1.2484,1.2504,28,40,1,2
2024-12-30T09:20:15.000000000Z,2024-12-30T09:20:15.000000000Z,10,1,29307,A,N,0,1.2494,0,0,0,963,6BH5,1.2493,1.2495,31,25,3,5,1.2492,1.2496,26,40,2,2,1.2491,1.2497,10,18,3,1,1.249,1.2498,23,36,4,6,1.2489,1.2499,21,48,1,5,1.2488,1.25,25,19,3,5,1.2487,1.2501,22,32,5,3,1.2486,1.2502,43,16,2,3,1.2485,1.2503,44,30,4,3,1.2484,1.2504,40,31,4,7
2024-12-30T09:20:20.000000000Z,2024-12-30T09:20:20.000000000Z,10,1,29307,A,N,0,1.2493,0,0,0,964,6BH5,1.2492,1.2494,17,16,3,1,1.2491,1.2495,21,42,2,3,1.249,1.2496,36,28,5,6,1.2489,1.2497,34,43,5,7,1.2488,1.2498,11,24,2,6,1.2487,1.2499,26,45,4,2,1.2486,1.25,35,44,4,3,1.2485,1.2501,33,32,7,1,1.2484,1.2502,19,13,5,5,1.2483,1.2503,26,29,1,2
2024-12-30T09:20:25.000000000Z,2024-12-30T09:20:25.000000000Z,10,1,29307,A,N,0,1.2494,0,0,0,965,6BH5,1.2493,1.2495,22,40,4,1,1.2492,1.2496,47,38,6,7,1.2491,1.2497,46,13,6,3,1.249,1.2498,26,34,4,2,1.2489,1.2499,46,48,7,3,1.2488,1.25,33,25,2,2,1.2487,1.2501,6,18,6,7,1.2486,1.2502,40,28,4,1,1.2485,1.2503,41,10,3,5,1.2484,1.2504,11,32,4,4
2024-12-30T09:20:30.000000000Z,2024-12-30T09:20:30.000000000Z,10,1,29307,A,N,0,1.2494,0,0,0,966,6BH5,1.2493,1.2495,6,30,4,1,1.2492,1.2496,5,32,5,6,1.2491,1.2497,14,49,6,5,1.249,1.2498,15,30,3,3,1.2489,1.2499,46,13,7,2,1.2488,1.25,10,49,6,1,1.2487,1.2501,10,27,7,1,1.2486,1.2502,36,41,3,1,1.2485,1.2503,7,45,3,6,1.2484,1.2504,44,31,1,7
2024-12-30T09:20:35.000000000Z,2024-12-30T09:20:35.000000000Z,10,1,29307,A,N,0,1.2493,0,0,0,967,6BH5,1.2492,1.2494,14,33,4,5,1.2491,1.2495,19,32,1,2,1.249,1.2496,34,13,1,4,1.2489,1.2497,136,144,2,1,1.2488,1.2498,30,39,4,3,1.2487,1.2499,49,22,3,3,1.2486,1.25,29,36,2,3,1.2485,1.2501,44,29,4,1,1.2484,1.2502,6,29,2,6,1.2483,1.2503,25,14,7,3
2024-12-30T09:20:40.000000000Z,2024-12-30T09:20:40.000000000Z,10,1,29307,A,N,0,1.2493,0,0,0,968,6BH5,1.2492,1.2494,8,10,6,3,1.2491,1.2495,9,43,5,1,1.249,1.2496,12,25,7,2,1.2489,1.2497,15,20,3,7,1.2488,1.2498,28,36,5,3,1.2487,1.2499,264,64,3,3,1.2486,1.25,19,18,5,7,1.2485,1.2501,22,18,6,5,1.2484,1.2502,14,21,5,3,1.2483,1.2503,11,43,4,6
2024-12-30T09:20:45.000000000Z,2024-12-30T09:20:45.000000000Z,10,1,29307,A,N,0,1.2493,0,0,0,969,6BH5,1.2492,1.2494,45,14,1,2,1.2491,1.2495,168,40,7,6,1.249,1.2496,13,48,1,2,1.2489,1.2497,368,288,7,5,1.2488,1.2498,46,37,3,3,1.2487,1.2499,22,39,7,4,1.2486,1.25,7,46,5,4,1.2485,1.2501,22,8,5,5,1.2484,1.2502,24,23,3,4,1.2483,1.2503,28,24,2,4
2024-12-30T09:20:50.000000000Z,2024-12-30T09:20:50.000000000Z,10,1,29307,A,N,0,1.2494,0,0,0,970,6BH5,1.2493,1.2495,28,24,6,6,1.2492,1.2496,29,36,1,1,1.2491,1.2497,13,24,2,3,1.249,1.2498,44,23,5,4,1.2489,1.2499,15,25,2,7,1.2488,1.25,34,22,1,3,1.2487,1.2501,34,48,6,4,1.2486,1.2502,37,49,5,3,1.2485,1.2503,26,28,7,3,1.2484,1.2504,32,46,4,5
2024-12-30T09:20:55.000000000Z,2024-12-30T09:20:55.000000000Z,10,1,29307,A,N,0,1.2494,0,0,0,971,6BH5,1.2493,1.2495,20,9,3,7,1.2492,1.2496,19,6,5,7,1.2491,1.2497,37,48,5,1,1.249,1.2498,5,47,4,2,1.2489,1.2499,32,15,2,4,1.2488,1.25,48,17,1,3,1.2487,1.2501,35,42,3,3,1.2486,1.2502,48,22,7,6,1.2485,1.2503,28,25,1,6,1.2484,1.2504,8,30,3,5
2024-12-30T09:21:00.000000000Z,2024-12-30T09:21:00.000000000Z,10,1,29307,A,N,0,1.2493,0,0,0,972,6BH5,1.2492,1.2494,9,20,5,6,1.2491,1.2495,18,29,3,3,1.249,1.2496,40,16,2,7,1.2489,1.2497,49,39,7,3,1.2488,1.2498,12,47,3,5,1.2487,1.2499,39,37,5,2,1.2486,1.25,15,23,4,5,1.2485,1.2501,40,36,3,7,1.2484,1.2502,26,17,4,1,1.2483,1.2503,26,47,2,4
2024-12-30T09:21:05.000000000Z,2024-12-30T09:21:05.000000000Z,10,1,29307,A,N,0,1.2493,0,0,0,973,6BH5,1.2492,1.2494,31,12,2,2,1.2491,1.2495,45,39,7,7,1.249,1.2496,31,10,6,1,1.2489,1.2497,7,10,2,5,1.2488,1.2498,46,23,7,7,1.2487,1.2499,19,34,1,6,1.2486,1.25,9,13,7,1,1.2485,1.2501,41,14,5,5,1.2484,1.2502,17,11,3,1,1.2483,1.2503,6,41,6,7
2024-12-30T09:21:10.000000000Z,2024-12-30T09:21:10.000000000Z,10,1,29307,A,N,0,1.2494,0,0,0,974,6BH5,1.2493,1.2495,11,5,3,2,1.2492,1.2496,6,17,4,6,1.2491,1.2497,29,7,2,3,1.249,1.2498,44,23,4,5,1.2489,1.2499,31,48,6,2,1.2488,1.25,6,47,1,1,1.2487,1.2501,45,7,3,6,1.2486,1.2502,27,29,4,1,1.2485,1.2503,29,27,5,5,1.2484,1.2504,31,15,6,1
2024-12-30T09:21:15.000000000Z,2024-12-30T09:21:15.000000000Z,10,1,29307,A,N,0,1.2494,0,0,0,975,6BH5,1.2493,1.2495,35,38,4,1,1.2492,1.2496,17,22,1,5,1.2491,1.2497,32,30,6,5,1.249,1.2498,224,280,1,2,1.2489,1.2499,12,35,3,4,1.2488,1.25,25,27,6,4,1.2487,1.2501,16,42,6,6,1.2486,1.2502,42,30,5,7,1.2485,1.2503,25,23,5,2,1.2484,1.2504,21,22,6,4
2024-12-30T09:21:20.000000000Z,2024-12-30T09:21:20.000000000Z,10,1,29307,A,N,0,1.2495,0,0,0,976,6BH5,1.2494,1.2496,22,9,5,4,1.2493,1.2497,39,39,3,4,1.2492,1.2498,43,22,6,6,1.2491,1.2499,15,7,5,5,1.249,1.25,29,18,7,7,1.2489,1.2501,45,23,4,7,1.2488,1.2502,33,18,7,3,1.2487,1.2503,216,96,5,4,1.2486,1.2504,41,30,4,1,1.2485,1.2505,30,36,3,7
2024-12-30T09:21:25.000000000Z,2024-12-30T09:21:25.000000000Z,10,1,29307,A,N,0,1.2494,0,0,0,977,6BH5,1.2493,1.2495,25,34,4,2,1.2492,1.2496,5,47,1,3,1.2491,1.2497,25,21,4,4,1.249,1.2498,26,46,1,3,1.2489,1.2499,12,6,5,4,1.2488,1.25,320,40,7,5,1.2487,1.2501,10,28,7,4,1.2486,1.2502,28,26,5,4,1.2485,1.2503,46,38,7,3,1.2484,1.2504,8,18,1,1
2024-12-30T09:21:30.000000000Z,2024-12-30T09:21:30.000000000Z,10,1,29307,A,N,0,1.2495,0,0,0,978,6BH5,1.2494,1.2496,47,33,2,4,1.2493,1.2497,37,32,7,4,1.2492,1.2498,45,38,5,6,1.2491,1.2499,34,36,3,6,1.249,1.25,25,45,4,6,1.2489,1.2501,10,35,7,3,1.2488,1.2502,22,33,4,5,1.2487,1.2503,16,33,5,7,1.2486,1.2504,16,25,4,2,1.2485,1.2505,32,35,7,6
2024-12-30T09:21:35.000000000Z,2024-12-30T09:21:35.000000000Z,10,1,29307,A,N,0,1.2496,0,0,0,979,6BH5,1.2495,1.2497,44,35,3,6,1.2494,1.2498,9,17,2,2,1.2493,1.2499,24,27,4,1,1.2492,1.25,37,11,5,1,1.2491,1.2501,43,8,1,6,1.249,1.2502,6,41,3,5,1.2489,1.2503,26,5,7,2,1.2488,1.2504,8,13,2,3,1.2487,1.2505,46,25,6,1,1.2486,1.2506,6,21,7,5
2024-12-30T09:21:40.000000000Z,2024-12-30T09:21:40.000000000Z,10,1,29307,A,N,0,1.2497,0,0,0,980,6BH5,1.2496,1.2498,49,22,7,1,1.2495,1.2499,35,31,1,4,1.2494,1.25,15,38,3,2,1.2493,1.2501,7,10,4,4,1.2492,1.2502,43,11,6,4,1.2491,1.2503,40,38,6,7,1.249,1.2504,22,46,3,7,1.2489,1.2505,23,36,2,1,1.2488,1.2506,29,16,6,3,1.2487,1.2507,37,19,5,6
2024-12-30T09:21:45.000000000Z,2024-12-30T09:21:45.000000000Z,10,1,29307,A,N,0,1.2497,0,0,0,981,6BH5,1.2496,1.2498,29,49,6,5,1.2495,1.2499,20,43,7,4,1.2494,1.25,21,35,1,6,1.2493,1.2501,40,12,5,1,1.2492,1.2502,28,44,2,4,1.2491,1.2503,18,36,6,7,1.249,1.2504,45,24,1,6,1.2489,1.2505,256,120,4,4,1.2488,1.2506,23,19,6,3,1.2487,1.2507,32,40,4,4
2024-12-30T09:21:50.000000000Z,2024-12-30T09:21:50.000000000Z,10,1,29307,A,N,0,1.2498,0,0,0,982,6BH5,1.2497,1.2499,23,30,1,4,1.2496,1.25,43,38,5,5,1.2495,1.2501,5,27,6,7,1.2494,1.2502,46,24,1,3,1.2493,1.2503,25,9,7,4,1.2492,1.2504,25,36,5,3,1.2491,1.2505,16,40,5,5,1.249,1.2506,23,7,4,1,1.2489,1.2507,13,38,5,2,1.2488,1.2508,104,352,2,3
2024-12-30T09:21:55.000000000Z,2024-12-30T09:21:55.000000000Z,10,1,29307,A,N,0,1.2498,0,0,0,983,6BH5,1.2497,1.2499,26,20,1,7,1.2496,1.25,280,64,5,7,1.2495,1.2501,7,29,2,1,1.2494,1.2502,42,8,2,1,1.2493,1.2503,47,5,1,6,1.2492,1.2504,5,10,7,3,1.2491,1.2505,7,23,4,2,1.249,1.2506,36,16,1,6,1.2489,1.2507,33,13,2,6,1.2488,1.2508,40,20,3,4
2024-12-30T09:22:00.000000000Z,2024-12-30T09:22:00.000000000Z,10,1,29307,A,N,0,1.2499,0,0,0,984,6BH5,1.2498,1.25,47,39,7,3,1.2497,1.2501,35,31,3,5,1.2496,1.2502,320,48,1,5,1.2495,1.2503,27,48,3,7,1.2494,1.2504,296,72,5,1,1.2493,1.2505,28,32,3,7,1.2492,1.2506,38,41,1,1,1.2491,1.2507,33,38,1,3,1.249,1.2508,42,19,5,4,1.2489,1.2509,22,11,6,3
2024-12-30T09:22:05.000000000Z,2024-12-30T09:22:05.000000000Z,10,1,29307,A,N,0,1.2499,0,0,0,985,6BH5,1.2498,1.25,45,14,6,1,1.2497,1.2501,32,22,1,1,1.2496,1.2502,43,21,7,5,1.2495,1.2503,5,42,4,3,1.2494,1.2504,25,26,4,6,1.2493,1.2505,8,39,4,4,1.2492,1.2506,13,23,6,1,1.2491,1.2507,27,16,5,4,1.249,1.2508,6,47,4,2,1.2489,1.2509,44,39,5,3
2024-12-30T09:22:10.000000000Z,2024-12-30T09:22:10.000000000Z,10,1,29307,A,N,0,1.2498,0,0,0,986,6BH5,1.2497,1.2499,40,44,6,6,1.2496,1.25,41,37,4,3,1.2495,1.2501,13,23,4,4,1.2494,1.2502,40,17,2,1,1.2493,1.2503,33,49,7,1,1.2492,1.2504,5,35,4,4,1.2491,1.2505,49,14,1,6,1.249,1.2506,7,37,1,4,1.2489,1.2507,20,13,6,1,1.2488,1.2508,5,47,1,5
2024-12-30T09:22:15.000000000Z,2024-12-30T09:22:15.000000000Z,10,1,29307,A,N,0,1.2498,0,0,0,987,6BH5,1.2497,1.2499,28,43,5,7,1.2496,1.25,7,12,6,4,1.2495,1.2501,31,49,3,2,1.2494,1.2502,168,272,5,6,1.2493,1.2503,48,42,1,4,1.2492,1.2504,5,29,6,3,1.2491,1.2505,18,34,1,7,1.249,1.2506,26,17,1,3,1.2489,1.2507,112,384,5,1,1.2488,1.2508,23,32,4,2
2024-12-30T09:22:20.000000000Z,2024-12-30T09:22:20.000000000Z,10,1,29307,A,N,0,1.2498,0,0,0,988,6BH5,1.2497,1.2499,47,14,7,3,1.2496,1.25,48,34,1,3,1.2495,1.2501,29,43,6,4,1.2494,1.2502,43,29,6,4,1.2493,1.2503,24,14,7,3,1.2492,1.2504,19,42,1,2,1.2491,1.2505,36,17,3,1,1.249,1.2506,18,6,5,4,1.2489,1.2507,47,46,2,5,1.2488,1.2508,34,8,7,3
2024-12-30T09:22:25.000000000Z,2024-12-30T09:22:25.000000000Z,10,1,29307,A,N,0,1.2498,0,0,0,989,6BH5,1.2497,1.2499,9,6,4,4,1.2496,1.25,31,31,6,7,1.2495,1.2501,42,18,2,3,1.2494,1.2502,42,28,6,6,1.2493,1.2503,46,40,2,6,1.2492,1.2504,45,46,3,4,1.2491,1.2505,17,46,5,6,1.249,1.2506,39,23,1,5,1.2489,1.2507,40,32,7,1,1.2488,1.2508,35,15,1,6
2024-12-30T09:22:30.000000000Z,2024-12-30T09:22:30.000000000Z,10,1,29307,A,N,0,1.2498,0,0,0,990,6BH5,1.2497,1.2499,39,39,4,3,1.2496,1.25,41,24,3,4,1.2495,1.2501,12,34,4,5,1.2494,1.2502,44,11,2,5,1.2493,1.2503,15,16,7,7,1.2492,1.2504,21,30,3,1,1.2491,1.2505,7,35,6,2,1.249,1.2506,304,352,7,1,1.2489,1.2507,43,37,5,5,1.2488,1.2508,6,11,7,7
2024-12-30T09:22:35.000000000Z,2024-12-30T09:22:35.000000000Z,10,1,29307,A,N,0,1.2498,0,0,0,991,6BH5,1.2497,1.2499,12,11,4,2,1.2496,1.25,34,49,1,1,1.2495,1.2501,10,20,6,3,1.2494,1.2502,41,37,5,1,1.2493,1.2503,46,29,7,5,1.2492,1.2504,25,14,3,1,1.2491,1.2505,21,25,5,2,1.249,1.2506,6,11,4,6,1.2489,1.2507,36,7,3,2,1.2488,1.2508,49,29,5,4
2024-12-30T09:22:40.000000000Z,2024-12-30T09:22:40.000000000Z,10,1,29307,A,N,0,1.2499,0,0,0,992,6BH5,1.2498,1.25,49,23,1,2,1.2497,1.2501,35,43,3,6,1.2496,1.2502,12,38,2,5,1.2495,1.2503,36,6,1,4,1.2494,1.2504,19,6,3,2,1.2493,1.2505,21,5,7,5,1.2492,1.2506,96,144,6,2,1.2491,1.2507,39,39,6,1,1.249,1.2508,28,14,3,1,1.2489,1.2509,37,37,1,2
2024-12-30T09:22:45.000000000Z,2024-12-30T09:22:45.000000000Z,10,1,29307,A,N,0,1.2498,0,0,0,993,6BH5,1.2497,1.2499,48,42,7,7,1.2496,1.25,5,15,2,7,1.2495,1.2501,5,47,3,7,1.2494,1.2502,11,47,1,3,1.2493,1.2503,27,21,6,1,1.2492,1.2504,6,36,4,2,1.2491,1.2505,38,25,7,1,1.249,1.2506,30,47,6,5,1.2489,1.2507,31,19,4,5,1.2488,1.2508,29,44,7,6
2024-12-30T09:22:50.000000000Z,2024-12-30T09:22:50.000000000Z,10,1,29307,A,N,0,1.2498,0,0,0,994,6BH5,1.2497,1.2499,12,28,3,4,1.2496,1.25,20,11,2,5,1.2495,1.2501,30,42,2,2,1.2494,1.2502,42,46,4,7,1.2493,1.2503,22,6,3,7,1.2492,1.2504,49,38,2,7,1.2491,1.2505,42,12,4,4,1.249,1.2506,21,30,2,4,1.2489,1.2507,312,128,1,7,1.2488,1.2508,45,5,1,1
2024-12-30T09:22:55.000000000Z,2024-12-30T09:22:55.000000000Z,10,1,29307,A,N,0,1.2499,0,0,0,995,6BH5,1.2498,1.25,19,15,5,7,1.2497,1.2501,392,368,7,4,1.2496,1.2502,19,22,4,7,1.2495,1.2503,24,46,7,4,1.2494,1.2504,16,29,5,2,1.2493,1.2505,28,49,5,1,1.2492,1.2506,18,40,6,5,1.2491,1.2507,5,13,4,7,1.249,1.2508,43,22,1,4,1.2489,1.2509,41,45,4,5
2024-12-30T09:23:00.000000000Z,2024-12-30T09:23:00.000000000Z,10,1,29307,A,N,0,1.2499,0,0,0,996,6BH5,1.2498,1.25,10,21,6,3,1.2497,1.2501,14,20,6,2,1.2496,1.2502,12,39,2,2,1.2495,1.2503,16,45,3,3,1.2494,1.2504,19,35,6,5,1.2493,1.2505,33,48,3,6,1.2492,1.2506,25,33,3,7,1.2491,1.2507,8,28,6,5,1.249,1.2508,25,47,4,7,1.2489,1.2509,30,40,4,4
2024-12-30T09:23:05.000000000Z,2024-12-30T09:23:05.000000000Z,10,1,29307,A,N,0,1.2499,0,0,0,997,6BH5,1.2498,1.25,44,20,5,1,1.2497,1.2501,18,48,4,6,1.2496,1.2502,48,47,7,7,1.2495,1.2503,41,6,6,5,1.2494,1.2504,42,35,1,7,1.2493,1.2505,21,8,7,3,1.2492,1.2506,37,18,5,6,1.2491,1.2507,41,36,1,3,1.249,1.2508,15,46,7,6,1.2489,1.2509,17,26,2,2
2024-12-30T09:23:10.000000000Z,2024-12-30T09:23:10.000000000Z,10,1,29307,A,N,0,1.2499,0,0,0,998,6BH5,1.2498,1.25,34,23,3,5,1.2497,1.2501,11,15,5,7,1.2496,1.2502,25,26,2,7,1.2495,1.2503,16,34,1,1,1.2494,1.2504,8,31,7,7,1.2493,1.2505,11,23,6,7,1.2492,1.2506,26,36,7,3,1.2491,1.2507,10,16,2,1,1.249,1.2508,10,46,5,3,1.2489,1.2509,42,18,7,3
2024-12-30T09:23:15.000000000Z,2024-12-30T09:23:15.000000000Z,10,1,29307,A,N,0,1.2499,0,0,0,999,6BH5,1.2498,1.25,22,48,4,5,1.2497,1.2501,14,32,3,4,1.2496,1.2502,56,344,3,1,1.2495,1.2503,46,43,6,4,1.2494,1.2504,9,6,1,2,1.2493,1.2505,11,40,3,6,1.2492,1.2506,9,24,7,4,1.2491,1.2507,45,44,2,7,1.249,1.2508,14,7,1,2,1.2489,1.2509,41,49,5,6
2024-12-30T09:23:20.000000000Z,2024-12-30T09:23:20.000000000Z,10,1,29307,A,N,0,1.2498,0,0,0,1000,6BH5,1.2497,1.2499,41,25,3,1,1.2496,1.25,42,40,2,6,1.2495,1.2501,20,33,6,6,1.2494,1.2502,40,28,7,1,1.2493,1.2503,44,42,1,3,1.2492,1.2504,5,32,1,5,1.2491,1.2505,38,30,5,4,1.249,1.2506,10,40,6,2,1.2489,1.2507,36,8,4,4,1.2488,1.2508,47,30,1,5
2024-12-30T09:23:25.000000000Z,2024-12-30T09:23:25.000000000Z,10,1,29307,A,N,0,1.2498,0,0,0,1001,6BH5,1.2497,1.2499,13,45,3,5,1.2496,1.25,36,33,6,4,1.2495,1.2501,23,5,5,7,1.2494,1.2502,6,6,1,2,1.2493,1.2503,13,48,3,7,1.2492,1.2504,42,38,2,1,1.2491,1.2505,17,26,3,2,1.249,1.2506,39,37,6,1,1.2489,1.2507,6,38,4,2,1.2488,1.2508,25,9,4,7
2024-12-30T09:23:30.000000000Z,2024-12-30T09:23:30.000000000Z,10,1,29307,A,N,0,1.2499,0,0,0,1002,6BH5,1.2498,1.25,9,39,2,6,1.2497,1.2501,44,10,6,7,1.2496,1.2502,15,43,1,3,1.2495,1.2503,35,14,2,5,1.2494,1.2504,43,14,4,4,1.2493,1.2505,45,23,6,6,1.2492,1.2506,23,35,1,2,1.2491,1.2507,30,22,1,7,1.249,1.2508,40,33,4,3,1.2489,1.2509,37,43,6,7
2024-12-30T09:23:35.000000000Z,2024-12-30T09:23:35.000000000Z,10,1,29307,A,N,0,1.2499,0,0,0,1003,6BH5,1.2498,1.25,9,26,5,5,1.2497,1.2501,38,19,5,3,1.2496,1.2502,33,12,1,7,1.2495,1.2503,42,12,7,5,1.2494,1.2504,36,30,1,3,1.2493,1.2505,37,21,1,2,1.2492,1.2506,8,16,5,2,1.2491,1.2507,47,43,2,3,1.249,1.2508,6,11,5,1,1.2489,1.2509,15,37,6,4
2024-12-30T09:23:40.000000000Z,2024-12-30T09:23:40.000000000Z,10,1,29307,A,N,0,1.2498,0,0,0,1004,6BH5,1.2497,1.2499,18,7,2,2,1.2496,1.25,31,8,3,3,1.2495,1.2501,46,33,3,3,1.2494,1.2502,19,9,7,3,1.2493,1.2503,17,47,5,6,1.2492,1.2504,45,17,2,5,1.2491,1.2505,14,42,1,2,1.249,1.2506,5,16,4,3,1.2489,1.2507,26,6,5,1,1.2488,1.2508,14,7,3,6
2024-12-30T09:23:45.000000000Z,2024-12-30T09:23:45.000000000Z,10,1,29307,A,N,0,1.2499,0,0,0,1005,6BH5,1.2498,1.25,9,16,4,5,1.2497,1.2501,33,33,6,4,1.2496,1.2502,96,160,3,5,1.2495,1.2503,45,17,6,2,1.2494,1.2504,13,42,2,7,1.2493,1.2505,48,35,7,1,1.2492,1.2506,35,28,7,4,1.2491,1.2507,46,20,1,6,1.249,1.2508,20,37,6,5,1.2489,1.2509,41,39,4,2
2024-12-30T09:23:50.000000000Z,2024-12-30T09:23:50.000000000Z,10,1,29307,A,N,0,1.2499,0,0,0,1006,6BH5,1.2498,1.25,21,42,6,3,1.2497,1.2501,11,45,7,7,1.2496,1.2502,23,21,5,1,1.2495,1.2503,29,37,3,7,1.2494,1.2504,36,42,4,6,1.2493,1.2505,38,14,4,1,1.2492,1.2506,14,48,3,5,1.2491,1.2507,27,11,5,1,1.249,1.2508,24,14,2,2,1.2489,1.2509,5,49,7,1
2024-12-30T09:23:55.000000000Z,2024-12-30T09:23:55.000000000Z,10,1,29307,A,N,0,1.2498,0,0,0,1007,6BH5,1.2497,1.2499,47,16,1,7,1.2496,1.25,36,15,5,6,1.2495,1.2501,22,27,4,7,1.2494,1.2502,5,32,2,4,1.2493,1.2503,27,36,2,6,1.2492,1.2504,37,29,2,2,1.2491,1.2505,17,23,3,4,1.249,1.2506,47,33,1,6,1.2489,1.2507,37,32,4,5,1.2488,1.2508,43,6,2,4
2024-12-30T09:24:00.000000000Z,2024-12-30T09:24:00.000000000Z,10,1,29307,A,N,0,1.2499,0,0,0,1008,6BH5,1.2498,1.25,24,22,5,4,1.2497,1.2501,20,37,5,5,1.2496,1.2502,41,22,4,6,1.2495,1.2503,47,15,6,7,1.2494,1.2504,7,46,4,2,1.2493,1.2505,7,7,4,7,1.2492,1.2506,5,8,1,3,1.2491,1.2507,43,24,1,1,1.249,1.2508,43,8,1,7,1.2489,1.2509,32,20,6,4
2024-12-30T09:24:05.000000000Z,2024-12-30T09:24:05.000000000Z,10,1,29307,A,N,0,1.2498,0,0,0,1009,6BH5,1.2497,1.2499,29,43,1,6,1.2496,1.25,22,24,7,5,1.2495,1.2501,43,16,1,6,1.2494,1.2502,20,6,4,5,1.2493,1.2503,7,12,5,5,1.2492,1.2504,29,29,6,7,1.2491,1.2505,19,36,2,5,1.249,1.2506,33,27,3,6,1.2489,1.2507,20,48,4,3,1.2488,1.2508,30,11,4,1
2024-12-30T09:24:10.000000000Z,2024-12-30T09:24:10.000000000Z,10,1,29307,A,N,0,1.2499,0,0,0,1010,6BH5,1.2498,1.25,17,9,6,4,1.2497,1.2501,32,12,5,1,1.2496,1.2502,48,47,2,6,1.2495,1.2503,26,25,7,2,1.2494,1.2504,33,5,4,1,1.2493,1.2505,18,32,2,3,1.2492,1.2506,47,6,3,2,1.2491,1.2507,23,6,6,7,1.249,1.2508,15,20,4,5,1.2489,1.2509,26,7,3,3
2024-12-30T09:24:15.000000000Z,2024-12-30T09:24:15.000000000Z,10,1,29307,A,N,0,1.2499,0,0,0,1011,6BH5,1.2498,1.25,10,29,1,4,1.2497,1.2501,43,24,1,3,1.2496,1.2502,25,14,5,5,1.2495,1.2503,45,47,1,5,1.2494,1.2504,20,32,4,3,1.2493,1.2505,15,33,2,1,1.2492,1.2506,14,39,4,4,1.2491,1.2507,31,44,2,4,1.249,1.2508,10,43,2,4,1.2489,1.2509,46,47,7,5
2024-12-30T09:24:20.000000000Z,2024-12-30T09:24:20.000000000Z,10,1,29307,A,N,0,1.25,0,0,0,1012,6BH5,1.2499,1.2501,20,23,4,5,1.2498,1.2502,29,14,3,5,1.2497,1.2503,36,9,7,6,1.2496,1.2504,16,35,1,6,1.2495,1.2505,45,26,5,1,1.2494,1.2506,35,47,6,4,1.2493,1.2507,21,14,5,5,1.2492,1.2508,19,6,1,7,1.2491,1.2509,12,20,7,4,1.249,1.251,39,21,5,6
2024-12-30T09:24:25.000000000Z,2024-12-30T09:24:25.000000000Z,10,1,29307,A,N,0,1.25,0,0,0,1013,6BH5,1.2499,1.2501,47,35,4,5,1.2498,1.2502,13,38,4,1,1.2497,1.2503,24,10,3,1,1.2496,1.2504,25,11,6,6,1.2495,1.2505,29,7,5,5,1.2494,1.2506,46,13,5,1,1.2493,1.2507,8,24,5,2,1.2492,1.2508,11,12,3,1,1.2491,1.2509,10,44,1,6,1.249,1.251,21,6,6,2
2024-12-30T09:24:30.000000000Z,2024-12-30T09:24:30.000000000Z,10,1,29307,A,N,0,1.2499,0,0,0,1014,6BH5,1.2498,1.25,20,23,7,7,1.2497,1.2501,49,11,7,1,1.2496,1.2502,28,39,5,5,1.2495,1.2503,21,33,2,2,1.2494,1.2504,7,46,2,1,1.2493,1.2505,47,47,3,7,1.2492,1.2506,44,31,1,1,1.2491,1.2507,40,45,3,1,1.249,1.2508,30,31,4,3,1.2489,1.2509,42,16,7,7
2024-12-30T09:24:35.000000000Z,2024-12-30T09:24:35.000000000Z,10,1,29307,A,N,0,1.2499,0,0,0,1015,6BH5,1.2498,1.25,34,18,1,4,1.2497,1.2501,6,19,5,3,1.2496,1.2502,9,8,4,2,1.2495,1.2503,14,33,4,5,1.2494,1.2504,47,17,5,1,1.2493,1.2505,24,22,3,4,1.2492,1.2506,7,48,7,4,1.2491,1.2507,22,35,4,5,1.249,1.2508,35,12,1,1,1.2489,1.2509,24,15,1,5
2024-12-30T09:24:40.000000000Z,2024-12-30T09:24:40.000000000Z,10,1,29307,A,N,0,1.25,0,0,0,1016,6BH5,1.2499,1.2501,32,22,5,2,1.2498,1.2502,24,35,3,1,1.2497,1.2503,12,22,6,1,1.2496,1.2504,46,13,6,2,1.2495,1.2505,43,7,1,1,1.2494,1.2506,40,23,2,2,1.2493,1.2507,23,37,4,7,1.2492,1.2508,38,32,6,4,1.2491,1.2509,15,24,4,1,1.249,1.251,10,12,5,5
2024-12-30T09:24:45.000000000Z,2024-12-30T09:24:45.000000000Z,10,1,29307,A,N,0,1.2501,0,0,0,1017,6BH5,1.25,1.2502,8,38,4,5,1.2499,1.2503,34,33,5,2,1.2498,1.2504,232,56,1,7,1.2497,1.2505,35,29,3,3,1.2496,1.2506,43,28,3,2,1.2495,1.2507,29,40,1,6,1.2494,1.2508,35,26,6,6,1.2493,1.2509,45,49,4,4,1.2492,1.251,27,16,2,4,1.2491,1.2511,9,48,5,1
2024-12-30T09:24:50.000000000Z,2024-12-30T09:24:50.000000000Z,10,1,29307,A,N,0,1.2501,0,0,0,1018,6BH5,1.25,1.2502,17,6,3,4,1.2499,1.2503,40,22,7,1,1.2498,1.2504,168,296,3,1,1.2497,1.2505,34,26,5,5,1.2496,1.2506,48,15,2,2,1.2495,1.2507,8,13,3,6,1.2494,1.2508,200,232,1,1,1.2493,1.2509,11,36,3,1,1.2492,1.251,5,40,4,1,1.2491,1.2511,48,41,1,1
2024-12-30T09:24:55.000000000Z,2024-12-30T09:24:55.000000000Z,10,1,29307,A,N,0,1.2502,0,0,0,1019,6BH5,1.2501,1.2503,17,16,3,4,1.25,1.2504,24,32,7,7,1.2499,1.2505,15,46,5,6,1.2498,1.2506,48,9,4,6,1.2497,1.2507,47,18,6,2,1.2496,1.2508,47,46,7,2,1.2495,1.2509,26,25,2,1,1.2494,1.251,34,10,5,5,1.2493,1.2511,33,26,3,1,1.2492,1.2512,34,28,1,1
2024-12-30T09:25:00.000000000Z,2024-12-30T09:25:00.000000000Z,10,1,29307,A,N,0,1.2501,0,0,0,1020,6BH5,1.25,1.2502,24,30,5,5,1.2499,1.2503,8,49,1,3,1.2498,1.2504,35,20,2,3,1.2497,1.2505,12,34,3,1,1.2496,1.2506,28,20,3,4,1.2495,1.2507,28,11,1,4,1.2494,1.2508,14,13,7,4,1.2493,1.2509,28,20,4,6,1.2492,1.251,33,26,7,2,1.2491,1.2511,48,26,4,3
2024-12-30T09:25:05.000000000Z,2024-12-30T09:25:05.000000000Z,10,1,29307,A,N,0,1.25,0,0,0,1021,6BH5,1.2499,1.2501,21,18,5,6,1.2498,1.2502,44,36,6,2,1.2497,1.2503,38,48,4,4,1.2496,1.2504,23,38,2,2,1.2495,1.2505,31,24,6,3,1.2494,1.2506,32,12,4,1,1.2493,1.2507,35,5,1,6,1.2492,1.2508,12,12,6,7,1.2491,1.2509,45,12,5,1,1.249,1.251,19,46,1,4
2024-12-30T09:25:10.000000000Z,2024-12-30T09:25:10.000000000Z,10,1,29307,A,N,0,1.2499,0,0,0,1022,6BH5,1.2498,1.25,45,23,3,1,1.2497,1.2501,9,43,6,6,1.2496,1.2502,64,280,4,6,1.2495,1.2503,44,18,2,1,1.2494,1.2504,47,45,7,1,1.2493,1.2505,24,38,1,4,1.2492,1.2506,13,22,6,4,1.2491,1.2507,24,46,5,4,1.249,1.2508,48,32,5,6,1.2489,1.2509,5,35,1,4
2024-12-30T09:25:15.000000000Z,2024-12-30T09:25:15.000000000Z,10,1,29307,A,N,0,1.25,0,0,0,1023,6BH5,1.2499,1.2501,9,19,1,1,1.2498,1.2502,7,22,6,7,1.2497,1.2503,46,17,2,4,1.2496,1.2504,6,40,3,1,1.2495,1.2505,32,21,2,7,1.2494,1.2506,42,33,7,2,1.2493,1.2507,48,10,4,6,1.2492,1.2508,22,39,2,6,1.2491,1.2509,35,15,6,3,1.249,1.251,23,21,4,4
2024-12-30T09:25:20.000000000Z,2024-12-30T09:25:20.000000000Z,10,1,29307,A,N,0,1.2501,0,0,0,1024,6BH5,1.25,1.2502,16,11,5,1,1.2499,1.2503,11,19,5,1,1.2498,1.2504,20,35,7,2,1.2497,1.2505,9,37,5,2,1.2496,1.2506,25,6,4,5,1.2495,1.2507,15,45,7,6,1.2494,1.2508,12,40,4,1,1.2493,1.2509,34,12,5,2,1.2492,1.251,47,30,4,2,1.2491,1.2511,43,6,7,2
2024-12-30T09:25:25.000000000Z,2024-12-30T09:25:25.000000000Z,10,1,29307,A,N,0,1.2501,0,0,0,1025,6BH5,1.25,1.2502,21,49,7,3,1.2499,1.2503,23,31,1,7,1.2498,1.2504,18,45,2,6,1.2497,1.2505,20,20,2,3,1.2496,1.2506,88,104,4,2,1.2495,1.2507,7,25,4,3,1.2494,1.2508,12,41,5,5,1.2493,1.2509,45,25,7,2,1.2492,1.251,304,288,3,6,1.2491,1.2511,34,8,2,7
2024-12-30T09:25:30.000000000Z,2024-12-30T09:25:30.000000000Z,10,1,29307,A,N,0,1.2502,0,0,0,1026,6BH5,1.2501,1.2503,8,41,3,4,1.25,1.2504,41,7,6,1,1.2499,1.2505,37,5,1,3,1.2498,1.2506,36,17,5,7,1.2497,1.2507,27,17,2,1,1.2496,1.2508,44,34,3,5,1.2495,1.2509,23,39,6,7,1.2494,1.251,11,43,4,2,1.2493,1.2511,25,19,2,3,1.2492,1.2512,23,11,5,6
2024-12-30T09:25:35.000000000Z,2024-12-30T09:25:35.000000000Z,10,1,29307,A,N,0,1.2502,0,0,0,1027,6BH5,1.2501,1.2503,46,46,4,2,1.25,1.2504,8,9,6,1,1.2499,1.2505,200,136,2,7,1.2498,1.2506,39,49,4,1,1.2497,1.2507,7,21,1,1,1.2496,1.2508,64,120,7,1,1.2495,1.2509,28,24,4,7,1.2494,1.251,26,25,1,3,1.2493,1.2511,35,32,4,5,1.2492,1.2512,34,41,5,3
2024-12-30T09:25:40.000000000Z,2024-12-30T09:25:40.000000000Z,10,1,29307,A,N,0,1.2502,0,0,0,1028,6BH5,1.2501,1.2503,17,11,3,4,1.25,1.2504,13,39,1,5,1.2499,1.2505,43,23,4,6,1.2498,1.2506,36,9,4,6,1.2497,1.2507,23,19,2,1,1.2496,1.2508,24,8,2,2,1.2495,1.2509,39,28,4,7,1.2494,1.251,5,28,4,7,1.2493,1.2511,22,41,1,1,1.2492,1.2512,13,46,7,7
2024-12-30T09:25:45.000000000Z,2024-12-30T09:25:45.000000000Z,10,1,29307,A,N,0,1.2501,0,0,0,1029,6BH5,1.25,1.2502,8,43,4,5,1.2499,1.2503,38,19,3,3,1.2498,1.2504,23,29,7,4,1.2497,1.2505,33,46,5,6,1.2496,1.2506,46,49,3,3,1.2495,1.2507,23,41,1,5,1.2494,1.2508,45,43,1,2,1.2493,1.2509,7,45,5,3,1.2492,1.251,6,22,4,4,1.2491,1.2511,44,34,5,5
2024-12-30T09:25:50.000000000Z,2024-12-30T09:25:50.000000000Z,10,1,29307,A,N,0,1.2502,0,0,0,1030,6BH5,1.2501,1.2503,30,44,1,1,1.25,1.2504,136,336,7,6,1.2499,1.2505,38,14,1,5,1.2498,1.2506,29,41,4,5,1.2497,1.2507,22,45,4,2,1.2496,1.2508,11,32,5,5,1.2495,1.2509,14,21,6,1,1.2494,1.251,35,48,4,7,1.2493,1.2511,240,368,7,3,1.2492,1.2512,35,13,2,6
2024-12-30T09:25:55.000000000Z,2024-12-30T09:25:55.000000000Z,10,1,29307,A,N,0,1.2501,0,0,0,1031,6BH5,1.25,1.2502,41,49,5,5,1.2499,1.2503,19,13,2,1,1.2498,1.2504,24,6,1,4,1.2497,1.2505,184,176,7,4,1.2496,1.2506,15,13,7,4,1.2495,1.2507,10,29,7,7,1.2494,1.2508,22,47,1,6,1.2493,1.2509,6,24,2,2,1.2492,1.251,34,27,7,3,1.2491,1.2511,27,7,5,3
2024-12-30T09:26:00.000000000Z,2024-12-30T09:26:00.000000000Z,10,1,29307,A,N,0,1.2501,0,0,0,1032,6BH5,1.25,1.2502,44,33,7,1,1.2499,1.2503,33,41,5,1,1.2498,1.2504,27,15,7,7,1.2497,1.2505,38,42,1,1,1.2496,1.2506,10,20,7,2,1.2495,1.2507,47,42,4,1,1.2494,1.2508,29,30,5,2,1.2493,1.2509,9,21,2,7,1.2492,1.251,47,13,7,4,1.2491,1.2511,45,13,2,4
2024-12-30T09:26:05.000000000Z,2024-12-30T09:26:05.000000000Z,10,1,29307,A,N,0,1.2501,0,0,0,1033,6BH5,1.25,1.2502,5,10,6,5,1.2499,1.2503,392,224,2,1,1.2498,1.2504,42,46,2,6,1.2497,1.2505,49,37,4,2,1.2496,1.2506,7,10,5,7,1.2495,1.2507,43,25,3,4,1.2494,1.2508,14,30,3,6,1.2493,1.2509,36,45,4,3,1.2492,1.251,25,30,7,6,1.2491,1.2511,32,32,5,3
2024-12-30T09:26:10.000000000Z,2024-12-30T09:26:10.000000000Z,10,1,29307,A,N,0,1.25,0,0,0,1034,6BH5,1.2499,1.2501,33,42,2,1,1.2498,1.2502,31,27,7,6,1.2497,1.2503,39,8,5,5,1.2496,1.2504,6,9,2,2,1.2495,1.2505,44,48,7,1,1.2494,1.2506,26,29,5,1,1.2493,1.2507,21,42,5,3,1.2492,1.2508,47,15,4,4,1.2491,1.2509,43,20,7,6,1.249,1.251,36,47,5,6
2024-12-30T09:26:15.000000000Z,2024-12-30T09:26:15.000000000Z,10,1,29307,A,N,0,1.25,0,0,0,1035,6BH5,1.2499,1.2501,40,46,2,3,1.2498,1.2502,34,16,3,5,1.2497,1.2503,38,35,6,2,1.2496,1.2504,40,36,1,2,1.2495,1.2505,38,30,5,2,1.2494,1.2506,29,24,7,1,1.2493,1.2507,20,34,6,6,1.2492,1.2508,224,320,2,4,1.2491,1.2509,17,40,5,6,1.249,1.251,28,41,7,2
2024-12-30T09:26:20.000000000Z,2024-12-30T09:26:20.000000000Z,10,1,29307,A,N,0,1.2499,0,0,0,1036,6BH5,1.2498,1.25,24,46,5,5,1.2497,1.2501,40,256,3,1,1.2496,1.2502,18,35,2,3,1.2495,1.2503,30,28,4,2,1.2494,1.2504,12,16,1,2,1.2493,1.2505,42,47,3,3,1.2492,1.2506,39,7,1,5,1.2491,1.2507,12,11,4,3,1.249,1.2508,6,9,4,2,1.2489,1.2509,20,16,4,4
2024-12-30T09:26:25.000000000Z,2024-12-30T09:26:25.000000000Z,10,1,29307,A,N,0,1.25,0,0,0,1037,6BH5,1.2499,1.2501,32,44,3,6,1.2498,1.2502,16,25,3,7,1.2497,1.2503,45,20,4,2,1.2496,1.2504,22,31,7,6,1.2495,1.2505,24,39,7,1,1.2494,1.2506,28,28,7,3,1.2493,1.2507,6,10,7,1,1.2492,1.2508,10,27,7,1,1.2491,1.2509,13,30,6,5,1.249,1.251,44,22,5,5
2024-12-30T09:26:30.000000000Z,2024-12-30T09:26:30.000000000Z,10,1,29307,A,N,0,1.25,0,0,0,1038,6BH5,1.2499,1.2501,36,11,4,5,1.2498,1.2502,23,18,1,4,1.2497,1.2503,24,33,7,6,1.2496,1.2504,19,14,4,7,1.2495,1.2505,12,5,6,5,1.2494,1.2506,27,42,2,6,1.2493,1.2507,42,17,6,3,1.2492,1.2508,36,26,7,6,1.2491,1.2509,16,13,5,2,1.249,1.251,47,14,1,5
2024-12-30T09:26:35.000000000Z,2024-12-30T09:26:35.000000000Z,10,1,29307,A,N,0,1.25,0,0,0,1039,6BH5,1.2499,1.2501,23,27,3,3,1.2498,1.2502,18,23,1,7,1.2497,1.2503,11,40,6,2,1.2496,1.2504,18,25,3,3,1.2495,1.2505,19,14,6,4,1.2494,1.2506,22,15,6,3,1.2493,1.2507,27,24,5,5,1.2492,1.2508,45,16,5,3,1.2491,1.2509,31,34,5,7,1.249,1.251,10,11,6,3
2024-12-30T09:26:40.000000000Z,2024-12-30T09:26:40.000000000Z,10,1,29307,A,N,0,1.2501,0,0,0,1040,6BH5,1.25,1.2502,21,45,2,1,1.2499,1.2503,11,29,2,2,1.2498,1.2504,21,18,3,3,1.2497,1.2505,9,27,3,5,1.2496,1.2506,42,22,4,5,1.2495,1.2507,46,13,1,3,1.2494,1.2508,41,11,1,7,1.2493,1.2509,23,25,5,1,1.2492,1.251,12,49,3,7,1.2491,1.2511,6,48,7,2
2024-12-30T09:26:45.000000000Z,2024-12-30T09:26:45.000000000Z,10,1,29307,A,N,0,1.2501,0,0,0,1041,6BH5,1.25,1.2502,10,20,1,5,1.2499,1.2503,13,36,2,5,1.2498,1.2504,38,33,2,1,1.2497,1.2505,41,12,4,4,1.2496,1.2506,31,19,5,3,1.2495,1.2507,40,19,1,1,1.2494,1.2508,49,35,1,4,1.2493,1.2509,14,44,6,2,1.2492,1.251,34,43,4,7,1.2491,1.2511,176,48,6,4
2024-12-30T09:26:50.000000000Z,2024-12-30T09:26:50.000000000Z,10,1,29307,A,N,0,1.2502,0,0,0,1042,6BH5,1.2501,1.2503,24,38,4,2,1.25,1.2504,39,37,3,7,1.2499,1.2505,26,31,6,4,1.2498,1.2506,42,17,5,5,1.2497,1.2507,36,32,2,6,1.2496,1.2508,26,41,2,1,1.2495,1.2509,42,30,7,7,1.2494,1.251,34,45,1,2,1.2493,1.2511,32,22,2,3,1.2492,1.2512,6,47,2,3
2024-12-30T09:26:55.000000000Z,2024-12-30T09:26:55.000000000Z,10,1,29307,A,N,0,1.2501,0,0,0,1043,6BH5,1.25,1.2502,5,36,1,2,1.2499,1.2503,33,21,7,2,1.2498,1.2504,27,11,2,3,1.2497,1.2505,6,49,5,4,1.2496,1.2506,6,47,7,4,1.2495,1.2507,45,24,2,6,1.2494,1.2508,49,18,1,3,1.2493,1.2509,6,25,1,2,1.2492,1.251,23,16,1,1,1.2491,1.2511,28,44,2,5
2024-12-30T09:27:00.000000000Z,2024-12-30T09:27:00.000000000Z,10,1,29307,A,N,0,1.25,0,0,0,1044,6BH5,1.2499,1.2501,23,34,3,4,1.2498,1.2502,24,45,3,6,1.2497,1.2503,27,49,6,5,1.2496,1.2504,46,32,2,7,1.2495,1.2505,40,15,4,5,1.2494,1.2506,8,36,1,2,1.2493,1.2507,9,8,3,1,1.2492,1.2508,41,38,7,5,1.2491,1.2509,11,44,1,5,1.249,1.251,48,36,2,2
2024-12-30T09:27:05.000000000Z,2024-12-30T09:27:05.000000000Z,10,1,29307,A,N,0,1.2499,0,0,0,1045,6BH5,1.2498,1.25,35,24,6,6,1.2497,1.2501,22,25,3,1,1.2496,1.2502,36,43,6,7,1.2495,1.2503,5,37,1,3,1.2494,1.2504,27,49,4,6,1.2493,1.2505,21,14,5,1,1.2492,1.2506,12,9,6,5,1.2491,1.2507,48,42,7,4,1.249,1.2508,33,26,2,6,1.2489,1.2509,20,35,1,4
2024-12-30T09:27:10.000000000Z,2024-12-30T09:27:10.000000000Z,10,1,29307,A,N,0,1.25,0,0,0,1046,6BH5,1.2499,1.2501,5,48,4,7,1.2498,1.2502,29,12,5,7,1.2497,1.2503,34,7,4,7,1.2496,1.2504,21,14,7,7,1.2495,1.2505,33,46,1,1,1.2494,1.2506,72,152,6,2,1.2493,1.2507,25,10,6,4,1.2492,1.2508,21,35,4,7,1.2491,1.2509,40,38,4,6,1.249,1.251,37,15,7,7
2024-12-30T09:27:15.000000000Z,2024-12-30T09:27:15.000000000Z,10,1,29307,A,N,0,1.2501,0,0,0,1047,6BH5,1.25,1.2502,48,40,4,3,1.2499,1.2503,47,47,5,5,1.2498,1.2504,17,39,3,3,1.2497,1.2505,368,240,6,6,1.2496,1.2506,43,14,2,4,1.2495,1.2507,17,43,7,7,1.2494,1.2508,46,16,5,4,1.2493,1.2509,7,12,1,6,1.2492,1.251,12,41,4,4,1.2491,1.2511,22,8,3,2
2024-12-30T09:27:20.000000000Z,2024-12-30T09:27:20.000000000Z,10,1,29307,A,N,0,1.2501,0,0,0,1048,6BH5,1.25,1.2502,49,31,6,4,1.2499,1.2503,17,18,2,5,1.2498,1.2504,18,47,3,1,1.2497,1.2505,44,5,6,4,1.2496,1.2506,12,21,5,3,1.2495,1.2507,37,49,5,4,1.2494,1.2508,43,42,6,1,1.2493,1.2509,41,5,4,2,1.2492,1.251,48,112,6,3,1.2491,1.2511,15,40,2,6
2024-12-30T09:27:25.000000000Z,2024-12-30T09:27:25.000000000Z,10,1,29307,A,N,0,1.2501,0,0,0,1049,6BH5,1.25,1.2502,17,23,3,4,1.2499,1.2503,16,16,5,4,1.2498,1.2504,32,33,7,1,1.2497,1.2505,8,35,2,3,1.2496,1.2506,22,46,2,4,1.2495,1.2507,12,37,4,6,1.2494,1.2508,35,12,1,7,1.2493,1.2509,28,21,1,7,1.2492,1.251,17,27,5,5,1.2491,1.2511,32,36,7,6
2024-12-30T09:27:30.000000000Z,2024-12-30T09:27:30.000000000Z,10,1,29307,A,N,0,1.25,0,0,0,1050,6BH5,1.2499,1.2501,13,10,3,7,1.2498,1.2502,20,27,7,6,1.2497,1.2503,7,7,6,6,1.2496,1.2504,48,20,2,4,1.2495,1.2505,49,17,7,2,1.2494,1.2506,32,13,3,3,1.2493,1.2507,48,41,6,2,1.2492,1.2508,21,30,4,1,1.2491,1.2509,46,12,2,3,1.249,1.251,42,47,2,1
2024-12-30T09:27:35.000000000Z,2024-12-30T09:27:35.000000000Z,10,1,29307,A,N,0,1.2499,0,0,0,1051,6BH5,1.2498,1.25,44,21,3,1,1.2497,1.2501,45,10,1,3,1.2496,1.2502,9,12,4,3,1.2495,1.2503,29,40,7,1,1.2494,1.2504,28,25,4,2,1.2493,1.2505,33,21,5,1,1.2492,1.2506,10,49,3,1,1.2491,1.2507,43,13,2,4,1.249,1.2508,35,5,1,5,1.2489,1.2509,26,5,5,6
2024-12-30T09:27:40.000000000Z,2024-12-30T09:27:40.000000000Z,10,1,29307,A,N,0,1.2499,0,0,0,1052,6BH5,1.2498,1.25,32,33,2,1,1.2497,1.2501,37,28,4,4,1.2496,1.2502,48,38,1,5,1.2495,1.2503,22,10,3,6,1.2494,1.2504,8,11,1,1,1.2493,1.2505,31,16,7,2,1.2492,1.2506,27,30,2,6,1.2491,1.2507,8,29,6,4,1.249,1.2508,37,7,7,3,1.2489,1.2509,39,37,3,1
2024-12-30T09:27:45.000000000Z,2024-12-30T09:27:45.000000000Z,10,1,29307,A,N,0,1.2498,0,0,0,1053,6BH5,1.2497,1.2499,16,43,2,3,1.2496,1.25,168,120,6,2,1.2495,1.2501,33,46,1,5,1.2494,1.2502,29,46,2,2,1.2493,1.2503,27,48,4,7,1.2492,1.2504,29,16,4,2,1.2491,1.2505,6,37,6,1,1.249,1.2506,34,13,7,7,1.2489,1.2507,21,7,1,2,1.2488,1.2508,336,288,6,1
2024-12-30T09:27:50.000000000Z,2024-12-30T09:27:50.000000000Z,10,1,29307,A,N,0,1.2498,0,0,0,1054,6BH5,1.2497,1.2499,152,96,2,6,1.2496,1.25,38,26,5,3,1.2495,1.2501,33,33,6,7,1.2494,1.2502,39,41,4,6,1.2493,1.2503,21,28,5,4,1.2492,1.2504,28,38,6,3,1.2491,1.2505,13,20,5,6,1.249,1.2506,29,20,4,4,1.2489,1.2507,35,41,1,4,1.2488,1.2508,44,11,5,2
2024-12-30T09:27:55.000000000Z,2024-12-30T09:27:55.000000000Z,10,1,29307,A,N,0,1.2498,0,0,0,1055,6BH5,1.2497,1.2499,47,12,7,7,1.2496,1.25,46,16,6,6,1.2495,1.2501,22,29,5,1,1.2494,1.2502,41,31,4,2,1.2493,1.2503,13,14,6,3,1.2492,1.2504,5,40,2,7,1.2491,1.2505,26,28,1,3,1.249,1.2506,30,10,1,7,1.2489,1.2507,42,45,1,1,1.2488,1.2508,12,27,4,2
2024-12-30T09:28:00.000000000Z,2024-12-30T09:28:00.000000000Z,10,1,29307,A,N,0,1.2499,0,0,0,1056,6BH5,1.2498,1.25,17,9,2,1,1.2497,1.2501,48,23,6,2,1.2496,1.2502,35,17,6,6,1.2495,1.2503,17,28,7,6,1.2494,1.2504,31,40,6,6,1.2493,1.2505,10,19,6,5,1.2492,1.2506,25,42,6,6,1.2491,1.2507,47,49,3,4,1.249,1.2508,25,24,4,3,1.2489,1.2509,15,46,4,6
2024-12-30T09:28:05.000000000Z,2024-12-30T09:28:05.000000000Z,10,1,29307,A,N,0,1.2499,0,0,0,1057,6BH5,1.2498,1.25,5,24,4,6,1.2497,1.2501,33,46,3,2,1.2496,1.2502,37,34,7,6,1.2495,1.2503,48,23,2,2,1.2494,1.2504,31,28,7,6,1.2493,1.2505,18,12,3,1,1.2492,1.2506,41,49,3,5,1.2491,1.2507,8,19,3,7,1.249,1.2508,36,38,6,4,1.2489,1.2509,28,23,6,4
2024-12-30T09:28:10.000000000Z,2024-12-30T09:28:10.000000000Z,10,1,29307,A,N,0,1.2499,0,0,0,1058,6BH5,1.2498,1.25,43,38,6,4,1.2497,1.2501,352,328,1,1,1.2496,1.2502,5,41,1,2,1.2495,1.2503,48,18,7,7,1.2494,1.2504,7,22,5,4,1.2493,1.2505,20,8,5,6,1.2492,1.2506,39,49,5,4,1.2491,1.2507,16,13,2,5,1.249,1.2508,23,10,7,2,1.2489,1.2509,15,9,5,3
2024-12-30T09:28:15.000000000Z,2024-12-30T09:28:15.000000000Z,10,1,29307,A,N,0,1.2499,0,0,0,1059,6BH5,1.2498,1.25,46,13,2,1,1.2497,1.2501,16,23,1,3,1.2496,1.2502,33,43,5,4,1.2495,1.2503,12,10,4,3,1.2494,1.2504,36,45,4,4,1.2493,1.2505,15,27,6,5,1.2492,1.2506,35,41,7,2,1.2491,1.2507,42,42,5,6,1.249,1.2508,29,37,4,7,1.2489,1.2509,33,19,4,6
2024-12-30T09:28:20.000000000Z,2024-12-30T09:28:20.000000000Z,10,1,29307,A,N,0,1.2498,0,0,0,1060,6BH5,1.2497,1.2499,36,32,1,7,1.2496,1.25,36,14,4,3,1.2495,1.2501,15,47,2,5,1.2494,1.2502,14,41,5,7,1.2493,1.2503,12,21,6,1,1.2492,1.2504,17,6,5,2,1.2491,1.2505,15,24,7,1,1.249,1.2506,49,49,5,2,1.2489,1.2507,35,30,1,5,1.2488,1.2508,12,10,2,4
2024-12-30T09:28:25.000000000Z,2024-12-30T09:28:25.000000000Z,10,1,29307,A,N,0,1.2499,0,0,0,1061,6BH5,1.2498,1.25,29,6,4,2,1.2497,1.2501,10,41,3,7,1.2496,1.2502,5,18,6,3,1.2495,1.2503,22,13,4,7,1.2494,1.2504,17,49,3,3,1.2493,1.2505,14,42,3,2,1.2492,1.2506,21,27,3,1,1.2491,1.2507,33,19,2,4,1.249,1.2508,18,19,3,7,1.2489,1.2509,7,34,7,4
2024-12-30T09:28:30.000000000Z,2024-12-30T09:28:30.000000000Z,10,1,29307,A,N,0,1.2498,0,0,0,1062,6BH5,1.2497,1.2499,32,27,7,7,1.2496,1.25,16,23,1,3,1.2495,1.2501,40,34,6,4,1.2494,1.2502,29,38,1,1,1.2493,1.2503,17,16,4,7,1.2492,1.2504,38,23,4,4,1.2491,1.2505,176,272,2,2,1.249,1.2506,280,280,5,5,1.2489,1.2507,38,13,2,3,1.2488,1.2508,39,9,6,2
2024-12-30T09:28:35.000000000Z,2024-12-30T09:28:35.000000000Z,10,1,29307,A,N,0,1.2497,0,0,0,1063,6BH5,1.2496,1.2498,15,12,4,5,1.2495,1.2499,24,7,4,7,1.2494,1.25,12,10,1,6,1.2493,1.2501,36,10,1,2,1.2492,1.2502,30,24,5,5,1.2491,1.2503,22,12,5,1,1.249,1.2504,13,46,2,6,1.2489,1.2505,32,41,2,4,1.2488,1.2506,27,47,4,7,1.2487,1.2507,31,13,3,6
2024-12-30T09:28:40.000000000Z,2024-12-30T09:28:40.000000000Z,10,1,29307,A,N,0,1.2497,0,0,0,1064,6BH5,1.2496,1.2498,44,41,3,5,1.2495,1.2499,392,312,4,5,1.2494,1.25,12,13,6,5,1.2493,1.2501,40,36,6,1,1.2492,1.2502,47,21,6,7,1.2491,1.2503,8,16,3,4,1.249,1.2504,11,43,5,6,1.2489,1.2505,368,96,1,6,1.2488,1.2506,26,24,4,3,1.2487,1.2507,28,12,3,3
2024-12-30T09:28:45.000000000Z,2024-12-30T09:28:45.000000000Z,10,1,29307,A,N,0,1.2498,0,0,0,1065,6BH5,1.2497,1.2499,40,88,4,7,1.2496,1.25,10,43,4,6,1.2495,1.2501,14,34,7,3,1.2494,1.2502,19,6,1,7,1.2493,1.2503,17,22,5,4,1.2492,1.2504,6,24,7,5,1.2491,1.2505,17,8,2,2,1.249,1.2506,34,42,4,1,1.2489,1.2507,23,31,2,1,1.2488,1.2508,6,21,7,4
2024-12-30T09:28:50.000000000Z,2024-12-30T09:28:50.000000000Z,10,1,29307,A,N,0,1.2497,0,0,0,1066,6BH5,1.2496,1.2498,31,5,6,6,1.2495,1.2499,40,20,3,1,1.2494,1.25,39,23,3,7,1.2493,1.2501,29,26,7,2,1.2492,1.2502,12,34,2,7,1.2491,1.2503,16,45,5,3,1.249,1.2504,7,41,6,2,1.2489,1.2505,9,6,6,3,1.2488,1.2506,12,43,7,5,1.2487,1.2507,46,34,5,3
2024-12-30T09:28:55.000000000Z,2024-12-30T09:28:55.000000000Z,10,1,29307,A,N,0,1.2496,0,0,0,1067,6BH5,1.2495,1.2497,38,26,6,6,1.2494,1.2498,9,9,2,6,1.2493,1.2499,17,43,1,6,1.2492,1.25,31,25,7,7,1.2491,1.2501,43,40,4,1,1.249,1.2502,38,41,5,4,1.2489,1.2503,48,46,5,1,1.2488,1.2504,36,34,1,4,1.2487,1.2505,47,10,1,4,1.2486,1.2506,22,19,1,4
2024-12-30T09:29:00.000000000Z,2024-12-30T09:29:00.000000000Z,10,1,29307,A,N,0,1.2495,0,0,0,1068,6BH5,1.2494,1.2496,21,38,5,3,1.2493,1.2497,18,40,2,5,1.2492,1.2498,12,33,2,5,1.2491,1.2499,25,42,1,4,1.249,1.25,36,36,7,6,1.2489,1.2501,10,31,2,6,1.2488,1.2502,23,47,1,3,1.2487,1.2503,40,37,5,3,1.2486,1.2504,49,34,7,6,1.2485,1.2505,49,25,2,6
2024-12-30T09:29:05.000000000Z,2024-12-30T09:29:05.000000000Z,10,1,29307,A,N,0,1.2495,0,0,0,1069,6BH5,1.2494,1.2496,47,30,6,6,1.2493,1.2497,9,28,3,2,1.2492,1.2498,21,16,6,2,1.2491,1.2499,7,15,3,4,1.249,1.25,14,15,4,2,1.2489,1.2501,104,320,2,7,1.2488,1.2502,43,9,3,6,1.2487,1.2503,152,256,6,4,1.2486,1.2504,23,39,2,2,1.2485,1.2505,28,24,5,3
2024-12-30T09:29:10.000000000Z,2024-12-30T09:29:10.000000000Z,10,1,29307,A,N,0,1.2495,0,0,0,1070,6BH5,1.2494,1.2496,15,43,3,2,1.2493,1.2497,24,25,3,2,1.2492,1.2498,5,39,2,1,1.2491,1.2499,25,20,4,4,1.249,1.25,11,34,2,6,1.2489,1.2501,44,49,4,4,1.2488,1.2502,41,8,7,4,1.2487,1.2503,18,36,3,7,1.2486,1.2504,18,29,7,2,1.2485,1.2505,10,30,6,3
2024-12-30T09:29:15.000000000Z,2024-12-30T09:29:15.000000000Z,10,1,29307,A,N,0,1.2494,0,0,0,1071,6BH5,1.2493,1.2495,5,25,6,6,1.2492,1.2496,29,22,7,2,1.2491,1.2497,11,33,7,5,1.249,1.2498,22,18,7,2,1.2489,1.2499,29,15,2,5,1.2488,1.25,12,17,2,6,1.2487,1.2501,30,13,7,7,1.2486,1.2502,12,6,2,4,1.2485,1.2503,38,46,6,3,1.2484,1.2504,14,33,1,6
2024-12-30T09:29:20.000000000Z,2024-12-30T09:29:20.000000000Z,10,1,29307,A,N,0,1.2495,0,0,0,1072,6BH5,1.2494,1.2496,14,34,7,4,1.2493,1.2497,29,40,3,7,1.2492,1.2498,38,36,4,4,1.2491,1.2499,20,15,7,6,1.249,1.25,31,20,1,1,1.2489,1.2501,47,18,2,4,1.2488,1.2502,19,38,5,1,1.2487,1.2503,14,21,2,2,1.2486,1.2504,9,39,6,3,1.2485,1.2505,13,40,1,6
2024-12-30T09:29:25.000000000Z,2024-12-30T09:29:25.000000000Z,10,1,29307,A,N,0,1.2496,0,0,0,1073,6BH5,1.2495,1.2497,160,360,3,4,1.2494,1.2498,5,32,6,4,1.2493,1.2499,35,24,4,1,1.2492,1.25,7,48,2,4,1.2491,1.2501,46,11,6,6,1.249,1.2502,20,17,1,7,1.2489,1.2503,15,10,5,5,1.2488,1.2504,39,16,5,6,1.2487,1.2505,15,27,7,5,1.2486,1.2506,28,20,4,7
2024-12-30T09:29:30.000000000Z,2024-12-30T09:29:30.000000000Z,10,1,29307,A,N,0,1.2496,0,0,0,1074,6BH5,1.2495,1.2497,28,8,2,1,1.2494,1.2498,21,25,1,3,1.2493,1.2499,29,35,3,4,1.2492,1.25,34,29,4,1,1.2491,1.2501,31,37,6,7,1.249,1.2502,39,27,3,2,1.2489,1.2503,47,35,4,3,1.2488,1.2504,28,27,5,7,1.2487,1.2505,18,30,2,2,1.2486,1.2506,41,6,2,2
2024-12-30T09:29:35.000000000Z,2024-12-30T09:29:35.000000000Z,10,1,29307,A,N,0,1.2496,0,0,0,1075,6BH5,1.2495,1.2497,104,384,5,3,1.2494,1.2498,7,34,3,7,1.2493,1.2499,28,19,6,3,1.2492,1.25,28,23,7,5,1.2491,1.2501,42,5,4,6,1.249,1.2502,8,19,1,4,1.2489,1.2503,17,34,2,4,1.2488,1.2504,6,10,3,2,1.2487,1.2505,42,16,3,2,1.2486,1.2506,32,16,4,5
2024-12-30T09:29:40.000000000Z,2024-12-30T09:29:40.000000000Z,10,1,29307,A,N,0,1.2496,0,0,0,1076,6BH5,1.2495,1.2497,40,34,6,6,1.2494,1.2498,46,7,1,7,1.2493,1.2499,34,9,2,7,1.2492,1.25,26,45,5,2,1.2491,1.2501,39,23,2,2,1.249,1.2502,28,17,3,2,1.2489,1.2503,46,31,2,5,1.2488,1.2504,40,13,5,2,1.2487,1.2505,11,27,7,5,1.2486,1.2506,6,20,4,1
2024-12-30T09:29:45.000000000Z,2024-12-30T09:29:45.000000000Z,10,1,29307,A,N,0,1.2496,0,0,0,1077,6BH5,1.2495,1.2497,23,37,4,5,1.2494,1.2498,21,23,2,1,1.2493,1.2499,36,43,6,7,1.2492,1.25,41,30,5,4,1.2491,1.2501,35,34,2,7,1.249,1.2502,344,336,4,3,1.2489,1.2503,36,34,6,5,1.2488,1.2504,19,11,6,4,1.2487,1.2505,22,26,1,7,1.2486,1.2506,38,22,6,4
2024-12-30T09:29:50.000000000Z,2024-12-30T09:29:50.000000000Z,10,1,29307,A,N,0,1.2496,0,0,0,1078,6BH5,1.2495,1.2497,5,44,4,2,1.2494,1.2498,7,48,3,5,1.2493,1.2499,16,27,1,7,1.2492,1.25,39,5,6,4,1.2491,1.2501,22,49,4,5,1.249,1.2502,43,11,1,6,1.2489,1.2503,19,43,5,7,1.2488,1.2504,30,43,5,5,1.2487,1.2505,27,44,5,4,1.2486,1.2506,15,46,1,7
2024-12-30T09:29:55.000000000Z,2024-12-30T09:29:55.000000000Z,10,1,29307,A,N,0,1.2495,0,0,0,1079,6BH5,1.2494,1.2496,42,22,2,1,1.2493,1.2497,21,28,6,3,1.2492,1.2498,11,19,1,6,1.2491,1.2499,48,49,5,5,1.249,1.25,33,30,4,3,1.2489,1.2501,23,6,5,6,1.2488,1.2502,40,44,1,7,1.2487,1.2503,39,26,5,4,1.2486,1.2504,22,36,7,6,1.2485,1.2505,10,37,5,1
2024-12-30T09:30:00.000000000Z,2024-12-30T09:30:00.000000000Z,10,1,29307,A,N,0,1.2495,0,0,0,1080,6BH5,1.2494,1.2496,35,26,3,6,1.2493,1.2497,38,27,4,6,1.2492,1.2498,18,7,1,1,1.2491,1.2499,43,33,7,4,1.249,1.25,45,26,7,4,1.2489,1.2501,48,27,6,4,1.2488,1.2502,5,36,5,6,1.2487,1.2503,25,47,5,5,1.2486,1.2504,36,8,5,5,1.2485,1.2505,31,5,1,1
2024-12-30T09:30:05.000000000Z,2024-12-30T09:30:05.000000000Z,10,1,29307,A,N,0,1.2495,0,0,0,1081,6BH5,1.2494,1.2496,41,34,6,3,1.2493,1.2497,32,31,6,7,1.2492,1.2498,43,23,1,2,1.2491,1.2499,43,14,4,7,1.249,1.25,27,30,3,6,1.2489,1.2501,48,22,3,2,1.2488,1.2502,5,36,1,7,1.2487,1.2503,11,40,6,5,1.2486,1.2504,40,7,2,3,1.2485,1.2505,42,10,4,1
2024-12-30T09:30:10.000000000Z,2024-12-30T09:30:10.000000000Z,10,1,29307,A,N,0,1.2494,0,0,0,1082,6BH5,1.2493,1.2495,32,48,5,7,1.2492,1.2496,38,34,5,6,1.2491,1.2497,39,41,1,6,1.249,1.2498,26,36,3,3,1.2489,1.2499,43,8,4,1,1.2488,1.25,168,392,2,2,1.2487,1.2501,31,8,3,4,1.2486,1.2502,32,33,5,4,1.2485,1.2503,22,16,1,2,1.2484,1.2504,21,47,1,4
2024-12-30T09:30:15.000000000Z,2024-12-30T09:30:15.000000000Z,10,1,29307,A,N,0,1.2493,0,0,0,1083,6BH5,1.2492,1.2494,33,23,3,1,1.2491,1.2495,19,35,5,3,1.249,1.2496,10,32,6,4,1.2489,1.2497,37,45,5,6,1.2488,1.2498,30,27,1,6,1.2487,1.2499,46,43,3,5,1.2486,1.25,9,49,4,1,1.2485,1.2501,240,272,2,5,1.2484,1.2502,16,40,3,4,1.2483,1.2503,46,25,2,5
2024-12-30T09:30:20.000000000Z,2024-12-30T09:30:20.000000000Z,10,1,29307,A,N,0,1.2492,0,0,0,1084,6BH5,1.2491,1.2493,25,30,3,1,1.249,1.2494,19,37,4,5,1.2489,1.2495,6,24,2,2,1.2488,1.2496,6,21,2,3,1.2487,1.2497,21,37,7,5,1.2486,1.2498,360,40,2,7,1.2485,1.2499,49,45,6,6,1.2484,1.25,20,37,7,6,1.2483,1.2501,12,5,5,2,1.2482,1.2502,43,32,1,1
2024-12-30T09:30:25.000000000Z,2024-12-30T09:30:25.000000000Z,10,1,29307,A,N,0,1.2493,0,0,0,1085,6BH5,1.2492,1.2494,28,12,5,1,1.2491,1.2495,47,45,3,6,1.249,1.2496,23,33,3,3,1.2489,1.2497,43,27,1,5,1.2488,1.2498,8,49,4,1,1.2487,1.2499,25,47,2,2,1.2486,1.25,17,31,6,1,1.2485,1.2501,14,14,6,6,1.2484,1.2502,38,43,4,4,1.2483,1.2503,8,8,1,3
2024-12-30T09:30:30.000000000Z,2024-12-30T09:30:30.000000000Z,10,1,29307,A,N,0,1.2492,0,0,0,1086,6BH5,1.2491,1.2493,25,29,1,1,1.249,1.2494,30,22,1,5,1.2489,1.2495,15,36,5,4,1.2488,1.2496,184,96,3,6,1.2487,1.2497,35,12,7,4,1.2486,1.2498,34,39,5,6,1.2485,1.2499,47,25,2,2,1.2484,1.25,22,35,6,3,1.2483,1.2501,37,23,4,2,1.2482,1.2502,22,49,3,5
2024-12-30T09:30:35.000000000Z,2024-12-30T09:30:35.000000000Z,10,1,29307,A,N,0,1.2493,0,0,0,1087,6BH5,1.2492,1.2494,40,22,7,7,1.2491,1.2495,46,19,1,1,1.249,1.2496,216,120,6,7,1.2489,1.2497,45,7,1,2,1.2488,1.2498,21,41,7,2,1.2487,1.2499,42,26,6,3,1.2486,1.25,32,36,4,6,1.2485,1.2501,5,20,2,5,1.2484,1.2502,37,15,4,5,1.2483,1.2503,29,10,5,2
2024-12-30T09:30:40.000000000Z,2024-12-30T09:30:40.000000000Z,10,1,29307,A,N,0,1.2493,0,0,0,1088,6BH5,1.2492,1.2494,30,22,5,3,1.2491,1.2495,37,47,2,7,1.249,1.2496,44,27,4,2,1.2489,1.2497,48,36,5,5,1.2488,1.2498,49,20,2,7,1.2487,1.2499,25,25,7,4,1.2486,1.25,26,42,5,2,1.2485,1.2501,11,39,3,3,1.2484,1.2502,49,20,2,6,1.2483,1.2503,28,26,2,7
2024-12-30T09:30:45.000000000Z,2024-12-30T09:30:45.000000000Z,10,1,29307,A,N,0,1.2494,0,0,0,1089,6BH5,1.2493,1.2495,384,208,1,2,1.2492,1.2496,17,42,1,1,1.2491,1.2497,18,6,2,4,1.249,1.2498,34,21,7,1,1.2489,1.2499,43,39,6,3,1.2488,1.25,5,38,1,2,1.2487,1.2501,10,15,6,4,1.2486,1.2502,144,112,1,7,1.2485,1.2503,40,19,6,6,1.2484,1.2504,21,31,4,6
2024-12-30T09:30:50.000000000Z,2024-12-30T09:30:50.000000000Z,10,1,29307,A,N,0,1.2494,0,0,0,1090,6BH5,1.2493,1.2495,17,18,2,3,1.2492,1.2496,5,28,4,6,1.2491,1.2497,17,40,3,5,1.249,1.2498,30,13,2,5,1.2489,1.2499,46,11,1,2,1.2488,1.25,37,37,1,4,1.2487,1.2501,256,64,7,2,1.2486,1.2502,10,37,5,3,1.2485,1.2503,38,6,1,3,1.2484,1.2504,39,12,4,5
2024-12-30T09:30:55.000000000Z,2024-12-30T09:30:55.000000000Z,10,1,29307,A,N,0,1.2495,0,0,0,1091,6BH5,1.2494,1.2496,46,34,2,7,1.2493,1.2497,49,6,1,5,1.2492,1.2498,15,38,4,5,1.2491,1.2499,34,37,4,5,1.249,1.25,29,8,1,6,1.2489,1.2501,7,34,4,7,1.2488,1.2502,44,7,3,7,1.2487,1.2503,384,312,7,6,1.2486,1.2504,42,23,1,4,1.2485,1.2505,6,48,5,3
2024-12-30T09:31:00.000000000Z,2024-12-30T09:31:00.000000000Z,10,1,29307,A,N,0,1.2494,0,0,0,1092,6BH5,1.2493,1.2495,10,21,2,7,1.2492,1.2496,30,22,6,4,1.2491,1.2497,18,17,1,2,1.249,1.2498,14,31,6,1,1.2489,1.2499,36,45,3,2,1.2488,1.25,46,7,6,5,1.2487,1.2501,18,49,4,7,1.2486,1.2502,10,44,6,1,1.2485,1.2503,41,29,2,2,1.2484,1.2504,18,41,3,3
2024-12-30T09:31:05.000000000Z,2024-12-30T09:31:05.000000000Z,10,1,29307,A,N,0,1.2494,0,0,0,1093,6BH5,1.2493,1.2495,39,20,4,4,1.2492,1.2496,12,28,6,1,1.2491,1.2497,32,48,6,1,1.249,1.2498,26,34,3,1,1.2489,1.2499,41,32,3,4,1.2488,1.25,37,43,1,7,1.2487,1.2501,25,35,1,6,1.2486,1.2502,49,46,4,2,1.2485,1.2503,31,17,5,7,1.2484,1.2504,17,30,3,2
2024-12-30T09:31:10.000000000Z,2024-12-30T09:31:10.000000000Z,10,1,29307,A,N,0,1.2493,0,0,0,1094,6BH5,1.2492,1.2494,8,46,7,1,1.2491,1.2495,41,24,7,7,1.249,1.2496,48,38,7,3,1.2489,1.2497,14,17,6,2,1.2488,1.2498,19,12,6,4,1.2487,1.2499,26,9,4,7,1.2486,1.25,6,23,2,4,1.2485,1.2501,20,14,3,6,1.2484,1.2502,16,28,7,2,1.2483,1.2503,38,22,3,5
2024-12-30T09:31:15.000000000Z,2024-12-30T09:31:15.000000000Z,10,1,29307,A,N,0,1.2493,0,0,0,1095,6BH5,1.2492,1.2494,29,21,3,7,1.2491,1.2495,33,5,4,5,1.249,1.2496,24,30,5,2,1.2489,1.2497,40,39,5,7,1.2488,1.2498,304,72,5,6,1.2487,1.2499,47,33,4,2,1.2486,1.25,32,11,1,6,1.2485,1.2501,39,13,2,3,1.2484,1.2502,36,48,6,7,1.2483,1.2503,11,23,3,3
2024-12-30T09:31:20.000000000Z,2024-12-30T09:31:20.000000000Z,10,1,29307,A,N,0,1.2493,0,0,0,1096,6BH5,1.2492,1.2494,22,34,4,5,1.2491,1.2495,43,25,5,6,1.249,1.2496,29,30,4,6,1.2489,1.2497,24,22,4,2,1.2488,1.2498,37,43,7,4,1.2487,1.2499,25,48,5,7,1.2486,1.25,41,43,4,3,1.2485,1.2501,21,41,6,3,1.2484,1.2502,8,26,1,1,1.2483,1.2503,36,42,1,7
2024-12-30T09:31:25.000000000Z,2024-12-30T09:31:25.000000000Z,10,1,29307,A,N,0,1.2493,0,0,0,1097,6BH5,1.2492,1.2494,6,31,4,5,1.2491,1.2495,7,29,2,7,1.249,1.2496,36,7,4,5,1.2489,1.2497,24,48,1,6,1.2488,1.2498,28,14,2,1,1.2487,1.2499,7,37,2,3,1.2486,1.25,22,11,7,6,1.2485,1.2501,31,49,4,4,1.2484,1.2502,47,7,1,2,1.2483,1.2503,38,14,3,4
2024-12-30T09:31:30.000000000Z,2024-12-30T09:31:30.000000000Z,10,1,29307,A,N,0,1.2493,0,0,0,1098,6BH5,1.2492,1.2494,36,12,4,5,1.2491,1.2495,17,15,2,2,1.249,1.2496,19,37,4,3,1.2489,1.2497,7,45,6,5,1.2488,1.2498,40,27,7,7,1.2487,1.2499,5,31,3,5,1.2486,1.25,24,31,4,1,1.2485,1.2501,33,27,2,3,1.2484,1.2502,14,19,1,1,1.2483,1.2503,15,24,7,4
2024-12-30T09:31:35.000000000Z,2024-12-30T09:31:35.000000000Z,10,1,29307,A,N,0,1.2492,0,0,0,1099,6BH5,1.2491,1.2493,24,30,1,3,1.249,1.2494,10,49,3,7,1.2489,1.2495,20,13,3,5,1.2488,1.2496,11,16,3,5,1.2487,1.2497,47,30,5,6,1.2486,1.2498,15,27,1,4,1.2485,1.2499,5,10,2,3,1.2484,1.25,15,18,6,1,1.2483,1.2501,17,49,2,1,1.2482,1.2502,43,17,1,1
2024-12-30T09:31:40.000000000Z,2024-12-30T09:31:40.000000000Z,10,1,29307,A,N,0,1.2492,0,0,0,1100,6BH5,1.2491,1.2493,41,34,7,1,1.249,1.2494,10,16,2,1,1.2489,1.2495,39,35,6,3,1.2488,1.2496,46,49,1,4,1.2487,1.2497,9,44,5,3,1.2486,1.2498,8,5,5,5,1.2485,1.2499,38,43,2,1,1.2484,1.25,39,23,1,1,1.2483,1.2501,36,27,2,7,1.2482,1.2502,5,11,3,2
2024-12-30T09:31:45.000000000Z,2024-12-30T09:31:45.000000000Z,10,1,29307,A,N,0,1.2492,0,0,0,1101,6BH5,1.2491,1.2493,22,23,2,4,1.249,1.2494,39,36,5,6,1.2489,1.2495,44,14,2,4,1.2488,1.2496,15,28,1,4,1.2487,1.2497,16,34,5,4,1.2486,1.2498,44,6,3,3,1.2485,1.2499,37,36,1,2,1.2484,1.25,18,8,2,2,1.2483,1.2501,19,35,1,5,1.2482,1.2502,49,44,3,1
2024-12-30T09:31:50.000000000Z,2024-12-30T09:31:50.000000000Z,10,1,29307,A,N,0,1.2491,0,0,0,1102,6BH5,1.249,1.2492,33,41,5,7,1.2489,1.2493,22,6,4,6,1.2488,1.2494,8,30,4,6,1.2487,1.2495,24,33,1,7,1.2486,1.2496,48,42,7,3,1.2485,1.2497,40,17,2,3,1.2484,1.2498,45,14,3,4,1.2483,1.2499,344,192,7,7,1.2482,1.25,14,41,7,3,1.2481,1.2501,43,10,1,2
2024-12-30T09:31:55.000000000Z,2024-12-30T09:31:55.000000000Z,10,1,29307,A,N,0,1.2492,0,0,0,1103,6BH5,1.2491,1.2493,33,24,7,2,1.249,1.2494,17,48,4,7,1.2489,1.2495,49,25,1,2,1.2488,1.2496,7,13,4,5,1.2487,1.2497,42,30,7,2,1.2486,1.2498,44,45,5,6,1.2485,1.2499,14,47,2,5,1.2484,1.25,11,16,4,1,1.2483,1.2501,32,28,7,2,1.2482,1.2502,11,12,6,7
2024-12-30T09:32:00.000000000Z,2024-12-30T09:32:00.000000000Z,10,1,29307,A,N,0,1.2493,0,0,0,1104,6BH5,1.2492,1.2494,31,25,4,3,1.2491,1.2495,46,45,6,5,1.249,1.2496,47,10,4,4,1.2489,1.2497,41,42,3,4,1.2488,1.2498,16,16,3,4,1.2487,1.2499,38,26,7,5,1.2486,1.25,23,35,3,5,1.2485,1.2501,40,26,4,6,1.2484,1.2502,24,43,6,4,1.2483,1.2503,49,21,1,4
2024-12-30T09:32:05.000000000Z,2024-12-30T09:32:05.000000000Z,10,1,29307,A,N,0,1.2494,0,0,0,1105,6BH5,1.2493,1.2495,43,16,2,3,1.2492,1.2496,14,38,7,3,1.2491,1.2497,48,9,5,5,1.249,1.2498,46,17,2,4,1.2489,1.2499,7,14,2,3,1.2488,1.25,10,25,2,5,1.2487,1.2501,24,34,4,5,1.2486,1.2502,23,19,2,1,1.2485,1.2503,30,6,1,3,1.2484,1.2504,24,34,5,5
2024-12-30T09:32:10.000000000Z,2024-12-30T09:32:10.000000000Z,10,1,29307,A,N,0,1.2495,0,0,0,1106,6BH5,1.2494,1.2496,38,48,1,2,1.2493,1.2497,13,31,1,1,1.2492,1.2498,6,19,3,6,1.2491,1.2499,45,13,6,3,1.249,1.25,7,30,3,6,1.2489,1.2501,36,18,3,5,1.2488,1.2502,42,6,6,4,1.2487,1.2503,43,31,1,3,1.2486,1.2504,28,5,5,2,1.2485,1.2505,384,224,6,1
2024-12-30T09:32:15.000000000Z,2024-12-30T09:32:15.000000000Z,10,1,29307,A,N,0,1.2494,0,0,0,1107,6BH5,1.2493,1.2495,41,43,4,7,1.2492,1.2496,30,42,5,2,1.2491,1.2497,33,33,3,1,1.249,1.2498,80,104,7,3,1.2489,1.2499,28,9,2,4,1.2488,1.25,48,33,7,6,1.2487,1.2501,37,19,5,7,1.2486,1.2502,37,24,3,3,1.2485,1.2503,9,26,4,6,1.2484,1.2504,35,11,1,4
2024-12-30T09:32:20.000000000Z,2024-12-30T09:32:20.000000000Z,10,1,29307,A,N,0,1.2495,0,0,0,1108,6BH5,1.2494,1.2496,11,33,5,4,1.2493,1.2497,20,20,6,3,1.2492,1.2498,15,9,2,2,1.2491,1.2499,16,44,1,2,1.249,1.25,17,30,3,7,1.2489,1.2501,32,8,4,2,1.2488,1.2502,14,12,1,2,1.2487,1.2503,44,6,6,5,1.2486,1.2504,45,38,1,2,1.2485,1.2505,44,38,4,5
2024-12-30T09:32:25.000000000Z,2024-12-30T09:32:25.000000000Z,10,1,29307,A,N,0,1.2495,0,0,0,1109,6BH5,1.2494,1.2496,16,19,6,7,1.2493,1.2497,36,48,7,2,1.2492,1.2498,15,16,1,5,1.2491,1.2499,23,38,6,6,1.249,1.25,30,44,3,2,1.2489,1.2501,49,42,5,4,1.2488,1.2502,27,48,4,4,1.2487,1.2503,11,42,5,3,1.2486,1.2504,28,47,6,7,1.2485,1.2505,40,25,2,6
2024-12-30T09:32:30.000000000Z,2024-12-30T09:32:30.000000000Z,10,1,29307,A,N,0,1.2494,0,0,0,1110,6BH5,1.2493,1.2495,29,43,6,3,1.2492,1.2496,38,36,6,7,1.2491,1.2497,43,39,7,6,1.249,1.2498,34,45,2,5,1.2489,1.2499,12,43,1,2,1.2488,1.25,40,45,7,2,1.2487,1.2501,96,40,5,1,1.2486,1.2502,392,216,4,7,1.2485,1.2503,49,15,4,6,1.2484,1.2504,28,23,5,6
2024-12-30T09:32:35.000000000Z,2024-12-30T09:32:35.000000000Z,10,1,29307,A,N,0,1.2495,0,0,0,1111,6BH5,1.2494,1.2496,39,16,7,7,1.2493,1.2497,34,46,3,1,1.2492,1.2498,48,47,1,1,1.2491,1.2499,41,11,1,4,1.249,1.25,48,10,5,1,1.2489,1.2501,25,7,5,7,1.2488,1.2502,35,33,7,2,1.2487,1.2503,11,44,2,5,1.2486,1.2504,41,29,6,2,1.2485,1.2505,16,9,7,2
2024-12-30T09:32:40.000000000Z,2024-12-30T09:32:40.000000000Z,10,1,29307,A,N,0,1.2494,0,0,0,1112,6BH5,1.2493,1.2495,11,6,7,3,1.2492,1.2496,20,31,6,3,1.2491,1.2497,21,26,4,7,1.249,1.2498,12,23,7,1,1.2489,1.2499,44,35,7,3,1.2488,1.25,18,6,7,7,1.2487,1.2501,48,9,6,4,1.2486,1.2502,48,46,1,1,1.2485,1.2503,15,22,4,3,1.2484,1.2504,27,44,7,7
2024-12-30T09:32:45.000000000Z,2024-12-30T09:32:45.000000000Z,10,1,29307,A,N,0,1.2494,0,0,0,1113,6BH5,1.2493,1.2495,13,6,2,4,1.2492,1.2496,49,15,3,5,1.2491,1.2497,34,12,5,5,1.249,1.2498,15,45,1,2,1.2489,1.2499,43,20,7,4,1.2488,1.25,26,11,5,2,1.2487,1.2501,17,38,5,6,1.2486,1.2502,35,15,7,6,1.2485,1.2503,8,11,7,7,1.2484,1.2504,14,26,6,5
2024-12-30T09:32:50.000000000Z,2024-12-30T09:32:50.000000000Z,10,1,29307,A,N,0,1.2493,0,0,0,1114,6BH5,1.2492,1.2494,25,26,7,1,1.2491,1.2495,27,8,2,7,1.249,1.2496,7,21,3,3,1.2489,1.2497,32,19,3,2,1.2488,1.2498,20,19,5,6,1.2487,1.2499,40,49,7,6,1.2486,1.25,41,25,4,2,1.2485,1.2501,39,26,5,4,1.2484,1.2502,31,31,4,7,1.2483,1.2503,28,12,5,5
2024-12-30T09:32:55.000000000Z,2024-12-30T09:32:55.000000000Z,10,1,29307,A,N,0,1.2493,0,0,0,1115,6BH5,1.2492,1.2494,24,9,6,5,1.2491,1.2495,46,19,1,4,1.249,1.2496,320,376,2,7,1.2489,1.2497,26,13,7,5,1.2488,1.2498,35,17,2,7,1.2487,1.2499,33,8,4,2,1.2486,1.25,49,32,6,2,1.2485,1.2501,24,9,2,3,1.2484,1.2502,16,36,7,7,1.2483,1.2503,47,9,3,4
2024-12-30T09:33:00.000000000Z,2024-12-30T09:33:00.000000000Z,10,1,29307,A,N,0,1.2493,0,0,0,1116,6BH5,1.2492,1.2494,20,25,1,2,1.2491,1.2495,29,24,7,4,1.249,1.2496,40,39,3,1,1.2489,1.2497,12,15,3,2,1.2488,1.2498,49,24,3,1,1.2487,1.2499,39,32,1,2,1.2486,1.25,10,29,1,2,1.2485,1.2501,29,36,5,1,1.2484,1.2502,184,48,3,1,1.2483,1.2503,28,35,2,7
2024-12-30T09:33:05.000000000Z,2024-12-30T09:33:05.000000000Z,10,1,29307,A,N,0,1.2493,0,0,0,1117,6BH5,1.2492,1.2494,41,40,7,7,1.2491,1.2495,43,44,3,2,1.249,1.2496,22,18,2,5,1.2489,1.2497,37,10,7,4,1.2488,1.2498,31,12,6,1,1.2487,1.2499,41,41,7,1,1.2486,1.25,46,33,3,3,1.2485,1.2501,49,10,3,3,1.2484,1.2502,28,23,5,1,1.2483,1.2503,23,36,5,1
2024-12-30T09:33:10.000000000Z,2024-12-30T09:33:10.000000000Z,10,1,29307,A,N,0,1.2492,0,0,0,1118,6BH5,1.2491,1.2493,33,37,1,1,1.249,1.2494,17,27,4,3,1.2489,1.2495,23,37,2,2,1.2488,1.2496,10,8,4,7,1.2487,1.2497,32,44,2,2,1.2486,1.2498,32,38,1,1,1.2485,1.2499,17,38,3,5,1.2484,1.25,20,32,6,7,1.2483,1.2501,21,30,1,7,1.2482,1.2502,296,144,7,5
2024-12-30T09:33:15.000000000Z,2024-12-30T09:33:15.000000000Z,10,1,29307,A,N,0,1.2492,0,0,0,1119,6BH5,1.2491,1.2493,23,10,4,7,1.249,1.2494,17,48,7,3,1.2489,1.2495,21,49,7,5,1.2488,1.2496,44,22,2,1,1.2487,1.2497,49,19,6,3,1.2486,1.2498,44,24,1,7,1.2485,1.2499,30,18,5,6,1.2484,1.25,33,12,1,6,1.2483,1.2501,22,31,2,1,1.2482,1.2502,45,12,5,2
2024-12-30T09:33:20.000000000Z,2024-12-30T09:33:20.000000000Z,10,1,29307,A,N,0,1.2492,0,0,0,1120,6BH5,1.2491,1.2493,336,256,2,4,1.249,1.2494,392,320,6,7,1.2489,1.2495,38,38,4,3,1.2488,1.2496,216,304,6,3,1.2487,1.2497,28,29,6,7,1.2486,1.2498,14,35,4,3,1.2485,1.2499,23,9,4,2,1.2484,1.25,24,24,4,7,1.2483,1.2501,29,45,6,7,1.2482,1.2502,31,6,4,4
2024-12-30T09:33:25.000000000Z,2024-12-30T09:33:25.000000000Z,10,1,29307,A,N,0,1.2491,0,0,0,1121,6BH5,1.249,1.2492,25,47,7,4,1.2489,1.2493,16,45,4,3,1.2488,1.2494,12,31,1,7,1.2487,1.2495,31,18,5,4,1.2486,1.2496,6,35,4,1,1.2485,1.2497,25,33,6,2,1.2484,1.2498,46,12,5,6,1.2483,1.2499,36,42,4,4,1.2482,1.25,20,28,4,4,1.2481,1.2501,36,31,2,5
2024-12-30T09:33:30.000000000Z,2024-12-30T09:33:30.000000000Z,10,1,29307,A,N,0,1.2492,0,0,0,1122,6BH5,1.2491,1.2493,7,21,6,6,1.249,1.2494,24,35,1,7,1.2489,1.2495,46,47,6,3,1.2488,1.2496,32,49,2,7,1.2487,1.2497,112,256,4,1,1.2486,1.2498,32,32,3,7,1.2485,1.2499,12,34,4,3,1.2484,1.25,44,17,6,1,1.2483,1.2501,17,10,2,3,1.2482,1.2502,33,20,6,4
2024-12-30T09:33:35.000000000Z,2024-12-30T09:33:35.000000000Z,10,1,29307,A,N,0,1.2492,0,0,0,1123,6BH5,1.2491,1.2493,33,18,7,4,1.249,1.2494,13,10,6,5,1.2489,1.2495,21,40,5,3,1.2488,1.2496,31,15,2,5,1.2487,1.2497,47,26,1,3,1.2486,1.2498,27,27,1,4,1.2485,1.2499,6,10,4,5,1.2484,1.25,40,45,7,6,1.2483,1.2501,37,46,6,4,1.2482,1.2502,8,22,5,6
2024-12-30T09:33:40.000000000Z,2024-12-30T09:33:40.000000000Z,10,1,29307,A,N,0,1.2493,0,0,0,1124,6BH5,1.2492,1.2494,46,25,1,2,1.2491,1.2495,31,19,4,3,1.249,1.2496,48,14,6,5,1.2489,1.2497,232,56,7,6,1.2488,1.2498,28,31,2,6,1.2487,1.2499,8,27,3,7,1.2486,1.25,15,14,3,3,1.2485,1.2501,49,45,5,6,1.2484,1.2502,49,13,4,3,1.2483,1.2503,23,21,4,3
2024-12-30T09:33:45.000000000Z,2024-12-30T09:33:45.000000000Z,10,1,29307,A,N,0,1.2492,0,0,0,1125,6BH5,1.2491,1.2493,10,35,3,7,1.249,1.2494,31,31,3,1,1.2489,1.2495,10,41,7,6,1.2488,1.2496,18,25,6,6,1.2487,1.2497,36,30,7,3,1.2486,1.2498,34,18,7,7,1.2485,1.2499,32,6,6,7,1.2484,1.25,36,20,4,2,1.2483,1.2501,7,27,3,5,1.2482,1.2502,49,45,1,6
2024-12-30T09:33:50.000000000Z,2024-12-30T09:33:50.000000000Z,10,1,29307,A,N,0,1.2492,0,0,0,1126,6BH5,1.2491,1.2493,11,15,4,6,1.249,1.2494,32,15,2,1,1.2489,1.2495,10,11,2,4,1.2488,1.2496,23,37,6,6,1.2487,1.2497,25,11,6,7,1.2486,1.2498,27,26,2,2,1.2485,1.2499,6,23,6,1,1.2484,1.25,43,24,4,5,1.2483,1.2501,17,18,7,6,1.2482,1.2502,49,45,4,7
2024-12-30T09:33:55.000000000Z,2024-12-30T09:33:55.000000000Z,10,1,29307,A,N,0,1.2491,0,0,0,1127,6BH5,1.249,1.2492,6,12,7,5,1.2489,1.2493,6,35,2,5,1.2488,1.2494,34,36,1,5,1.2487,1.2495,7,34,5,4,1.2486,1.2496,25,17,2,6,1.2485,1.2497,45,9,6,2,1.2484,1.2498,20,14,2,6,1.2483,1.2499,44,35,2,2,1.2482,1.25,22,38,3,3,1.2481,1.2501,34,49,2,3
2024-12-30T09:34:00.000000000Z,2024-12-30T09:34:00.000000000Z,10,1,29307,A,N,0,1.2491,0,0,0,1128,6BH5,1.249,1.2492,8,40,2,6,1.2489,1.2493,35,36,2,4,1.2488,1.2494,36,36,1,2,1.2487,1.2495,43,25,2,2,1.2486,1.2496,39,27,5,6,1.2485,1.2497,42,23,6,5,1.2484,1.2498,13,39,3,1,1.2483,1.2499,30,17,5,3,1.2482,1.25,46,13,6,5,1.2481,1.2501,43,9,6,3
2024-12-30T09:34:05.000000000Z,2024-12-30T09:34:05.000000000Z,10,1,29307,A,N,0,1.249,0,0,0,1129,6BH5,1.2489,1.2491,30,29,5,1,1.2488,1.2492,24,8,3,4,1.2487,1.2493,15,33,7,3,1.2486,1.2494,38,35,4,7,1.2485,1.2495,31,23,2,1,1.2484,1.2496,27,41,2,1,1.2483,1.2497,8,36,4,6,1.2482,1.2498,25,19,3,1,1.2481,1.2499,72,96,1,2,1.248,1.25,41,40,4,3
2024-12-30T09:34:10.000000000Z,2024-12-30T09:34:10.000000000Z,10,1,29307,A,N,0,1.249,0,0,0,1130,6BH5,1.2489,1.2491,48,160,2,5,1.2488,1.2492,46,21,4,7,1.2487,1.2493,14,20,1,1,1.2486,1.2494,20,38,1,6,1.2485,1.2495,15,35,3,3,1.2484,1.2496,5,27,6,7,1.2483,1.2497,18,17,2,4,1.2482,1.2498,32,15,3,4,1.2481,1.2499,42,21,6,1,1.248,1.25,9,37,5,1
2024-12-30T09:34:15.000000000Z,2024-12-30T09:34:15.000000000Z,10,1,29307,A,N,0,1.249,0,0,0,1131,6BH5,1.2489,1.2491,13,36,6,5,1.2488,1.2492,49,46,6,5,1.2487,1.2493,34,44,7,7,1.2486,1.2494,17,29,1,4,1.2485,1.2495,10,19,5,3,1.2484,1.2496,12,41,2,3,1.2483,1.2497,392,216,2,7,1.2482,1.2498,42,35,5,2,1.2481,1.2499,33,37,1,7,1.248,1.25,48,31,1,7
2024-12-30T09:34:20.000000000Z,2024-12-30T09:34:20.000000000Z,10,1,29307,A,N,0,1.2489,0,0,0,1132,6BH5,1.2488,1.249,8,29,5,7,1.2487,1.2491,45,27,1,1,1.2486,1.2492,37,33,7,7,1.2485,1.2493,47,25,3,2,1.2484,1.2494,208,320,5,4,1.2483,1.2495,37,28,3,7,1.2482,1.2496,19,13,5,2,1.2481,1.2497,30,27,1,5,1.248,1.2498,43,34,5,5,1.2479,1.2499,30,47,6,6
2024-12-30T09:34:25.000000000Z,2024-12-30T09:34:25.000000000Z,10,1,29307,A,N,0,1.2489,0,0,0,1133,6BH5,1.2488,1.249,49,6,4,4,1.2487,1.2491,240,392,4,1,1.2486,1.2492,31,21,1,6,1.2485,1.2493,47,48,1,2,1.2484,1.2494,8,37,2,1,1.2483,1.2495,13,41,4,4,1.2482,1.2496,44,29,2,4,1.2481,1.2497,28,46,5,6,1.248,1.2498,39,39,1,5,1.2479,1.2499,27,26,2,4
2024-12-30T09:34:30.000000000Z,2024-12-30T09:34:30.000000000Z,10,1,29307,A,N,0,1.249,0,0,0,1134,6BH5,1.2489,1.2491,35,11,6,6,1.2488,1.2492,184,272,2,3,1.2487,1.2493,26,13,6,2,1.2486,1.2494,22,35,1,6,1.2485,1.2495,12,28,4,4,1.2484,1.2496,25,13,4,5,1.2483,1.2497,10,42,6,1,1.2482,1.2498,19,41,1,7,1.2481,1.2499,43,11,4,4,1.248,1.25,19,11,3,7
2024-12-30T09:34:35.000000000Z,2024-12-30T09:34:35.000000000Z,10,1,29307,A,N,0,1.2489,0,0,0,1135,6BH5,1.2488,1.249,42,20,2,1,1.2487,1.2491,23,27,4,2,1.2486,1.2492,27,47,5,2,1.2485,1.2493,21,35,2,4,1.2484,1.2494,128,312,4,4,1.2483,1.2495,41,14,7,6,1.2482,1.2496,29,45,5,1,1.2481,1.2497,24,37,1,2,1.248,1.2498,33,8,7,4,1.2479,1.2499,22,44,2,7
2024-12-30T09:34:40.000000000Z,2024-12-30T09:34:40.000000000Z,10,1,29307,A,N,0,1.249,0,0,0,1136,6BH5,1.2489,1.2491,27,37,1,2,1.2488,1.2492,39,47,1,6,1.2487,1.2493,11,10,1,5,1.2486,1.2494,39,5,5,2,1.2485,1.2495,20,22,7,3,1.2484,1.2496,41,12,2,2,1.2483,1.2497,41,31,4,5,1.2482,1.2498,17,18,6,3,1.2481,1.2499,13,28,2,1,1.248,1.25,38,46,1,3
2024-12-30T09:34:45.000000000Z,2024-12-30T09:34:45.000000000Z,10,1,29307,A,N,0,1.2491,0,0,0,1137,6BH5,1.249,1.2492,10,9,6,5,1.2489,1.2493,40,37,6,2,1.2488,1.2494,7,5,6,5,1.2487,1.2495,48,34,2,4,1.2486,1.2496,27,12,5,7,1.2485,1.2497,11,16,2,4,1.2484,1.2498,34,14,6,3,1.2483,1.2499,24,6,6,3,1.2482,1.25,47,47,3,6,1.2481,1.2501,7,8,3,7
2024-12-30T09:34:50.000000000Z,2024-12-30T09:34:50.000000000Z,10,1,29307,A,N,0,1.2491,0,0,0,1138,6BH5,1.249,1.2492,12,38,3,7,1.2489,1.2493,23,41,4,3,1.2488,1.2494,45,22,1,2,1.2487,1.2495,29,24,3,5,1.2486,1.2496,42,45,4,6,1.2485,1.2497,10,15,3,2,1.2484,1.2498,30,25,6,7,1.2483,1.2499,11,7,7,4,1.2482,1.25,31,19,4,3,1.2481,1.2501,5,24,3,1
2024-12-30T09:34:55.000000000Z,2024-12-30T09:34:55.000000000Z,10,1,29307,A,N,0,1.2492,0,0,0,1139,6BH5,1.2491,1.2493,23,32,2,3,1.249,1.2494,20,37,3,5,1.2489,1.2495,17,33,4,2,1.2488,1.2496,45,12,1,2,1.2487,1.2497,37,23,5,4,1.2486,1.2498,43,13,3,6,1.2485,1.2499,5,42,4,3,1.2484,1.25,12,11,4,1,1.2483,1.2501,20,18,6,3,1.2482,1.2502,23,17,4,2
2024-12-30T09:35:00.000000000Z,2024-12-30T09:35:00.000000000Z,10,1,29307,A,N,0,1.2493,0,0,0,1140,6BH5,1.2492,1.2494,33,32,5,5,1.2491,1.2495,21,27,3,2,1.249,1.2496,18,36,2,7,1.2489,1.2497,20,30,1,6,1.2488,1.2498,27,29,5,6,1.2487,1.2499,336,80,3,3,1.2486,1.25,35,41,7,4,1.2485,1.2501,7,16,5,7,1.2484,1.2502,17,10,5,2,1.2483,1.2503,14,35,4,4
2024-12-30T09:35:05.000000000Z,2024-12-30T09:35:05.000000000Z,10,1,29307,A,N,0,1.2493,0,0,0,1141,6BH5,1.2492,1.2494,11,38,7,2,1.2491,1.2495,49,7,5,7,1.249,1.2496,20,15,5,1,1.2489,1.2497,10,18,3,5,1.2488,1.2498,16,23,5,5,1.2487,1.2499,6,10,1,3,1.2486,1.25,38,25,5,4,1.2485,1.2501,27,40,4,7,1.2484,1.2502,21,18,6,1,1.2483,1.2503,42,30,7,2
2024-12-30T09:35:10.000000000Z,2024-12-30T09:35:10.000000000Z,10,1,29307,A,N,0,1.2493,0,0,0,1142,6BH5,1.2492,1.2494,21,27,2,2,1.2491,1.2495,36,16,4,1,1.249,1.2496,34,49,2,1,1.2489,1.2497,44,41,2,7,1.2488,1.2498,45,20,3,3,1.2487,1.2499,16,19,7,3,1.2486,1.25,15,10,4,2,1.2485,1.2501,30,28,2,4,1.2484,1.2502,34,24,6,4,1.2483,1.2503,23,15,6,4
2024-12-30T09:35:15.000000000Z,2024-12-30T09:35:15.000000000Z,10,1,29307,A,N,0,1.2493,0,0,0,1143,6BH5,1.2492,1.2494,26,47,5,5,1.2491,1.2495,49,6,5,7,1.249,1.2496,28,9,2,4,1.2489,1.2497,35,23,3,4,1.2488,1.2498,46,21,4,3,1.2487,1.2499,12,44,1,1,1.2486,1.25,17,46,7,7,1.2485,1.2501,17,36,3,4,1.2484,1.2502,39,47,3,2,1.2483,1.2503,352,136,6,5
2024-12-30T09:35:20.000000000Z,2024-12-30T09:35:20.000000000Z,10,1,29307,A,N,0,1.2493,0,0,0,1144,6BH5,1.2492,1.2494,9,37,2,1,1.2491,1.2495,31,29,5,3,1.249,1.2496,44,8,6,1,1.2489,1.2497,40,38,2,3,1.2488,1.2498,26,32,4,4,1.2487,1.2499,6,27,3,2,1.2486,1.25,32,18,4,1,1.2485,1.2501,19,19,1,3,1.2484,1.2502,26,43,5,6,1.2483,1.2503,43,47,3,2
2024-12-30T09:35:25.000000000Z,2024-12-30T09:35:25.000000000Z,10,1,29307,A,N,0,1.2493,0,0,0,1145,6BH5,1.2492,1.2494,30,42,1,6,1.2491,1.2495,16,33,1,5,1.249,1.2496,24,38,6,7,1.2489,1.2497,43,44,3,2,1.2488,1.2498,32,12,7,7,1.2487,1.2499,23,17,7,3,1.2486,1.25,14,9,4,4,1.2485,1.2501,32,20,2,2,1.2484,1.2502,20,26,3,6,1.2483,1.2503,46,25,2,7
2024-12-30T09:35:30.000000000Z,2024-12-30T09:35:30.000000000Z,10,1,29307,A,N,0,1.2494,0,0,0,1146,6BH5,1.2493,1.2495,26,34,6,1,1.2492,1.2496,41,34,2,6,1.2491,1.2497,8,19,4,7,1.249,1.2498,20,20,5,3,1.2489,1.2499,25,17,1,1,1.2488,1.25,12,32,5,2,1.2487,1.2501,35,37,1,6,1.2486,1.2502,8,20,5,3,1.2485,1.2503,21,26,2,2,1.2484,1.2504,29,32,4,7
2024-12-30T09:35:35.000000000Z,2024-12-30T09:35:35.000000000Z,10,1,29307,A,N,0,1.2495,0,0,0,1147,6BH5,1.2494,1.2496,48,14,1,3,1.2493,1.2497,19,28,5,5,1.2492,1.2498,25,42,7,6,1.2491,1.2499,32,45,6,2,1.249,1.25,8,47,1,3,1.2489,1.2501,38,20,4,2,1.2488,1.2502,10,47,2,1,1.2487,1.2503,13,21,4,2,1.2486,1.2504,35,38,5,2,1.2485,1.2505,5,19,7,3
2024-12-30T09:35:40.000000000Z,2024-12-30T09:35:40.000000000Z,10,1,29307,A,N,0,1.2494,0,0,0,1148,6BH5,1.2493,1.2495,38,5,3,3,1.2492,1.2496,72,168,2,1,1.2491,1.2497,20,27,5,5,1.249,1.2498,40,14,4,5,1.2489,1.2499,34,33,7,4,1.2488,1.25,11,48,4,7,1.2487,1.2501,38,6,5,3,1.2486,1.2502,47,40,3,4,1.2485,1.2503,38,20,4,5,1.2484,1.2504,26,36,2,1
2024-12-30T09:35:45.000000000Z,2024-12-30T09:35:45.000000000Z,10,1,29307,A,N,0,1.2493,0,0,0,1149,6BH5,1.2492,1.2494,16,17,2,4,1.2491,1.2495,6,19,4,6,1.249,1.2496,10,11,1,6,1.2489,1.2497,29,33,5,6,1.2488,1.2498,27,15,6,3,1.2487,1.2499,13,12,5,3,1.2486,1.25,37,9,6,1,1.2485,1.2501,37,34,6,1,1.2484,1.2502,14,40,5,2,1.2483,1.2503,23,15,1,2
2024-12-30T09:35:50.000000000Z,2024-12-30T09:35:50.000000000Z,10,1,29307,A,N,0,1.2494,0,0,0,1150,6BH5,1.2493,1.2495,35,35,6,1,1.2492,1.2496,34,43,6,7,1.2491,1.2497,6,48,6,2,1.249,1.2498,27,32,3,7,1.2489,1.2499,40,23,5,7,1.2488,1.25,5,31,3,1,1.2487,1.2501,40,21,4,1,1.2486,1.2502,43,28,3,3,1.2485,1.2503,27,9,4,4,1.2484,1.2504,80,48,5,5
2024-12-30T09:35:55.000000000Z,2024-12-30T09:35:55.000000000Z,10,1,29307,A,N,0,1.2493,0,0,0,1151,6BH5,1.2492,1.2494,38,41,2,1,1.2491,1.2495,18,29,2,3,1.249,1.2496,9,19,2,4,1.2489,1.2497,15,14,4,6,1.2488,1.2498,5,17,6,6,1.2487,1.2499,19,13,3,2,1.2486,1.25,22,40,1,4,1.2485,1.2501,12,41,7,3,1.2484,1.2502,20,21,6,6,1.2483,1.2503,40,16,4,3
2024-12-30T09:36:00.000000000Z,2024-12-30T09:36:00.000000000Z,10,1,29307,A,N,0,1.2493,0,0,0,1152,6BH5,1.2492,1.2494,47,10,3,2,1.2491,1.2495,104,176,1,2,1.249,1.2496,48,46,1,4,1.2489,1.2497,46,38,6,6,1.2488,1.2498,30,22,7,2,1.2487,1.2499,6,19,3,2,1.2486,1.25,46,21,5,1,1.2485,1.2501,29,11,2,5,1.2484,1.2502,17,36,7,6,1.2483,1.2503,20,34,1,3
2024-12-30T09:36:05.000000000Z,2024-12-30T09:36:05.000000000Z,10,1,29307,A,N,0,1.2492,0,0,0,1153,6BH5,1.2491,1.2493,14,12,5,6,1.249,1.2494,37,46,2,7,1.2489,1.2495,46,41,5,1,1.2488,1.2496,9,21,3,6,1.2487,1.2497,30,6,6,4,1.2486,1.2498,7,19,6,2,1.2485,1.2499,23,38,2,5,1.2484,1.25,20,41,4,1,1.2483,1.2501,26,36,4,1,1.2482,1.2502,37,37,2,6
2024-12-30T09:36:10.000000000Z,2024-12-30T09:36:10.000000000Z,10,1,29307,A,N,0,1.2491,0,0,0,1154,6BH5,1.249,1.2492,296,40,7,6,1.2489,1.2493,37,20,2,3,1.2488,1.2494,34,47,3,3,1.2487,1.2495,15,36,5,1,1.2486,1.2496,40,28,3,4,1.2485,1.2497,72,184,3,4,1.2484,1.2498,5,39,2,2,1.2483,1.2499,10,44,6,4,1.2482,1.25,40,33,1,1,1.2481,1.2501,9,25,1,3
2024-12-30T09:36:15.000000000Z,2024-12-30T09:36:15.000000000Z,10,1,29307,A,N,0,1.249,0,0,0,1155,6BH5,1.2489,1.2491,26,10,4,2,1.2488,1.2492,20,23,2,5,1.2487,1.2493,35,42,2,7,1.2486,1.2494,15,9,2,5,1.2485,1.2495,22,16,1,1,1.2484,1.2496,23,27,3,2,1.2483,1.2497,46,49,6,4,1.2482,1.2498,27,40,3,1,1.2481,1.2499,248,328,3,7,1.248,1.25,10,16,6,6
2024-12-30T09:36:20.000000000Z,2024-12-30T09:36:20.000000000Z,10,1,29307,A,N,0,1.249,0,0,0,1156,6BH5,1.2489,1.2491,15,44,4,7,1.2488,1.2492,17,10,4,6,1.2487,1.2493,15,12,6,3,1.2486,1.2494,8,11,7,3,1.2485,1.2495,368,56,2,5,1.2484,1.2496,42,43,2,1,1.2483,1.2497,39,33,2,5,1.2482,1.2498,48,12,1,4,1.2481,1.2499,11,38,6,1,1.248,1.25,23,19,7,7
2024-12-30T09:36:25.000000000Z,2024-12-30T09:36:25.000000000Z,10,1,29307,A,N,0,1.2489,0,0,0,1157,6BH5,1.2488,1.249,41,11,3,5,1.2487,1.2491,38,39,7,4,1.2486,1.2492,264,40,1,7,1.2485,1.2493,18,14,3,4,1.2484,1.2494,40,31,1,4,1.2483,1.2495,120,56,7,2,1.2482,1.2496,36,12,7,5,1.2481,1.2497,19,25,1,2,1.248,1.2498,31,34,3,6,1.2479,1.2499,19,46,4,4
2024-12-30T09:36:30.000000000Z,2024-12-30T09:36:30.000000000Z,10,1,29307,A,N,0,1.2489,0,0,0,1158,6BH5,1.2488,1.249,31,48,5,2,1.2487,1.2491,19,31,7,2,1.2486,1.2492,13,7,1,6,1.2485,1.2493,8,7,5,6,1.2484,1.2494,11,36,3,2,1.2483,1.2495,328,296,2,3,1.2482,1.2496,35,34,7,5,1.2481,1.2497,20,13,4,3,1.248,1.2498,360,136,4,1,1.2479,1.2499,17,39,6,6
2024-12-30T09:36:35.000000000Z,2024-12-30T09:36:35.000000000Z,10,1,29307,A,N,0,1.2489,0,0,0,1159,6BH5,1.2488,1.249,25,35,4,3,1.2487,1.2491,30,42,1,3,1.2486,1.2492,42,6,6,3,1.2485,1.2493,46,30,3,7,1.2484,1.2494,12,27,6,1,1.2483,1.2495,20,30,7,4,1.2482,1.2496,44,23,6,3,1.2481,1.2497,48,39,2,4,1.248,1.2498,12,18,2,7,1.2479,1.2499,44,46,5,4
2024-12-30T09:36:40.000000000Z,2024-12-30T09:36:40.000000000Z,10,1,29307,A,N,0,1.2489,0,0,0,1160,6BH5,1.2488,1.249,34,28,4,5,1.2487,1.2491,10,15,7,7,1.2486,1.2492,14,25,1,7,1.2485,1.2493,29,29,1,4,1.2484,1.2494,38,7,6,3,1.2483,1.2495,12,40,5,7,1.2482,1.2496,11,5,5,2,1.2481,1.2497,5,16,3,2,1.248,1.2498,39,17,1,3,1.2479,1.2499,49,13,2,5
2024-12-30T09:36:45.000000000Z,2024-12-30T09:36:45.000000000Z,10,1,29307,A,N,0,1.249,0,0,0,1161,6BH5,1.2489,1.2491,43,37,7,7,1.2488,1.2492,27,40,3,7,1.2487,1.2493,16,40,1,1,1.2486,1.2494,5,28,5,5,1.2485,1.2495,33,28,5,3,1.2484,1.2496,24,8,6,7,1.2483,1.2497,22,14,7,2,1.2482,1.2498,49,30,6,1,1.2481,1.2499,22,28,6,4,1.248,1.25,12,47,1,3
2024-12-30T09:36:50.000000000Z,2024-12-30T09:36:50.000000000Z,10,1,29307,A,N,0,1.249,0,0,0,1162,6BH5,1.2489,1.2491,44,42,5,6,1.2488,1.2492,112,240,2,6,1.2487,1.2493,43,5,6,5,1.2486,1.2494,31,34,5,5,1.2485,1.2495,20,21,2,2,1.2484,1.2496,35,14,1,7,1.2483,1.2497,19,46,1,4,1.2482,1.2498,15,33,2,4,1.2481,1.2499,34,31,1,6,1.248,1.25,33,15,4,6
2024-12-30T09:36:55.000000000Z,2024-12-30T09:36:55.000000000Z,10,1,29307,A,N,0,1.249,0,0,0,1163,6BH5,1.2489,1.2491,35,14,6,5,1.2488,1.2492,48,21,5,3,1.2487,1.2493,8,13,4,5,1.2486,1.2494,35,21,7,7,1.2485,1.2495,34,19,3,4,1.2484,1.2496,41,20,4,5,1.2483,1.2497,6,32,7,7,1.2482,1.2498,45,42,4,6,1.2481,1.2499,17,18,4,4,1.248,1.25,33,19,7,7
2024-12-30T09:37:00.000000000Z,2024-12-30T09:37:00.000000000Z,10,1,29307,A,N,0,1.249,0,0,0,1164,6BH5,1.2489,1.2491,21,29,7,6,1.2488,1.2492,35,27,6,1,1.2487,1.2493,15,20,3,1,1.2486,1.2494,25,10,6,5,1.2485,1.2495,36,43,5,6,1.2484,1.2496,29,6,6,5,1.2483,1.2497,10,37,3,5,1.2482,1.2498,7,34,3,5,1.2481,1.2499,88,128,2,5,1.248,1.25,25,17,1,3
2024-12-30T09:37:05.000000000Z,2024-12-30T09:37:05.000000000Z,10,1,29307,A,N,0,1.249,0,0,0,1165,6BH5,1.2489,1.2491,28,45,1,2,1.2488,1.2492,11,15,5,4,1.2487,1.2493,12,31,6,2,1.2486,1.2494,30,48,2,7,1.2485,1.2495,49,34,2,3,1.2484,1.2496,5,33,7,6,1.2483,1.2497,38,46,4,5,1.2482,1.2498,12,46,7,6,1.2481,1.2499,44,13,4,7,1.248,1.25,5,15,6,4
2024-12-30T09:37:10.000000000Z,2024-12-30T09:37:10.000000000Z,10,1,29307,A,N,0,1.2491,0,0,0,1166,6BH5,1.249,1.2492,8,36,5,6,1.2489,1.2493,22,7,5,3,1.2488,1.2494,40,31,6,1,1.2487,1.2495,39,19,3,5,1.2486,1.2496,25,7,7,4,1.2485,1.2497,37,28,6,7,1.2484,1.2498,11,23,1,5,1.2483,1.2499,7,18,5,4,1.2482,1.25,29,8,1,7,1.2481,1.2501,37,6,7,4
2024-12-30T09:37:15.000000000Z,2024-12-30T09:37:15.000000000Z,10,1,29307,A,N,0,1.2491,0,0,0,1167,6BH5,1.249,1.2492,19,28,4,6,1.2489,1.2493,64,160,3,7,1.2488,1.2494,43,33,4,2,1.2487,1.2495,24,11,2,3,1.2486,1.2496,34,7,2,4,1.2485,1.2497,34,49,2,7,1.2484,1.2498,36,10,6,4,1.2483,1.2499,29,27,4,2,1.2482,1.25,6,49,1,1,1.2481,1.2501,17,14,6,6
2024-12-30T09:37:20.000000000Z,2024-12-30T09:37:20.000000000Z,10,1,29307,A,N,0,1.2491,0,0,0,1168,6BH5,1.249,1.2492,46,18,3,6,1.2489,1.2493,8,28,6,5,1.2488,1.2494,24,26,6,4,1.2487,1.2495,39,40,5,1,1.2486,1.2496,38,41,1,5,1.2485,1.2497,29,26,5,5,1.2484,1.2498,45,31,5,3,1.2483,1.2499,11,49,3,5,1.2482,1.25,13,18,3,3,1.2481,1.2501,11,41,2,5
2024-12-30T09:37:25.000000000Z,2024-12-30T09:37:25.000000000Z,10,1,29307,A,N,0,1.2492,0,0,0,1169,6BH5,1.2491,1.2493,37,37,1,1,1.249,1.2494,33,11,7,6,1.2489,1.2495,46,23,5,7,1.2488,1.2496,47,8,1,7,1.2487,1.2497,34,6,2,4,1.2486,1.2498,36,37,2,5,1.2485,1.2499,27,34,4,1,1.2484,1.25,7,19,6,1,1.2483,1.2501,30,16,1,2,1.2482,1.2502,16,32,1,2
2024-12-30T09:37:30.000000000Z,2024-12-30T09:37:30.000000000Z,10,1,29307,A,N,0,1.2492,0,0,0,1170,6BH5,1.2491,1.2493,23,22,5,4,1.249,1.2494,42,9,5,3,1.2489,1.2495,256,48,6,7,1.2488,1.2496,29,36,1,7,1.2487,1.2497,34,49,2,1,1.2486,1.2498,37,25,6,7,1.2485,1.2499,7,41,1,4,1.2484,1.25,37,17,7,5,1.2483,1.2501,33,23,3,2,1.2482,1.2502,42,13,6,6
2024-12-30T09:37:35.000000000Z,2024-12-30T09:37:35.000000000Z,10,1,29307,A,N,0,1.2491,0,0,0,1171,6BH5,1.249,1.2492,8,11,5,2,1.2489,1.2493,33,9,6,2,1.2488,1.2494,22,31,2,7,1.2487,1.2495,31,26,2,3,1.2486,1.2496,31,16,7,7,1.2485,1.2497,5,42,1,6,1.2484,1.2498,42,19,5,2,1.2483,1.2499,20,28,2,6,1.2482,1.25,42,42,1,1,1.2481,1.2501,48,47,1,7
2024-12-30T09:37:40.000000000Z,2024-12-30T09:37:40.000000000Z,10,1,29307,A,N,0,1.2491,0,0,0,1172,6BH5,1.249,1.2492,40,45,3,7,1.2489,1.2493,40,9,5,5,1.2488,1.2494,47,22,7,1,1.2487,1.2495,24,23,4,3,1.2486,1.2496,32,26,3,1,1.2485,1.2497,27,36,4,7,1.2484,1.2498,8,44,1,7,1.2483,1.2499,14,32,4,6,1.2482,1.25,19,10,1,6,1.2481,1.2501,44,20,4,1
2024-12-30T09:37:45.000000000Z,2024-12-30T09:37:45.000000000Z,10,1,29307,A,N,0,1.2492,0,0,0,1173,6BH5,1.2491,1.2493,13,44,1,6,1.249,1.2494,47,44,4,1,1.2489,1.2495,11,23,1,7,1.2488,1.2496,30,12,6,6,1.2487,1.2497,12,9,4,3,1.2486,1.2498,40,6,2,2,1.2485,1.2499,16,20,6,7,1.2484,1.25,46,44,3,3,1.2483,1.2501,9,8,5,4,1.2482,1.2502,136,296,5,6
2024-12-30T09:37:50.000000000Z,2024-12-30T09:37:50.000000000Z,10,1,29307,A,N,0,1.2492,0,0,0,1174,6BH5,1.2491,1.2493,29,14,6,4,1.249,1.2494,33,47,1,7,1.2489,1.2495,9,15,3,7,1.2488,1.2496,19,13,2,6,1.2487,1.2497,10,36,3,4,1.2486,1.2498,47,7,2,3,1.2485,1.2499,40,34,2,6,1.2484,1.25,8,28,1,2,1.2483,1.2501,42,40,2,6,1.2482,1.2502,36,41,2,2
2024-12-30T09:37:55.000000000Z,2024-12-30T09:37:55.000000000Z,10,1,29307,A,N,0,1.2493,0,0,0,1175,6BH5,1.2492,1.2494,43,15,3,3,1.2491,1.2495,17,35,2,7,1.249,1.2496,46,10,3,4,1.2489,1.2497,5,16,4,4,1.2488,1.2498,36,15,1,5,1.2487,1.2499,31,19,2,1,1.2486,1.25,13,10,5,7,1.2485,1.2501,21,38,2,2,1.2484,1.2502,42,7,3,6,1.2483,1.2503,6,11,6,1
2024-12-30T09:38:00.000000000Z,2024-12-30T09:38:00.000000000Z,10,1,29307,A,N,0,1.2493,0,0,0,1176,6BH5,1.2492,1.2494,14,39,1,5,1.2491,1.2495,7,29,7,5,1.249,1.2496,47,29,3,5,1.2489,1.2497,26,6,6,3,1.2488,1.2498,9,31,2,3,1.2487,1.2499,25,28,2,4,1.2486,1.25,10,30,3,6,1.2485,1.2501,41,42,6,7,1.2484,1.2502,24,29,6,3,1.2483,1.2503,27,48,1,1
2024-12-30T09:38:05.000000000Z,2024-12-30T09:38:05.000000000Z,10,1,29307,A,N,0,1.2493,0,0,0,1177,6BH5,1.2492,1.2494,43,22,1,6,1.2491,1.2495,14,48,1,6,1.249,1.2496,46,25,2,2,1.2489,1.2497,45,7,3,3,1.2488,1.2498,30,48,4,7,1.2487,1.2499,26,41,2,4,1.2486,1.25,13,35,4,7,1.2485,1.2501,40,45,4,2,1.2484,1.2502,33,32,6,1,1.2483,1.2503,34,13,6,1
2024-12-30T09:38:10.000000000Z,2024-12-30T09:38:10.000000000Z,10,1,29307,A,N,0,1.2494,0,0,0,1178,6BH5,1.2493,1.2495,11,28,5,7,1.2492,1.2496,39,47,3,2,1.2491,1.2497,9,44,4,6,1.249,1.2498,13,11,3,1,1.2489,1.2499,30,49,2,5,1.2488,1.25,160,192,3,7,1.2487,1.2501,36,34,3,2,1.2486,1.2502,20,44,7,4,1.2485,1.2503,6,20,5,7,1.2484,1.2504,27,9,1,4
2024-12-30T09:38:15.000000000Z,2024-12-30T09:38:15.000000000Z,10,1,29307,A,N,0,1.2494,0,0,0,1179,6BH5,1.2493,1.2495,30,17,7,5,1.2492,1.2496,31,46,3,5,1.2491,1.2497,13,7,6,6,1.249,1.2498,9,34,6,2,1.2489,1.2499,12,14,5,6,1.2488,1.25,22,11,5,6,1.2487,1.2501,16,44,2,6,1.2486,1.2502,29,39,1,5,1.2485,1.2503,28,16,5,2,1.2484,1.2504,14,23,7,6
2024-12-30T09:38:20.000000000Z,2024-12-30T09:38:20.000000000Z,10,1,29307,A,N,0,1.2495,0,0,0,1180,6BH5,1.2494,1.2496,9,20,5,2,1.2493,1.2497,16,49,5,3,1.2492,1.2498,232,144,3,7,1.2491,1.2499,13,34,2,5,1.249,1.25,18,21,1,6,1.2489,1.2501,328,248,2,5,1.2488,1.2502,8,24,1,5,1.2487,1.2503,368,224,5,2,1.2486,1.2504,5,14,1,4,1.2485,1.2505,8,48,3,4
2024-12-30T09:38:25.000000000Z,2024-12-30T09:38:25.000000000Z,10,1,29307,A,N,0,1.2496,0,0,0,1181,6BH5,1.2495,1.2497,256,120,3,4,1.2494,1.2498,16,16,1,5,1.2493,1.2499,44,14,3,7,1.2492,1.25,11,28,7,7,1.2491,1.2501,7,29,1,6,1.249,1.2502,19,24,3,2,1.2489,1.2503,7,8,4,3,1.2488,1.2504,23,30,1,7,1.2487,1.2505,14,42,4,5,1.2486,1.2506,39,9,5,3
2024-12-30T09:38:30.000000000Z,2024-12-30T09:38:30.000000000Z,10,1,29307,A,N,0,1.2497,0,0,0,1182,6BH5,1.2496,1.2498,36,40,6,4,1.2495,1.2499,43,33,2,5,1.2494,1.25,16,22,6,2,1.2493,1.2501,9,37,1,1,1.2492,1.2502,47,32,7,5,1.2491,1.2503,35,9,6,3,1.249,1.2504,48,272,1,5,1.2489,1.2505,40,40,5,7,1.2488,1.2506,31,5,2,6,1.2487,1.2507,40,30,7,1
2024-12-30T09:38:35.000000000Z,2024-12-30T09:38:35.000000000Z,10,1,29307,A,N,0,1.2496,0,0,0,1183,6BH5,1.2495,1.2497,39,39,3,5,1.2494,1.2498,26,9,1,3,1.2493,1.2499,31,19,5,2,1.2492,1.25,11,14,1,5,1.2491,1.2501,12,35,7,4,1.249,1.2502,37,8,7,6,1.2489,1.2503,288,344,2,3,1.2488,1.2504,30,31,7,5,1.2487,1.2505,38,15,7,2,1.2486,1.2506,5,16,1,6
2024-12-30T09:38:40.000000000Z,2024-12-30T09:38:40.000000000Z,10,1,29307,A,N,0,1.2495,0,0,0,1184,6BH5,1.2494,1.2496,38,32,1,2,1.2493,1.2497,36,33,4,6,1.2492,1.2498,16,12,7,2,1.2491,1.2499,35,19,4,7,1.249,1.25,27,20,5,6,1.2489,1.2501,21,19,6,4,1.2488,1.2502,15,42,4,5,1.2487,1.2503,16,47,2,7,1.2486,1.2504,37,20,2,4,1.2485,1.2505,37,38,5,6
2024-12-30T09:38:45.000000000Z,2024-12-30T09:38:45.000000000Z,10,1,29307,A,N,0,1.2496,0,0,0,1185,6BH5,1.2495,1.2497,21,38,3,1,1.2494,1.2498,26,14,5,1,1.2493,1.2499,15,18,6,4,1.2492,1.25,39,36,6,6,1.2491,1.2501,30,40,5,4,1.249,1.2502,12,25,7,7,1.2489,1.2503,8,46,2,5,1.2488,1.2504,6,12,7,4,1.2487,1.2505,13,32,6,4,1.2486,1.2506,25,42,4,2
2024-12-30T09:38:50.000000000Z,2024-12-30T09:38:50.000000000Z,10,1,29307,A,N,0,1.2496,0,0,0,1186,6BH5,1.2495,1.2497,12,41,5,3,1.2494,1.2498,17,41,6,2,1.2493,1.2499,11,14,4,2,1.2492,1.25,38,49,3,3,1.2491,1.2501,40,35,7,1,1.249,1.2502,19,32,4,1,1.2489,1.2503,41,6,5,3,1.2488,1.2504,35,25,5,5,1.2487,1.2505,45,32,6,4,1.2486,1.2506,5,25,7,7
2024-12-30T09:38:55.000000000Z,2024-12-30T09:38:55.000000000Z,10,1,29307,A,N,0,1.2496,0,0,0,1187,6BH5,1.2495,1.2497,26,43,4,5,1.2494,1.2498,43,11,1,3,1.2493,1.2499,15,28,1,3,1.2492,1.25,33,25,1,1,1.2491,1.2501,41,6,2,6,1.249,1.2502,36,31,7,6,1.2489,1.2503,42,41,4,6,1.2488,1.2504,48,34,6,7,1.2487,1.2505,31,27,3,5,1.2486,1.2506,11,45,6,2
2024-12-30T09:39:00.000000000Z,2024-12-30T09:39:00.000000000Z,10,1,29307,A,N,0,1.2495,0,0,0,1188,6BH5,1.2494,1.2496,14,48,2,5,1.2493,1.2497,36,35,4,4,1.2492,1.2498,27,27,3,3,1.2491,1.2499,38,17,4,3,1.249,1.25,30,8,2,3,1.2489,1.2501,21,31,5,7,1.2488,1.2502,26,40,3,6,1.2487,1.2503,49,8,5,7,1.2486,1.2504,12,45,5,4,1.2485,1.2505,36,6,2,2
2024-12-30T09:39:05.000000000Z,2024-12-30T09:39:05.000000000Z,10,1,29307,A,N,0,1.2494,0,0,0,1189,6BH5,1.2493,1.2495,26,30,1,5,1.2492,1.2496,49,9,4,1,1.2491,1.2497,44,22,2,7,1.249,1.2498,46,41,2,6,1.2489,1.2499,42,21,6,4,1.2488,1.25,42,36,7,1,1.2487,1.2501,320,328,1,5,1.2486,1.2502,33,25,7,4,1.2485,1.2503,35,39,6,7,1.2484,1.2504,45,8,2,3
2024-12-30T09:39:10.000000000Z,2024-12-30T09:39:10.000000000Z,10,1,29307,A,N,0,1.2494,0,0,0,1190,6BH5,1.2493,1.2495,328,360,2,5,1.2492,1.2496,11,43,7,3,1.2491,1.2497,21,29,6,6,1.249,1.2498,33,9,7,3,1.2489,1.2499,25,25,2,1,1.2488,1.25,31,35,7,1,1.2487,1.2501,38,5,6,6,1.2486,1.2502,15,37,6,1,1.2485,1.2503,13,17,5,4,1.2484,1.2504,192,376,5,1
2024-12-30T09:39:15.000000000Z,2024-12-30T09:39:15.000000000Z,10,1,29307,A,N,0,1.2493,0,0,0,1191,6BH5,1.2492,1.2494,39,47,4,1,1.2491,1.2495,10,45,2,5,1.249,1.2496,41,23,1,1,1.2489,1.2497,288,256,7,2,1.2488,1.2498,46,32,1,3,1.2487,1.2499,29,34,5,2,1.2486,1.25,44,12,4,1,1.2485,1.2501,25,32,4,4,1.2484,1.2502,35,27,5,5,1.2483,1.2503,38,9,2,6
2024-12-30T09:39:20.000000000Z,2024-12-30T09:39:20.000000000Z,10,1,29307,A,N,0,1.2492,0,0,0,1192,6BH5,1.2491,1.2493,6,24,7,5,1.249,1.2494,26,12,7,5,1.2489,1.2495,47,30,7,5,1.2488,1.2496,352,264,6,4,1.2487,1.2497,30,7,2,3,1.2486,1.2498,17,47,1,6,1.2485,1.2499,17,12,5,4,1.2484,1.25,23,28,5,4,1.2483,1.2501,6,10,3,7,1.2482,1.2502,18,42,4,2
2024-12-30T09:39:25.000000000Z,2024-12-30T09:39:25.000000000Z,10,1,29307,A,N,0,1.2491,0,0,0,1193,6BH5,1.249,1.2492,33,8,4,1,1.2489,1.2493,39,25,4,4,1.2488,1.2494,24,30,3,3,1.2487,1.2495,40,8,2,4,1.2486,1.2496,20,47,7,4,1.2485,1.2497,14,6,5,5,1.2484,1.2498,46,34,3,5,1.2483,1.2499,29,28,3,6,1.2482,1.25,44,31,5,3,1.2481,1.2501,49,36,4,4
2024-12-30T09:39:30.000000000Z,2024-12-30T09:39:30.000000000Z,10,1,29307,A,N,0,1.249,0,0,0,1194,6BH5,1.2489,1.2491,19,17,6,5,1.2488,1.2492,312,352,6,7,1.2487,1.2493,15,46,2,3,1.2486,1.2494,43,16,3,3,1.2485,1.2495,45,31,5,3,1.2484,1.2496,7,39,5,3,1.2483,1.2497,28,45,5,6,1.2482,1.2498,37,42,3,1,1.2481,1.2499,38,39,7,6,1.248,1.25,48,288,4,5
2024-12-30T09:39:35.000000000Z,2024-12-30T09:39:35.000000000Z,10,1,29307,A,N,0,1.2491,0,0,0,1195,6BH5,1.249,1.2492,18,38,4,5,1.2489,1.2493,18,25,3,7,1.2488,1.2494,13,44,7,4,1.2487,1.2495,19,19,6,1,1.2486,1.2496,16,24,3,2,1.2485,1.2497,30,44,4,2,1.2484,1.2498,11,5,3,2,1.2483,1.2499,18,23,1,3,1.2482,1.25,5,25,6,4,1.2481,1.2501,37,37,2,1
2024-12-30T09:39:40.000000000Z,2024-12-30T09:39:40.000000000Z,10,1,29307,A,N,0,1.2492,0,0,0,1196,6BH5,1.2491,1.2493,17,47,1,1,1.249,1.2494,5,27,2,4,1.2489,1.2495,18,25,3,3,1.2488,1.2496,36,34,4,5,1.2487,1.2497,20,22,1,4,1.2486,1.2498,47,27,4,5,1.2485,1.2499,35,22,5,7,1.2484,1.25,31,6,7,2,1.2483,1.2501,44,14,4,5,1.2482,1.2502,36,49,4,5
2024-12-30T09:39:45.000000000Z,2024-12-30T09:39:45.000000000Z,10,1,29307,A,N,0,1.2491,0,0,0,1197,6BH5,1.249,1.2492,11,14,3,3,1.2489,1.2493,20,31,7,6,1.2488,1.2494,43,28,3,7,1.2487,1.2495,26,33,5,7,1.2486,1.2496,38,23,2,6,1.2485,1.2497,5,45,2,5,1.2484,1.2498,44,32,6,3,1.2483,1.2499,36,30,2,7,1.2482,1.25,43,37,6,1,1.2481,1.2501,45,6,5,3
2024-12-30T09:39:50.000000000Z,2024-12-30T09:39:50.000000000Z,10,1,29307,A,N,0,1.249,0,0,0,1198,6BH5,1.2489,1.2491,320,312,2,4,1.2488,1.2492,13,17,3,2,1.2487,1.2493,49,13,6,5,1.2486,1.2494,44,21,1,7,1.2485,1.2495,48,47,6,2,1.2484,1.2496,33,9,1,7,1.2483,1.2497,15,35,3,1,1.2482,1.2498,44,31,1,1,1.2481,1.2499,39,19,2,5,1.248,1.25,28,41,3,6
2024-12-30T09:39:55.000000000Z,2024-12-30T09:39:55.000000000Z,10,1,29307,A,N,0,1.249,0,0,0,1199,6BH5,1.2489,1.2491,11,48,6,4,1.2488,1.2492,43,45,1,1,1.2487,1.2493,15,8,4,1,1.2486,1.2494,24,41,4,2,1.2485,1.2495,11,20,4,2,1.2484,1.2496,264,368,2,3,1.2483,1.2497,112,56,6,4,1.2482,1.2498,6,12,2,1,1.2481,1.2499,15,28,2,3,1.248,1.25,19,46,6,5
2024-12-30T09:40:00.000000000Z,2024-12-30T09:40:00.000000000Z,10,1,29307,A,N,0,1.249,0,0,0,1200,6BH5,1.2489,1.2491,7,44,6,1,1.2488,1.2492,44,30,5,5,1.2487,1.2493,216,224,4,1,1.2486,1.2494,31,44,7,3,1.2485,1.2495,49,8,7,1,1.2484,1.2496,47,34,6,6,1.2483,1.2497,19,21,1,4,1.2482,1.2498,23,27,7,7,1.2481,1.2499,200,320,6,6,1.248,1.25,224,240,2,3
2024-12-30T09:40:05.000000000Z,2024-12-30T09:40:05.000000000Z,10,1,29307,A,N,0,1.2491,0,0,0,1201,6BH5,1.249,1.2492,288,368,5,3,1.2489,1.2493,46,6,1,2,1.2488,1.2494,27,38,1,2,1.2487,1.2495,43,9,5,7,1.2486,1.2496,45,47,1,2,1.2485,1.2497,31,45,3,5,1.2484,1.2498,47,27,2,5,1.2483,1.2499,17,36,3,1,1.2482,1.25,17,34,3,6,1.2481,1.2501,17,35,6,2
2024-12-30T09:40:10.000000000Z,2024-12-30T09:40:10.000000000Z,10,1,29307,A,N,0,1.2492,0,0,0,1202,6BH5,1.2491,1.2493,36,34,7,6,1.249,1.2494,38,20,6,3,1.2489,1.2495,10,6,5,2,1.2488,1.2496,5,42,1,6,1.2487,1.2497,44,28,3,5,1.2486,1.2498,43,19,5,4,1.2485,1.2499,46,26,7,4,1.2484,1.25,32,35,5,6,1.2483,1.2501,6,13,7,3,1.2482,1.2502,29,27,2,2
2024-12-30T09:40:15.000000000Z,2024-12-30T09:40:15.000000000Z,10,1,29307,A,N,0,1.2493,0,0,0,1203,6BH5,1.2492,1.2494,47,23,7,3,1.2491,1.2495,7,49,1,7,1.249,1.2496,5,40,1,1,1.2489,1.2497,36,23,7,7,1.2488,1.2498,48,37,5,4,1.2487,1.2499,48,19,1,6,1.2486,1.25,42,45,2,3,1.2485,1.2501,25,49,7,4,1.2484,1.2502,20,44,6,2,1.2483,1.2503,43,32,1,2
2024-12-30T09:40:20.000000000Z,2024-12-30T09:40:20.000000000Z,10,1,29307,A,N,0,1.2493,0,0,0,1204,6BH5,1.2492,1.2494,43,11,4,5,1.2491,1.2495,8,23,2,4,1.249,1.2496,26,31,3,2,1.2489,1.2497,10,49,2,3,1.2488,1.2498,48,32,5,6,1.2487,1.2499,37,7,6,5,1.2486,1.25,46,43,3,7,1.2485,1.2501,19,28,3,2,1.2484,1.2502,5,30,6,7,1.2483,1.2503,36,48,1,2
2024-12-30T09:40:25.000000000Z,2024-12-30T09:40:25.000000000Z,10,1,29307,A,N,0,1.2493,0,0,0,1205,6BH5,1.2492,1.2494,48,32,1,3,1.2491,1.2495,9,6,3,3,1.249,1.2496,12,6,4,7,1.2489,1.2497,11,44,6,4,1.2488,1.2498,41,47,6,7,1.2487,1.2499,31,17,7,2,1.2486,1.25,43,13,7,7,1.2485,1.2501,42,45,7,5,1.2484,1.2502,27,36,5,7,1.2483,1.2503,15,18,3,5
2024-12-30T09:40:30.000000000Z,2024-12-30T09:40:30.000000000Z,10,1,29307,A,N,0,1.2493,0,0,0,1206,6BH5,1.2492,1.2494,13,20,2,5,1.2491,1.2495,12,43,4,5,1.249,1.2496,14,16,4,3,1.2489,1.2497,38,34,4,7,1.2488,1.2498,28,37,5,1,1.2487,1.2499,21,10,4,1,1.2486,1.25,44,16,7,6,1.2485,1.2501,33,26,3,2,1.2484,1.2502,30,9,5,5,1.2483,1.2503,38,43,3,1
2024-12-30T09:40:35.000000000Z,2024-12-30T09:40:35.000000000Z,10,1,29307,A,N,0,1.2492,0,0,0,1207,6BH5,1.2491,1.2493,28,42,2,3,1.249,1.2494,48,16,3,4,1.2489,1.2495,46,12,7,7,1.2488,1.2496,30,35,6,7,1.2487,1.2497,38,20,4,2,1.2486,1.2498,15,42,7,6,1.2485,1.2499,22,35,4,6,1.2484,1.25,14,21,6,1,1.2483,1.2501,12,35,1,1,1.2482,1.2502,44,30,2,4
2024-12-30T09:40:40.000000000Z,2024-12-30T09:40:40.000000000Z,10,1,29307,A,N,0,1.2491,0,0,0,1208,6BH5,1.249,1.2492,13,36,7,1,1.2489,1.2493,5,35,7,7,1.2488,1.2494,13,37,3,3,1.2487,1.2495,6,38,1,6,1.2486,1.2496,35,32,5,3,1.2485,1.2497,40,43,5,3,1.2484,1.2498,24,6,5,3,1.2483,1.2499,22,15,6,4,1.2482,1.25,17,23,3,4,1.2481,1.2501,29,19,3,4
2024-12-30T09:40:45.000000000Z,2024-12-30T09:40:45.000000000Z,10,1,29307,A,N,0,1.249,0,0,0,1209,6BH5,1.2489,1.2491,5,33,4,3,1.2488,1.2492,32,41,2,2,1.2487,1.2493,22,45,6,1,1.2486,1.2494,42,48,7,3,1.2485,1.2495,8,36,6,2,1.2484,1.2496,10,37,7,1,1.2483,1.2497,16,11,4,3,1.2482,1.2498,32,5,3,4,1.2481,1.2499,43,48,3,2,1.248,1.25,45,5,2,6
2024-12-30T09:40:50.000000000Z,2024-12-30T09:40:50.000000000Z,10,1,29307,A,N,0,1.249,0,0,0,1210,6BH5,1.2489,1.2491,38,41,1,5,1.2488,1.2492,28,46,2,5,1.2487,1.2493,34,26,1,4,1.2486,1.2494,10,40,4,5,1.2485,1.2495,336,312,1,4,1.2484,1.2496,49,22,3,5,1.2483,1.2497,16,10,7,2,1.2482,1.2498,35,8,1,5,1.2481,1.2499,21,33,3,3,1.248,1.25,43,31,1,7
2024-12-30T09:40:55.000000000Z,2024-12-30T09:40:55.000000000Z,10,1,29307,A,N,0,1.2489,0,0,0,1211,6BH5,1.2488,1.249,8,29,4,3,1.2487,1.2491,16,19,5,1,1.2486,1.2492,30,31,4,3,1.2485,1.2493,6,27,1,3,1.2484,1.2494,46,5,5,2,1.2483,1.2495,29,43,3,7,1.2482,1.2496,23,38,6,3,1.2481,1.2497,47,38,5,5,1.248,1.2498,28,46,2,7,1.2479,1.2499,46,43,7,7
2024-12-30T09:41:00.000000000Z,2024-12-30T09:41:00.000000000Z,10,1,29307,A,N,0,1.2488,0,0,0,1212,6BH5,1.2487,1.2489,33,24,7,3,1.2486,1.249,23,11,1,4,1.2485,1.2491,13,21,1,2,1.2484,1.2492,280,144,5,4,1.2483,1.2493,14,49,6,4,1.2482,1.2494,15,48,1,5,1.2481,1.2495,18,37,7,3,1.248,1.2496,14,8,6,7,1.2479,1.2497,16,24,2,4,1.2478,1.2498,16,42,4,1
2024-12-30T09:41:05.000000000Z,2024-12-30T09:41:05.000000000Z,10,1,29307,A,N,0,1.2488,0,0,0,1213,6BH5,1.2487,1.2489,47,37,5,4,1.2486,1.249,6,42,6,5,1.2485,1.2491,30,47,6,6,1.2484,1.2492,38,24,5,5,1.2483,1.2493,44,27,2,1,1.2482,1.2494,38,31,4,4,1.2481,1.2495,16,9,3,6,1.248,1.2496,34,18,5,6,1.2479,1.2497,25,19,4,6,1.2478,1.2498,30,39,2,2
2024-12-30T09:41:10.000000000Z,2024-12-30T09:41:10.000000000Z,10,1,29307,A,N,0,1.2489,0,0,0,1214,6BH5,1.2488,1.249,48,48,3,4,1.2487,1.2491,9,23,3,6,1.2486,1.2492,21,33,4,7,1.2485,1.2493,32,25,5,1,1.2484,1.2494,46,22,5,4,1.2483,1.2495,36,9,2,3,1.2482,1.2496,24,16,5,6,1.2481,1.2497,47,12,3,5,1.248,1.2498,30,9,2,5,1.2479,1.2499,27,39,1,6
2024-12-30T09:41:15.000000000Z,2024-12-30T09:41:15.000000000Z,10,1,29307,A,N,0,1.2488,0,0,0,1215,6BH5,1.2487,1.2489,10,18,1,5,1.2486,1.249,26,24,4,3,1.2485,1.2491,11,38,1,4,1.2484,1.2492,14,40,5,2,1.2483,1.2493,10,19,6,5,1.2482,1.2494,22,24,1,6,1.2481,1.2495,22,14,4,4,1.248,1.2496,41,26,4,4,1.2479,1.2497,32,45,5,7,1.2478,1.2498,32,34,6,5
2024-12-30T09:41:20.000000000Z,2024-12-30T09:41:20.000000000Z,10,1,29307,A,N,0,1.2488,0,0,0,1216,6BH5,1.2487,1.2489,27,22,6,1,1.2486,1.249,280,256,3,6,1.2485,1.2491,26,44,3,7,1.2484,1.2492,10,8,7,3,1.2483,1.2493,38,31,2,6,1.2482,1.2494,33,43,6,5,1.2481,1.2495,176,160,4,6,1.248,1.2496,28,15,3,1,1.2479,1.2497,36,25,1,1,1.2478,1.2498,40,5,4,6
2024-12-30T09:41:25.000000000Z,2024-12-30T09:41:25.000000000Z,10,1,29307,A,N,0,1.2487,0,0,0,1217,6BH5,1.2486,1.2488,9,6,4,3,1.2485,1.2489,25,34,7,1,1.2484,1.249,96,216,3,2,1.2483,1.2491,15,25,3,4,1.2482,1.2492,37,7,7,5,1.2481,1.2493,30,14,6,4,1.248,1.2494,18,28,7,2,1.2479,1.2495,29,24,1,1,1.2478,1.2496,25,24,5,7,1.2477,1.2497,39,45,4,7
2024-12-30T09:41:30.000000000Z,2024-12-30T09:41:30.000000000Z,10,1,29307,A,N,0,1.2488,0,0,0,1218,6BH5,1.2487,1.2489,25,28,5,2,1.2486,1.249,48,23,5,5,1.2485,1.2491,10,18,3,1,1.2484,1.2492,49,14,7,4,1.2483,1.2493,168,344,4,3,1.2482,1.2494,45,49,4,2,1.2481,1.2495,13,29,2,4,1.248,1.2496,30,14,1,4,1.2479,1.2497,42,15,6,7,1.2478,1.2498,5,21,1,1
2024-12-30T09:41:35.000000000Z,2024-12-30T09:41:35.000000000Z,10,1,29307,A,N,0,1.2487,0,0,0,1219,6BH5,1.2486,1.2488,34,46,6,1,1.2485,1.2489,24,36,3,4,1.2484,1.249,7,7,4,6,1.2483,1.2491,28,42,5,6,1.2482,1.2492,47,5,6,5,1.2481,1.2493,26,44,1,7,1.248,1.2494,27,45,4,5,1.2479,1.2495,49,28,1,2,1.2478,1.2496,29,35,2,5,1.2477,1.2497,12,48,3,1
2024-12-30T09:41:40.000000000Z,2024-12-30T09:41:40.000000000Z,10,1,29307,A,N,0,1.2488,0,0,0,1220,6BH5,1.2487,1.2489,27,44,6,4,1.2486,1.249,14,10,7,4,1.2485,1.2491,24,21,4,6,1.2484,1.2492,22,13,4,7,1.2483,1.2493,38,20,1,4,1.2482,1.2494,40,17,4,7,1.2481,1.2495,19,17,2,2,1.248,1.2496,48,37,7,3,1.2479,1.2497,10,41,6,6,1.2478,1.2498,25,24,5,5
2024-12-30T09:41:45.000000000Z,2024-12-30T09:41:45.000000000Z,10,1,29307,A,N,0,1.2487,0,0,0,1221,6BH5,1.2486,1.2488,34,46,3,6,1.2485,1.2489,31,9,5,1,1.2484,1.249,13,29,6,7,1.2483,1.2491,35,27,4,1,1.2482,1.2492,11,19,2,6,1.2481,1.2493,48,21,2,5,1.248,1.2494,15,22,5,4,1.2479,1.2495,27,18,4,5,1.2478,1.2496,20,37,4,1,1.2477,1.2497,12,22,3,1
2024-12-30T09:41:50.000000000Z,2024-12-30T09:41:50.000000000Z,10,1,29307,A,N,0,1.2488,0,0,0,1222,6BH5,1.2487,1.2489,136,152,2,4,1.2486,1.249,45,21,5,5,1.2485,1.2491,45,26,4,1,1.2484,1.2492,35,16,6,6,1.2483,1.2493,27,11,1,4,1.2482,1.2494,48,34,1,7,1.2481,1.2495,24,45,6,6,1.248,1.2496,9,23,2,7,1.2479,1.2497,24,13,7,3,1.2478,1.2498,32,19,4,4
2024-12-30T09:41:55.000000000Z,2024-12-30T09:41:55.000000000Z,10,1,29307,A,N,0,1.2487,0,0,0,1223,6BH5,1.2486,1.2488,41,18,4,3,1.2485,1.2489,26,46,1,4,1.2484,1.249,32,42,4,6,1.2483,1.2491,23,18,7,5,1.2482,1.2492,28,46,3,5,1.2481,1.2493,25,44,6,4,1.248,1.2494,10,7,2,1,1.2479,1.2495,22,9,6,5,1.2478,1.2496,38,33,7,5,1.2477,1.2497,32,10,3,7
2024-12-30T09:42:00.000000000Z,2024-12-30T09:42:00.000000000Z,10,1,29307,A,N,0,1.2486,0,0,0,1224,6BH5,1.2485,1.2487,39,15,4,4,1.2484,1.2488,47,26,1,4,1.2483,1.2489,38,46,2,6,1.2482,1.249,40,29,6,2,1.2481,1.2491,11,41,5,1,1.248,1.2492,40,5,7,4,1.2479,1.2493,23,5,5,2,1.2478,1.2494,22,33,4,4,1.2477,1.2495,35,42,1,3,1.2476,1.2496,152,208,5,3
2024-12-30T09:42:05.000000000Z,2024-12-30T09:42:05.000000000Z,10,1,29307,A,N,0,1.2485,0,0,0,1225,6BH5,1.2484,1.2486,23,10,1,6,1.2483,1.2487,47,7,2,5,1.2482,1.2488,19,9,5,2,1.2481,1.2489,34,32,7,5,1.248,1.249,24,33,3,1,1.2479,1.2491,12,25,7,3,1.2478,1.2492,10,12,3,5,1.2477,1.2493,40,224,7,1,1.2476,1.2494,48,21,2,5,1.2475,1.2495,128,328,6,7
2024-12-30T09:42:10.000000000Z,2024-12-30T09:42:10.000000000Z,10,1,29307,A,N,0,1.2484,0,0,0,1226,6BH5,1.2483,1.2485,22,35,5,3,1.2482,1.2486,18,47,2,7,1.2481,1.2487,42,32,3,6,1.248,1.2488,12,23,1,5,1.2479,1.2489,34,33,6,6,1.2478,1.249,56,144,5,3,1.2477,1.2491,48,47,1,3,1.2476,1.2492,9,47,7,7,1.2475,1.2493,13,24,5,7,1.2474,1.2494,15,25,3,7
2024-12-30T09:42:15.000000000Z,2024-12-30T09:42:15.000000000Z,10,1,29307,A,N,0,1.2485,0,0,0,1227,6BH5,1.2484,1.2486,21,28,3,5,1.2483,1.2487,40,15,7,6,1.2482,1.2488,24,26,2,6,1.2481,1.2489,5,31,5,3,1.248,1.249,38,10,2,3,1.2479,1.2491,13,19,7,3,1.2478,1.2492,13,26,2,7,1.2477,1.2493,11,21,3,7,1.2476,1.2494,45,27,5,4,1.2475,1.2495,46,22,3,7
2024-12-30T09:42:20.000000000Z,2024-12-30T09:42:20.000000000Z,10,1,29307,A,N,0,1.2485,0,0,0,1228,6BH5,1.2484,1.2486,11,16,4,5,1.2483,1.2487,8,16,5,7,1.2482,1.2488,15,37,6,3,1.2481,1.2489,44,24,2,4,1.248,1.249,13,23,6,1,1.2479,1.2491,17,12,6,2,1.2478,1.2492,24,5,4,3,1.2477,1.2493,16,43,5,2,1.2476,1.2494,27,17,5,3,1.2475,1.2495,24,31,6,6
2024-12-30T09:42:25.000000000Z,2024-12-30T09:42:25.000000000Z,10,1,29307,A,N,0,1.2485,0,0,0,1229,6BH5,1.2484,1.2486,13,25,2,1,1.2483,1.2487,16,5,4,3,1.2482,1.2488,18,30,4,6,1.2481,1.2489,34,27,3,1,1.248,1.249,6,14,7,1,1.2479,1.2491,48,12,1,3,1.2478,1.2492,23,34,2,6,1.2477,1.2493,27,19,2,5,1.2476,1.2494,8,38,7,3,1.2475,1.2495,48,39,4,7
2024-12-30T09:42:30.000000000Z,2024-12-30T09:42:30.000000000Z,10,1,29307,A,N,0,1.2486,0,0,0,1230,6BH5,1.2485,1.2487,45,33,7,4,1.2484,1.2488,11,20,2,1,1.2483,1.2489,42,22,2,5,1.2482,1.249,19,14,3,3,1.2481,1.2491,35,14,5,3,1.248,1.2492,6,27,1,1,1.2479,1.2493,28,36,1,1,1.2478,1.2494,17,41,7,5,1.2477,1.2495,23,5,3,7,1.2476,1.2496,30,19,1,5
2024-12-30T09:42:35.000000000Z,2024-12-30T09:42:35.000000000Z,10,1,29307,A,N,0,1.2486,0,0,0,1231,6BH5,1.2485,1.2487,41,8,3,7,1.2484,1.2488,47,22,2,4,1.2483,1.2489,41,19,6,6,1.2482,1.249,48,368,4,6,1.2481,1.2491,23,42,2,7,1.248,1.2492,30,34,6,3,1.2479,1.2493,18,14,7,3,1.2478,1.2494,368,152,4,3,1.2477,1.2495,30,43,3,2,1.2476,1.2496,20,7,6,2
2024-12-30T09:42:40.000000000Z,2024-12-30T09:42:40.000000000Z,10,1,29307,A,N,0,1.2487,0,0,0,1232,6BH5,1.2486,1.2488,28,9,7,3,1.2485,1.2489,31,16,1,7,1.2484,1.249,29,46,2,1,1.2483,1.2491,15,40,1,6,1.2482,1.2492,30,12,7,5,1.2481,1.2493,34,42,7,6,1.248,1.2494,39,13,5,1,1.2479,1.2495,20,22,4,5,1.2478,1.2496,11,36,7,6,1.2477,1.2497,37,9,2,6
2024-12-30T09:42:45.000000000Z,2024-12-30T09:42:45.000000000Z,10,1,29307,A,N,0,1.2486,0,0,0,1233,6BH5,1.2485,1.2487,46,39,6,7,1.2484,1.2488,38,34,1,7,1.2483,1.2489,18,26,6,3,1.2482,1.249,14,7,1,2,1.2481,1.2491,19,10,4,7,1.248,1.2492,38,19,4,3,1.2479,1.2493,44,36,1,5,1.2478,1.2494,7,43,1,3,1.2477,1.2495,5,33,2,4,1.2476,1.2496,47,37,3,6
2024-12-30T09:42:50.000000000Z,2024-12-30T09:42:50.000000000Z,10,1,29307,A,N,0,1.2487,0,0,0,1234,6BH5,1.2486,1.2488,41,33,4,6,1.2485,1.2489,12,26,7,3,1.2484,1.249,48,33,2,4,1.2483,1.2491,17,17,7,5,1.2482,1.2492,29,34,2,7,1.2481,1.2493,26,33,6,4,1.248,1.2494,27,27,6,3,1.2479,1.2495,27,42,7,5,1.2478,1.2496,30,25,2,2,1.2477,1.2497,24,18,6,5
2024-12-30T09:42:55.000000000Z,2024-12-30T09:42:55.000000000Z,10,1,29307,A,N,0,1.2486,0,0,0,1235,6BH5,1.2485,1.2487,35,12,2,1,1.2484,1.2488,12,20,6,3,1.2483,1.2489,14,22,6,2,1.2482,1.249,6,7,7,1,1.2481,1.2491,18,47,3,6,1.248,1.2492,28,18,3,2,1.2479,1.2493,38,23,1,7,1.2478,1.2494,30,9,5,1,1.2477,1.2495,5,18,2,7,1.2476,1.2496,20,19,4,6
2024-12-30T09:43:00.000000000Z,2024-12-30T09:43:00.000000000Z,10,1,29307,A,N,0,1.2486,0,0,0,1236,6BH5,1.2485,1.2487,19,21,2,6,1.2484,1.2488,32,9,5,2,1.2483,1.2489,38,11,6,6,1.2482,1.249,13,31,2,4,1.2481,1.2491,44,29,4,7,1.248,1.2492,24,26,2,3,1.2479,1.2493,8,7,5,4,1.2478,1.2494,7,21,6,6,1.2477,1.2495,20,26,1,3,1.2476,1.2496,16,44,3,3
2024-12-30T09:43:05.000000000Z,2024-12-30T09:43:05.000000000Z,10,1,29307,A,N,0,1.2486,0,0,0,1237,6BH5,1.2485,1.2487,45,19,4,2,1.2484,1.2488,8,11,5,1,1.2483,1.2489,21,40,7,2,1.2482,1.249,31,11,3,2,1.2481,1.2491,43,36,2,7,1.248,1.2492,44,11,1,1,1.2479,1.2493,32,35,5,4,1.2478,1.2494,26,22,2,2,1.2477,1.2495,10,47,3,2,1.2476,1.2496,88,368,5,3
2024-12-30T09:43:10.000000000Z,2024-12-30T09:43:10.000000000Z,10,1,29307,A,N,0,1.2486,0,0,0,1238,6BH5,1.2485,1.2487,32,13,5,1,1.2484,1.2488,47,27,1,2,1.2483,1.2489,9,12,3,5,1.2482,1.249,24,26,4,1,1.2481,1.2491,45,31,5,5,1.248,1.2492,42,37,6,5,1.2479,1.2493,9,19,6,3,1.2478,1.2494,34,40,3,4,1.2477,1.2495,35,18,6,3,1.2476,1.2496,30,48,2,5
2024-12-30T09:43:15.000000000Z,2024-12-30T09:43:15.000000000Z,10,1,29307,A,N,0,1.2486,0,0,0,1239,6BH5,1.2485,1.2487,40,35,2,4,1.2484,1.2488,6,36,2,5,1.2483,1.2489,12,49,4,1,1.2482,1.249,23,11,7,5,1.2481,1.2491,21,36,3,1,1.248,1.2492,36,41,3,4,1.2479,1.2493,40,8,2,7,1.2478,1.2494,48,31,2,3,1.2477,1.2495,45,43,1,6,1.2476,1.2496,39,15,3,6
2024-12-30T09:43:20.000000000Z,2024-12-30T09:43:20.000000000Z,10,1,29307,A,N,0,1.2486,0,0,0,1240,6BH5,1.2485,1.2487,43,44,1,7,1.2484,1.2488,240,176,7,5,1.2483,1.2489,39,14,2,4,1.2482,1.249,44,12,5,6,1.2481,1.2491,14,42,2,4,1.248,1.2492,24,28,1,6,1.2479,1.2493,36,10,3,6,1.2478,1.2494,37,23,2,2,1.2477,1.2495,11,18,2,6,1.2476,1.2496,24,30,3,7
2024-12-30T09:43:25.000000000Z,2024-12-30T09:43:25.000000000Z,10,1,29307,A,N,0,1.2487,0,0,0,1241,6BH5,1.2486,1.2488,44,27,1,4,1.2485,1.2489,15,29,7,6,1.2484,1.249,18,27,4,5,1.2483,1.2491,33,8,1,2,1.2482,1.2492,24,20,7,7,1.2481,1.2493,38,33,4,4,1.248,1.2494,38,10,1,4,1.2479,1.2495,9,20,3,1,1.2478,1.2496,39,14,1,7,1.2477,1.2497,39,37,5,7
2024-12-30T09:43:30.000000000Z,2024-12-30T09:43:30.000000000Z,10,1,29307,A,N,0,1.2488,0,0,0,1242,6BH5,1.2487,1.2489,39,41,2,4,1.2486,1.249,49,35,2,5,1.2485,1.2491,49,21,7,4,1.2484,1.2492,40,16,6,4,1.2483,1.2493,9,17,6,7,1.2482,1.2494,35,16,3,1,1.2481,1.2495,40,17,1,6,1.248,1.2496,28,34,5,5,1.2479,1.2497,10,11,6,6,1.2478,1.2498,34,19,5,1
2024-12-30T09:43:35.000000000Z,2024-12-30T09:43:35.000000000Z,10,1,29307,A,N,0,1.2489,0,0,0,1243,6BH5,1.2488,1.249,35,9,5,2,1.2487,1.2491,41,34,7,3,1.2486,1.2492,14,34,1,6,1.2485,1.2493,46,38,2,2,1.2484,1.2494,40,11,4,4,1.2483,1.2495,31,30,4,3,1.2482,1.2496,39,9,3,1,1.2481,1.2497,9,24,3,2,1.248,1.2498,41,36,1,4,1.2479,1.2499,47,47,2,4
2024-12-30T09:43:40.000000000Z,2024-12-30T09:43:40.000000000Z,10,1,29307,A,N,0,1.249,0,0,0,1244,6BH5,1.2489,1.2491,16,37,3,6,1.2488,1.2492,48,42,2,4,1.2487,1.2493,31,14,2,6,1.2486,1.2494,45,13,4,2,1.2485,1.2495,33,22,6,5,1.2484,1.2496,17,26,5,2,1.2483,1.2497,184,368,6,2,1.2482,1.2498,10,39,3,4,1.2481,1.2499,17,20,2,6,1.248,1.25,17,27,7,7
2024-12-30T09:43:45.000000000Z,2024-12-30T09:43:45.000000000Z,10,1,29307,A,N,0,1.2491,0,0,0,1245,6BH5,1.249,1.2492,42,32,1,2,1.2489,1.2493,21,46,5,2,1.2488,1.2494,38,42,4,4,1.2487,1.2495,44,7,5,1,1.2486,1.2496,72,192,4,6,1.2485,1.2497,47,32,5,2,1.2484,1.2498,6,42,6,3,1.2483,1.2499,49,32,3,4,1.2482,1.25,6,33,4,5,1.2481,1.2501,5,48,2,5
2024-12-30T09:43:50.000000000Z,2024-12-30T09:43:50.000000000Z,10,1,29307,A,N,0,1.2492,0,0,0,1246,6BH5,1.2491,1.2493,18,47,1,6,1.249,1.2494,35,40,6,4,1.2489,1.2495,40,10,6,3,1.2488,1.2496,40,36,3,7,1.2487,1.2497,16,20,6,5,1.2486,1.2498,39,13,5,3,1.2485,1.2499,14,29,3,2,1.2484,1.25,29,8,3,4,1.2483,1.2501,48,27,6,2,1.2482,1.2502,35,9,4,3
2024-12-30T09:43:55.000000000Z,2024-12-30T09:43:55.000000000Z,10,1,29307,A,N,0,1.2493,0,0,0,1247,6BH5,1.2492,1.2494,34,27,5,2,1.2491,1.2495,45,32,6,7,1.249,1.2496,12,16,6,6,1.2489,1.2497,272,96,7,7,1.2488,1.2498,33,35,5,3,1.2487,1.2499,21,17,4,7,1.2486,1.25,29,22,5,5,1.2485,1.2501,42,19,3,3,1.2484,1.2502,7,39,2,3,1.2483,1.2503,48,296,4,3
2024-12-30T09:44:00.000000000Z,2024-12-30T09:44:00.000000000Z,10,1,29307,A,N,0,1.2493,0,0,0,1248,6BH5,1.2492,1.2494,25,26,3,6,1.2491,1.2495,5,13,4,5,1.249,1.2496,9,23,6,1,1.2489,1.2497,22,48,6,4,1.2488,1.2498,28,34,4,3,1.2487,1.2499,49,8,2,7,1.2486,1.25,27,46,6,3,1.2485,1.2501,48,25,6,4,1.2484,1.2502,29,8,2,1,1.2483,1.2503,31,43,5,5
2024-12-30T09:44:05.000000000Z,2024-12-30T09:44:05.000000000Z,10,1,29307,A,N,0,1.2494,0,0,0,1249,6BH5,1.2493,1.2495,33,38,7,3,1.2492,1.2496,30,9,4,4,1.2491,1.2497,9,8,3,3,1.249,1.2498,13,29,1,6,1.2489,1.2499,5,35,1,7,1.2488,1.25,9,22,4,4,1.2487,1.2501,23,32,4,6,1.2486,1.2502,13,43,7,1,1.2485,1.2503,48,368,5,1,1.2484,1.2504,15,22,7,4
2024-12-30T09:44:10.000000000Z,2024-12-30T09:44:10.000000000Z,10,1,29307,A,N,0,1.2495,0,0,0,1250,6BH5,1.2494,1.2496,20,27,7,1,1.2493,1.2497,48,33,6,4,1.2492,1.2498,47,45,3,1,1.2491,1.2499,10,36,7,4,1.249,1.25,33,7,1,7,1.2489,1.2501,48,26,4,2,1.2488,1.2502,88,64,2,6,1.2487,1.2503,22,37,1,1,1.2486,1.2504,15,12,4,2,1.2485,1.2505,43,41,7,2
2024-12-30T09:44:15.000000000Z,2024-12-30T09:44:15.000000000Z,10,1,29307,A,N,0,1.2496,0,0,0,1251,6BH5,1.2495,1.2497,11,8,7,2,1.2494,1.2498,312,392,7,7,1.2493,1.2499,37,9,2,6,1.2492,1.25,11,32,5,7,1.2491,1.2501,33,14,1,3,1.249,1.2502,30,41,2,7,1.2489,1.2503,20,8,1,6,1.2488,1.2504,18,16,5,4,1.2487,1.2505,40,44,7,2,1.2486,1.2506,25,14,5,1
2024-12-30T09:44:20.000000000Z,2024-12-30T09:44:20.000000000Z,10,1,29307,A,N,0,1.2496,0,0,0,1252,6BH5,1.2495,1.2497,29,17,7,7,1.2494,1.2498,41,12,6,7,1.2493,1.2499,272,176,7,6,1.2492,1.25,45,34,7,6,1.2491,1.2501,14,11,7,1,1.249,1.2502,46,25,7,4,1.2489,1.2503,11,28,5,4,1.2488,1.2504,23,39,5,4,1.2487,1.2505,12,6,4,2,1.2486,1.2506,33,8,5,1
2024-12-30T09:44:25.000000000Z,2024-12-30T09:44:25.000000000Z,10,1,29307,A,N,0,1.2495,0,0,0,1253,6BH5,1.2494,1.2496,37,10,5,4,1.2493,1.2497,13,36,5,2,1.2492,1.2498,44,33,7,2,1.2491,1.2499,29,46,4,4,1.249,1.25,43,23,3,2,1.2489,1.2501,39,6,1,3,1.2488,1.2502,49,7,2,4,1.2487,1.2503,47,28,3,4,1.2486,1.2504,28,10,1,6,1.2485,1.2505,33,40,5,5
2024-12-30T09:44:30.000000000Z,2024-12-30T09:44:30.000000000Z,10,1,29307,A,N,0,1.2496,0,0,0,1254,6BH5,1.2495,1.2497,37,29,5,4,1.2494,1.2498,21,38,5,2,1.2493,1.2499,19,45,6,3,1.2492,1.25,43,27,5,1,1.2491,1.2501,21,21,3,5,1.249,1.2502,47,6,2,1,1.2489,1.2503,33,33,6,4,1.2488,1.2504,47,10,4,5,1.2487,1.2505,20,15,6,2,1.2486,1.2506,46,32,1,5
2024-12-30T09:44:35.000000000Z,2024-12-30T09:44:35.000000000Z,10,1,29307,A,N,0,1.2497,0,0,0,1255,6BH5,1.2496,1.2498,40,8,6,4,1.2495,1.2499,9,19,7,2,1.2494,1.25,11,27,5,6,1.2493,1.2501,35,44,2,4,1.2492,1.2502,12,5,1,1,1.2491,1.2503,35,17,2,7,1.249,1.2504,36,49,3,1,1.2489,1.2505,44,49,3,2,1.2488,1.2506,10,9,5,3,1.2487,1.2507,12,26,7,1
2024-12-30T09:44:40.000000000Z,2024-12-30T09:44:40.000000000Z,10,1,29307,A,N,0,1.2497,0,0,0,1256,6BH5,1.2496,1.2498,45,33,1,3,1.2495,1.2499,23,31,6,2,1.2494,1.25,41,49,3,1,1.2493,1.2501,26,24,3,4,1.2492,1.2502,44,22,2,2,1.2491,1.2503,27,19,4,1,1.249,1.2504,25,36,2,3,1.2489,1.2505,46,34,5,6,1.2488,1.2506,45,6,5,1,1.2487,1.2507,44,42,3,3
2024-12-30T09:44:45.000000000Z,2024-12-30T09:44:45.000000000Z,10,1,29307,A,N,0,1.2496,0,0,0,1257,6BH5,1.2495,1.2497,216,248,5,7,1.2494,1.2498,32,9,2,6,1.2493,1.2499,20,33,6,1,1.2492,1.25,43,5,7,7,1.2491,1.2501,43,35,3,1,1.249,1.2502,27,47,5,4,1.2489,1.2503,30,28,6,5,1.2488,1.2504,21,49,5,7,1.2487,1.2505,24,34,4,3,1.2486,1.2506,30,45,3,4
2024-12-30T09:44:50.000000000Z,2024-12-30T09:44:50.000000000Z,10,1,29307,A,N,0,1.2496,0,0,0,1258,6BH5,1.2495,1.2497,18,28,3,1,1.2494,1.2498,11,36,5,7,1.2493,1.2499,30,46,7,7,1.2492,1.25,8,48,1,4,1.2491,1.2501,26,8,5,6,1.249,1.2502,42,45,4,1,1.2489,1.2503,17,34,3,3,1.2488,1.2504,25,25,5,5,1.2487,1.2505,48,35,6,6,1.2486,1.2506,42,22,1,6
2024-12-30T09:44:55.000000000Z,2024-12-30T09:44:55.000000000Z,10,1,29307,A,N,0,1.2496,0,0,0,1259,6BH5,1.2495,1.2497,16,25,7,6,1.2494,1.2498,21,19,7,3,1.2493,1.2499,38,32,4,1,1.2492,1.25,29,28,7,5,1.2491,1.2501,38,10,7,7,1.249,1.2502,28,29,5,6,1.2489,1.2503,22,33,3,1,1.2488,1.2504,9,10,6,4,1.2487,1.2505,41,9,6,1,1.2486,1.2506,7,14,3,2
2024-12-30T09:45:00.000000000Z,2024-12-30T09:45:00.000000000Z,10,1,29307,A,N,0,1.2496,0,0,0,1260,6BH5,1.2495,1.2497,14,10,6,7,1.2494,1.2498,38,44,5,5,1.2493,1.2499,26,16,6,3,1.2492,1.25,27,17,4,5,1.2491,1.2501,11,17,3,5,1.249,1.2502,15,43,1,6,1.2489,1.2503,28,26,3,3,1.2488,1.2504,26,19,2,4,1.2487,1.2505,40,14,1,7,1.2486,1.2506,8,42,6,4
2024-12-30T09:45:05.000000000Z,2024-12-30T09:45:05.000000000Z,10,1,29307,A,N,0,1.2496,0,0,0,1261,6BH5,1.2495,1.2497,41,43,7,2,1.2494,1.2498,30,24,7,5,1.2493,1.2499,25,9,1,6,1.2492,1.25,42,40,6,7,1.2491,1.2501,10,47,6,7,1.249,1.2502,40,43,4,2,1.2489,1.2503,28,10,6,6,1.2488,1.2504,10,24,1,5,1.2487,1.2505,15,36,5,6,1.2486,1.2506,15,24,1,6
2024-12-30T09:45:10.000000000Z,2024-12-30T09:45:10.000000000Z,10,1,29307,A,N,0,1.2497,0,0,0,1262,6BH5,1.2496,1.2498,42,8,7,6,1.2495,1.2499,9,8,7,4,1.2494,1.25,42,40,3,2,1.2493,1.2501,304,136,4,1,1.2492,1.2502,13,39,6,5,1.2491,1.2503,18,21,6,5,1.249,1.2504,35,14,5,6,1.2489,1.2505,20,21,7,3,1.2488,1.2506,13,11,6,4,1.2487,1.2507,9,11,6,6
2024-12-30T09:45:15.000000000Z,2024-12-30T09:45:15.000000000Z,10,1,29307,A,N,0,1.2497,0,0,0,1263,6BH5,1.2496,1.2498,26,39,6,4,1.2495,1.2499,7,46,7,3,1.2494,1.25,12,27,4,1,1.2493,1.2501,9,18,1,2,1.2492,1.2502,280,80,1,3,1.2491,1.2503,23,15,2,6,1.249,1.2504,15,47,4,2,1.2489,1.2505,45,41,1,1,1.2488,1.2506,5,21,3,7,1.2487,1.2507,17,24,4,4
2024-12-30T09:45:20.000000000Z,2024-12-30T09:45:20.000000000Z,10,1,29307,A,N,0,1.2497,0,0,0,1264,6BH5,1.2496,1.2498,25,44,6,7,1.2495,1.2499,21,6,2,1,1.2494,1.25,49,48,7,2,1.2493,1.2501,26,35,7,4,1.2492,1.2502,35,6,5,2,1.2491,1.2503,20,19,1,4,1.249,1.2504,16,25,4,3,1.2489,1.2505,20,14,2,4,1.2488,1.2506,34,37,2,7,1.2487,1.2507,19,10,1,5
2024-12-30T09:45:25.000000000Z,2024-12-30T09:45:25.000000000Z,10,1,29307,A,N,0,1.2498,0,0,0,1265,6BH5,1.2497,1.2499,27,38,3,4,1.2496,1.25,5,29,6,7,1.2495,1.2501,14,31,7,2,1.2494,1.2502,49,15,6,1,1.2493,1.2503,328,56,4,4,1.2492,1.2504,5,34,7,5,1.2491,1.2505,72,376,5,3,1.249,1.2506,33,40,3,2,1.2489,1.2507,15,37,5,1,1.2488,1.2508,16,5,7,7
2024-12-30T09:45:30.000000000Z,2024-12-30T09:45:30.000000000Z,10,1,29307,A,N,0,1.2498,0,0,0,1266,6BH5,1.2497,1.2499,48,44,7,6,1.2496,1.25,24,21,2,5,1.2495,1.2501,41,40,4,6,1.2494,1.2502,25,8,1,1,1.2493,1.2503,39,43,1,5,1.2492,1.2504,48,44,3,6,1.2491,1.2505,34,31,3,4,1.249,1.2506,49,12,2,3,1.2489,1.2507,33,6,6,7,1.2488,1.2508,20,10,5,1
2024-12-30T09:45:35.000000000Z,2024-12-30T09:45:35.000000000Z,10,1,29307,A,N,0,1.2497,0,0,0,1267,6BH5,1.2496,1.2498,33,12,1,6,1.2495,1.2499,10,15,2,5,1.2494,1.25,33,10,3,1,1.2493,1.2501,6,8,1,1,1.2492,1.2502,8,5,3,3,1.2491,1.2503,12,34,7,2,1.249,1.2504,6,46,3,7,1.2489,1.2505,38,7,4,1,1.2488,1.2506,16,28,3,7,1.2487,1.2507,31,22,1,3
2024-12-30T09:45:40.000000000Z,2024-12-30T09:45:40.000000000Z,10,1,29307,A,N,0,1.2497,0,0,0,1268,6BH5,1.2496,1.2498,7,6,3,6,1.2495,1.2499,34,17,6,4,1.2494,1.25,12,13,4,5,1.2493,1.2501,16,22,5,7,1.2492,1.2502,47,43,7,5,1.2491,1.2503,44,33,3,3,1.249,1.2504,43,22,4,4,1.2489,1.2505,36,25,5,3,1.2488,1.2506,27,38,4,3,1.2487,1.2507,43,41,3,6
2024-12-30T09:45:45.000000000Z,2024-12-30T09:45:45.000000000Z,10,1,29307,A,N,0,1.2497,0,0,0,1269,6BH5,1.2496,1.2498,46,35,1,6,1.2495,1.2499,15,15,4,6,1.2494,1.25,24,33,3,5,1.2493,1.2501,21,22,4,7,1.2492,1.2502,47,16,2,4,1.2491,1.2503,56,176,7,3,1.249,1.2504,13,24,2,1,1.2489,1.2505,49,30,7,2,1.2488,1.2506,17,41,3,4,1.2487,1.2507,7,18,3,2
2024-12-30T09:45:50.000000000Z,2024-12-30T09:45:50.000000000Z,10,1,29307,A,N,0,1.2498,0,0,0,1270,6BH5,1.2497,1.2499,34,11,6,2,1.2496,1.25,21,16,2,2,1.2495,1.2501,33,14,4,2,1.2494,1.2502,14,44,1,1,1.2493,1.2503,9,13,1,2,1.2492,1.2504,20,38,1,4,1.2491,1.2505,41,44,4,6,1.249,1.2506,16,31,2,4,1.2489,1.2507,48,368,2,2,1.2488,1.2508,23,30,4,4
2024-12-30T09:45:55.000000000Z,2024-12-30T09:45:55.000000000Z,10,1,29307,A,N,0,1.2499,0,0,0,1271,6BH5,1.2498,1.25,18,24,5,7,1.2497,1.2501,35,40,7,6,1.2496,1.2502,27,33,1,4,1.2495,1.2503,49,35,7,4,1.2494,1.2504,11,42,5,4,1.2493,1.2505,35,13,3,6,1.2492,1.2506,29,41,6,7,1.2491,1.2507,9,46,6,3,1.249,1.2508,34,49,6,7,1.2489,1.2509,34,42,7,3
2024-12-30T09:46:00.000000000Z,2024-12-30T09:46:00.000000000Z,10,1,29307,A,N,0,1.2499,0,0,0,1272,6BH5,1.2498,1.25,20,15,7,3,1.2497,1.2501,32,27,6,1,1.2496,1.2502,17,12,3,1,1.2495,1.2503,29,47,2,6,1.2494,1.2504,36,48,3,1,1.2493,1.2505,13,5,2,3,1.2492,1.2506,36,8,4,5,1.2491,1.2507,31,9,3,6,1.249,1.2508,48,6,3,1,1.2489,1.2509,29,30,1,3
2024-12-30T09:46:05.000000000Z,2024-12-30T09:46:05.000000000Z,10,1,29307,A,N,0,1.2498,0,0,0,1273,6BH5,1.2497,1.2499,31,17,7,1,1.2496,1.25,20,42,2,6,1.2495,1.2501,22,21,6,6,1.2494,1.2502,30,22,1,1,1.2493,1.2503,34,37,1,1,1.2492,1.2504,47,22,1,6,1.2491,1.2505,38,24,7,7,1.249,1.2506,44,38,5,2,1.2489,1.2507,48,17,7,5,1.2488,1.2508,7,36,7,3
2024-12-30T09:46:10.000000000Z,2024-12-30T09:46:10.000000000Z,10,1,29307,A,N,0,1.2497,0,0,0,1274,6BH5,1.2496,1.2498,8,37,1,4,1.2495,1.2499,25,7,5,7,1.2494,1.25,48,39,1,6,1.2493,1.2501,22,7,5,5,1.2492,1.2502,16,20,3,1,1.2491,1.2503,47,26,1,1,1.249,1.2504,7,9,6,1,1.2489,1.2505,8,26,7,6,1.2488,1.2506,9,11,4,3,1.2487,1.2507,47,16,4,2
2024-12-30T09:46:15.000000000Z,2024-12-30T09:46:15.000000000Z,10,1,29307,A,N,0,1.2498,0,0,0,1275,6BH5,1.2497,1.2499,23,25,6,1,1.2496,1.25,200,256,4,1,1.2495,1.2501,46,20,5,3,1.2494,1.2502,48,42,2,2,1.2493,1.2503,34,21,4,6,1.2492,1.2504,72,392,6,1,1.2491,1.2505,32,14,6,5,1.249,1.2506,36,16,5,2,1.2489,1.2507,45,20,1,7,1.2488,1.2508,25,38,6,1
2024-12-30T09:46:20.000000000Z,2024-12-30T09:46:20.000000000Z,10,1,29307,A,N,0,1.2499,0,0,0,1276,6BH5,1.2498,1.25,35,37,7,3,1.2497,1.2501,22,32,7,2,1.2496,1.2502,12,44,3,1,1.2495,1.2503,11,18,5,6,1.2494,1.2504,11,19,4,2,1.2493,1.2505,45,23,6,2,1.2492,1.2506,47,40,2,2,1.2491,1.2507,17,44,1,3,1.249,1.2508,42,21,3,1,1.2489,1.2509,38,7,2,1
2024-12-30T09:46:25.000000000Z,2024-12-30T09:46:25.000000000Z,10,1,29307,A,N,0,1.2499,0,0,0,1277,6BH5,1.2498,1.25,27,34,6,1,1.2497,1.2501,31,48,4,2,1.2496,1.2502,25,15,6,2,1.2495,1.2503,9,26,5,1,1.2494,1.2504,9,10,1,6,1.2493,1.2505,28,49,6,4,1.2492,1.2506,10,45,5,1,1.2491,1.2507,40,45,6,3,1.249,1.2508,46,35,3,3,1.2489,1.2509,23,23,1,6
2024-12-30T09:46:30.000000000Z,2024-12-30T09:46:30.000000000Z,10,1,29307,A,N,0,1.2499,0,0,0,1278,6BH5,1.2498,1.25,19,23,1,7,1.2497,1.2501,272,296,4,4,1.2496,1.2502,10,46,6,5,1.2495,1.2503,27,36,7,6,1.2494,1.2504,31,5,1,4,1.2493,1.2505,39,14,1,6,1.2492,1.2506,19,43,4,4,1.2491,1.2507,42,38,1,7,1.249,1.2508,6,30,4,6,1.2489,1.2509,7,33,2,3
2024-12-30T09:46:35.000000000Z,2024-12-30T09:46:35.000000000Z,10,1,29307,A,N,0,1.25,0,0,0,1279,6BH5,1.2499,1.2501,47,8,5,6,1.2498,1.2502,43,10,6,6,1.2497,1.2503,40,11,7,3,1.2496,1.2504,10,46,1,3,1.2495,1.2505,7,35,7,6,1.2494,1.2506,43,6,5,1,1.2493,1.2507,44,40,3,2,1.2492,1.2508,33,29,3,5,1.2491,1.2509,64,376,2,4,1.249,1.251,46,46,3,5
2024-12-30T09:46:40.000000000Z,2024-12-30T09:46:40.000000000Z,10,1,29307,A,N,0,1.2501,0,0,0,1280,6BH5,1.25,1.2502,8,28,4,2,1.2499,1.2503,40,12,1,4,1.2498,1.2504,44,48,2,5,1.2497,1.2505,35,33,3,2,1.2496,1.2506,19,17,4,4,1.2495,1.2507,19,25,4,6,1.2494,1.2508,49,39,7,4,1.2493,1.2509,42,19,5,1,1.2492,1.251,38,9,2,1,1.2491,1.2511,17,40,3,4
2024-12-30T09:46:45.000000000Z,2024-12-30T09:46:45.000000000Z,10,1,29307,A,N,0,1.25,0,0,0,1281,6BH5,1.2499,1.2501,7,15,3,2,1.2498,1.2502,15,11,5,1,1.2497,1.2503,11,8,7,3,1.2496,1.2504,7,33,4,4,1.2495,1.2505,39,30,6,2,1.2494,1.2506,46,13,3,1,1.2493,1.2507,49,27,4,7,1.2492,1.2508,46,40,1,2,1.2491,1.2509,11,29,3,5,1.249,1.251,10,17,2,7
2024-12-30T09:46:50.000000000Z,2024-12-30T09:46:50.000000000Z,10,1,29307,A,N,0,1.2501,0,0,0,1282,6BH5,1.25,1.2502,17,5,2,4,1.2499,1.2503,48,16,1,6,1.2498,1.2504,38,7,3,1,1.2497,1.2505,32,46,1,5,1.2496,1.2506,17,26,3,1,1.2495,1.2507,40,42,2,2,1.2494,1.2508,29,7,4,3,1.2493,1.2509,47,33,5,1,1.2492,1.251,11,36,6,2,1.2491,1.2511,38,18,1,6
2024-12-30T09:46:55.000000000Z,2024-12-30T09:46:55.000000000Z,10,1,29307,A,N,0,1.2501,0,0,0,1283,6BH5,1.25,1.2502,37,6,7,4,1.2499,1.2503,38,46,5,6,1.2498,1.2504,17,21,3,4,1.2497,1.2505,15,45,3,4,1.2496,1.2506,6,49,2,7,1.2495,1.2507,18,18,5,5,1.2494,1.2508,80,376,4,5,1.2493,1.2509,14,40,2,3,1.2492,1.251,19,13,2,4,1.2491,1.2511,45,48,6,2
2024-12-30T09:47:00.000000000Z,2024-12-30T09:47:00.000000000Z,10,1,29307,A,N,0,1.25,0,0,0,1284,6BH5,1.2499,1.2501,48,29,6,6,1.2498,1.2502,36,41,2,3,1.2497,1.2503,33,11,3,7,1.2496,1.2504,32,5,6,5,1.2495,1.2505,15,13,2,6,1.2494,1.2506,43,35,7,7,1.2493,1.2507,44,9,7,7,1.2492,1.2508,18,29,5,7,1.2491,1.2509,49,35,4,7,1.249,1.251,45,33,1,1
2024-12-30T09:47:05.000000000Z,2024-12-30T09:47:05.000000000Z,10,1,29307,A,N,0,1.25,0,0,0,1285,6BH5,1.2499,1.2501,8,24,3,6,1.2498,1.2502,18,6,5,5,1.2497,1.2503,42,45,1,6,1.2496,1.2504,16,25,4,1,1.2495,1.2505,20,16,1,1,1.2494,1.2506,11,24,4,4,1.2493,1.2507,48,17,1,5,1.2492,1.2508,12,24,4,2,1.2491,1.2509,16,49,2,6,1.249,1.251,18,41,2,6
2024-12-30T09:47:10.000000000Z,2024-12-30T09:47:10.000000000Z,10,1,29307,A,N,0,1.2499,0,0,0,1286,6BH5,1.2498,1.25,49,33,7,5,1.2497,1.2501,49,30,2,3,1.2496,1.2502,25,35,4,2,1.2495,1.2503,8,29,4,2,1.2494,1.2504,31,32,6,5,1.2493,1.2505,14,48,6,1,1.2492,1.2506,30,7,2,3,1.2491,1.2507,30,41,1,4,1.249,1.2508,42,24,2,7,1.2489,1.2509,29,5,6,5
2024-12-30T09:47:15.000000000Z,2024-12-30T09:47:15.000000000Z,10,1,29307,A,N,0,1.2498,0,0,0,1287,6BH5,1.2497,1.2499,24,30,1,4,1.2496,1.25,104,392,4,1,1.2495,1.2501,38,28,5,5,1.2494,1.2502,37,37,5,6,1.2493,1.2503,17,22,3,6,1.2492,1.2504,6,29,2,4,1.2491,1.2505,24,18,2,4,1.249,1.2506,32,6,1,4,1.2489,1.2507,38,31,3,4,1.2488,1.2508,36,45,7,6
2024-12-30T09:47:20.000000000Z,2024-12-30T09:47:20.000000000Z,10,1,29307,A,N,0,1.2498,0,0,0,1288,6BH5,1.2497,1.2499,12,5,2,3,1.2496,1.25,20,37,3,4,1.2495,1.2501,15,10,6,4,1.2494,1.2502,27,35,4,3,1.2493,1.2503,5,7,5,3,1.2492,1.2504,17,46,5,6,1.2491,1.2505,45,38,7,3,1.249,1.2506,38,8,7,2,1.2489,1.2507,14,18,3,6,1.2488,1.2508,39,6,5,2
2024-12-30T09:47:25.000000000Z,2024-12-30T09:47:25.000000000Z,10,1,29307,A,N,0,1.2498,0,0,0,1289,6BH5,1.2497,1.2499,33,10,4,1,1.2496,1.25,30,33,3,6,1.2495,1.2501,26,37,2,7,1.2494,1.2502,32,27,1,4,1.2493,1.2503,17,40,7,2,1.2492,1.2504,37,26,2,2,1.2491,1.2505,34,26,3,6,1.249,1.2506,264,112,2,6,1.2489,1.2507,43,17,2,3,1.2488,1.2508,5,32,6,3
2024-12-30T09:47:30.000000000Z,2024-12-30T09:47:30.000000000Z,10,1,29307,A,N,0,1.2498,0,0,0,1290,6BH5,1.2497,1.2499,9,22,4,4,1.2496,1.25,45,38,2,2,1.2495,1.2501,18,43,1,6,1.2494,1.2502,31,34,6,4,1.2493,1.2503,37,45,1,1,1.2492,1.2504,9,9,7,4,1.2491,1.2505,10,30,5,3,1.249,1.2506,18,24,2,4,1.2489,1.2507,10,6,6,1,1.2488,1.2508,37,48,5,5
2024-12-30T09:47:35.000000000Z,2024-12-30T09:47:35.000000000Z,10,1,29307,A,N,0,1.2498,0,0,0,1291,6BH5,1.2497,1.2499,49,38,1,2,1.2496,1.25,26,29,4,5,1.2495,1.2501,41,14,1,3,1.2494,1.2502,40,5,6,3,1.2493,1.2503,45,9,3,7,1.2492,1.2504,7,12,3,1,1.2491,1.2505,19,17,6,1,1.249,1.2506,38,34,1,6,1.2489,1.2507,41,21,4,6,1.2488,1.2508,26,40,2,4
2024-12-30T09:47:40.000000000Z,2024-12-30T09:47:40.000000000Z,10,1,29307,A,N,0,1.2497,0,0,0,1292,6BH5,1.2496,1.2498,27,39,2,2,1.2495,1.2499,6,18,3,6,1.2494,1.25,36,14,5,6,1.2493,1.2501,47,23,3,3,1.2492,1.2502,42,26,4,3,1.2491,1.2503,34,34,7,2,1.249,1.2504,14,47,3,6,1.2489,1.2505,39,39,1,7,1.2488,1.2506,176,240,4,2,1.2487,1.2507,22,47,2,6
2024-12-30T09:47:45.000000000Z,2024-12-30T09:47:45.000000000Z,10,1,29307,A,N,0,1.2498,0,0,0,1293,6BH5,1.2497,1.2499,33,45,4,4,1.2496,1.25,27,16,6,5,1.2495,1.2501,40,46,6,4,1.2494,1.2502,39,11,2,6,1.2493,1.2503,12,34,2,5,1.2492,1.2504,29,17,7,1,1.2491,1.2505,44,11,6,5,1.249,1.2506,376,352,3,7,1.2489,1.2507,20,29,5,2,1.2488,1.2508,24,45,4,2
2024-12-30T09:47:50.000000000Z,2024-12-30T09:47:50.000000000Z,10,1,29307,A,N,0,1.2498,0,0,0,1294,6BH5,1.2497,1.2499,44,35,6,5,1.2496,1.25,45,23,2,5,1.2495,1.2501,264,368,6,5,1.2494,1.2502,40,30,5,5,1.2493,1.2503,7,9,1,3,1.2492,1.2504,17,5,3,7,1.2491,1.2505,39,34,6,2,1.249,1.2506,24,39,7,1,1.2489,1.2507,10,14,5,1,1.2488,1.2508,20,36,6,4
2024-12-30T09:47:55.000000000Z,2024-12-30T09:47:55.000000000Z,10,1,29307,A,N,0,1.2498,0,0,0,1295,6BH5,1.2497,1.2499,18,25,4,7,1.2496,1.25,25,46,1,2,1.2495,1.2501,46,27,1,4,1.2494,1.2502,26,29,4,2,1.2493,1.2503,18,24,6,5,1.2492,1.2504,144,344,1,2,1.2491,1.2505,7,16,3,7,1.249,1.2506,26,39,7,7,1.2489,1.2507,41,26,1,4,1.2488,1.2508,25,13,4,3
2024-12-30T09:48:00.000000000Z,2024-12-30T09:48:00.000000000Z,10,1,29307,A,N,0,1.2499,0,0,0,1296,6BH5,1.2498,1.25,13,31,4,3,1.2497,1.2501,36,45,3,1,1.2496,1.2502,40,17,1,2,1.2495,1.2503,37,39,6,5,1.2494,1.2504,37,34,2,6,1.2493,1.2505,24,13,1,2,1.2492,1.2506,20,45,5,4,1.2491,1.2507,18,17,3,3,1.249,1.2508,38,20,4,3,1.2489,1.2509,7,31,3,7
2024-12-30T09:48:05.000000000Z,2024-12-30T09:48:05.000000000Z,10,1,29307,A,N,0,1.2499,0,0,0,1297,6BH5,1.2498,1.25,25,26,5,1,1.2497,1.2501,27,17,4,3,1.2496,1.2502,19,16,2,1,1.2495,1.2503,47,39,6,6,1.2494,1.2504,16,7,2,4,1.2493,1.2505,49,13,7,6,1.2492,1.2506,36,44,2,4,1.2491,1.2507,17,38,5,6,1.249,1.2508,28,12,2,1,1.2489,1.2509,30,24,4,7
2024-12-30T09:48:10.000000000Z,2024-12-30T09:48:10.000000000Z,10,1,29307,A,N,0,1.2499,0,0,0,1298,6BH5,1.2498,1.25,28,24,5,4,1.2497,1.2501,29,25,2,5,1.2496,1.2502,48,13,3,1,1.2495,1.2503,37,6,2,7,1.2494,1.2504,39,33,1,5,1.2493,1.2505,39,44,4,7,1.2492,1.2506,27,7,5,4,1.2491,1.2507,360,120,2,7,1.249,1.2508,36,9,7,5,1.2489,1.2509,27,32,3,6
2024-12-30T09:48:15.000000000Z,2024-12-30T09:48:15.000000000Z,10,1,29307,A,N,0,1.2499,0,0,0,1299,6BH5,1.2498,1.25,19,17,7,2,1.2497,1.2501,24,29,5,1,1.2496,1.2502,31,49,4,4,1.2495,1.2503,48,23,3,2,1.2494,1.2504,41,47,2,2,1.2493,1.2505,17,29,3,7,1.2492,1.2506,22,44,7,3,1.2491,1.2507,31,41,4,1,1.249,1.2508,10,48,5,1,1.2489,1.2509,176,384,7,5
2024-12-30T09:48:20.000000000Z,2024-12-30T09:48:20.000000000Z,10,1,29307,A,N,0,1.25,0,0,0,1300,6BH5,1.2499,1.2501,27,39,5,5,1.2498,1.2502,42,6,3,7,1.2497,1.2503,34,37,7,2,1.2496,1.2504,43,30,2,4,1.2495,1.2505,35,19,5,6,1.2494,1.2506,15,37,4,3,1.2493,1.2507,34,34,6,6,1.2492,1.2508,35,14,1,5,1.2491,1.2509,41,19,2,4,1.249,1.251,8,14,4,3
2024-12-30T09:48:25.000000000Z,2024-12-30T09:48:25.000000000Z,10,1,29307,A,N,0,1.2501,0,0,0,1301,6BH5,1.25,1.2502,35,40,5,4,1.2499,1.2503,38,9,6,3,1.2498,1.2504,28,15,5,2,1.2497,1.2505,248,40,2,4,1.2496,1.2506,25,29,6,2,1.2495,1.2507,5,37,1,7,1.2494,1.2508,49,45,6,6,1.2493,1.2509,47,7,3,2,1.2492,1.251,33,16,2,1,1.2491,1.2511,34,46,2,7
2024-12-30T09:48:30.000000000Z,2024-12-30T09:48:30.000000000Z,10,1,29307,A,N,0,1.25,0,0,0,1302,6BH5,1.2499,1.2501,8,8,6,2,1.2498,1.2502,46,7,4,6,1.2497,1.2503,6,13,5,5,1.2496,1.2504,35,25,1,4,1.2495,1.2505,47,31,4,3,1.2494,1.2506,20,7,7,4,1.2493,1.2507,34,33,7,7,1.2492,1.2508,15,23,6,3,1.2491,1.2509,104,232,1,6,1.249,1.251,5,34,1,5
2024-12-30T09:48:35.000000000Z,2024-12-30T09:48:35.000000000Z,10,1,29307,A,N,0,1.25,0,0,0,1303,6BH5,1.2499,1.2501,7,39,2,4,1.2498,1.2502,21,30,7,6,1.2497,1.2503,15,37,6,6,1.2496,1.2504,39,5,4,2,1.2495,1.2505,42,41,7,7,1.2494,1.2506,14,37,3,3,1.2493,1.2507,42,34,2,7,1.2492,1.2508,23,44,5,7,1.2491,1.2509,29,30,5,5,1.249,1.251,28,44,1,6
2024-12-30T09:48:40.000000000Z,2024-12-30T09:48:40.000000000Z,10,1,29307,A,N,0,1.2499,0,0,0,1304,6BH5,1.2498,1.25,256,360,7,1,1.2497,1.2501,26,29,2,1,1.2496,1.2502,46,6,7,4,1.2495,1.2503,41,41,1,2,1.2494,1.2504,38,20,1,7,1.2493,1.2505,43,35,2,4,1.2492,1.2506,9,32,1,7,1.2491,1.2507,19,9,5,7,1.249,1.2508,39,25,5,6,1.2489,1.2509,22,21,6,1
2024-12-30T09:48:45.000000000Z,2024-12-30T09:48:45.000000000Z,10,1,29307,A,N,0,1.25,0,0,0,1305,6BH5,1.2499,1.2501,21,26,1,3,1.2498,1.2502,272,304,5,4,1.2497,1.2503,44,46,3,7,1.2496,1.2504,12,34,2,5,1.2495,1.2505,35,6,1,7,1.2494,1.2506,33,34,4,2,1.2493,1.2507,38,38,5,7,1.2492,1.2508,11,18,4,5,1.2491,1.2509,37,30,2,6,1.249,1.251,42,20,4,7
2024-12-30T09:48:50.000000000Z,2024-12-30T09:48:50.000000000Z,10,1,29307,A,N,0,1.25,0,0,0,1306,6BH5,1.2499,1.2501,48,24,1,2,1.2498,1.2502,22,46,2,7,1.2497,1.2503,6,20,5,7,1.2496,1.2504,26,26,7,6,1.2495,1.2505,40,17,4,7,1.2494,1.2506,15,22,6,1,1.2493,1.2507,7,12,1,2,1.2492,1.2508,41,9,7,5,1.2491,1.2509,43,7,2,7,1.249,1.251,22,9,6,6
2024-12-30T09:48:55.000000000Z,2024-12-30T09:48:55.000000000Z,10,1,29307,A,N,0,1.2501,0,0,0,1307,6BH5,1.25,1.2502,26,26,6,6,1.2499,1.2503,49,37,7,2,1.2498,1.2504,34,38,5,1,1.2497,1.2505,39,40,6,5,1.2496,1.2506,27,18,1,7,1.2495,1.2507,24,47,6,7,1.2494,1.2508,21,18,2,5,1.2493,1.2509,11,13,4,3,1.2492,1.251,19,13,1,4,1.2491,1.2511,49,17,7,5
2024-12-30T09:49:00.000000000Z,2024-12-30T09:49:00.000000000Z,10,1,29307,A,N,0,1.2501,0,0,0,1308,6BH5,1.25,1.2502,9,11,6,5,1.2499,1.2503,36,47,3,7,1.2498,1.2504,42,12,3,5,1.2497,1.2505,44,14,6,1,1.2496,1.2506,26,35,6,2,1.2495,1.2507,31,19,3,3,1.2494,1.2508,19,8,1,1,1.2493,1.2509,9,22,1,7,1.2492,1.251,8,23,7,3,1.2491,1.2511,33,12,5,7
2024-12-30T09:49:05.000000000Z,2024-12-30T09:49:05.000000000Z,10,1,29307,A,N,0,1.2501,0,0,0,1309,6BH5,1.25,1.2502,22,28,2,7,1.2499,1.2503,36,43,1,4,1.2498,1.2504,31,26,6,7,1.2497,1.2505,45,37,2,2,1.2496,1.2506,31,17,7,7,1.2495,1.2507,49,20,7,2,1.2494,1.2508,13,32,6,3,1.2493,1.2509,18,27,2,7,1.2492,1.251,33,37,4,6,1.2491,1.2511,5,18,7,7
2024-12-30T09:49:10.000000000Z,2024-12-30T09:49:10.000000000Z,10,1,29307,A,N,0,1.2502,0,0,0,1310,6BH5,1.2501,1.2503,13,39,7,4,1.25,1.2504,6,19,2,5,1.2499,1.2505,34,18,5,4,1.2498,1.2506,11,21,6,6,1.2497,1.2507,26,44,5,6,1.2496,1.2508,13,24,6,3,1.2495,1.2509,40,23,4,5,1.2494,1.251,45,42,3,6,1.2493,1.2511,49,29,1,7,1.2492,1.2512,33,35,2,7
2024-12-30T09:49:15.000000000Z,2024-12-30T09:49:15.000000000Z,10,1,29307,A,N,0,1.2503,0,0,0,1311,6BH5,1.2502,1.2504,38,41,1,1,1.2501,1.2505,8,26,5,6,1.25,1.2506,38,25,3,2,1.2499,1.2507,47,49,2,5,1.2498,1.2508,7,49,6,1,1.2497,1.2509,6,16,7,6,1.2496,1.251,20,7,3,6,1.2495,1.2511,37,31,7,6,1.2494,1.2512,35,19,3,4,1.2493,1.2513,49,38,6,1
2024-12-30T09:49:20.000000000Z,2024-12-30T09:49:20.000000000Z,10,1,29307,A,N,0,1.2502,0,0,0,1312,6BH5,1.2501,1.2503,9,33,6,2,1.25,1.2504,37,49,6,4,1.2499,1.2505,112,288,1,4,1.2498,1.2506,39,36,7,6,1.2497,1.2507,14,38,1,2,1.2496,1.2508,17,34,1,6,1.2495,1.2509,11,34,6,7,1.2494,1.251,37,46,6,1,1.2493,1.2511,28,10,1,7,1.2492,1.2512,31,14,6,1
2024-12-30T09:49:25.000000000Z,2024-12-30T09:49:25.000000000Z,10,1,29307,A,N,0,1.2502,0,0,0,1313,6BH5,1.2501,1.2503,272,104,6,2,1.25,1.2504,38,39,3,4,1.2499,1.2505,45,23,2,2,1.2498,1.2506,16,44,2,5,1.2497,1.2507,42,20,5,5,1.2496,1.2508,30,25,5,4,1.2495,1.2509,12,37,6,2,1.2494,1.251,10,10,6,1,1.2493,1.2511,39,9,6,1,1.2492,1.2512,22,13,1,5
2024-12-30T09:49:30.000000000Z,2024-12-30T09:49:30.000000000Z,10,1,29307,A,N,0,1.2502,0,0,0,1314,6BH5,1.2501,1.2503,47,12,5,5,1.25,1.2504,45,48,3,6,1.2499,1.2505,35,32,5,4,1.2498,1.2506,13,26,1,5,1.2497,1.2507,43,34,7,6,1.2496,1.2508,22,36,6,6,1.2495,1.2509,19,41,2,1,1.2494,1.251,11,23,5,5,1.2493,1.2511,8,35,7,5,1.2492,1.2512,40,12,2,3
2024-12-30T09:49:35.000000000Z,2024-12-30T09:49:35.000000000Z,10,1,29307,A,N,0,1.2502,0,0,0,1315,6BH5,1.2501,1.2503,49,46,6,4,1.25,1.2504,32,12,4,5,1.2499,1.2505,17,6,6,1,1.2498,1.2506,20,13,7,2,1.2497,1.2507,47,33,6,7,1.2496,1.2508,26,38,7,4,1.2495,1.2509,47,22,6,1,1.2494,1.251,36,40,1,6,1.2493,1.2511,13,27,5,4,1.2492,1.2512,25,48,4,2
2024-12-30T09:49:40.000000000Z,2024-12-30T09:49:40.000000000Z,10,1,29307,A,N,0,1.2502,0,0,0,1316,6BH5,1.2501,1.2503,26,9,3,2,1.25,1.2504,38,46,4,2,1.2499,1.2505,45,11,4,7,1.2498,1.2506,19,49,5,3,1.2497,1.2507,30,11,2,2,1.2496,1.2508,7,42,5,7,1.2495,1.2509,8,9,7,6,1.2494,1.251,42,40,4,1,1.2493,1.2511,18,43,2,2,1.2492,1.2512,24,40,4,7
2024-12-30T09:49:45.000000000Z,2024-12-30T09:49:45.000000000Z,10,1,29307,A,N,0,1.2502,0,0,0,1317,6BH5,1.2501,1.2503,25,42,6,3,1.25,1.2504,272,192,4,4,1.2499,1.2505,27,8,6,7,1.2498,1.2506,9,36,2,5,1.2497,1.2507,29,21,5,3,1.2496,1.2508,25,40,3,7,1.2495,1.2509,8,37,7,3,1.2494,1.251,30,41,6,3,1.2493,1.2511,45,17,6,1,1.2492,1.2512,160,192,5,6
2024-12-30T09:49:50.000000000Z,2024-12-30T09:49:50.000000000Z,10,1,29307,A,N,0,1.2502,0,0,0,1318,6BH5,1.2501,1.2503,376,248,2,6,1.25,1.2504,41,7,3,7,1.2499,1.2505,27,6,7,2,1.2498,1.2506,21,15,7,2,1.2497,1.2507,35,10,6,5,1.2496,1.2508,33,8,6,5,1.2495,1.2509,29,49,5,4,1.2494,1.251,16,35,7,1,1.2493,1.2511,33,29,7,1,1.2492,1.2512,48,46,3,2
2024-12-30T09:49:55.000000000Z,2024-12-30T09:49:55.000000000Z,10,1,29307,A,N,0,1.2501,0,0,0,1319,6BH5,1.25,1.2502,14,40,4,4,1.2499,1.2503,24,22,1,5,1.2498,1.2504,38,26,5,1,1.2497,1.2505,39,40,1,4,1.2496,1.2506,12,35,5,4,1.2495,1.2507,29,49,5,3,1.2494,1.2508,26,10,1,4,1.2493,1.2509,19,8,1,2,1.2492,1.251,352,208,6,3,1.2491,1.2511,42,34,3,4
2024-12-30T09:50:00.000000000Z,2024-12-30T09:50:00.000000000Z,10,1,29307,A,N,0,1.2501,0,0,0,1320,6BH5,1.25,1.2502,41,49,7,4,1.2499,1.2503,41,21,2,3,1.2498,1.2504,45,34,1,4,1.2497,1.2505,8,28,3,1,1.2496,1.2506,47,44,5,2,1.2495,1.2507,38,25,1,5,1.2494,1.2508,28,9,1,1,1.2493,1.2509,13,47,6,2,1.2492,1.251,24,19,7,4,1.2491,1.2511,26,44,1,3
2024-12-30T09:50:05.000000000Z,2024-12-30T09:50:05.000000000Z,10,1,29307,A,N,0,1.25,0,0,0,1321,6BH5,1.2499,1.2501,13,6,5,1,1.2498,1.2502,8,44,2,7,1.2497,1.2503,288,248,6,6,1.2496,1.2504,5,15,7,1,1.2495,1.2505,31,14,5,4,1.2494,1.2506,312,152,3,3,1.2493,1.2507,20,15,4,4,1.2492,1.2508,27,14,2,7,1.2491,1.2509,23,10,1,7,1.249,1.251,40,16,4,6
2024-12-30T09:50:10.000000000Z,2024-12-30T09:50:10.000000000Z,10,1,29307,A,N,0,1.2499,0,0,0,1322,6BH5,1.2498,1.25,44,10,2,3,1.2497,1.2501,31,37,5,1,1.2496,1.2502,31,43,5,3,1.2495,1.2503,46,12,6,6,1.2494,1.2504,19,42,4,3,1.2493,1.2505,22,40,7,4,1.2492,1.2506,34,23,4,1,1.2491,1.2507,16,16,4,3,1.249,1.2508,34,48,7,4,1.2489,1.2509,33,45,6,5
2024-12-30T09:50:15.000000000Z,2024-12-30T09:50:15.000000000Z,10,1,29307,A,N,0,1.25,0,0,0,1323,6BH5,1.2499,1.2501,5,25,7,3,1.2498,1.2502,44,12,6,7,1.2497,1.2503,10,33,2,1,1.2496,1.2504,31,46,7,3,1.2495,1.2505,38,11,3,5,1.2494,1.2506,25,25,3,5,1.2493,1.2507,35,8,3,7,1.2492,1.2508,42,22,1,3,1.2491,1.2509,36,15,7,2,1.249,1.251,42,24,2,3
2024-12-30T09:50:20.000000000Z,2024-12-30T09:50:20.000000000Z,10,1,29307,A,N,0,1.2499,0,0,0,1324,6BH5,1.2498,1.25,21,28,6,5,1.2497,1.2501,27,39,2,7,1.2496,1.2502,29,40,7,5,1.2495,1.2503,47,27,1,3,1.2494,1.2504,29,26,7,1,1.2493,1.2505,16,43,4,4,1.2492,1.2506,12,12,5,1,1.2491,1.2507,22,48,5,4,1.249,1.2508,38,38,5,4,1.2489,1.2509,30,16,3,5
2024-12-30T09:50:25.000000000Z,2024-12-30T09:50:25.000000000Z,10,1,29307,A,N,0,1.2499,0,0,0,1325,6BH5,1.2498,1.25,15,13,2,6,1.2497,1.2501,12,25,2,6,1.2496,1.2502,10,25,4,5,1.2495,1.2503,40,22,5,3,1.2494,1.2504,16,24,3,7,1.2493,1.2505,23,16,4,1,1.2492,1.2506,20,8,6,7,1.2491,1.2507,10,11,2,4,1.249,1.2508,13,41,1,6,1.2489,1.2509,35,6,6,3
2024-12-30T09:50:30.000000000Z,2024-12-30T09:50:30.000000000Z,10,1,29307,A,N,0,1.2499,0,0,0,1326,6BH5,1.2498,1.25,17,25,7,4,1.2497,1.2501,5,39,2,5,1.2496,1.2502,7,7,3,2,1.2495,1.2503,48,38,6,7,1.2494,1.2504,23,47,6,6,1.2493,1.2505,24,18,1,4,1.2492,1.2506,16,48,4,7,1.2491,1.2507,31,28,3,6,1.249,1.2508,37,41,1,2,1.2489,1.2509,288,128,2,2
2024-12-30T09:50:35.000000000Z,2024-12-30T09:50:35.000000000Z,10,1,29307,A,N,0,1.2499,0,0,0,1327,6BH5,1.2498,1.25,27,39,1,1,1.2497,1.2501,8,25,4,7,1.2496,1.2502,19,8,4,4,1.2495,1.2503,9,23,6,6,1.2494,1.2504,13,7,2,7,1.2493,1.2505,14,36,5,5,1.2492,1.2506,48,112,3,5,1.2491,1.2507,25,16,4,4,1.249,1.2508,22,31,7,3,1.2489,1.2509,26,21,4,5
2024-12-30T09:50:40.000000000Z,2024-12-30T09:50:40.000000000Z,10,1,29307,A,N,0,1.2499,0,0,0,1328,6BH5,1.2498,1.25,9,26,1,5,1.2497,1.2501,48,48,4,1,1.2496,1.2502,46,44,7,3,1.2495,1.2503,17,17,3,6,1.2494,1.2504,44,37,1,1,1.2493,1.2505,48,28,2,5,1.2492,1.2506,18,33,7,1,1.2491,1.2507,32,14,7,7,1.249,1.2508,20,14,5,2,1.2489,1.2509,32,28,2,4
2024-12-30T09:50:45.000000000Z,2024-12-30T09:50:45.000000000Z,10,1,29307,A,N,0,1.2499,0,0,0,1329,6BH5,1.2498,1.25,33,6,6,7,1.2497,1.2501,34,13,3,6,1.2496,1.2502,5,17,6,3,1.2495,1.2503,14,35,1,7,1.2494,1.2504,256,280,5,7,1.2493,1.2505,49,48,5,1,1.2492,1.2506,20,16,6,2,1.2491,1.2507,29,23,7,2,1.249,1.2508,28,43,5,1,1.2489,1.2509,30,28,5,6
2024-12-30T09:50:50.000000000Z,2024-12-30T09:50:50.000000000Z,10,1,29307,A,N,0,1.2498,0,0,0,1330,6BH5,1.2497,1.2499,20,40,5,5,1.2496,1.25,21,45,5,6,1.2495,1.2501,37,49,7,2,1.2494,1.2502,46,43,6,1,1.2493,1.2503,11,19,5,5,1.2492,1.2504,49,13,6,4,1.2491,1.2505,11,42,2,7,1.249,1.2506,49,21,3,3,1.2489,1.2507,16,17,6,4,1.2488,1.2508,30,44,5,4
2024-12-30T09:50:55.000000000Z,2024-12-30T09:50:55.000000000Z,10,1,29307,A,N,0,1.2499,0,0,0,1331,6BH5,1.2498,1.25,42,20,2,2,1.2497,1.2501,19,15,4,1,1.2496,1.2502,13,45,7,4,1.2495,1.2503,32,37,1,6,1.2494,1.2504,15,31,5,2,1.2493,1.2505,376,240,2,6,1.2492,1.2506,17,5,3,7,1.2491,1.2507,16,9,6,2,1.249,1.2508,43,25,5,2,1.2489,1.2509,11,22,3,3
2024-12-30T09:51:00.000000000Z,2024-12-30T09:51:00.000000000Z,10,1,29307,A,N,0,1.25,0,0,0,1332,6BH5,1.2499,1.2501,45,14,1,1,1.2498,1.2502,20,28,5,3,1.2497,1.2503,38,43,4,7,1.2496,1.2504,39,14,6,6,1.2495,1.2505,28,45,7,6,1.2494,1.2506,46,8,1,6,1.2493,1.2507,15,49,6,3,1.2492,1.2508,27,13,3,2,1.2491,1.2509,28,31,3,5,1.249,1.251,15,11,1,2
2024-12-30T09:51:05.000000000Z,2024-12-30T09:51:05.000000000Z,10,1,29307,A,N,0,1.2499,0,0,0,1333,6BH5,1.2498,1.25,16,8,5,2,1.2497,1.2501,22,27,2,4,1.2496,1.2502,46,49,3,2,1.2495,1.2503,360,104,7,5,1.2494,1.2504,14,31,3,6,1.2493,1.2505,15,30,5,6,1.2492,1.2506,5,10,5,3,1.2491,1.2507,37,18,3,6,1.249,1.2508,46,25,2,5,1.2489,1.2509,24,30,7,3
2024-12-30T09:51:10.000000000Z,2024-12-30T09:51:10.000000000Z,10,1,29307,A,N,0,1.2499,0,0,0,1334,6BH5,1.2498,1.25,30,45,5,2,1.2497,1.2501,184,328,4,5,1.2496,1.2502,43,47,4,4,1.2495,1.2503,35,19,1,7,1.2494,1.2504,10,34,1,2,1.2493,1.2505,48,6,7,7,1.2492,1.2506,49,16,3,7,1.2491,1.2507,45,10,7,1,1.249,1.2508,20,44,3,7,1.2489,1.2509,20,43,5,2
2024-12-30T09:51:15.000000000Z,2024-12-30T09:51:15.000000000Z,10,1,29307,A,N,0,1.2499,0,0,0,1335,6BH5,1.2498,1.25,34,37,3,4,1.2497,1.2501,17,12,2,5,1.2496,1.2502,15,42,3,7,1.2495,1.2503,44,37,5,1,1.2494,1.2504,11,19,7,1,1.2493,1.2505,43,32,4,6,1.2492,1.2506,28,8,7,2,1.2491,1.2507,19,41,2,7,1.249,1.2508,32,9,7,1,1.2489,1.2509,23,12,7,6
2024-12-30T09:51:20.000000000Z,2024-12-30T09:51:20.000000000Z,10,1,29307,A,N,0,1.2498,0,0,0,1336,6BH5,1.2497,1.2499,41,10,2,4,1.2496,1.25,14,49,3,4,1.2495,1.2501,13,10,4,6,1.2494,1.2502,12,45,5,6,1.2493,1.2503,24,44,2,1,1.2492,1.2504,8,14,1,3,1.2491,1.2505,27,40,1,1,1.249,1.2506,96,240,6,3,1.2489,1.2507,7,34,2,1,1.2488,1.2508,34,20,1,2
2024-12-30T09:51:25.000000000Z,2024-12-30T09:51:25.000000000Z,10,1,29307,A,N,0,1.2498,0,0,0,1337,6BH5,1.2497,1.2499,28,18,5,5,1.2496,1.25,21,10,7,6,1.2495,1.2501,36,46,3,5,1.2494,1.2502,20,15,7,1,1.2493,1.2503,6,32,7,6,1.2492,1.2504,5,22,4,5,1.2491,1.2505,24,39,2,2,1.249,1.2506,29,23,3,1,1.2489,1.2507,48,32,1,2,1.2488,1.2508,36,28,3,4
2024-12-30T09:51:30.000000000Z,2024-12-30T09:51:30.000000000Z,10,1,29307,A,N,0,1.2498,0,0,0,1338,6BH5,1.2497,1.2499,15,24,4,2,1.2496,1.25,8,25,2,6,1.2495,1.2501,240,360,7,3,1.2494,1.2502,26,14,5,4,1.2493,1.2503,20,36,3,7,1.2492,1.2504,8,27,3,4,1.2491,1.2505,37,14,4,3,1.249,1.2506,49,42,7,5,1.2489,1.2507,28,14,6,4,1.2488,1.2508,48,14,1,6
2024-12-30T09:51:35.000000000Z,2024-12-30T09:51:35.000000000Z,10,1,29307,A,N,0,1.2497,0,0,0,1339,6BH5,1.2496,1.2498,18,28,7,2,1.2495,1.2499,24,33,2,2,1.2494,1.25,12,29,2,5,1.2493,1.2501,12,46,6,5,1.2492,1.2502,41,28,2,2,1.2491,1.2503,45,46,6,4,1.249,1.2504,19,27,7,6,1.2489,1.2505,43,7,3,7,1.2488,1.2506,31,5,6,4,1.2487,1.2507,7,6,4,7
2024-12-30T09:51:40.000000000Z,2024-12-30T09:51:40.000000000Z,10,1,29307,A,N,0,1.2498,0,0,0,1340,6BH5,1.2497,1.2499,24,40,3,4,1.2496,1.25,25,47,4,5,1.2495,1.2501,16,14,5,7,1.2494,1.2502,32,16,7,2,1.2493,1.2503,39,48,5,1,1.2492,1.2504,33,30,1,3,1.2491,1.2505,47,30,1,3,1.249,1.2506,12,29,4,5,1.2489,1.2507,47,33,3,2,1.2488,1.2508,27,42,4,1
2024-12-30T09:51:45.000000000Z,2024-12-30T09:51:45.000000000Z,10,1,29307,A,N,0,1.2498,0,0,0,1341,6BH5,1.2497,1.2499,48,24,1,7,1.2496,1.25,17,6,1,2,1.2495,1.2501,42,6,6,1,1.2494,1.2502,31,40,3,6,1.2493,1.2503,12,25,2,1,1.2492,1.2504,21,10,6,3,1.2491,1.2505,30,9,4,1,1.249,1.2506,392,208,5,7,1.2489,1.2507,14,22,7,3,1.2488,1.2508,30,46,4,2
2024-12-30T09:51:50.000000000Z,2024-12-30T09:51:50.000000000Z,10,1,29307,A,N,0,1.2498,0,0,0,1342,6BH5,1.2497,1.2499,24,42,3,2,1.2496,1.25,21,48,5,4,1.2495,1.2501,32,31,6,4,1.2494,1.2502,7,7,7,1,1.2493,1.2503,16,30,5,2,1.2492,1.2504,48,15,3,5,1.2491,1.2505,32,34,3,6,1.249,1.2506,49,43,3,3,1.2489,1.2507,48,15,7,6,1.2488,1.2508,152,80,6,3
2024-12-30T09:51:55.000000000Z,2024-12-30T09:51:55.000000000Z,10,1,29307,A,N,0,1.2499,0,0,0,1343,6BH5,1.2498,1.25,168,256,1,2,1.2497,1.2501,20,40,1,4,1.2496,1.2502,44,37,2,5,1.2495,1.2503,41,9,6,2,1.2494,1.2504,28,21,1,5,1.2493,1.2505,44,6,1,6,1.2492,1.2506,23,37,5,5,1.2491,1.2507,43,17,2,2,1.249,1.2508,32,17,4,7,1.2489,1.2509,13,7,6,7
2024-12-30T09:52:00.000000000Z,2024-12-30T09:52:00.000000000Z,10,1,29307,A,N,0,1.2498,0,0,0,1344,6BH5,1.2497,1.2499,21,49,3,7,1.2496,1.25,36,44,3,2,1.2495,1.2501,45,21,3,1,1.2494,1.2502,33,19,5,5,1.2493,1.2503,48,16,2,4,1.2492,1.2504,33,20,3,7,1.2491,1.2505,6,48,4,7,1.249,1.2506,9,6,5,4,1.2489,1.2507,40,10,1,2,1.2488,1.2508,43,18,4,7
2024-12-30T09:52:05.000000000Z,2024-12-30T09:52:05.000000000Z,10,1,29307,A,N,0,1.2498,0,0,0,1345,6BH5,1.2497,1.2499,17,37,6,5,1.2496,1.25,49,13,7,2,1.2495,1.2501,48,44,1,5,1.2494,1.2502,17,39,4,6,1.2493,1.2503,37,9,6,5,1.2492,1.2504,30,23,4,1,1.2491,1.2505,22,45,3,6,1.249,1.2506,9,28,5,5,1.2489,1.2507,31,36,6,1,1.2488,1.2508,8,15,2,5
2024-12-30T09:52:10.000000000Z,2024-12-30T09:52:10.000000000Z,10,1,29307,A,N,0,1.2498,0,0,0,1346,6BH5,1.2497,1.2499,41,17,1,2,1.2496,1.25,31,16,4,3,1.2495,1.2501,31,49,3,5,1.2494,1.2502,9,47,6,1,1.2493,1.2503,24,27,3,4,1.2492,1.2504,9,47,2,6,1.2491,1.2505,19,22,1,7,1.249,1.2506,41,45,6,3,1.2489,1.2507,23,20,4,1,1.2488,1.2508,34,31,2,2
2024-12-30T09:52:15.000000000Z,2024-12-30T09:52:15.000000000Z,10,1,29307,A,N,0,1.2498,0,0,0,1347,6BH5,1.2497,1.2499,13,20,3,1,1.2496,1.25,39,24,3,7,1.2495,1.2501,24,9,4,5,1.2494,1.2502,27,11,1,1,1.2493,1.2503,16,46,1,4,1.2492,1.2504,47,22,6,7,1.2491,1.2505,48,13,5,6,1.249,1.2506,17,24,5,4,1.2489,1.2507,29,49,2,4,1.2488,1.2508,44,31,7,3
2024-12-30T09:52:20.000000000Z,2024-12-30T09:52:20.000000000Z,10,1,29307,A,N,0,1.2498,0,0,0,1348,6BH5,1.2497,1.2499,44,22,5,7,1.2496,1.25,48,12,5,5,1.2495,1.2501,49,34,7,4,1.2494,1.2502,45,31,7,7,1.2493,1.2503,17,19,6,5,1.2492,1.2504,232,128,1,1,1.2491,1.2505,41,13,5,7,1.249,1.2506,45,35,4,5,1.2489,1.2507,21,15,5,4,1.2488,1.2508,5,5,6,5
2024-12-30T09:52:25.000000000Z,2024-12-30T09:52:25.000000000Z,10,1,29307,A,N,0,1.2497,0,0,0,1349,6BH5,1.2496,1.2498,45,5,5,1,1.2495,1.2499,47,30,4,5,1.2494,1.25,8,46,2,2,1.2493,1.2501,24,34,2,6,1.2492,1.2502,5,7,7,3,1.2491,1.2503,26,48,3,6,1.249,1.2504,45,20,3,2,1.2489,1.2505,16,22,2,4,1.2488,1.2506,38,43,3,3,1.2487,1.2507,35,35,2,4
2024-12-30T09:52:30.000000000Z,2024-12-30T09:52:30.000000000Z,10,1,29307,A,N,0,1.2496,0,0,0,1350,6BH5,1.2495,1.2497,36,24,3,1,1.2494,1.2498,17,24,3,4,1.2493,1.2499,30,39,1,2,1.2492,1.25,28,13,5,7,1.2491,1.2501,38,49,3,1,1.249,1.2502,32,20,2,2,1.2489,1.2503,22,49,7,5,1.2488,1.2504,33,7,7,2,1.2487,1.2505,31,40,6,4,1.2486,1.2506,7,44,3,4
2024-12-30T09:52:35.000000000Z,2024-12-30T09:52:35.000000000Z,10,1,29307,A,N,0,1.2495,0,0,0,1351,6BH5,1.2494,1.2496,10,27,4,6,1.2493,1.2497,25,49,5,6,1.2492,1.2498,18,22,2,2,1.2491,1.2499,6,47,4,2,1.249,1.25,6,48,1,1,1.2489,1.2501,9,25,2,4,1.2488,1.2502,8,21,4,5,1.2487,1.2503,37,26,2,3,1.2486,1.2504,29,14,4,7,1.2485,1.2505,36,28,3,2
2024-12-30T09:52:40.000000000Z,2024-12-30T09:52:40.000000000Z,10,1,29307,A,N,0,1.2496,0,0,0,1352,6BH5,1.2495,1.2497,32,15,1,6,1.2494,1.2498,23,46,6,5,1.2493,1.2499,29,13,2,4,1.2492,1.25,36,45,3,1,1.2491,1.2501,28,5,4,2,1.249,1.2502,37,42,6,1,1.2489,1.2503,49,16,6,1,1.2488,1.2504,21,20,3,5,1.2487,1.2505,45,15,4,2,1.2486,1.2506,11,8,3,6
2024-12-30T09:52:45.000000000Z,2024-12-30T09:52:45.000000000Z,10,1,29307,A,N,0,1.2495,0,0,0,1353,6BH5,1.2494,1.2496,27,29,4,5,1.2493,1.2497,28,22,5,7,1.2492,1.2498,19,35,2,4,1.2491,1.2499,48,23,2,2,1.249,1.25,42,28,7,2,1.2489,1.2501,6,47,1,5,1.2488,1.2502,5,46,7,1,1.2487,1.2503,37,47,5,5,1.2486,1.2504,32,38,7,1,1.2485,1.2505,14,6,4,1
2024-12-30T09:52:50.000000000Z,2024-12-30T09:52:50.000000000Z,10,1,29307,A,N,0,1.2494,0,0,0,1354,6BH5,1.2493,1.2495,44,48,5,7,1.2492,1.2496,5,29,1,5,1.2491,1.2497,10,16,6,7,1.249,1.2498,9,6,3,1,1.2489,1.2499,16,49,1,1,1.2488,1.25,43,13,1,7,1.2487,1.2501,40,14,7,2,1.2486,1.2502,24,9,4,2,1.2485,1.2503,20,19,1,7,1.2484,1.2504,34,6,3,3
2024-12-30T09:52:55.000000000Z,2024-12-30T09:52:55.000000000Z,10,1,29307,A,N,0,1.2495,0,0,0,1355,6BH5,1.2494,1.2496,7,44,7,5,1.2493,1.2497,35,16,3,4,1.2492,1.2498,37,11,3,2,1.2491,1.2499,38,37,3,1,1.249,1.25,80,208,6,7,1.2489,1.2501,46,46,7,7,1.2488,1.2502,32,49,3,7,1.2487,1.2503,7,20,7,5,1.2486,1.2504,48,17,7,3,1.2485,1.2505,30,6,7,2
2024-12-30T09:53:00.000000000Z,2024-12-30T09:53:00.000000000Z,10,1,29307,A,N,0,1.2495,0,0,0,1356,6BH5,1.2494,1.2496,15,41,7,3,1.2493,1.2497,12,40,2,5,1.2492,1.2498,192,264,7,7,1.2491,1.2499,14,6,4,6,1.249,1.25,21,7,3,5,1.2489,1.2501,28,33,2,1,1.2488,1.2502,14,28,5,6,1.2487,1.2503,48,13,7,7,1.2486,1.2504,34,21,7,6,1.2485,1.2505,6,33,1,6
2024-12-30T09:53:05.000000000Z,2024-12-30T09:53:05.000000000Z,10,1,29307,A,N,0,1.2495,0,0,0,1357,6BH5,1.2494,1.2496,5,14,4,7,1.2493,1.2497,28,12,4,4,1.2492,1.2498,12,33,3,5,1.2491,1.2499,35,9,1,4,1.249,1.25,19,12,4,7,1.2489,1.2501,9,14,4,7,1.2488,1.2502,36,28,4,5,1.2487,1.2503,19,15,1,2,1.2486,1.2504,41,40,1,4,1.2485,1.2505,38,49,4,4
2024-12-30T09:53:10.000000000Z,2024-12-30T09:53:10.000000000Z,10,1,29307,A,N,0,1.2494,0,0,0,1358,6BH5,1.2493,1.2495,7,21,7,2,1.2492,1.2496,18,36,1,2,1.2491,1.2497,35,20,4,1,1.249,1.2498,30,34,1,3,1.2489,1.2499,14,42,3,2,1.2488,1.25,42,46,2,6,1.2487,1.2501,8,29,5,7,1.2486,1.2502,32,42,1,4,1.2485,1.2503,35,26,4,1,1.2484,1.2504,39,17,7,5
2024-12-30T09:53:15.000000000Z,2024-12-30T09:53:15.000000000Z,10,1,29307,A,N,0,1.2494,0,0,0,1359,6BH5,1.2493,1.2495,38,42,1,6,1.2492,1.2496,21,26,5,1,1.2491,1.2497,45,6,1,5,1.249,1.2498,44,5,1,6,1.2489,1.2499,44,21,5,5,1.2488,1.25,44,33,3,4,1.2487,1.2501,47,35,7,2,1.2486,1.2502,39,33,1,1,1.2485,1.2503,34,23,2,1,1.2484,1.2504,30,46,6,5
2024-12-30T09:53:20.000000000Z,2024-12-30T09:53:20.000000000Z,10,1,29307,A,N,0,1.2493,0,0,0,1360,6BH5,1.2492,1.2494,32,24,2,7,1.2491,1.2495,25,12,2,2,1.249,1.2496,16,47,5,2,1.2489,1.2497,96,368,5,6,1.2488,1.2498,8,37,7,2,1.2487,1.2499,11,36,1,1,1.2486,1.25,30,41,2,1,1.2485,1.2501,13,49,7,1,1.2484,1.2502,22,15,3,1,1.2483,1.2503,23,16,3,4
2024-12-30T09:53:25.000000000Z,2024-12-30T09:53:25.000000000Z,10,1,29307,A,N,0,1.2493,0,0,0,1361,6BH5,1.2492,1.2494,26,16,1,6,1.2491,1.2495,19,8,7,7,1.249,1.2496,30,7,7,7,1.2489,1.2497,21,36,2,2,1.2488,1.2498,16,43,3,4,1.2487,1.2499,6,8,7,6,1.2486,1.25,27,12,2,4,1.2485,1.2501,15,49,7,1,1.2484,1.2502,47,19,7,4,1.2483,1.2503,24,28,2,4
2024-12-30T09:53:30.000000000Z,2024-12-30T09:53:30.000000000Z,10,1,29307,A,N,0,1.2494,0,0,0,1362,6BH5,1.2493,1.2495,16,7,4,4,1.2492,1.2496,384,152,6,7,1.2491,1.2497,25,22,6,1,1.249,1.2498,22,15,7,1,1.2489,1.2499,28,41,7,5,1.2488,1.25,46,32,3,2,1.2487,1.2501,21,14,5,1,1.2486,1.2502,27,23,2,3,1.2485,1.2503,10,7,5,6,1.2484,1.2504,47,46,6,2
2024-12-30T09:53:35.000000000Z,2024-12-30T09:53:35.000000000Z,10,1,29307,A,N,0,1.2494,0,0,0,1363,6BH5,1.2493,1.2495,28,44,7,4,1.2492,1.2496,38,48,5,2,1.2491,1.2497,23,44,6,3,1.249,1.2498,39,22,4,3,1.2489,1.2499,7,27,2,5,1.2488,1.25,32,38,1,2,1.2487,1.2501,128,392,4,5,1.2486,1.2502,25,24,2,1,1.2485,1.2503,38,18,2,1,1.2484,1.2504,39,19,7,3
2024-12-30T09:53:40.000000000Z,2024-12-30T09:53:40.000000000Z,10,1,29307,A,N,0,1.2493,0,0,0,1364,6BH5,1.2492,1.2494,23,30,4,5,1.2491,1.2495,9,13,6,6,1.249,1.2496,11,38,3,7,1.2489,1.2497,36,25,1,3,1.2488,1.2498,8,38,1,4,1.2487,1.2499,28,33,6,3,1.2486,1.25,26,39,4,5,1.2485,1.2501,13,26,2,2,1.2484,1.2502,384,216,5,3,1.2483,1.2503,39,26,3,7
2024-12-30T09:53:45.000000000Z,2024-12-30T09:53:45.000000000Z,10,1,29307,A,N,0,1.2493,0,0,0,1365,6BH5,1.2492,1.2494,5,47,2,2,1.2491,1.2495,33,37,1,2,1.249,1.2496,40,6,7,5,1.2489,1.2497,10,25,2,2,1.2488,1.2498,22,10,6,2,1.2487,1.2499,19,49,3,4,1.2486,1.25,18,36,3,2,1.2485,1.2501,14,5,2,1,1.2484,1.2502,5,30,5,2,1.2483,1.2503,272,128,4,4
2024-12-30T09:53:50.000000000Z,2024-12-30T09:53:50.000000000Z,10,1,29307,A,N,0,1.2493,0,0,0,1366,6BH5,1.2492,1.2494,29,12,4,5,1.2491,1.2495,16,36,4,3,1.249,1.2496,272,328,5,7,1.2489,1.2497,44,33,6,6,1.2488,1.2498,14,35,1,2,1.2487,1.2499,40,17,6,6,1.2486,1.25,37,5,3,5,1.2485,1.2501,16,37,1,3,1.2484,1.2502,17,15,6,3,1.2483,1.2503,8,48,2,2
2024-12-30T09:53:55.000000000Z,2024-12-30T09:53:55.000000000Z,10,1,29307,A,N,0,1.2493,0,0,0,1367,6BH5,1.2492,1.2494,47,9,3,5,1.2491,1.2495,15,19,1,1,1.249,1.2496,30,18,7,7,1.2489,1.2497,31,39,3,5,1.2488,1.2498,26,34,2,7,1.2487,1.2499,37,44,2,1,1.2486,1.25,21,29,5,2,1.2485,1.2501,32,23,1,2,1.2484,1.2502,34,11,5,4,1.2483,1.2503,36,16,5,6
2024-12-30T09:54:00.000000000Z,2024-12-30T09:54:00.000000000Z,10,1,29307,A,N,0,1.2493,0,0,0,1368,6BH5,1.2492,1.2494,43,31,4,2,1.2491,1.2495,45,9,5,7,1.249,1.2496,30,12,7,5,1.2489,1.2497,32,18,3,5,1.2488,1.2498,16,47,1,2,1.2487,1.2499,88,168,7,3,1.2486,1.25,11,29,6,2,1.2485,1.2501,15,15,7,3,1.2484,1.2502,19,7,6,5,1.2483,1.2503,384,88,3,5
2024-12-30T09:54:05.000000000Z,2024-12-30T09:54:05.000000000Z,10,1,29307,A,N,0,1.2493,0,0,0,1369,6BH5,1.2492,1.2494,24,5,6,1,1.2491,1.2495,35,21,1,1,1.249,1.2496,32,30,4,7,1.2489,1.2497,240,72,3,6,1.2488,1.2498,10,49,6,6,1.2487,1.2499,36,33,3,4,1.2486,1.25,9,36,5,5,1.2485,1.2501,8,48,1,3,1.2484,1.2502,15,12,3,4,1.2483,1.2503,26,7,3,3
2024-12-30T09:54:10.000000000Z,2024-12-30T09:54:10.000000000Z,10,1,29307,A,N,0,1.2493,0,0,0,1370,6BH5,1.2492,1.2494,31,15,1,1,1.2491,1.2495,20,25,2,1,1.249,1.2496,49,21,7,6,1.2489,1.2497,30,30,6,2,1.2488,1.2498,344,184,5,2,1.2487,1.2499,31,19,7,4,1.2486,1.25,104,168,3,2,1.2485,1.2501,9,17,5,3,1.2484,1.2502,12,14,4,5,1.2483,1.2503,6,45,4,5
2024-12-30T09:54:15.000000000Z,2024-12-30T09:54:15.000000000Z,10,1,29307,A,N,0,1.2494,0,0,0,1371,6BH5,1.2493,1.2495,37,29,5,4,1.2492,1.2496,22,27,4,3,1.2491,1.2497,47,47,2,2,1.249,1.2498,46,17,7,1,1.2489,1.2499,16,9,7,6,1.2488,1.25,11,48,6,1,1.2487,1.2501,10,34,4,2,1.2486,1.2502,64,136,1,4,1.2485,1.2503,33,18,5,1,1.2484,1.2504,11,19,2,1
2024-12-30T09:54:20.000000000Z,2024-12-30T09:54:20.000000000Z,10,1,29307,A,N,0,1.2495,0,0,0,1372,6BH5,1.2494,1.2496,28,19,5,1,1.2493,1.2497,28,27,1,2,1.2492,1.2498,208,304,4,1,1.2491,1.2499,41,34,3,2,1.249,1.25,6,32,4,7,1.2489,1.2501,39,12,4,2,1.2488,1.2502,12,30,5,7,1.2487,1.2503,37,22,2,7,1.2486,1.2504,37,25,7,4,1.2485,1.2505,8,47,2,2
2024-12-30T09:54:25.000000000Z,2024-12-30T09:54:25.000000000Z,10,1,29307,A,N,0,1.2494,0,0,0,1373,6BH5,1.2493,1.2495,34,14,4,5,1.2492,1.2496,27,41,2,1,1.2491,1.2497,28,46,2,6,1.249,1.2498,21,32,5,1,1.2489,1.2499,5,24,7,4,1.2488,1.25,25,30,5,5,1.2487,1.2501,49,44,2,1,1.2486,1.2502,38,16,4,2,1.2485,1.2503,14,30,1,2,1.2484,1.2504,15,21,3,7
2024-12-30T09:54:30.000000000Z,2024-12-30T09:54:30.000000000Z,10,1,29307,A,N,0,1.2495,0,0,0,1374,6BH5,1.2494,1.2496,40,35,6,5,1.2493,1.2497,5,7,4,3,1.2492,1.2498,12,29,2,4,1.2491,1.2499,18,9,2,2,1.249,1.25,25,19,7,1,1.2489,1.2501,31,20,6,1,1.2488,1.2502,33,21,7,6,1.2487,1.2503,42,33,6,1,1.2486,1.2504,21,47,7,7,1.2485,1.2505,20,17,5,7
2024-12-30T09:54:35.000000000Z,2024-12-30T09:54:35.000000000Z,10,1,29307,A,N,0,1.2494,0,0,0,1375,6BH5,1.2493,1.2495,7,47,4,7,1.2492,1.2496,24,32,2,3,1.2491,1.2497,25,11,3,1,1.249,1.2498,37,40,1,6,1.2489,1.2499,42,38,1,5,1.2488,1.25,16,16,2,6,1.2487,1.2501,17,35,2,1,1.2486,1.2502,46,15,1,5,1.2485,1.2503,224,384,4,4,1.2484,1.2504,35,32,6,6
2024-12-30T09:54:40.000000000Z,2024-12-30T09:54:40.000000000Z,10,1,29307,A,N,0,1.2495,0,0,0,1376,6BH5,1.2494,1.2496,360,304,2,5,1.2493,1.2497,40,40,5,4,1.2492,1.2498,23,26,6,3,1.2491,1.2499,22,36,1,2,1.249,1.25,20,33,7,1,1.2489,1.2501,44,49,3,2,1.2488,1.2502,26,32,6,3,1.2487,1.2503,30,48,1,6,1.2486,1.2504,112,88,6,1,1.2485,1.2505,25,33,1,7
2024-12-30T09:54:45.000000000Z,2024-12-30T09:54:45.000000000Z,10,1,29307,A,N,0,1.2494,0,0,0,1377,6BH5,1.2493,1.2495,25,38,5,6,1.2492,1.2496,48,7,7,5,1.2491,1.2497,34,43,2,4,1.249,1.2498,13,43,3,1,1.2489,1.2499,42,8,4,2,1.2488,1.25,20,5,4,4,1.2487,1.2501,26,33,3,6,1.2486,1.2502,22,45,2,4,1.2485,1.2503,20,36,2,1,1.2484,1.2504,49,23,2,7
2024-12-30T09:54:50.000000000Z,2024-12-30T09:54:50.000000000Z,10,1,29307,A,N,0,1.2494,0,0,0,1378,6BH5,1.2493,1.2495,17,39,5,2,1.2492,1.2496,39,49,4,5,1.2491,1.2497,29,5,4,3,1.249,1.2498,23,23,7,2,1.2489,1.2499,28,26,1,5,1.2488,1.25,376,112,3,1,1.2487,1.2501,11,35,5,4,1.2486,1.2502,88,160,1,4,1.2485,1.2503,40,13,3,1,1.2484,1.2504,44,19,5,2
2024-12-30T09:54:55.000000000Z,2024-12-30T09:54:55.000000000Z,10,1,29307,A,N,0,1.2495,0,0,0,1379,6BH5,1.2494,1.2496,33,11,7,6,1.2493,1.2497,28,24,7,2,1.2492,1.2498,47,12,5,3,1.2491,1.2499,43,5,7,5,1.249,1.25,21,37,3,4,1.2489,1.2501,47,30,1,7,1.2488,1.2502,20,28,5,6,1.2487,1.2503,21,17,6,1,1.2486,1.2504,25,34,5,5,1.2485,1.2505,35,8,2,6
2024-12-30T09:55:00.000000000Z,2024-12-30T09:55:00.000000000Z,10,1,29307,A,N,0,1.2494,0,0,0,1380,6BH5,1.2493,1.2495,11,19,3,2,1.2492,1.2496,7,39,4,4,1.2491,1.2497,17,48,1,2,1.249,1.2498,21,23,7,3,1.2489,1.2499,33,34,2,7,1.2488,1.25,12,8,4,4,1.2487,1.2501,200,352,1,2,1.2486,1.2502,24,43,3,3,1.2485,1.2503,10,22,1,1,1.2484,1.2504,30,12,2,1
2024-12-30T09:55:05.000000000Z,2024-12-30T09:55:05.000000000Z,10,1,29307,A,N,0,1.2495,0,0,0,1381,6BH5,1.2494,1.2496,360,80,3,2,1.2493,1.2497,40,16,7,1,1.2492,1.2498,21,22,1,3,1.2491,1.2499,48,43,6,3,1.249,1.25,21,28,2,3,1.2489,1.2501,312,248,1,5,1.2488,1.2502,27,37,2,3,1.2487,1.2503,46,34,7,7,1.2486,1.2504,22,35,2,3,1.2485,1.2505,15,28,1,4
2024-12-30T09:55:10.000000000Z,2024-12-30T09:55:10.000000000Z,10,1,29307,A,N,0,1.2495,0,0,0,1382,6BH5,1.2494,1.2496,48,29,7,4,1.2493,1.2497,30,19,7,3,1.2492,1.2498,25,25,7,1,1.2491,1.2499,41,22,2,6,1.249,1.25,33,33,6,6,1.2489,1.2501,36,17,6,5,1.2488,1.2502,33,16,1,7,1.2487,1.2503,30,47,4,3,1.2486,1.2504,8,49,1,2,1.2485,1.2505,22,23,2,7
2024-12-30T09:55:15.000000000Z,2024-12-30T09:55:15.000000000Z,10,1,29307,A,N,0,1.2495,0,0,0,1383,6BH5,1.2494,1.2496,27,25,2,5,1.2493,1.2497,45,17,1,1,1.2492,1.2498,37,32,5,6,1.2491,1.2499,40,47,6,5,1.249,1.25,9,49,3,1,1.2489,1.2501,5,8,2,4,1.2488,1.2502,48,49,6,7,1.2487,1.2503,9,13,5,6,1.2486,1.2504,33,22,6,2,1.2485,1.2505,13,25,1,1
2024-12-30T09:55:20.000000000Z,2024-12-30T09:55:20.000000000Z,10,1,29307,A,N,0,1.2495,0,0,0,1384,6BH5,1.2494,1.2496,18,43,5,7,1.2493,1.2497,11,28,3,2,1.2492,1.2498,6,20,4,2,1.2491,1.2499,19,29,4,2,1.249,1.25,27,41,1,2,1.2489,1.2501,5,43,3,1,1.2488,1.2502,19,47,6,2,1.2487,1.2503,12,29,6,2,1.2486,1.2504,33,9,3,3,1.2485,1.2505,37,39,2,6
2024-12-30T09:55:25.000000000Z,2024-12-30T09:55:25.000000000Z,10,1,29307,A,N,0,1.2496,0,0,0,1385,6BH5,1.2495,1.2497,12,42,7,3,1.2494,1.2498,9,46,6,4,1.2493,1.2499,24,47,4,4,1.2492,1.25,48,21,4,3,1.2491,1.2501,9,32,5,6,1.249,1.2502,18,12,6,3,1.2489,1.2503,30,46,6,1,1.2488,1.2504,23,23,6,4,1.2487,1.2505,9,42,6,7,1.2486,1.2506,49,41,1,1
2024-12-30T09:55:30.000000000Z,2024-12-30T09:55:30.000000000Z,10,1,29307,A,N,0,1.2495,0,0,0,1386,6BH5,1.2494,1.2496,32,11,5,5,1.2493,1.2497,384,184,3,4,1.2492,1.2498,28,45,5,5,1.2491,1.2499,11,23,4,4,1.249,1.25,8,38,7,6,1.2489,1.2501,37,16,2,3,1.2488,1.2502,21,22,3,5,1.2487,1.2503,9,29,6,3,1.2486,1.2504,20,36,5,4,1.2485,1.2505,20,28,6,5
2024-12-30T09:55:35.000000000Z,2024-12-30T09:55:35.000000000Z,10,1,29307,A,N,0,1.2495,0,0,0,1387,6BH5,1.2494,1.2496,29,31,2,2,1.2493,1.2497,10,29,4,7,1.2492,1.2498,21,36,5,7,1.2491,1.2499,24,7,1,5,1.249,1.25,20,8,3,4,1.2489,1.2501,46,38,2,2,1.2488,1.2502,41,6,6,2,1.2487,1.2503,22,49,5,3,1.2486,1.2504,14,33,2,5,1.2485,1.2505,13,14,4,7
2024-12-30T09:55:40.000000000Z,2024-12-30T09:55:40.000000000Z,10,1,29307,A,N,0,1.2496,0,0,0,1388,6BH5,1.2495,1.2497,13,43,6,1,1.2494,1.2498,20,40,6,6,1.2493,1.2499,32,24,6,5,1.2492,1.25,41,23,1,6,1.2491,1.2501,33,28,3,3,1.249,1.2502,21,21,3,4,1.2489,1.2503,27,20,2,6,1.2488,1.2504,34,40,6,5,1.2487,1.2505,32,11,6,3,1.2486,1.2506,47,30,5,6
2024-12-30T09:55:45.000000000Z,2024-12-30T09:55:45.000000000Z,10,1,29307,A,N,0,1.2497,0,0,0,1389,6BH5,1.2496,1.2498,21,23,3,5,1.2495,1.2499,42,21,1,5,1.2494,1.25,43,48,1,7,1.2493,1.2501,15,37,5,4,1.2492,1.2502,33,20,6,1,1.2491,1.2503,28,41,5,2,1.249,1.2504,15,21,3,6,1.2489,1.2505,14,5,1,7,1.2488,1.2506,31,29,2,7,1.2487,1.2507,12,37,6,5
2024-12-30T09:55:50.000000000Z,2024-12-30T09:55:50.000000000Z,10,1,29307,A,N,0,1.2498,0,0,0,1390,6BH5,1.2497,1.2499,31,46,4,1,1.2496,1.25,46,15,1,5,1.2495,1.2501,37,18,5,4,1.2494,1.2502,12,22,5,7,1.2493,1.2503,7,26,6,3,1.2492,1.2504,38,39,7,4,1.2491,1.2505,30,5,3,2,1.249,1.2506,38,31,3,6,1.2489,1.2507,43,20,3,2,1.2488,1.2508,56,256,7,4
2024-12-30T09:55:55.000000000Z,2024-12-30T09:55:55.000000000Z,10,1,29307,A,N,0,1.2498,0,0,0,1391,6BH5,1.2497,1.2499,27,22,5,6,1.2496,1.25,5,31,6,1,1.2495,1.2501,8,29,7,2,1.2494,1.2502,6,41,4,2,1.2493,1.2503,19,29,2,4,1.2492,1.2504,18,24,2,5,1.2491,1.2505,30,41,6,5,1.249,1.2506,28,12,1,5,1.2489,1.2507,44,21,1,2,1.2488,1.2508,9,19,2,7
2024-12-30T09:56:00.000000000Z,2024-12-30T09:56:00.000000000Z,10,1,29307,A,N,0,1.2499,0,0,0,1392,6BH5,1.2498,1.25,47,22,6,2,1.2497,1.2501,72,192,6,4,1.2496,1.2502,14,43,6,5,1.2495,1.2503,30,49,6,1,1.2494,1.2504,152,392,5,2,1.2493,1.2505,37,40,3,1,1.2492,1.2506,17,36,3,7,1.2491,1.2507,48,27,3,6,1.249,1.2508,12,9,4,1,1.2489,1.2509,19,13,2,5
2024-12-30T09:56:05.000000000Z,2024-12-30T09:56:05.000000000Z,10,1,29307,A,N,0,1.25,0,0,0,1393,6BH5,1.2499,1.2501,46,18,3,3,1.2498,1.2502,248,208,6,2,1.2497,1.2503,28,34,1,7,1.2496,1.2504,12,9,2,3,1.2495,1.2505,280,232,2,4,1.2494,1.2506,47,7,2,2,1.2493,1.2507,42,44,7,3,1.2492,1.2508,39,27,4,6,1.2491,1.2509,43,49,4,2,1.249,1.251,30,13,3,7
2024-12-30T09:56:10.000000000Z,2024-12-30T09:56:10.000000000Z,10,1,29307,A,N,0,1.2501,0,0,0,1394,6BH5,1.25,1.2502,28,43,7,5,1.2499,1.2503,33,38,4,5,1.2498,1.2504,34,24,3,5,1.2497,1.2505,10,49,2,7,1.2496,1.2506,33,8,3,2,1.2495,1.2507,12,39,4,1,1.2494,1.2508,34,21,4,1,1.2493,1.2509,33,41,5,5,1.2492,1.251,43,18,3,3,1.2491,1.2511,41,49,5,2
2024-12-30T09:56:15.000000000Z,2024-12-30T09:56:15.000000000Z,10,1,29307,A,N,0,1.25,0,0,0,1395,6BH5,1.2499,1.2501,17,42,1,3,1.2498,1.2502,19,37,6,2,1.2497,1.2503,20,15,5,5,1.2496,1.2504,35,32,2,5,1.2495,1.2505,22,8,7,7,1.2494,1.2506,15,39,3,7,1.2493,1.2507,22,30,7,6,1.2492,1.2508,21,14,6,7,1.2491,1.2509,30,45,4,5,1.249,1.251,38,42,1,2
2024-12-30T09:56:20.000000000Z,2024-12-30T09:56:20.000000000Z,10,1,29307,A,N,0,1.25,0,0,0,1396,6BH5,1.2499,1.2501,14,8,6,7,1.2498,1.2502,30,42,4,5,1.2497,1.2503,14,39,1,1,1.2496,1.2504,19,7,3,3,1.2495,1.2505,26,11,2,4,1.2494,1.2506,23,34,2,3,1.2493,1.2507,38,20,3,1,1.2492,1.2508,16,26,4,5,1.2491,1.2509,43,40,6,6,1.249,1.251,23,34,1,2
2024-12-30T09:56:25.000000000Z,2024-12-30T09:56:25.000000000Z,10,1,29307,A,N,0,1.25,0,0,0,1397,6BH5,1.2499,1.2501,47,28,4,2,1.2498,1.2502,30,26,3,4,1.2497,1.2503,7,32,2,2,1.2496,1.2504,30,44,7,7,1.2495,1.2505,16,26,4,3,1.2494,1.2506,10,11,6,2,1.2493,1.2507,19,13,7,4,1.2492,1.2508,48,15,3,5,1.2491,1.2509,26,47,2,3,1.249,1.251,12,28,5,3
2024-12-30T09:56:30.000000000Z,2024-12-30T09:56:30.000000000Z,10,1,29307,A,N,0,1.25,0,0,0,1398,6BH5,1.2499,1.2501,47,18,6,3,1.2498,1.2502,17,28,5,3,1.2497,1.2503,35,33,6,1,1.2496,1.2504,9,28,3,1,1.2495,1.2505,18,38,5,4,1.2494,1.2506,33,13,4,1,1.2493,1.2507,35,49,2,7,1.2492,1.2508,39,19,7,5,1.2491,1.2509,29,24,6,4,1.249,1.251,34,18,1,5
2024-12-30T09:56:35.000000000Z,2024-12-30T09:56:35.000000000Z,10,1,29307,A,N,0,1.25,0,0,0,1399,6BH5,1.2499,1.2501,9,19,7,3,1.2498,1.2502,48,43,1,4,1.2497,1.2503,45,39,1,1,1.2496,1.2504,46,8,5,4,1.2495,1.2505,42,43,7,6,1.2494,1.2506,45,20,6,6,1.2493,1.2507,22,8,5,7,1.2492,1.2508,21,38,3,6,1.2491,1.2509,5,22,7,4,1.249,1.251,39,13,1,2
2024-12-30T09:56:40.000000000Z,2024-12-30T09:56:40.000000000Z,10,1,29307,A,N,0,1.2499,0,0,0,1400,6BH5,1.2498,1.25,43,23,3,5,1.2497,1.2501,30,8,2,1,1.2496,1.2502,5,17,2,1,1.2495,1.2503,47,13,7,3,1.2494,1.2504,152,392,2,2,1.2493,1.2505,30,37,1,3,1.2492,1.2506,34,47,4,3,1.2491,1.2507,208,192,5,5,1.249,1.2508,6,38,6,2,1.2489,1.2509,6,47,1,1
2024-12-30T09:56:45.000000000Z,2024-12-30T09:56:45.000000000Z,10,1,29307,A,N,0,1.2499,0,0,0,1401,6BH5,1.2498,1.25,19,30,1,7,1.2497,1.2501,14,42,5,4,1.2496,1.2502,28,38,4,4,1.2495,1.2503,33,21,7,1,1.2494,1.2504,46,41,6,7,1.2493,1.2505,6,45,2,2,1.2492,1.2506,45,41,2,2,1.2491,1.2507,168,144,2,2,1.249,1.2508,46,19,6,6,1.2489,1.2509,31,12,7,1
2024-12-30T09:56:50.000000000Z,2024-12-30T09:56:50.000000000Z,10,1,29307,A,N,0,1.2498,0,0,0,1402,6BH5,1.2497,1.2499,9,9,1,2,1.2496,1.25,28,13,3,3,1.2495,1.2501,13,9,2,3,1.2494,1.2502,13,17,5,3,1.2493,1.2503,8,48,1,7,1.2492,1.2504,31,44,3,7,1.2491,1.2505,33,40,5,2,1.249,1.2506,27,44,7,5,1.2489,1.2507,33,49,5,3,1.2488,1.2508,30,19,6,1
2024-12-30T09:56:55.000000000Z,2024-12-30T09:56:55.000000000Z,10,1,29307,A,N,0,1.2497,0,0,0,1403,6BH5,1.2496,1.2498,48,304,1,1,1.2495,1.2499,6,46,4,4,1.2494,1.25,43,24,5,3,1.2493,1.2501,36,42,7,2,1.2492,1.2502,33,31,7,7,1.2491,1.2503,38,21,4,7,1.249,1.2504,43,25,7,7,1.2489,1.2505,47,47,6,7,1.2488,1.2506,30,24,4,1,1.2487,1.2507,30,34,5,6
2024-12-30T09:57:00.000000000Z,2024-12-30T09:57:00.000000000Z,10,1,29307,A,N,0,1.2497,0,0,0,1404,6BH5,1.2496,1.2498,47,26,3,1,1.2495,1.2499,29,10,6,5,1.2494,1.25,25,39,6,6,1.2493,1.2501,8,48,2,1,1.2492,1.2502,23,26,5,1,1.2491,1.2503,23,29,5,5,1.249,1.2504,16,36,2,2,1.2489,1.2505,32,29,6,3,1.2488,1.2506,18,5,1,5,1.2487,1.2507,39,25,6,5
2024-12-30T09:57:05.000000000Z,2024-12-30T09:57:05.000000000Z,10,1,29307,A,N,0,1.2498,0,0,0,1405,6BH5,1.2497,1.2499,22,41,4,7,1.2496,1.25,16,25,6,1,1.2495,1.2501,32,8,4,6,1.2494,1.2502,31,20,4,4,1.2493,1.2503,19,23,2,2,1.2492,1.2504,32,27,7,3,1.2491,1.2505,49,43,7,7,1.249,1.2506,28,49,4,1,1.2489,1.2507,5,42,3,5,1.2488,1.2508,32,10,6,6
2024-12-30T09:57:10.000000000Z,2024-12-30T09:57:10.000000000Z,10,1,29307,A,N,0,1.2498,0,0,0,1406,6BH5,1.2497,1.2499,37,21,5,4,1.2496,1.25,39,38,7,6,1.2495,1.2501,6,35,4,7,1.2494,1.2502,24,18,3,4,1.2493,1.2503,37,30,2,7,1.2492,1.2504,31,9,3,3,1.2491,1.2505,20,44,2,4,1.249,1.2506,18,21,5,4,1.2489,1.2507,46,24,6,4,1.2488,1.2508,45,5,4,6
2024-12-30T09:57:15.000000000Z,2024-12-30T09:57:15.000000000Z,10,1,29307,A,N,0,1.2497,0,0,0,1407,6BH5,1.2496,1.2498,12,6,6,1,1.2495,1.2499,18,48,3,1,1.2494,1.25,15,24,1,7,1.2493,1.2501,27,13,4,5,1.2492,1.2502,46,19,4,5,1.2491,1.2503,37,34,4,5,1.249,1.2504,42,28,1,3,1.2489,1.2505,25,47,3,6,1.2488,1.2506,31,5,6,7,1.2487,1.2507,8,38,5,6
2024-12-30T09:57:20.000000000Z,2024-12-30T09:57:20.000000000Z,10,1,29307,A,N,0,1.2496,0,0,0,1408,6BH5,1.2495,1.2497,32,43,1,3,1.2494,1.2498,38,31,4,6,1.2493,1.2499,37,43,1,6,1.2492,1.25,35,38,4,6,1.2491,1.2501,12,45,3,6,1.249,1.2502,10,37,5,2,1.2489,1.2503,36,11,2,4,1.2488,1.2504,35,35,2,4,1.2487,1.2505,264,272,1,7,1.2486,1.2506,44,8,2,1
2024-12-30T09:57:25.000000000Z,2024-12-30T09:57:25.000000000Z,10,1,29307,A,N,0,1.2496,0,0,0,1409,6BH5,1.2495,1.2497,37,41,7,2,1.2494,1.2498,32,42,4,2,1.2493,1.2499,40,23,4,5,1.2492,1.25,11,24,2,1,1.2491,1.2501,22,38,6,2,1.249,1.2502,7,12,1,3,1.2489,1.2503,28,35,5,1,1.2488,1.2504,34,19,7,2,1.2487,1.2505,23,39,4,5,1.2486,1.2506,19,20,7,4
2024-12-30T09:57:30.000000000Z,2024-12-30T09:57:30.000000000Z,10,1,29307,A,N,0,1.2497,0,0,0,1410,6BH5,1.2496,1.2498,41,28,5,4,1.2495,1.2499,33,14,2,4,1.2494,1.25,14,24,4,3,1.2493,1.2501,42,14,3,1,1.2492,1.2502,44,16,6,5,1.2491,1.2503,7,28,6,2,1.249,1.2504,56,40,3,5,1.2489,1.2505,37,17,7,2,1.2488,1.2506,17,5,1,4,1.2487,1.2507,43,37,7,2
2024-12-30T09:57:35.000000000Z,2024-12-30T09:57:35.000000000Z,10,1,29307,A,N,0,1.2497,0,0,0,1411,6BH5,1.2496,1.2498,43,46,2,1,1.2495,1.2499,45,13,3,2,1.2494,1.25,29,20,1,2,1.2493,1.2501,39,31,7,5,1.2492,1.2502,32,47,5,5,1.2491,1.2503,6,46,2,3,1.249,1.2504,24,42,3,6,1.2489,1.2505,39,45,2,2,1.2488,1.2506,20,30,7,5,1.2487,1.2507,27,46,1,3
2024-12-30T09:57:40.000000000Z,2024-12-30T09:57:40.000000000Z,10,1,29307,A,N,0,1.2496,0,0,0,1412,6BH5,1.2495,1.2497,42,12,6,4,1.2494,1.2498,11,44,4,5,1.2493,1.2499,45,12,7,4,1.2492,1.25,5,48,5,6,1.2491,1.2501,28,43,4,7,1.249,1.2502,11,28,1,1,1.2489,1.2503,35,43,7,3,1.2488,1.2504,30,38,1,5,1.2487,1.2505,34,13,6,5,1.2486,1.2506,30,27,1,5
2024-12-30T09:57:45.000000000Z,2024-12-30T09:57:45.000000000Z,10,1,29307,A,N,0,1.2496,0,0,0,1413,6BH5,1.2495,1.2497,48,47,3,4,1.2494,1.2498,45,12,4,3,1.2493,1.2499,6,15,3,1,1.2492,1.25,49,7,3,7,1.2491,1.2501,38,32,6,4,1.249,1.2502,34,34,1,3,1.2489,1.2503,17,43,2,4,1.2488,1.2504,43,22,2,1,1.2487,1.2505,21,42,7,7,1.2486,1.2506,29,43,6,5
2024-12-30T09:57:50.000000000Z,2024-12-30T09:57:50.000000000Z,10,1,29307,A,N,0,1.2497,0,0,0,1414,6BH5,1.2496,1.2498,11,46,6,2,1.2495,1.2499,42,23,4,1,1.2494,1.25,30,49,4,2,1.2493,1.2501,26,46,7,2,1.2492,1.2502,9,19,7,7,1.2491,1.2503,7,14,4,7,1.249,1.2504,24,32,4,2,1.2489,1.2505,41,16,6,1,1.2488,1.2506,23,40,6,7,1.2487,1.2507,5,23,1,3
2024-12-30T09:57:55.000000000Z,2024-12-30T09:57:55.000000000Z,10,1,29307,A,N,0,1.2496,0,0,0,1415,6BH5,1.2495,1.2497,80,272,5,3,1.2494,1.2498,45,21,7,6,1.2493,1.2499,23,34,1,3,1.2492,1.25,30,41,5,3,1.2491,1.2501,17,47,3,1,1.249,1.2502,384,40,4,1,1.2489,1.2503,47,25,5,7,1.2488,1.2504,26,30,3,1,1.2487,1.2505,45,25,3,5,1.2486,1.2506,37,7,7,1
2024-12-30T09:58:00.000000000Z,2024-12-30T09:58:00.000000000Z,10,1,29307,A,N,0,1.2496,0,0,0,1416,6BH5,1.2495,1.2497,44,27,2,6,1.2494,1.2498,25,37,3,2,1.2493,1.2499,19,26,3,5,1.2492,1.25,24,33,5,3,1.2491,1.2501,18,47,5,7,1.249,1.2502,16,15,7,1,1.2489,1.2503,31,38,1,1,1.2488,1.2504,33,9,3,5,1.2487,1.2505,43,40,4,3,1.2486,1.2506,29,43,2,7
2024-12-30T09:58:05.000000000Z,2024-12-30T09:58:05.000000000Z,10,1,29307,A,N,0,1.2496,0,0,0,1417,6BH5,1.2495,1.2497,26,15,1,3,1.2494,1.2498,38,32,2,2,1.2493,1.2499,30,42,5,2,1.2492,1.25,47,42,5,3,1.2491,1.2501,16,35,4,5,1.249,1.2502,11,11,3,3,1.2489,1.2503,44,47,3,6,1.2488,1.2504,38,36,5,5,1.2487,1.2505,24,32,5,2,1.2486,1.2506,32,12,7,5
2024-12-30T09:58:10.000000000Z,2024-12-30T09:58:10.000000000Z,10,1,29307,A,N,0,1.2495,0,0,0,1418,6BH5,1.2494,1.2496,19,14,3,7,1.2493,1.2497,42,37,6,3,1.2492,1.2498,7,5,6,2,1.2491,1.2499,37,33,3,5,1.249,1.25,11,24,5,3,1.2489,1.2501,16,14,6,7,1.2488,1.2502,49,25,7,7,1.2487,1.2503,34,26,5,5,1.2486,1.2504,32,43,5,7,1.2485,1.2505,47,35,5,1
2024-12-30T09:58:15.000000000Z,2024-12-30T09:58:15.000000000Z,10,1,29307,A,N,0,1.2494,0,0,0,1419,6BH5,1.2493,1.2495,34,36,2,2,1.2492,1.2496,9,34,3,5,1.2491,1.2497,41,15,4,6,1.249,1.2498,7,28,2,6,1.2489,1.2499,43,26,7,1,1.2488,1.25,10,31,4,7,1.2487,1.2501,19,18,1,5,1.2486,1.2502,45,10,4,4,1.2485,1.2503,47,44,7,2,1.2484,1.2504,6,35,4,5
2024-12-30T09:58:20.000000000Z,2024-12-30T09:58:20.000000000Z,10,1,29307,A,N,0,1.2494,0,0,0,1420,6BH5,1.2493,1.2495,80,376,5,3,1.2492,1.2496,11,21,5,5,1.2491,1.2497,7,29,6,4,1.249,1.2498,27,20,4,4,1.2489,1.2499,45,42,6,6,1.2488,1.25,7,14,6,3,1.2487,1.2501,48,5,5,7,1.2486,1.2502,43,43,6,3,1.2485,1.2503,45,30,3,6,1.2484,1.2504,26,26,6,4
2024-12-30T09:58:25.000000000Z,2024-12-30T09:58:25.000000000Z,10,1,29307,A,N,0,1.2493,0,0,0,1421,6BH5,1.2492,1.2494,21,44,5,5,1.2491,1.2495,23,41,2,6,1.249,1.2496,47,23,2,1,1.2489,1.2497,41,24,5,6,1.2488,1.2498,16,8,3,5,1.2487,1.2499,25,9,5,2,1.2486,1.25,33,27,3,2,1.2485,1.2501,40,14,3,7,1.2484,1.2502,26,22,1,1,1.2483,1.2503,25,34,3,7
2024-12-30T09:58:30.000000000Z,2024-12-30T09:58:30.000000000Z,10,1,29307,A,N,0,1.2492,0,0,0,1422,6BH5,1.2491,1.2493,368,232,5,5,1.249,1.2494,15,32,5,3,1.2489,1.2495,45,11,1,2,1.2488,1.2496,25,31,1,6,1.2487,1.2497,7,34,4,1,1.2486,1.2498,38,25,5,2,1.2485,1.2499,19,6,6,2,1.2484,1.25,45,25,6,5,1.2483,1.2501,39,42,2,4,1.2482,1.2502,47,44,2,6
2024-12-30T09:58:35.000000000Z,2024-12-30T09:58:35.000000000Z,10,1,29307,A,N,0,1.2492,0,0,0,1423,6BH5,1.2491,1.2493,20,29,3,5,1.249,1.2494,37,44,6,4,1.2489,1.2495,6,23,7,3,1.2488,1.2496,15,39,3,1,1.2487,1.2497,5,37,5,3,1.2486,1.2498,33,49,6,7,1.2485,1.2499,44,49,2,1,1.2484,1.25,45,9,4,2,1.2483,1.2501,38,34,4,1,1.2482,1.2502,26,42,5,4
2024-12-30T09:58:40.000000000Z,2024-12-30T09:58:40.000000000Z,10,1,29307,A,N,0,1.2491,0,0,0,1424,6BH5,1.249,1.2492,43,41,5,2,1.2489,1.2493,17,29,5,2,1.2488,1.2494,20,26,4,4,1.2487,1.2495,240,256,7,4,1.2486,1.2496,34,40,6,7,1.2485,1.2497,35,16,7,3,1.2484,1.2498,47,29,4,4,1.2483,1.2499,22,42,1,1,1.2482,1.25,49,17,5,1,1.2481,1.2501,40,96,2,2
2024-12-30T09:58:45.000000000Z,2024-12-30T09:58:45.000000000Z,10,1,29307,A,N,0,1.2491,0,0,0,1425,6BH5,1.249,1.2492,39,45,7,7,1.2489,1.2493,35,9,7,2,1.2488,1.2494,23,47,7,7,1.2487,1.2495,19,44,2,7,1.2486,1.2496,280,344,1,7,1.2485,1.2497,136,336,5,4,1.2484,1.2498,28,41,6,5,1.2483,1.2499,25,5,5,4,1.2482,1.25,5,19,2,1,1.2481,1.2501,46,41,1,7
2024-12-30T09:58:50.000000000Z,2024-12-30T09:58:50.000000000Z,10,1,29307,A,N,0,1.249,0,0,0,1426,6BH5,1.2489,1.2491,5,31,3,4,1.2488,1.2492,22,40,5,6,1.2487,1.2493,6,39,2,2,1.2486,1.2494,44,11,6,1,1.2485,1.2495,45,38,7,1,1.2484,1.2496,33,12,1,3,1.2483,1.2497,23,8,2,2,1.2482,1.2498,16,15,6,6,1.2481,1.2499,240,96,6,2,1.248,1.25,49,26,6,6
2024-12-30T09:58:55.000000000Z,2024-12-30T09:58:55.000000000Z,10,1,29307,A,N,0,1.249,0,0,0,1427,6BH5,1.2489,1.2491,15,22,2,3,1.2488,1.2492,42,40,1,6,1.2487,1.2493,47,35,3,1,1.2486,1.2494,42,23,6,4,1.2485,1.2495,19,28,1,7,1.2484,1.2496,47,14,2,3,1.2483,1.2497,37,28,5,2,1.2482,1.2498,56,136,2,1,1.2481,1.2499,288,296,2,5,1.248,1.25,7,46,3,7
2024-12-30T09:59:00.000000000Z,2024-12-30T09:59:00.000000000Z,10,1,29307,A,N,0,1.2491,0,0,0,1428,6BH5,1.249,1.2492,29,27,6,4,1.2489,1.2493,39,29,6,7,1.2488,1.2494,36,29,2,5,1.2487,1.2495,23,7,4,7,1.2486,1.2496,96,72,5,7,1.2485,1.2497,5,8,6,4,1.2484,1.2498,37,18,3,3,1.2483,1.2499,15,13,1,6,1.2482,1.25,32,6,5,3,1.2481,1.2501,18,19,5,7
2024-12-30T09:59:05.000000000Z,2024-12-30T09:59:05.000000000Z,10,1,29307,A,N,0,1.2491,0,0,0,1429,6BH5,1.249,1.2492,47,6,5,1,1.2489,1.2493,7,6,3,4,1.2488,1.2494,45,27,1,4,1.2487,1.2495,18,17,4,2,1.2486,1.2496,40,10,4,1,1.2485,1.2497,152,272,2,3,1.2484,1.2498,19,26,1,6,1.2483,1.2499,16,9,4,5,1.2482,1.25,44,37,1,4,1.2481,1.2501,13,37,6,6
2024-12-30T09:59:10.000000000Z,2024-12-30T09:59:10.000000000Z,10,1,29307,A,N,0,1.2491,0,0,0,1430,6BH5,1.249,1.2492,20,44,3,4,1.2489,1.2493,6,10,2,5,1.2488,1.2494,15,13,3,6,1.2487,1.2495,24,36,3,2,1.2486,1.2496,34,48,1,3,1.2485,1.2497,46,29,3,6,1.2484,1.2498,5,13,3,6,1.2483,1.2499,21,16,2,1,1.2482,1.25,47,25,3,2,1.2481,1.2501,22,25,4,7
2024-12-30T09:59:15.000000000Z,2024-12-30T09:59:15.000000000Z,10,1,29307,A,N,0,1.249,0,0,0,1431,6BH5,1.2489,1.2491,49,22,7,2,1.2488,1.2492,49,18,5,5,1.2487,1.2493,11,45,6,4,1.2486,1.2494,19,39,1,3,1.2485,1.2495,48,49,2,4,1.2484,1.2496,9,32,5,2,1.2483,1.2497,18,38,5,4,1.2482,1.2498,41,25,3,2,1.2481,1.2499,9,38,2,6,1.248,1.25,30,33,1,4
2024-12-30T09:59:20.000000000Z,2024-12-30T09:59:20.000000000Z,10,1,29307,A,N,0,1.249,0,0,0,1432,6BH5,1.2489,1.2491,22,34,1,7,1.2488,1.2492,30,26,2,7,1.2487,1.2493,128,208,5,1,1.2486,1.2494,5,14,6,2,1.2485,1.2495,5,18,5,6,1.2484,1.2496,24,24,5,6,1.2483,1.2497,30,7,6,1,1.2482,1.2498,14,28,6,4,1.2481,1.2499,27,27,7,2,1.248,1.25,26,31,6,5
2024-12-30T09:59:25.000000000Z,2024-12-30T09:59:25.000000000Z,10,1,29307,A,N,0,1.2489,0,0,0,1433,6BH5,1.2488,1.249,39,21,4,7,1.2487,1.2491,10,34,2,5,1.2486,1.2492,39,9,7,1,1.2485,1.2493,35,14,4,6,1.2484,1.2494,17,12,3,7,1.2483,1.2495,64,88,5,4,1.2482,1.2496,19,38,6,1,1.2481,1.2497,23,31,2,7,1.248,1.2498,38,45,3,3,1.2479,1.2499,43,37,5,2
2024-12-30T09:59:30.000000000Z,2024-12-30T09:59:30.000000000Z,10,1,29307,A,N,0,1.2488,0,0,0,1434,6BH5,1.2487,1.2489,27,30,6,7,1.2486,1.249,11,19,5,6,1.2485,1.2491,208,88,7,1,1.2484,1.2492,7,47,7,6,1.2483,1.2493,26,41,5,4,1.2482,1.2494,34,28,1,3,1.2481,1.2495,20,36,2,7,1.248,1.2496,24,38,7,6,1.2479,1.2497,8,27,2,1,1.2478,1.2498,14,30,1,1
2024-12-30T09:59:35.000000000Z,2024-12-30T09:59:35.000000000Z,10,1,29307,A,N,0,1.2488,0,0,0,1435,6BH5,1.2487,1.2489,27,21,4,2,1.2486,1.249,45,15,2,6,1.2485,1.2491,37,13,4,1,1.2484,1.2492,41,10,6,3,1.2483,1.2493,5,13,5,6,1.2482,1.2494,40,29,2,4,1.2481,1.2495,26,18,1,6,1.248,1.2496,34,36,6,1,1.2479,1.2497,15,15,4,4,1.2478,1.2498,14,43,2,2
2024-12-30T09:59:40.000000000Z,2024-12-30T09:59:40.000000000Z,10,1,29307,A,N,0,1.2489,0,0,0,1436,6BH5,1.2488,1.249,18,13,1,3,1.2487,1.2491,42,33,5,4,1.2486,1.2492,28,32,2,4,1.2485,1.2493,23,10,2,5,1.2484,1.2494,43,35,5,6,1.2483,1.2495,16,37,1,7,1.2482,1.2496,46,22,6,2,1.2481,1.2497,34,9,5,1,1.248,1.2498,44,8,5,3,1.2479,1.2499,24,36,2,5
2024-12-30T09:59:45.000000000Z,2024-12-30T09:59:45.000000000Z,10,1,29307,A,N,0,1.2489,0,0,0,1437,6BH5,1.2488,1.249,5,29,1,5,1.2487,1.2491,43,25,3,1,1.2486,1.2492,7,44,5,3,1.2485,1.2493,17,38,7,7,1.2484,1.2494,19,19,4,2,1.2483,1.2495,21,34,5,4,1.2482,1.2496,47,45,3,7,1.2481,1.2497,17,23,5,2,1.248,1.2498,6,12,5,3,1.2479,1.2499,36,28,4,6
2024-12-30T09:59:50.000000000Z,2024-12-30T09:59:50.000000000Z,10,1,29307,A,N,0,1.2488,0,0,0,1438,6BH5,1.2487,1.2489,28,45,6,1,1.2486,1.249,39,34,7,2,1.2485,1.2491,41,28,5,1,1.2484,1.2492,40,18,5,4,1.2483,1.2493,29,42,3,3,1.2482,1.2494,23,7,1,6,1.2481,1.2495,31,27,3,6,1.248,1.2496,30,18,3,1,1.2479,1.2497,12,44,5,7,1.2478,1.2498,49,20,5,2
2024-12-30T09:59:55.000000000Z,2024-12-30T09:59:55.000000000Z,10,1,29307,A,N,0,1.2489,0,0,0,1439,6BH5,1.2488,1.249,39,14,4,1,1.2487,1.2491,43,18,6,3,1.2486,1.2492,5,22,3,2,1.2485,1.2493,28,49,4,7,1.2484,1.2494,22,7,3,7,1.2483,1.2495,37,22,5,7,1.2482,1.2496,23,27,4,7,1.2481,1.2497,30,37,6,3,1.248,1.2498,28,13,5,5,1.2479,1.2499,21,20,5,4
2024-12-30T10:00:00.000000000Z,2024-12-30T10:00:00.000000000Z,10,1,29307,A,N,0,1.2488,0,0,0,1440,6BH5,1.2487,1.2489,14,17,7,2,1.2486,1.249,20,10,5,7,1.2485,1.2491,27,15,5,5,1.2484,1.2492,30,45,5,5,1.2483,1.2493,28,21,1,6,1.2482,1.2494,41,27,1,3,1.2481,1.2495,12,18,3,4,1.248,1.2496,10,34,5,3,1.2479,1.2497,5,46,5,1,1.2478,1.2498,11,39,1,5
2024-12-30T10:00:05.000000000Z,2024-12-30T10:00:05.000000000Z,10,1,29307,A,N,0,1.2489,0,0,0,1441,6BH5,1.2488,1.249,48,46,3,6,1.2487,1.2491,12,24,5,7,1.2486,1.2492,34,17,2,2,1.2485,1.2493,49,28,5,3,1.2484,1.2494,20,6,1,2,1.2483,1.2495,21,22,7,5,1.2482,1.2496,8,16,6,2,1.2481,1.2497,23,35,6,7,1.248,1.2498,21,12,6,2,1.2479,1.2499,6,26,5,3
2024-12-30T10:00:10.000000000Z,2024-12-30T10:00:10.000000000Z,10,1,29307,A,N,0,1.2489,0,0,0,1442,6BH5,1.2488,1.249,24,33,6,4,1.2487,1.2491,25,21,7,3,1.2486,1.2492,47,7,4,7,1.2485,1.2493,10,35,5,5,1.2484,1.2494,14,44,2,4,1.2483,1.2495,41,40,4,5,1.2482,1.2496,5,47,1,1,1.2481,1.2497,46,21,3,3,1.248,1.2498,39,10,2,4,1.2479,1.2499,32,43,1,4
2024-12-30T10:00:15.000000000Z,2024-12-30T10:00:15.000000000Z,10,1,29307,A,N,0,1.2489,0,0,0,1443,6BH5,1.2488,1.249,14,16,6,5,1.2487,1.2491,31,17,6,3,1.2486,1.2492,39,16,2,5,1.2485,1.2493,21,31,6,4,1.2484,1.2494,11,15,6,1,1.2483,1.2495,26,44,5,3,1.2482,1.2496,42,46,7,1,1.2481,1.2497,38,39,3,7,1.248,1.2498,21,25,4,3,1.2479,1.2499,38,5,7,4
2024-12-30T10:00:20.000000000Z,2024-12-30T10:00:20.000000000Z,10,1,29307,A,N,0,1.2489,0,0,0,1444,6BH5,1.2488,1.249,10,20,2,3,1.2487,1.2491,14,16,7,1,1.2486,1.2492,14,29,2,2,1.2485,1.2493,31,13,4,2,1.2484,1.2494,42,36,3,6,1.2483,1.2495,15,27,1,3,1.2482,1.2496,36,13,1,5,1.2481,1.2497,20,37,2,3,1.248,1.2498,16,47,2,1,1.2479,1.2499,34,16,2,2
2024-12-30T10:00:25.000000000Z,2024-12-30T10:00:25.000000000Z,10,1,29307,A,N,0,1.249,0,0,0,1445,6BH5,1.2489,1.2491,36,39,5,3,1.2488,1.2492,26,27,1,5,1.2487,1.2493,38,17,4,1,1.2486,1.2494,14,7,4,3,1.2485,1.2495,28,16,7,7,1.2484,1.2496,14,32,2,5,1.2483,1.2497,14,8,2,6,1.2482,1.2498,11,27,3,7,1.2481,1.2499,45,16,5,3,1.248,1.25,19,40,1,2
2024-12-30T10:00:30.000000000Z,2024-12-30T10:00:30.000000000Z,10,1,29307,A,N,0,1.2491,0,0,0,1446,6BH5,1.249,1.2492,40,36,3,5,1.2489,1.2493,8,9,7,3,1.2488,1.2494,33,21,4,1,1.2487,1.2495,23,48,4,5,1.2486,1.2496,37,49,5,1,1.2485,1.2497,35,40,3,5,1.2484,1.2498,22,32,5,6,1.2483,1.2499,13,43,6,6,1.2482,1.25,33,20,4,1,1.2481,1.2501,20,20,2,1
2024-12-30T10:00:35.000000000Z,2024-12-30T10:00:35.000000000Z,10,1,29307,A,N,0,1.2491,0,0,0,1447,6BH5,1.249,1.2492,5,37,1,4,1.2489,1.2493,49,32,7,4,1.2488,1.2494,12,48,4,4,1.2487,1.2495,11,10,5,5,1.2486,1.2496,44,23,6,3,1.2485,1.2497,22,8,7,1,1.2484,1.2498,45,23,1,7,1.2483,1.2499,33,43,6,6,1.2482,1.25,44,32,7,4,1.2481,1.2501,33,34,4,5
2024-12-30T10:00:40.000000000Z,2024-12-30T10:00:40.000000000Z,10,1,29307,A,N,0,1.2491,0,0,0,1448,6BH5,1.249,1.2492,20,36,4,1,1.2489,1.2493,23,11,4,1,1.2488,1.2494,43,5,7,2,1.2487,1.2495,26,35,1,1,1.2486,1.2496,49,21,6,7,1.2485,1.2497,8,43,7,6,1.2484,1.2498,41,17,7,3,1.2483,1.2499,56,128,6,2,1.2482,1.25,280,288,3,7,1.2481,1.2501,23,40,6,2
2024-12-30T10:00:45.000000000Z,2024-12-30T10:00:45.000000000Z,10,1,29307,A,N,0,1.2491,0,0,0,1449,6BH5,1.249,1.2492,184,352,2,1,1.2489,1.2493,24,41,1,7,1.2488,1.2494,8,42,5,6,1.2487,1.2495,5,19,7,1,1.2486,1.2496,72,376,5,6,1.2485,1.2497,40,39,5,7,1.2484,1.2498,20,41,2,3,1.2483,1.2499,20,9,3,3,1.2482,1.25,120,160,1,2,1.2481,1.2501,5,16,7,3
2024-12-30T10:00:50.000000000Z,2024-12-30T10:00:50.000000000Z,10,1,29307,A,N,0,1.2491,0,0,0,1450,6BH5,1.249,1.2492,36,26,4,6,1.2489,1.2493,336,360,5,6,1.2488,1.2494,31,19,1,6,1.2487,1.2495,11,17,5,7,1.2486,1.2496,104,368,2,4,1.2485,1.2497,32,25,4,5,1.2484,1.2498,17,31,4,2,1.2483,1.2499,25,14,6,7,1.2482,1.25,15,34,3,1,1.2481,1.2501,36,43,5,2
2024-12-30T10:00:55.000000000Z,2024-12-30T10:00:55.000000000Z,10,1,29307,A,N,0,1.2492,0,0,0,1451,6BH5,1.2491,1.2493,22,11,5,5,1.249,1.2494,7,17,3,2,1.2489,1.2495,46,39,4,6,1.2488,1.2496,40,39,2,7,1.2487,1.2497,29,11,3,6,1.2486,1.2498,49,24,3,7,1.2485,1.2499,6,33,5,7,1.2484,1.25,10,25,1,1,1.2483,1.2501,26,35,5,3,1.2482,1.2502,45,16,4,6
2024-12-30T10:01:00.000000000Z,2024-12-30T10:01:00.000000000Z,10,1,29307,A,N,0,1.2491,0,0,0,1452,6BH5,1.249,1.2492,42,17,7,2,1.2489,1.2493,46,48,5,3,1.2488,1.2494,45,31,3,1,1.2487,1.2495,39,27,3,6,1.2486,1.2496,29,38,6,1,1.2485,1.2497,25,43,3,1,1.2484,1.2498,19,7,3,4,1.2483,1.2499,22,13,7,7,1.2482,1.25,44,18,6,5,1.2481,1.2501,14,48,6,5
2024-12-30T10:01:05.000000000Z,2024-12-30T10:01:05.000000000Z,10,1,29307,A,N,0,1.2491,0,0,0,1453,6BH5,1.249,1.2492,9,16,3,5,1.2489,1.2493,14,42,4,7,1.2488,1.2494,27,25,2,5,1.2487,1.2495,6,34,1,1,1.2486,1.2496,5,41,4,7,1.2485,1.2497,9,34,7,2,1.2484,1.2498,46,5,1,2,1.2483,1.2499,30,20,5,6,1.2482,1.25,41,49,4,6,1.2481,1.2501,6,35,5,6
2024-12-30T10:01:10.000000000Z,2024-12-30T10:01:10.000000000Z,10,1,29307,A,N,0,1.2492,0,0,0,1454,6BH5,1.2491,1.2493,5,48,6,7,1.249,1.2494,15,36,4,2,1.2489,1.2495,36,13,1,7,1.2488,1.2496,40,30,4,3,1.2487,1.2497,34,43,3,7,1.2486,1.2498,40,29,4,4,1.2485,1.2499,37,42,1,7,1.2484,1.25,28,13,7,6,1.2483,1.2501,216,272,2,7,1.2482,1.2502,37,20,5,1
2024-12-30T10:01:15.000000000Z,2024-12-30T10:01:15.000000000Z,10,1,29307,A,N,0,1.2493,0,0,0,1455,6BH5,1.2492,1.2494,42,27,2,1,1.2491,1.2495,49,28,7,3,1.249,1.2496,248,48,4,7,1.2489,1.2497,17,31,6,7,1.2488,1.2498,5,9,5,7,1.2487,1.2499,10,10,7,4,1.2486,1.25,45,24,4,7,1.2485,1.2501,21,27,4,2,1.2484,1.2502,40,46,2,6,1.2483,1.2503,8,23,4,1
2024-12-30T10:01:20.000000000Z,2024-12-30T10:01:20.000000000Z,10,1,29307,A,N,0,1.2492,0,0,0,1456,6BH5,1.2491,1.2493,31,27,7,3,1.249,1.2494,9,28,5,5,1.2489,1.2495,360,384,5,5,1.2488,1.2496,37,31,3,6,1.2487,1.2497,10,14,6,4,1.2486,1.2498,11,33,1,4,1.2485,1.2499,33,42,5,4,1.2484,1.25,27,20,2,6,1.2483,1.2501,40,28,3,3,1.2482,1.2502,40,33,7,3
2024-12-30T10:01:25.000000000Z,2024-12-30T10:01:25.000000000Z,10,1,29307,A,N,0,1.2491,0,0,0,1457,6BH5,1.249,1.2492,15,19,4,2,1.2489,1.2493,17,39,3,4,1.2488,1.2494,44,17,3,4,1.2487,1.2495,47,45,3,4,1.2486,1.2496,17,38,3,5,1.2485,1.2497,23,47,3,2,1.2484,1.2498,5,18,3,1,1.2483,1.2499,29,40,6,1,1.2482,1.25,25,38,1,1,1.2481,1.2501,23,10,6,6
2024-12-30T10:01:30.000000000Z,2024-12-30T10:01:30.000000000Z,10,1,29307,A,N,0,1.2492,0,0,0,1458,6BH5,1.2491,1.2493,35,35,4,4,1.249,1.2494,30,30,7,5,1.2489,1.2495,17,13,3,7,1.2488,1.2496,384,120,3,3,1.2487,1.2497,14,13,1,5,1.2486,1.2498,15,45,5,7,1.2485,1.2499,17,48,7,6,1.2484,1.25,46,42,3,2,1.2483,1.2501,12,22,2,4,1.2482,1.2502,9,19,7,7
2024-12-30T10:01:35.000000000Z,2024-12-30T10:01:35.000000000Z,10,1,29307,A,N,0,1.2492,0,0,0,1459,6BH5,1.2491,1.2493,47,43,1,2,1.249,1.2494,20,37,5,4,1.2489,1.2495,22,10,1,4,1.2488,1.2496,38,25,2,2,1.2487,1.2497,46,34,6,3,1.2486,1.2498,17,41,3,3,1.2485,1.2499,17,19,2,6,1.2484,1.25,29,20,6,3,1.2483,1.2501,28,46,6,7,1.2482,1.2502,200,168,6,2
2024-12-30T10:01:40.000000000Z,2024-12-30T10:01:40.000000000Z,10,1,29307,A,N,0,1.2492,0,0,0,1460,6BH5,1.2491,1.2493,16,20,6,6,1.249,1.2494,24,39,1,4,1.2489,1.2495,11,42,4,1,1.2488,1.2496,10,41,1,6,1.2487,1.2497,13,8,3,5,1.2486,1.2498,5,46,5,2,1.2485,1.2499,45,11,5,1,1.2484,1.25,5,36,4,2,1.2483,1.2501,45,37,2,1,1.2482,1.2502,33,16,3,5
2024-12-30T10:01:45.000000000Z,2024-12-30T10:01:45.000000000Z,10,1,29307,A,N,0,1.2491,0,0,0,1461,6BH5,1.249,1.2492,13,33,6,3,1.2489,1.2493,25,10,2,5,1.2488,1.2494,37,18,4,3,1.2487,1.2495,11,41,4,1,1.2486,1.2496,35,11,2,7,1.2485,1.2497,35,24,5,3,1.2484,1.2498,5,37,3,5,1.2483,1.2499,48,44,5,7,1.2482,1.25,41,10,4,4,1.2481,1.2501,16,10,6,5
2024-12-30T10:01:50.000000000Z,2024-12-30T10:01:50.000000000Z,10,1,29307,A,N,0,1.2492,0,0,0,1462,6BH5,1.2491,1.2493,14,32,6,1,1.249,1.2494,22,8,5,6,1.2489,1.2495,31,8,5,3,1.2488,1.2496,296,144,5,7,1.2487,1.2497,49,41,6,2,1.2486,1.2498,38,40,7,6,1.2485,1.2499,5,49,6,7,1.2484,1.25,33,6,6,6,1.2483,1.2501,8,23,4,5,1.2482,1.2502,20,24,4,2
2024-12-30T10:01:55.000000000Z,2024-12-30T10:01:55.000000000Z,10,1,29307,A,N,0,1.2491,0,0,0,1463,6BH5,1.249,1.2492,16,25,2,7,1.2489,1.2493,10,49,7,4,1.2488,1.2494,31,20,7,5,1.2487,1.2495,11,20,5,5,1.2486,1.2496,47,40,4,3,1.2485,1.2497,34,47,7,7,1.2484,1.2498,46,23,4,7,1.2483,1.2499,10,23,4,3,1.2482,1.25,16,42,5,4,1.2481,1.2501,21,31,2,6
2024-12-30T10:02:00.000000000Z,2024-12-30T10:02:00.000000000Z,10,1,29307,A,N,0,1.249,0,0,0,1464,6BH5,1.2489,1.2491,12,30,1,4,1.2488,1.2492,41,29,7,3,1.2487,1.2493,21,17,3,5,1.2486,1.2494,49,6,6,3,1.2485,1.2495,21,42,3,1,1.2484,1.2496,19,12,6,7,1.2483,1.2497,12,13,6,1,1.2482,1.2498,49,15,7,3,1.2481,1.2499,47,29,7,2,1.248,1.25,39,38,5,1
2024-12-30T10:02:05.000000000Z,2024-12-30T10:02:05.000000000Z,10,1,29307,A,N,0,1.2489,0,0,0,1465,6BH5,1.2488,1.249,44,5,1,6,1.2487,1.2491,18,23,1,7,1.2486,1.2492,5,37,1,5,1.2485,1.2493,21,6,7,7,1.2484,1.2494,14,46,5,5,1.2483,1.2495,43,29,5,6,1.2482,1.2496,30,30,4,5,1.2481,1.2497,12,6,6,2,1.248,1.2498,22,21,7,3,1.2479,1.2499,36,15,2,5
2024-12-30T10:02:10.000000000Z,2024-12-30T10:02:10.000000000Z,10,1,29307,A,N,0,1.249,0,0,0,1466,6BH5,1.2489,1.2491,8,32,1,1,1.2488,1.2492,5,39,7,2,1.2487,1.2493,30,12,3,2,1.2486,1.2494,14,47,6,4,1.2485,1.2495,35,12,2,7,1.2484,1.2496,34,19,1,3,1.2483,1.2497,28,49,7,1,1.2482,1.2498,19,36,2,7,1.2481,1.2499,7,37,2,7,1.248,1.25,42,33,7,6
2024-12-30T10:02:15.000000000Z,2024-12-30T10:02:15.000000000Z,10,1,29307,A,N,0,1.2491,0,0,0,1467,6BH5,1.249,1.2492,47,31,3,6,1.2489,1.2493,7,33,1,7,1.2488,1.2494,37,24,3,6,1.2487,1.2495,8,37,1,6,1.2486,1.2496,45,18,6,3,1.2485,1.2497,7,41,6,6,1.2484,1.2498,17,17,1,3,1.2483,1.2499,45,40,5,1,1.2482,1.25,49,36,4,1,1.2481,1.2501,17,33,2,1
2024-12-30T10:02:20.000000000Z,2024-12-30T10:02:20.000000000Z,10,1,29307,A,N,0,1.2492,0,0,0,1468,6BH5,1.2491,1.2493,31,34,2,6,1.249,1.2494,11,5,2,2,1.2489,1.2495,23,17,7,2,1.2488,1.2496,40,12,7,1,1.2487,1.2497,15,45,3,6,1.2486,1.2498,49,21,4,1,1.2485,1.2499,22,11,5,5,1.2484,1.25,9,14,7,5,1.2483,1.2501,8,5,4,1,1.2482,1.2502,7,6,1,1
2024-12-30T10:02:25.000000000Z,2024-12-30T10:02:25.000000000Z,10,1,29307,A,N,0,1.2492,0,0,0,1469,6BH5,1.2491,1.2493,22,46,7,4,1.249,1.2494,21,11,7,1,1.2489,1.2495,272,40,7,3,1.2488,1.2496,20,32,6,7,1.2487,1.2497,23,33,5,3,1.2486,1.2498,25,48,6,1,1.2485,1.2499,384,240,4,1,1.2484,1.25,40,33,5,6,1.2483,1.2501,7,17,5,5,1.2482,1.2502,26,38,1,2
2024-12-30T10:02:30.000000000Z,2024-12-30T10:02:30.000000000Z,10,1,29307,A,N,0,1.2493,0,0,0,1470,6BH5,1.2492,1.2494,39,11,5,1,1.2491,1.2495,26,10,5,5,1.249,1.2496,41,31,2,6,1.2489,1.2497,22,8,5,3,1.2488,1.2498,40,8,5,2,1.2487,1.2499,47,49,2,3,1.2486,1.25,13,17,1,2,1.2485,1.2501,41,15,4,6,1.2484,1.2502,33,43,7,5,1.2483,1.2503,35,23,3,2
2024-12-30T10:02:35.000000000Z,2024-12-30T10:02:35.000000000Z,10,1,29307,A,N,0,1.2494,0,0,0,1471,6BH5,1.2493,1.2495,13,34,7,3,1.2492,1.2496,20,37,4,7,1.2491,1.2497,40,15,4,4,1.249,1.2498,40,9,5,5,1.2489,1.2499,39,30,2,3,1.2488,1.25,6,35,2,3,1.2487,1.2501,20,6,3,6,1.2486,1.2502,26,40,4,3,1.2485,1.2503,48,35,4,7,1.2484,1.2504,14,31,1,6
2024-12-30T10:02:40.000000000Z,2024-12-30T10:02:40.000000000Z,10,1,29307,A,N,0,1.2495,0,0,0,1472,6BH5,1.2494,1.2496,42,29,1,5,1.2493,1.2497,28,11,5,5,1.2492,1.2498,42,44,6,2,1.2491,1.2499,296,128,5,6,1.249,1.25,48,20,3,2,1.2489,1.2501,18,10,7,5,1.2488,1.2502,224,248,7,2,1.2487,1.2503,20,6,7,7,1.2486,1.2504,23,15,6,5,1.2485,1.2505,12,14,6,7
2024-12-30T10:02:45.000000000Z,2024-12-30T10:02:45.000000000Z,10,1,29307,A,N,0,1.2496,0,0,0,1473,6BH5,1.2495,1.2497,44,33,5,1,1.2494,1.2498,28,19,4,2,1.2493,1.2499,48,36,4,6,1.2492,1.25,9,15,6,1,1.2491,1.2501,30,13,4,3,1.249,1.2502,49,32,7,7,1.2489,1.2503,22,20,3,2,1.2488,1.2504,21,39,7,3,1.2487,1.2505,45,41,1,6,1.2486,1.2506,20,24,1,7
2024-12-30T10:02:50.000000000Z,2024-12-30T10:02:50.000000000Z,10,1,29307,A,N,0,1.2496,0,0,0,1474,6BH5,1.2495,1.2497,45,49,1,1,1.2494,1.2498,17,34,6,3,1.2493,1.2499,28,24,2,7,1.2492,1.25,37,21,6,2,1.2491,1.2501,35,20,5,5,1.249,1.2502,40,5,6,2,1.2489,1.2503,240,120,1,5,1.2488,1.2504,42,9,6,5,1.2487,1.2505,11,42,7,4,1.2486,1.2506,12,19,6,7
2024-12-30T10:02:55.000000000Z,2024-12-30T10:02:55.000000000Z,10,1,29307,A,N,0,1.2496,0,0,0,1475,6BH5,1.2495,1.2497,25,48,4,6,1.2494,1.2498,40,13,2,4,1.2493,1.2499,10,38,4,7,1.2492,1.25,37,25,1,2,1.2491,1.2501,104,392,5,1,1.249,1.2502,21,44,7,3,1.2489,1.2503,10,10,1,4,1.2488,1.2504,45,31,4,6,1.2487,1.2505,20,43,1,2,1.2486,1.2506,23,45,5,3
2024-12-30T10:03:00.000000000Z,2024-12-30T10:03:00.000000000Z,10,1,29307,A,N,0,1.2497,0,0,0,1476,6BH5,1.2496,1.2498,32,45,3,6,1.2495,1.2499,12,42,4,1,1.2494,1.25,43,31,1,4,1.2493,1.2501,32,27,4,2,1.2492,1.2502,5,42,2,1,1.2491,1.2503,22,13,5,2,1.249,1.2504,40,19,3,2,1.2489,1.2505,35,24,7,5,1.2488,1.2506,9,8,6,6,1.2487,1.2507,35,9,7,6
2024-12-30T10:03:05.000000000Z,2024-12-30T10:03:05.000000000Z,10,1,29307,A,N,0,1.2498,0,0,0,1477,6BH5,1.2497,1.2499,31,13,5,6,1.2496,1.25,23,43,1,1,1.2495,1.2501,28,17,4,2,1.2494,1.2502,49,46,6,7,1.2493,1.2503,42,21,3,6,1.2492,1.2504,49,48,4,3,1.2491,1.2505,20,27,1,4,1.249,1.2506,17,26,7,1,1.2489,1.2507,37,26,7,7,1.2488,1.2508,48,19,7,4
2024-12-30T10:03:10.000000000Z,2024-12-30T10:03:10.000000000Z,10,1,29307,A,N,0,1.2498,0,0,0,1478,6BH5,1.2497,1.2499,29,37,1,7,1.2496,1.25,20,41,5,3,1.2495,1.2501,25,22,6,1,1.2494,1.2502,29,44,1,3,1.2493,1.2503,24,6,1,6,1.2492,1.2504,16,36,3,1,1.2491,1.2505,37,24,1,5,1.249,1.2506,18,40,4,2,1.2489,1.2507,17,26,3,3,1.2488,1.2508,36,48,3,4
2024-12-30T10:03:15.000000000Z,2024-12-30T10:03:15.000000000Z,10,1,29307,A,N,0,1.2497,0,0,0,1479,6BH5,1.2496,1.2498,43,34,2,3,1.2495,1.2499,40,64,7,4,1.2494,1.25,7,6,1,2,1.2493,1.2501,21,41,4,7,1.2492,1.2502,48,35,4,5,1.2491,1.2503,17,30,1,4,1.249,1.2504,112,40,4,7,1.2489,1.2505,26,5,4,1,1.2488,1.2506,24,38,7,6,1.2487,1.2507,27,5,6,4
2024-12-30T10:03:20.000000000Z,2024-12-30T10:03:20.000000000Z,10,1,29307,A,N,0,1.2497,0,0,0,1480,6BH5,1.2496,1.2498,42,44,2,2,1.2495,1.2499,31,11,3,5,1.2494,1.25,5,21,2,5,1.2493,1.2501,47,12,1,2,1.2492,1.2502,392,248,6,3,1.2491,1.2503,42,28,6,1,1.249,1.2504,264,96,3,3,1.2489,1.2505,15,33,1,5,1.2488,1.2506,9,28,5,4,1.2487,1.2507,35,34,6,5
2024-12-30T10:03:25.000000000Z,2024-12-30T10:03:25.000000000Z,10,1,29307,A,N,0,1.2497,0,0,0,1481,6BH5,1.2496,1.2498,39,13,6,7,1.2495,1.2499,27,43,7,5,1.2494,1.25,49,15,2,5,1.2493,1.2501,46,15,1,6,1.2492,1.2502,49,41,4,1,1.2491,1.2503,7,6,3,1,1.249,1.2504,15,11,5,2,1.2489,1.2505,26,35,6,6,1.2488,1.2506,37,11,6,6,1.2487,1.2507,42,46,2,4
2024-12-30T10:03:30.000000000Z,2024-12-30T10:03:30.000000000Z,10,1,29307,A,N,0,1.2496,0,0,0,1482,6BH5,1.2495,1.2497,32,44,7,6,1.2494,1.2498,32,35,6,3,1.2493,1.2499,34,8,1,1,1.2492,1.25,32,25,7,2,1.2491,1.2501,19,6,5,3,1.249,1.2502,37,6,1,7,1.2489,1.2503,37,30,1,2,1.2488,1.2504,33,6,2,3,1.2487,1.2505,15,43,6,6,1.2486,1.2506,25,25,7,4
2024-12-30T10:03:35.000000000Z,2024-12-30T10:03:35.000000000Z,10,1,29307,A,N,0,1.2497,0,0,0,1483,6BH5,1.2496,1.2498,18,24,5,7,1.2495,1.2499,16,6,2,4,1.2494,1.25,41,24,2,5,1.2493,1.2501,18,40,1,5,1.2492,1.2502,34,48,2,3,1.2491,1.2503,18,31,5,7,1.249,1.2504,96,128,4,1,1.2489,1.2505,13,19,2,1,1.2488,1.2506,27,14,3,1,1.2487,1.2507,45,47,1,7
2024-12-30T10:03:40.000000000Z,2024-12-30T10:03:40.000000000Z,10,1,29307,A,N,0,1.2497,0,0,0,1484,6BH5,1.2496,1.2498,16,21,3,5,1.2495,1.2499,31,18,7,1,1.2494,1.25,56,224,5,3,1.2493,1.2501,40,13,7,2,1.2492,1.2502,35,42,2,5,1.2491,1.2503,45,10,4,7,1.249,1.2504,360,224,1,3,1.2489,1.2505,23,33,5,6,1.2488,1.2506,25,33,4,5,1.2487,1.2507,40,35,6,7
2024-12-30T10:03:45.000000000Z,2024-12-30T10:03:45.000000000Z,10,1,29307,A,N,0,1.2497,0,0,0,1485,6BH5,1.2496,1.2498,19,44,1,5,1.2495,1.2499,39,29,2,5,1.2494,1.25,18,38,6,4,1.2493,1.2501,30,5,2,4,1.2492,1.2502,29,27,6,5,1.2491,1.2503,29,17,2,3,1.249,1.2504,43,46,4,3,1.2489,1.2505,18,23,6,6,1.2488,1.2506,43,34,5,6,1.2487,1.2507,136,280,7,7
2024-12-30T10:03:50.000000000Z,2024-12-30T10:03:50.000000000Z,10,1,29307,A,N,0,1.2497,0,0,0,1486,6BH5,1.2496,1.2498,29,17,5,1,1.2495,1.2499,34,11,5,6,1.2494,1.25,20,28,3,5,1.2493,1.2501,16,49,6,6,1.2492,1.2502,27,46,7,6,1.2491,1.2503,31,38,3,5,1.249,1.2504,20,24,2,6,1.2489,1.2505,14,48,1,3,1.2488,1.2506,21,30,2,1,1.2487,1.2507,33,8,6,5
2024-12-30T10:03:55.000000000Z,2024-12-30T10:03:55.000000000Z,10,1,29307,A,N,0,1.2497,0,0,0,1487,6BH5,1.2496,1.2498,38,18,3,2,1.2495,1.2499,45,29,4,6,1.2494,1.25,28,44,7,7,1.2493,1.2501,38,20,2,2,1.2492,1.2502,43,21,3,7,1.2491,1.2503,9,19,5,4,1.249,1.2504,10,40,7,5,1.2489,1.2505,9,44,7,3,1.2488,1.2506,49,38,3,3,1.2487,1.2507,46,47,1,1
2024-12-30T10:04:00.000000000Z,2024-12-30T10:04:00.000000000Z,10,1,29307,A,N,0,1.2496,0,0,0,1488,6BH5,1.2495,1.2497,39,41,6,4,1.2494,1.2498,27,23,4,3,1.2493,1.2499,13,7,1,2,1.2492,1.25,22,31,1,4,1.2491,1.2501,43,21,1,7,1.249,1.2502,15,8,3,6,1.2489,1.2503,20,40,1,5,1.2488,1.2504,45,22,7,7,1.2487,1.2505,27,39,1,1,1.2486,1.2506,10,25,3,5
2024-12-30T10:04:05.000000000Z,2024-12-30T10:04:05.000000000Z,10,1,29307,A,N,0,1.2496,0,0,0,1489,6BH5,1.2495,1.2497,48,10,1,3,1.2494,1.2498,19,42,5,1,1.2493,1.2499,37,22,4,6,1.2492,1.25,39,49,4,4,1.2491,1.2501,25,41,2,6,1.249,1.2502,5,35,7,3,1.2489,1.2503,15,43,4,5,1.2488,1.2504,6,37,7,2,1.2487,1.2505,47,37,3,5,1.2486,1.2506,216,128,6,4
2024-12-30T10:04:10.000000000Z,2024-12-30T10:04:10.000000000Z,10,1,29307,A,N,0,1.2495,0,0,0,1490,6BH5,1.2494,1.2496,22,28,3,4,1.2493,1.2497,26,32,1,4,1.2492,1.2498,20,41,5,6,1.2491,1.2499,20,43,3,4,1.249,1.25,18,45,7,1,1.2489,1.2501,32,23,3,4,1.2488,1.2502,16,7,6,2,1.2487,1.2503,39,19,3,6,1.2486,1.2504,33,43,7,7,1.2485,1.2505,8,11,2,6
2024-12-30T10:04:15.000000000Z,2024-12-30T10:04:15.000000000Z,10,1,29307,A,N,0,1.2494,0,0,0,1491,6BH5,1.2493,1.2495,22,32,3,6,1.2492,1.2496,39,34,5,2,1.2491,1.2497,11,10,4,5,1.249,1.2498,48,44,1,2,1.2489,1.2499,12,17,7,4,1.2488,1.25,27,9,4,6,1.2487,1.2501,29,5,4,4,1.2486,1.2502,30,40,7,3,1.2485,1.2503,18,38,4,1,1.2484,1.2504,31,25,3,4
2024-12-30T10:04:20.000000000Z,2024-12-30T10:04:20.000000000Z,10,1,29307,A,N,0,1.2493,0,0,0,1492,6BH5,1.2492,1.2494,30,19,5,2,1.2491,1.2495,21,48,4,2,1.249,1.2496,12,23,5,2,1.2489,1.2497,12,19,2,4,1.2488,1.2498,42,17,3,4,1.2487,1.2499,40,14,7,7,1.2486,1.25,48,9,4,6,1.2485,1.2501,37,44,5,6,1.2484,1.2502,37,11,6,6,1.2483,1.2503,43,41,6,2
2024-12-30T10:04:25.000000000Z,2024-12-30T10:04:25.000000000Z,10,1,29307,A,N,0,1.2492,0,0,0,1493,6BH5,1.2491,1.2493,368,376,5,7,1.249,1.2494,11,11,5,4,1.2489,1.2495,10,14,4,2,1.2488,1.2496,40,41,7,3,1.2487,1.2497,5,25,5,3,1.2486,1.2498,43,40,2,2,1.2485,1.2499,5,44,2,1,1.2484,1.25,40,43,2,3,1.2483,1.2501,32,40,3,3,1.2482,1.2502,20,37,5,1
2024-12-30T10:04:30.000000000Z,2024-12-30T10:04:30.000000000Z,10,1,29307,A,N,0,1.2492,0,0,0,1494,6BH5,1.2491,1.2493,48,20,4,2,1.249,1.2494,32,7,4,5,1.2489,1.2495,80,72,7,1,1.2488,1.2496,12,49,1,6,1.2487,1.2497,16,49,2,7,1.2486,1.2498,25,22,2,2,1.2485,1.2499,24,29,7,2,1.2484,1.25,49,47,2,6,1.2483,1.2501,42,33,7,7,1.2482,1.2502,38,21,5,2
2024-12-30T10:04:35.000000000Z,2024-12-30T10:04:35.000000000Z,10,1,29307,A,N,0,1.2492,0,0,0,1495,6BH5,1.2491,1.2493,33,6,2,7,1.249,1.2494,40,25,1,7,1.2489,1.2495,112,152,6,4,1.2488,1.2496,8,13,6,2,1.2487,1.2497,41,15,5,3,1.2486,1.2498,47,34,3,3,1.2485,1.2499,10,17,6,4,1.2484,1.25,13,39,7,7,1.2483,1.2501,25,23,3,3,1.2482,1.2502,18,41,1,4
2024-12-30T10:04:40.000000000Z,2024-12-30T10:04:40.000000000Z,10,1,29307,A,N,0,1.2493,0,0,0,1496,6BH5,1.2492,1.2494,25,34,6,2,1.2491,1.2495,36,49,4,7,1.249,1.2496,11,6,3,3,1.2489,1.2497,6,49,6,3,1.2488,1.2498,45,21,7,1,1.2487,1.2499,42,25,2,5,1.2486,1.25,344,272,7,4,1.2485,1.2501,49,42,4,5,1.2484,1.2502,33,40,3,5,1.2483,1.2503,9,10,4,4
2024-12-30T10:04:45.000000000Z,2024-12-30T10:04:45.000000000Z,10,1,29307,A,N,0,1.2493,0,0,0,1497,6BH5,1.2492,1.2494,36,43,7,5,1.2491,1.2495,49,48,2,2,1.249,1.2496,31,33,4,6,1.2489,1.2497,38,45,6,5,1.2488,1.2498,35,7,5,5,1.2487,1.2499,36,41,1,3,1.2486,1.25,56,136,3,3,1.2485,1.2501,44,48,4,7,1.2484,1.2502,44,16,7,7,1.2483,1.2503,39,10,1,7
2024-12-30T10:04:50.000000000Z,2024-12-30T10:04:50.000000000Z,10,1,29307,A,N,0,1.2494,0,0,0,1498,6BH5,1.2493,1.2495,34,19,6,3,1.2492,1.2496,21,18,6,3,1.2491,1.2497,41,37,5,6,1.249,1.2498,18,41,5,6,1.2489,1.2499,14,13,6,1,1.2488,1.25,10,30,7,4,1.2487,1.2501,7,44,6,2,1.2486,1.2502,18,23,4,7,1.2485,1.2503,27,7,3,5,1.2484,1.2504,20,17,3,4
2024-12-30T10:04:55.000000000Z,2024-12-30T10:04:55.000000000Z,10,1,29307,A,N,0,1.2494,0,0,0,1499,6BH5,1.2493,1.2495,13,21,7,5,1.2492,1.2496,16,32,2,4,1.2491,1.2497,31,39,7,1,1.249,1.2498,39,37,4,2,1.2489,1.2499,42,12,6,4,1.2488,1.25,8,9,5,2,1.2487,1.2501,49,22,5,5,1.2486,1.2502,31,6,4,4,1.2485,1.2503,27,21,5,5,1.2484,1.2504,5,25,1,4
2024-12-30T10:05:00.000000000Z,2024-12-30T10:05:00.000000000Z,10,1,29307,A,N,0,1.2495,0,0,0,1500,6BH5,1.2494,1.2496,44,6,3,3,1.2493,1.2497,13,33,2,4,1.2492,1.2498,8,25,1,7,1.2491,1.2499,40,37,4,4,1.249,1.25,13,28,6,1,1.2489,1.2501,32,9,6,5,1.2488,1.2502,24,16,5,3,1.2487,1.2503,25,22,2,6,1.2486,1.2504,43,48,5,3,1.2485,1.2505,44,28,7,1
2024-12-30T10:05:05.000000000Z,2024-12-30T10:05:05.000000000Z,10,1,29307,A,N,0,1.2495,0,0,0,1501,6BH5,1.2494,1.2496,35,14,4,6,1.2493,1.2497,20,26,6,4,1.2492,1.2498,376,296,1,3,1.2491,1.2499,38,24,7,5,1.249,1.25,9,38,6,5,1.2489,1.2501,21,16,3,6,1.2488,1.2502,29,31,5,2,1.2487,1.2503,21,41,2,5,1.2486,1.2504,30,37,1,3,1.2485,1.2505,40,43,1,5
2024-12-30T10:05:10.000000000Z,2024-12-30T10:05:10.000000000Z,10,1,29307,A,N,0,1.2495,0,0,0,1502,6BH5,1.2494,1.2496,40,16,5,7,1.2493,1.2497,23,39,6,1,1.2492,1.2498,5,26,4,4,1.2491,1.2499,15,16,5,7,1.249,1.25,22,14,4,3,1.2489,1.2501,19,30,1,3,1.2488,1.2502,38,21,5,1,1.2487,1.2503,28,15,3,5,1.2486,1.2504,45,45,3,6,1.2485,1.2505,11,29,7,1
2024-12-30T10:05:15.000000000Z,2024-12-30T10:05:15.000000000Z,10,1,29307,A,N,0,1.2494,0,0,0,1503,6BH5,1.2493,1.2495,26,5,7,2,1.2492,1.2496,14,35,7,4,1.2491,1.2497,38,46,4,4,1.249,1.2498,21,45,6,7,1.2489,1.2499,12,21,3,6,1.2488,1.25,48,14,4,3,1.2487,1.2501,7,13,7,2,1.2486,1.2502,20,15,7,2,1.2485,1.2503,22,43,3,5,1.2484,1.2504,184,168,5,5
2024-12-30T10:05:20.000000000Z,2024-12-30T10:05:20.000000000Z,10,1,29307,A,N,0,1.2494,0,0,0,1504,6BH5,1.2493,1.2495,6,11,1,2,1.2492,1.2496,11,22,4,2,1.2491,1.2497,43,34,1,6,1.249,1.2498,18,31,3,3,1.2489,1.2499,25,15,3,1,1.2488,1.25,23,46,5,7,1.2487,1.2501,36,5,4,3,1.2486,1.2502,44,20,6,6,1.2485,1.2503,37,24,7,3,1.2484,1.2504,40,31,1,2
2024-12-30T10:05:25.000000000Z,2024-12-30T10:05:25.000000000Z,10,1,29307,A,N,0,1.2494,0,0,0,1505,6BH5,1.2493,1.2495,27,16,5,6,1.2492,1.2496,25,46,3,5,1.2491,1.2497,30,24,5,7,1.249,1.2498,31,21,2,2,1.2489,1.2499,22,6,3,6,1.2488,1.25,39,17,6,2,1.2487,1.2501,12,13,2,7,1.2486,1.2502,40,26,7,5,1.2485,1.2503,56,104,2,2,1.2484,1.2504,16,43,7,3
2024-12-30T10:05:30.000000000Z,2024-12-30T10:05:30.000000000Z,10,1,29307,A,N,0,1.2494,0,0,0,1506,6BH5,1.2493,1.2495,47,48,6,7,1.2492,1.2496,14,8,6,2,1.2491,1.2497,328,192,4,4,1.249,1.2498,36,31,1,5,1.2489,1.2499,33,43,2,2,1.2488,1.25,13,15,4,2,1.2487,1.2501,21,39,6,3,1.2486,1.2502,27,39,7,2,1.2485,1.2503,7,33,2,2,1.2484,1.2504,31,23,1,1
2024-12-30T10:05:35.000000000Z,2024-12-30T10:05:35.000000000Z,10,1,29307,A,N,0,1.2495,0,0,0,1507,6BH5,1.2494,1.2496,6,6,5,6,1.2493,1.2497,48,9,4,2,1.2492,1.2498,47,14,1,7,1.2491,1.2499,47,22,1,7,1.249,1.25,29,16,7,7,1.2489,1.2501,24,33,3,7,1.2488,1.2502,37,30,4,3,1.2487,1.2503,39,25,4,5,1.2486,1.2504,12,6,3,3,1.2485,1.2505,32,21,6,6
2024-12-30T10:05:40.000000000Z,2024-12-30T10:05:40.000000000Z,10,1,29307,A,N,0,1.2494,0,0,0,1508,6BH5,1.2493,1.2495,22,32,7,2,1.2492,1.2496,46,35,7,1,1.2491,1.2497,20,46,5,1,1.249,1.2498,11,10,6,6,1.2489,1.2499,49,14,6,6,1.2488,1.25,45,42,2,3,1.2487,1.2501,47,21,5,1,1.2486,1.2502,15,34,5,6,1.2485,1.2503,13,6,2,2,1.2484,1.2504,16,23,1,6
2024-12-30T10:05:45.000000000Z,2024-12-30T10:05:45.000000000Z,10,1,29307,A,N,0,1.2493,0,0,0,1509,6BH5,1.2492,1.2494,15,47,3,3,1.2491,1.2495,8,25,1,4,1.249,1.2496,296,312,1,3,1.2489,1.2497,17,39,1,7,1.2488,1.2498,34,44,6,6,1.2487,1.2499,30,5,1,4,1.2486,1.25,18,22,4,1,1.2485,1.2501,41,33,6,2,1.2484,1.2502,22,19,6,3,1.2483,1.2503,38,13,1,7
2024-12-30T10:05:50.000000000Z,2024-12-30T10:05:50.000000000Z,10,1,29307,A,N,0,1.2493,0,0,0,1510,6BH5,1.2492,1.2494,31,46,2,5,1.2491,1.2495,35,32,1,1,1.249,1.2496,40,23,3,5,1.2489,1.2497,16,33,2,6,1.2488,1.2498,16,38,7,7,1.2487,1.2499,31,39,3,3,1.2486,1.25,31,37,7,7,1.2485,1.2501,5,31,4,3,1.2484,1.2502,25,12,5,5,1.2483,1.2503,6,13,5,2
2024-12-30T10:05:55.000000000Z,2024-12-30T10:05:55.000000000Z,10,1,29307,A,N,0,1.2494,0,0,0,1511,6BH5,1.2493,1.2495,13,19,1,7,1.2492,1.2496,41,13,6,6,1.2491,1.2497,24,27,7,2,1.249,1.2498,8,29,6,3,1.2489,1.2499,41,38,1,1,1.2488,1.25,48,39,3,5,1.2487,1.2501,27,45,4,7,1.2486,1.2502,14,21,6,2,1.2485,1.2503,48,43,7,5,1.2484,1.2504,24,28,6,3
2024-12-30T10:06:00.000000000Z,2024-12-30T10:06:00.000000000Z,10,1,29307,A,N,0,1.2494,0,0,0,1512,6BH5,1.2493,1.2495,22,20,6,7,1.2492,1.2496,20,44,7,6,1.2491,1.2497,17,8,2,5,1.249,1.2498,37,9,2,4,1.2489,1.2499,41,15,3,2,1.2488,1.25,29,7,6,4,1.2487,1.2501,48,19,4,1,1.2486,1.2502,14,21,7,5,1.2485,1.2503,39,13,3,1,1.2484,1.2504,30,42,3,5
2024-12-30T10:06:05.000000000Z,2024-12-30T10:06:05.000000000Z,10,1,29307,A,N,0,1.2494,0,0,0,1513,6BH5,1.2493,1.2495,47,13,4,4,1.2492,1.2496,26,24,6,4,1.2491,1.2497,47,36,2,2,1.249,1.2498,41,19,3,4,1.2489,1.2499,37,42,4,2,1.2488,1.25,36,40,2,7,1.2487,1.2501,29,13,1,5,1.2486,1.2502,28,45,3,3,1.2485,1.2503,45,20,2,7,1.2484,1.2504,18,14,2,6
2024-12-30T10:06:10.000000000Z,2024-12-30T10:06:10.000000000Z,10,1,29307,A,N,0,1.2493,0,0,0,1514,6BH5,1.2492,1.2494,26,6,7,4,1.2491,1.2495,41,17,1,3,1.249,1.2496,41,22,2,5,1.2489,1.2497,34,36,3,6,1.2488,1.2498,10,18,3,2,1.2487,1.2499,35,23,5,6,1.2486,1.25,31,39,3,5,1.2485,1.2501,39,40,5,4,1.2484,1.2502,64,48,5,3,1.2483,1.2503,8,10,3,1
2024-12-30T10:06:15.000000000Z,2024-12-30T10:06:15.000000000Z,10,1,29307,A,N,0,1.2493,0,0,0,1515,6BH5,1.2492,1.2494,25,16,7,4,1.2491,1.2495,47,47,1,5,1.249,1.2496,29,24,6,3,1.2489,1.2497,34,43,7,3,1.2488,1.2498,26,21,7,4,1.2487,1.2499,38,5,1,4,1.2486,1.25,16,26,1,3,1.2485,1.2501,21,32,2,7,1.2484,1.2502,8,45,6,7,1.2483,1.2503,12,45,3,7
2024-12-30T10:06:20.000000000Z,2024-12-30T10:06:20.000000000Z,10,1,29307,A,N,0,1.2494,0,0,0,1516,6BH5,1.2493,1.2495,22,6,6,4,1.2492,1.2496,8,42,4,6,1.2491,1.2497,24,10,7,5,1.249,1.2498,34,40,4,3,1.2489,1.2499,33,20,6,4,1.2488,1.25,20,25,2,1,1.2487,1.2501,6,28,6,6,1.2486,1.2502,30,41,2,2,1.2485,1.2503,5,6,1,3,1.2484,1.2504,31,47,2,7
2024-12-30T10:06:25.000000000Z,2024-12-30T10:06:25.000000000Z,10,1,29307,A,N,0,1.2495,0,0,0,1517,6BH5,1.2494,1.2496,48,272,3,7,1.2493,1.2497,41,33,3,2,1.2492,1.2498,41,22,6,5,1.2491,1.2499,49,42,6,2,1.249,1.25,20,8,5,6,1.2489,1.2501,18,15,2,2,1.2488,1.2502,10,21,5,3,1.2487,1.2503,8,30,3,3,1.2486,1.2504,33,6,3,4,1.2485,1.2505,25,21,5,5
2024-12-30T10:06:30.000000000Z,2024-12-30T10:06:30.000000000Z,10,1,29307,A,N,0,1.2494,0,0,0,1518,6BH5,1.2493,1.2495,7,46,4,7,1.2492,1.2496,5,32,7,4,1.2491,1.2497,5,20,3,4,1.249,1.2498,128,272,4,4,1.2489,1.2499,45,42,4,1,1.2488,1.25,12,33,7,6,1.2487,1.2501,31,44,5,3,1.2486,1.2502,39,40,3,5,1.2485,1.2503,25,41,4,4,1.2484,1.2504,32,48,2,2
2024-12-30T10:06:35.000000000Z,2024-12-30T10:06:35.000000000Z,10,1,29307,A,N,0,1.2494,0,0,0,1519,6BH5,1.2493,1.2495,7,9,7,4,1.2492,1.2496,45,36,2,1,1.2491,1.2497,10,35,2,2,1.249,1.2498,9,45,3,4,1.2489,1.2499,25,41,5,1,1.2488,1.25,34,37,2,1,1.2487,1.2501,30,45,1,7,1.2486,1.2502,47,43,4,5,1.2485,1.2503,27,16,6,2,1.2484,1.2504,18,40,6,7
2024-12-30T10:06:40.000000000Z,2024-12-30T10:06:40.000000000Z,10,1,29307,A,N,0,1.2494,0,0,0,1520,6BH5,1.2493,1.2495,11,8,1,1,1.2492,1.2496,27,25,7,7,1.2491,1.2497,31,21,5,2,1.249,1.2498,11,35,7,7,1.2489,1.2499,6,21,2,7,1.2488,1.25,15,48,1,7,1.2487,1.2501,8,41,2,5,1.2486,1.2502,45,34,6,6,1.2485,1.2503,37,19,4,4,1.2484,1.2504,28,44,1,1
2024-12-30T10:06:45.000000000Z,2024-12-30T10:06:45.000000000Z,10,1,29307,A,N,0,1.2493,0,0,0,1521,6BH5,1.2492,1.2494,16,19,3,4,1.2491,1.2495,31,41,2,5,1.249,1.2496,43,19,3,5,1.2489,1.2497,10,38,5,1,1.2488,1.2498,19,46,3,4,1.2487,1.2499,32,36,7,1,1.2486,1.25,27,9,3,3,1.2485,1.2501,42,8,4,2,1.2484,1.2502,46,10,6,2,1.2483,1.2503,32,47,2,5
2024-12-30T10:06:50.000000000Z,2024-12-30T10:06:50.000000000Z,10,1,29307,A,N,0,1.2493,0,0,0,1522,6BH5,1.2492,1.2494,26,19,3,2,1.2491,1.2495,15,12,5,5,1.249,1.2496,27,28,5,6,1.2489,1.2497,9,19,3,1,1.2488,1.2498,28,42,3,2,1.2487,1.2499,28,31,5,7,1.2486,1.25,26,42,6,1,1.2485,1.2501,21,46,7,3,1.2484,1.2502,7,17,6,1,1.2483,1.2503,42,37,2,7
2024-12-30T10:06:55.000000000Z,2024-12-30T10:06:55.000000000Z,10,1,29307,A,N,0,1.2493,0,0,0,1523,6BH5,1.2492,1.2494,29,18,3,6,1.2491,1.2495,11,12,7,2,1.249,1.2496,28,32,2,4,1.2489,1.2497,40,19,5,6,1.2488,1.2498,296,240,1,7,1.2487,1.2499,7,31,1,6,1.2486,1.25,15,21,7,4,1.2485,1.2501,160,376,1,6,1.2484,1.2502,19,37,7,5,1.2483,1.2503,272,88,5,5
2024-12-30T10:07:00.000000000Z,2024-12-30T10:07:00.000000000Z,10,1,29307,A,N,0,1.2492,0,0,0,1524,6BH5,1.2491,1.2493,7,30,4,2,1.249,1.2494,34,34,1,5,1.2489,1.2495,29,8,6,3,1.2488,1.2496,6,21,1,5,1.2487,1.2497,47,27,5,5,1.2486,1.2498,25,13,7,2,1.2485,1.2499,29,20,5,4,1.2484,1.25,38,9,1,1,1.2483,1.2501,11,46,4,4,1.2482,1.2502,17,39,3,2
2024-12-30T10:07:05.000000000Z,2024-12-30T10:07:05.000000000Z,10,1,29307,A,N,0,1.2493,0,0,0,1525,6BH5,1.2492,1.2494,47,15,5,3,1.2491,1.2495,46,10,6,2,1.249,1.2496,30,19,4,2,1.2489,1.2497,39,32,5,7,1.2488,1.2498,6,22,1,7,1.2487,1.2499,6,49,5,6,1.2486,1.25,25,24,2,2,1.2485,1.2501,43,8,3,4,1.2484,1.2502,49,12,5,4,1.2483,1.2503,49,35,7,7
2024-12-30T10:07:10.000000000Z,2024-12-30T10:07:10.000000000Z,10,1,29307,A,N,0,1.2492,0,0,0,1526,6BH5,1.2491,1.2493,6,45,5,4,1.249,1.2494,5,43,3,3,1.2489,1.2495,21,46,6,5,1.2488,1.2496,22,28,1,4,1.2487,1.2497,17,41,3,5,1.2486,1.2498,38,12,6,4,1.2485,1.2499,336,96,1,1,1.2484,1.25,35,35,4,3,1.2483,1.2501,29,17,5,5,1.2482,1.2502,11,42,6,2
2024-12-30T10:07:15.000000000Z,2024-12-30T10:07:15.000000000Z,10,1,29307,A,N,0,1.2493,0,0,0,1527,6BH5,1.2492,1.2494,49,37,4,7,1.2491,1.2495,13,23,4,6,1.249,1.2496,36,32,3,6,1.2489,1.2497,14,39,6,2,1.2488,1.2498,31,38,7,3,1.2487,1.2499,36,49,3,2,1.2486,1.25,20,39,2,6,1.2485,1.2501,46,41,6,2,1.2484,1.2502,160,48,4,6,1.2483,1.2503,5,31,6,1
2024-12-30T10:07:20.000000000Z,2024-12-30T10:07:20.000000000Z,10,1,29307,A,N,0,1.2494,0,0,0,1528,6BH5,1.2493,1.2495,43,39,1,5,1.2492,1.2496,5,11,7,1,1.2491,1.2497,38,32,7,6,1.249,1.2498,28,19,3,7,1.2489,1.2499,14,16,1,5,1.2488,1.25,21,13,7,2,1.2487,1.2501,64,200,7,6,1.2486,1.2502,10,13,6,4,1.2485,1.2503,7,49,7,7,1.2484,1.2504,40,39,6,1
2024-12-30T10:07:25.000000000Z,2024-12-30T10:07:25.000000000Z,10,1,29307,A,N,0,1.2495,0,0,0,1529,6BH5,1.2494,1.2496,25,19,2,1,1.2493,1.2497,14,19,5,6,1.2492,1.2498,48,48,1,7,1.2491,1.2499,37,12,3,3,1.249,1.25,45,31,4,1,1.2489,1.2501,47,34,3,7,1.2488,1.2502,16,44,3,2,1.2487,1.2503,36,16,5,4,1.2486,1.2504,24,26,3,4,1.2485,1.2505,24,9,3,7
2024-12-30T10:07:30.000000000Z,2024-12-30T10:07:30.000000000Z,10,1,29307,A,N,0,1.2494,0,0,0,1530,6BH5,1.2493,1.2495,44,11,6,5,1.2492,1.2496,33,16,5,4,1.2491,1.2497,208,176,1,6,1.249,1.2498,13,14,3,6,1.2489,1.2499,32,34,1,2,1.2488,1.25,30,23,7,3,1.2487,1.2501,30,49,3,5,1.2486,1.2502,11,14,5,2,1.2485,1.2503,26,34,6,5,1.2484,1.2504,160,384,1,6
2024-12-30T10:07:35.000000000Z,2024-12-30T10:07:35.000000000Z,10,1,29307,A,N,0,1.2495,0,0,0,1531,6BH5,1.2494,1.2496,37,12,3,1,1.2493,1.2497,48,44,3,6,1.2492,1.2498,49,36,5,1,1.2491,1.2499,7,7,6,1,1.249,1.25,9,17,3,7,1.2489,1.2501,13,25,1,2,1.2488,1.2502,16,15,4,2,1.2487,1.2503,43,37,7,1,1.2486,1.2504,25,49,1,1,1.2485,1.2505,19,6,5,4
2024-12-30T10:07:40.000000000Z,2024-12-30T10:07:40.000000000Z,10,1,29307,A,N,0,1.2496,0,0,0,1532,6BH5,1.2495,1.2497,12,39,7,7,1.2494,1.2498,30,21,7,6,1.2493,1.2499,15,42,2,7,1.2492,1.25,35,36,3,2,1.2491,1.2501,11,25,1,7,1.249,1.2502,22,43,7,1,1.2489,1.2503,39,28,6,3,1.2488,1.2504,7,10,1,4,1.2487,1.2505,8,14,7,7,1.2486,1.2506,47,8,5,3
2024-12-30T10:07:45.000000000Z,2024-12-30T10:07:45.000000000Z,10,1,29307,A,N,0,1.2495,0,0,0,1533,6BH5,1.2494,1.2496,47,42,2,6,1.2493,1.2497,42,16,3,7,1.2492,1.2498,45,14,7,2,1.2491,1.2499,17,28,7,6,1.249,1.25,48,19,4,4,1.2489,1.2501,44,36,5,5,1.2488,1.2502,11,46,5,7,1.2487,1.2503,26,21,2,6,1.2486,1.2504,43,21,2,4,1.2485,1.2505,30,29,4,3
2024-12-30T10:07:50.000000000Z,2024-12-30T10:07:50.000000000Z,10,1,29307,A,N,0,1.2495,0,0,0,1534,6BH5,1.2494,1.2496,7,48,4,7,1.2493,1.2497,26,17,4,4,1.2492,1.2498,31,15,6,7,1.2491,1.2499,12,15,1,7,1.249,1.25,14,13,7,5,1.2489,1.2501,20,8,6,6,1.2488,1.2502,16,32,4,1,1.2487,1.2503,37,5,2,1,1.2486,1.2504,13,9,6,2,1.2485,1.2505,33,20,1,3
2024-12-30T10:07:55.000000000Z,2024-12-30T10:07:55.000000000Z,10,1,29307,A,N,0,1.2494,0,0,0,1535,6BH5,1.2493,1.2495,28,24,4,4,1.2492,1.2496,46,47,4,5,1.2491,1.2497,23,16,1,2,1.249,1.2498,30,38,5,2,1.2489,1.2499,45,40,5,5,1.2488,1.25,25,16,4,7,1.2487,1.2501,16,6,3,6,1.2486,1.2502,43,22,2,1,1.2485,1.2503,16,22,6,1,1.2484,1.2504,48,11,5,2
2024-12-30T10:08:00.000000000Z,2024-12-30T10:08:00.000000000Z,10,1,29307,A,N,0,1.2495,0,0,0,1536,6BH5,1.2494,1.2496,17,36,4,1,1.2493,1.2497,20,16,4,3,1.2492,1.2498,37,40,4,3,1.2491,1.2499,12,12,7,1,1.249,1.25,19,22,3,6,1.2489,1.2501,38,23,6,1,1.2488,1.2502,33,46,2,7,1.2487,1.2503,27,17,4,7,1.2486,1.2504,21,25,4,6,1.2485,1.2505,25,5,1,7
2024-12-30T10:08:05.000000000Z,2024-12-30T10:08:05.000000000Z,10,1,29307,A,N,0,1.2496,0,0,0,1537,6BH5,1.2495,1.2497,18,16,7,7,1.2494,1.2498,29,26,5,1,1.2493,1.2499,12,15,6,3,1.2492,1.25,25,29,7,5,1.2491,1.2501,22,16,5,7,1.249,1.2502,12,40,7,5,1.2489,1.2503,12,23,2,6,1.2488,1.2504,21,21,7,7,1.2487,1.2505,26,29,3,6,1.2486,1.2506,19,26,6,6
2024-12-30T10:08:10.000000000Z,2024-12-30T10:08:10.000000000Z,10,1,29307,A,N,0,1.2497,0,0,0,1538,6BH5,1.2496,1.2498,45,27,2,4,1.2495,1.2499,48,11,3,3,1.2494,1.25,41,5,5,1,1.2493,1.2501,248,104,1,4,1.2492,1.2502,20,11,2,3,1.2491,1.2503,27,39,2,6,1.249,1.2504,35,32,3,1,1.2489,1.2505,13,27,5,1,1.2488,1.2506,37,26,2,2,1.2487,1.2507,15,23,3,3
2024-12-30T10:08:15.000000000Z,2024-12-30T10:08:15.000000000Z,10,1,29307,A,N,0,1.2498,0,0,0,1539,6BH5,1.2497,1.2499,15,26,1,6,1.2496,1.25,43,11,1,6,1.2495,1.2501,22,35,6,6,1.2494,1.2502,26,13,7,6,1.2493,1.2503,39,33,5,5,1.2492,1.2504,39,27,4,7,1.2491,1.2505,27,5,3,4,1.249,1.2506,20,13,1,6,1.2489,1.2507,11,20,6,3,1.2488,1.2508,5,24,1,2
2024-12-30T10:08:20.000000000Z,2024-12-30T10:08:20.000000000Z,10,1,29307,A,N,0,1.2498,0,0,0,1540,6BH5,1.2497,1.2499,41,28,1,5,1.2496,1.25,39,33,6,7,1.2495,1.2501,35,28,6,3,1.2494,1.2502,5,48,2,4,1.2493,1.2503,49,49,5,1,1.2492,1.2504,19,7,6,6,1.2491,1.2505,48,47,3,6,1.249,1.2506,40,35,3,5,1.2489,1.2507,33,42,4,6,1.2488,1.2508,43,5,4,2
2024-12-30T10:08:25.000000000Z,2024-12-30T10:08:25.000000000Z,10,1,29307,A,N,0,1.2497,0,0,0,1541,6BH5,1.2496,1.2498,7,24,4,6,1.2495,1.2499,13,49,1,4,1.2494,1.25,42,5,6,1,1.2493,1.2501,46,23,1,6,1.2492,1.2502,45,16,4,6,1.2491,1.2503,38,27,4,4,1.249,1.2504,6,6,6,7,1.2489,1.2505,32,15,2,1,1.2488,1.2506,33,33,6,2,1.2487,1.2507,44,42,7,1
2024-12-30T10:08:30.000000000Z,2024-12-30T10:08:30.000000000Z,10,1,29307,A,N,0,1.2496,0,0,0,1542,6BH5,1.2495,1.2497,14,45,3,7,1.2494,1.2498,8,48,4,1,1.2493,1.2499,9,12,6,5,1.2492,1.25,27,26,5,3,1.2491,1.2501,7,32,4,7,1.249,1.2502,27,17,6,1,1.2489,1.2503,272,216,1,5,1.2488,1.2504,46,45,1,4,1.2487,1.2505,8,13,7,2,1.2486,1.2506,48,320,3,5
2024-12-30T10:08:35.000000000Z,2024-12-30T10:08:35.000000000Z,10,1,29307,A,N,0,1.2495,0,0,0,1543,6BH5,1.2494,1.2496,13,16,5,6,1.2493,1.2497,48,41,5,6,1.2492,1.2498,19,23,1,3,1.2491,1.2499,42,15,6,4,1.249,1.25,25,39,4,4,1.2489,1.2501,7,24,6,1,1.2488,1.2502,18,5,1,4,1.2487,1.2503,32,43,5,2,1.2486,1.2504,13,27,3,4,1.2485,1.2505,38,6,7,2
2024-12-30T10:08:40.000000000Z,2024-12-30T10:08:40.000000000Z,10,1,29307,A,N,0,1.2495,0,0,0,1544,6BH5,1.2494,1.2496,12,9,3,1,1.2493,1.2497,43,11,5,7,1.2492,1.2498,17,29,7,2,1.2491,1.2499,6,19,7,3,1.249,1.25,240,272,6,5,1.2489,1.2501,47,12,6,2,1.2488,1.2502,34,39,1,3,1.2487,1.2503,47,9,3,6,1.2486,1.2504,39,15,6,6,1.2485,1.2505,9,41,3,5
2024-12-30T10:08:45.000000000Z,2024-12-30T10:08:45.000000000Z,10,1,29307,A,N,0,1.2496,0,0,0,1545,6BH5,1.2495,1.2497,37,27,2,7,1.2494,1.2498,20,13,4,3,1.2493,1.2499,16,46,1,2,1.2492,1.25,13,23,4,1,1.2491,1.2501,44,48,1,5,1.249,1.2502,37,31,5,3,1.2489,1.2503,21,6,4,1,1.2488,1.2504,29,32,7,4,1.2487,1.2505,48,5,3,1,1.2486,1.2506,37,48,5,5
2024-12-30T10:08:50.000000000Z,2024-12-30T10:08:50.000000000Z,10,1,29307,A,N,0,1.2497,0,0,0,1546,6BH5,1.2496,1.2498,19,33,1,5,1.2495,1.2499,20,33,1,3,1.2494,1.25,19,13,4,2,1.2493,1.2501,36,26,3,2,1.2492,1.2502,35,14,4,5,1.2491,1.2503,46,48,7,1,1.249,1.2504,34,27,4,7,1.2489,1.2505,47,30,2,4,1.2488,1.2506,30,35,2,1,1.2487,1.2507,36,43,3,3
2024-12-30T10:08:55.000000000Z,2024-12-30T10:08:55.000000000Z,10,1,29307,A,N,0,1.2496,0,0,0,1547,6BH5,1.2495,1.2497,33,40,7,2,1.2494,1.2498,8,37,1,5,1.2493,1.2499,33,7,1,2,1.2492,1.25,44,11,3,5,1.2491,1.2501,15,47,5,1,1.249,1.2502,49,39,1,5,1.2489,1.2503,35,16,4,2,1.2488,1.2504,40,6,5,4,1.2487,1.2505,28,29,4,5,1.2486,1.2506,22,24,1,5
2024-12-30T10:09:00.000000000Z,2024-12-30T10:09:00.000000000Z,10,1,29307,A,N,0,1.2496,0,0,0,1548,6BH5,1.2495,1.2497,16,38,4,5,1.2494,1.2498,14,26,1,1,1.2493,1.2499,14,19,7,5,1.2492,1.25,9,42,7,3,1.2491,1.2501,21,33,3,7,1.249,1.2502,18,24,7,7,1.2489,1.2503,43,24,7,1,1.2488,1.2504,23,36,4,4,1.2487,1.2505,200,352,3,3,1.2486,1.2506,16,9,2,7
2024-12-30T10:09:05.000000000Z,2024-12-30T10:09:05.000000000Z,10,1,29307,A,N,0,1.2496,0,0,0,1549,6BH5,1.2495,1.2497,21,45,4,6,1.2494,1.2498,21,48,7,3,1.2493,1.2499,48,10,2,2,1.2492,1.25,9,41,7,2,1.2491,1.2501,176,88,6,7,1.249,1.2502,24,19,4,6,1.2489,1.2503,7,7,1,7,1.2488,1.2504,38,40,1,3,1.2487,1.2505,28,39,3,6,1.2486,1.2506,13,16,5,5
2024-12-30T10:09:10.000000000Z,2024-12-30T10:09:10.000000000Z,10,1,29307,A,N,0,1.2496,0,0,0,1550,6BH5,1.2495,1.2497,35,30,7,2,1.2494,1.2498,10,33,7,2,1.2493,1.2499,49,44,7,4,1.2492,1.25,12,44,3,1,1.2491,1.2501,27,34,7,5,1.249,1.2502,47,15,7,5,1.2489,1.2503,42,30,5,5,1.2488,1.2504,22,13,5,4,1.2487,1.2505,29,18,1,3,1.2486,1.2506,14,13,5,7
2024-12-30T10:09:15.000000000Z,2024-12-30T10:09:15.000000000Z,10,1,29307,A,N,0,1.2496,0,0,0,1551,6BH5,1.2495,1.2497,40,44,5,5,1.2494,1.2498,256,152,7,3,1.2493,1.2499,21,10,6,6,1.2492,1.25,18,23,4,3,1.2491,1.2501,38,48,5,5,1.249,1.2502,18,6,4,6,1.2489,1.2503,16,16,4,1,1.2488,1.2504,23,5,4,1,1.2487,1.2505,11,37,6,4,1.2486,1.2506,32,41,5,3
2024-12-30T10:09:20.000000000Z,2024-12-30T10:09:20.000000000Z,10,1,29307,A,N,0,1.2496,0,0,0,1552,6BH5,1.2495,1.2497,26,9,5,2,1.2494,1.2498,192,176,5,5,1.2493,1.2499,40,22,4,1,1.2492,1.25,29,40,2,1,1.2491,1.2501,24,15,2,4,1.249,1.2502,29,14,1,1,1.2489,1.2503,19,44,7,1,1.2488,1.2504,26,41,6,7,1.2487,1.2505,15,14,6,3,1.2486,1.2506,26,41,3,1
2024-12-30T10:09:25.000000000Z,2024-12-30T10:09:25.000000000Z,10,1,29307,A,N,0,1.2497,0,0,0,1553,6BH5,1.2496,1.2498,15,37,6,4,1.2495,1.2499,5,12,4,3,1.2494,1.25,22,23,4,1,1.2493,1.2501,7,32,5,4,1.2492,1.2502,184,360,5,7,1.2491,1.2503,10,46,1,5,1.249,1.2504,7,49,1,7,1.2489,1.2505,38,38,1,6,1.2488,1.2506,5,47,7,5,1.2487,1.2507,21,42,3,6
2024-12-30T10:09:30.000000000Z,2024-12-30T10:09:30.000000000Z,10,1,29307,A,N,0,1.2498,0,0,0,1554,6BH5,1.2497,1.2499,40,22,2,1,1.2496,1.25,49,43,2,7,1.2495,1.2501,8,21,3,5,1.2494,1.2502,42,41,5,4,1.2493,1.2503,29,35,7,4,1.2492,1.2504,15,33,3,5,1.2491,1.2505,46,6,4,6,1.249,1.2506,25,24,6,4,1.2489,1.2507,7,12,6,4,1.2488,1.2508,28,13,2,3
2024-12-30T10:09:35.000000000Z,2024-12-30T10:09:35.000000000Z,10,1,29307,A,N,0,1.2499,0,0,0,1555,6BH5,1.2498,1.25,43,19,1,4,1.2497,1.2501,8,21,1,7,1.2496,1.2502,42,22,5,1,1.2495,1.2503,21,29,6,5,1.2494,1.2504,25,16,6,7,1.2493,1.2505,29,32,7,4,1.2492,1.2506,352,264,3,6,1.2491,1.2507,34,41,3,4,1.249,1.2508,9,13,2,3,1.2489,1.2509,17,34,3,1
2024-12-30T10:09:40.000000000Z,2024-12-30T10:09:40.000000000Z,10,1,29307,A,N,0,1.2498,0,0,0,1556,6BH5,1.2497,1.2499,25,8,1,1,1.2496,1.25,35,10,1,4,1.2495,1.2501,46,31,1,2,1.2494,1.2502,5,18,4,7,1.2493,1.2503,21,45,1,1,1.2492,1.2504,42,39,2,4,1.2491,1.2505,7,6,7,4,1.249,1.2506,39,33,5,6,1.2489,1.2507,10,29,3,6,1.2488,1.2508,120,296,4,3
2024-12-30T10:09:45.000000000Z,2024-12-30T10:09:45.000000000Z,10,1,29307,A,N,0,1.2497,0,0,0,1557,6BH5,1.2496,1.2498,39,17,6,3,1.2495,1.2499,43,8,5,3,1.2494,1.25,20,15,6,7,1.2493,1.2501,34,35,6,7,1.2492,1.2502,25,10,7,2,1.2491,1.2503,16,15,2,2,1.249,1.2504,25,10,6,4,1.2489,1.2505,16,34,1,7,1.2488,1.2506,26,31,4,3,1.2487,1.2507,18,44,4,5
2024-12-30T10:09:50.000000000Z,2024-12-30T10:09:50.000000000Z,10,1,29307,A,N,0,1.2497,0,0,0,1558,6BH5,1.2496,1.2498,15,36,5,1,1.2495,1.2499,27,9,2,6,1.2494,1.25,6,44,1,7,1.2493,1.2501,26,11,5,7,1.2492,1.2502,49,39,6,4,1.2491,1.2503,47,30,7,7,1.249,1.2504,29,47,3,1,1.2489,1.2505,42,29,7,4,1.2488,1.2506,26,27,4,7,1.2487,1.2507,11,38,3,3
2024-12-30T10:09:55.000000000Z,2024-12-30T10:09:55.000000000Z,10,1,29307,A,N,0,1.2498,0,0,0,1559,6BH5,1.2497,1.2499,15,47,1,7,1.2496,1.25,30,14,1,7,1.2495,1.2501,24,19,3,6,1.2494,1.2502,39,44,2,7,1.2493,1.2503,13,45,6,5,1.2492,1.2504,48,30,4,7,1.2491,1.2505,47,40,4,2,1.249,1.2506,20,27,4,3,1.2489,1.2507,40,26,6,3,1.2488,1.2508,25,17,5,2
2024-12-30T10:10:00.000000000Z,2024-12-30T10:10:00.000000000Z,10,1,29307,A,N,0,1.2499,0,0,0,1560,6BH5,1.2498,1.25,48,34,1,1,1.2497,1.2501,8,8,6,3,1.2496,1.2502,16,46,4,1,1.2495,1.2503,14,11,2,7,1.2494,1.2504,128,128,5,2,1.2493,1.2505,15,34,2,7,1.2492,1.2506,104,104,2,6,1.2491,1.2507,6,21,2,1,1.249,1.2508,34,21,6,7,1.2489,1.2509,23,10,4,4
2024-12-30T10:10:05.000000000Z,2024-12-30T10:10:05.000000000Z,10,1,29307,A,N,0,1.2499,0,0,0,1561,6BH5,1.2498,1.25,42,18,6,5,1.2497,1.2501,9,21,4,3,1.2496,1.2502,34,48,3,3,1.2495,1.2503,24,17,7,4,1.2494,1.2504,36,39,5,3,1.2493,1.2505,11,7,6,2,1.2492,1.2506,44,13,2,6,1.2491,1.2507,31,37,4,5,1.249,1.2508,46,10,2,3,1.2489,1.2509,26,17,3,4
2024-12-30T10:10:10.000000000Z,2024-12-30T10:10:10.000000000Z,10,1,29307,A,N,0,1.25,0,0,0,1562,6BH5,1.2499,1.2501,312,136,6,6,1.2498,1.2502,31,26,1,5,1.2497,1.2503,28,27,5,3,1.2496,1.2504,11,28,7,7,1.2495,1.2505,26,33,4,5,1.2494,1.2506,31,45,5,1,1.2493,1.2507,46,42,1,5,1.2492,1.2508,23,20,7,1,1.2491,1.2509,8,43,6,7,1.249,1.251,5,25,2,7
2024-12-30T10:10:15.000000000Z,2024-12-30T10:10:15.000000000Z,10,1,29307,A,N,0,1.25,0,0,0,1563,6BH5,1.2499,1.2501,38,33,4,7,1.2498,1.2502,16,37,6,6,1.2497,1.2503,38,21,2,1,1.2496,1.2504,31,19,7,7,1.2495,1.2505,44,13,7,5,1.2494,1.2506,25,5,5,4,1.2493,1.2507,28,28,1,2,1.2492,1.2508,39,14,3,7,1.2491,1.2509,47,19,3,7,1.249,1.251,36,41,1,2
2024-12-30T10:10:20.000000000Z,2024-12-30T10:10:20.000000000Z,10,1,29307,A,N,0,1.2499,0,0,0,1564,6BH5,1.2498,1.25,37,37,6,5,1.2497,1.2501,15,33,4,6,1.2496,1.2502,31,45,3,3,1.2495,1.2503,16,11,3,4,1.2494,1.2504,40,46,2,3,1.2493,1.2505,32,49,4,4,1.2492,1.2506,39,21,7,3,1.2491,1.2507,11,22,5,4,1.249,1.2508,27,32,1,2,1.2489,1.2509,23,48,7,3
2024-12-30T10:10:25.000000000Z,2024-12-30T10:10:25.000000000Z,10,1,29307,A,N,0,1.25,0,0,0,1565,6BH5,1.2499,1.2501,25,39,2,2,1.2498,1.2502,15,17,1,4,1.2497,1.2503,28,49,2,1,1.2496,1.2504,10,45,4,6,1.2495,1.2505,48,36,6,7,1.2494,1.2506,24,41,3,6,1.2493,1.2507,47,38,1,7,1.2492,1.2508,5,49,6,2,1.2491,1.2509,24,46,2,1,1.249,1.251,17,12,7,3
2024-12-30T10:10:30.000000000Z,2024-12-30T10:10:30.000000000Z,10,1,29307,A,N,0,1.2501,0,0,0,1566,6BH5,1.25,1.2502,27,40,4,1,1.2499,1.2503,264,56,5,1,1.2498,1.2504,38,30,5,1,1.2497,1.2505,27,32,2,3,1.2496,1.2506,17,30,7,3,1.2495,1.2507,27,40,2,3,1.2494,1.2508,47,17,4,7,1.2493,1.2509,18,11,5,1,1.2492,1.251,22,45,1,6,1.2491,1.2511,42,40,1,3
2024-12-30T10:10:35.000000000Z,2024-12-30T10:10:35.000000000Z,10,1,29307,A,N,0,1.25,0,0,0,1567,6BH5,1.2499,1.2501,34,12,1,6,1.2498,1.2502,35,36,4,1,1.2497,1.2503,38,23,2,5,1.2496,1.2504,47,33,3,4,1.2495,1.2505,72,264,2,5,1.2494,1.2506,6,10,4,3,1.2493,1.2507,31,49,5,6,1.2492,1.2508,23,5,7,2,1.2491,1.2509,36,39,3,1,1.249,1.251,49,28,6,4
2024-12-30T10:10:40.000000000Z,2024-12-30T10:10:40.000000000Z,10,1,29307,A,N,0,1.25,0,0,0,1568,6BH5,1.2499,1.2501,28,27,1,1,1.2498,1.2502,10,26,2,5,1.2497,1.2503,15,41,6,7,1.2496,1.2504,16,31,2,6,1.2495,1.2505,5,49,2,1,1.2494,1.2506,44,33,2,2,1.2493,1.2507,48,47,1,4,1.2492,1.2508,46,22,3,6,1.2491,1.2509,288,192,7,3,1.249,1.251,47,40,3,5
2024-12-30T10:10:45.000000000Z,2024-12-30T10:10:45.000000000Z,10,1,29307,A,N,0,1.25,0,0,0,1569,6BH5,1.2499,1.2501,37,19,6,6,1.2498,1.2502,9,23,2,3,1.2497,1.2503,112,320,1,5,1.2496,1.2504,33,43,3,4,1.2495,1.2505,41,40,5,1,1.2494,1.2506,33,19,7,5,1.2493,1.2507,43,49,5,1,1.2492,1.2508,352,96,6,6,1.2491,1.2509,17,41,6,2,1.249,1.251,8,11,4,6
2024-12-30T10:10:50.000000000Z,2024-12-30T10:10:50.000000000Z,10,1,29307,A,N,0,1.2499,0,0,0,1570,6BH5,1.2498,1.25,16,28,7,5,1.2497,1.2501,47,22,1,2,1.2496,1.2502,22,15,3,7,1.2495,1.2503,26,49,6,7,1.2494,1.2504,9,46,3,2,1.2493,1.2505,25,49,4,5,1.2492,1.2506,28,39,2,1,1.2491,1.2507,43,34,4,1,1.249,1.2508,7,44,3,4,1.2489,1.2509,29,19,3,5
2024-12-30T10:10:55.000000000Z,2024-12-30T10:10:55.000000000Z,10,1,29307,A,N,0,1.25,0,0,0,1571,6BH5,1.2499,1.2501,19,34,3,3,1.2498,1.2502,18,49,4,5,1.2497,1.2503,26,29,2,4,1.2496,1.2504,10,37,6,4,1.2495,1.2505,39,39,1,2,1.2494,1.2506,6,9,7,7,1.2493,1.2507,25,42,4,4,1.2492,1.2508,27,12,4,6,1.2491,1.2509,42,5,2,4,1.249,1.251,16,29,4,1
2024-12-30T10:11:00.000000000Z,2024-12-30T10:11:00.000000000Z,10,1,29307,A,N,0,1.25,0,0,0,1572,6BH5,1.2499,1.2501,11,43,6,3,1.2498,1.2502,27,14,4,4,1.2497,1.2503,7,12,5,7,1.2496,1.2504,6,7,7,7,1.2495,1.2505,21,42,3,5,1.2494,1.2506,27,36,7,4,1.2493,1.2507,21,35,3,5,1.2492,1.2508,35,5,5,3,1.2491,1.2509,45,17,6,4,1.249,1.251,10,38,3,4
2024-12-30T10:11:05.000000000Z,2024-12-30T10:11:05.000000000Z,10,1,29307,A,N,0,1.2499,0,0,0,1573,6BH5,1.2498,1.25,37,28,7,3,1.2497,1.2501,19,5,6,4,1.2496,1.2502,19,35,1,6,1.2495,1.2503,24,8,2,7,1.2494,1.2504,10,35,4,3,1.2493,1.2505,13,12,5,2,1.2492,1.2506,39,38,2,3,1.2491,1.2507,9,31,7,2,1.249,1.2508,42,5,1,2,1.2489,1.2509,17,9,6,2
2024-12-30T10:11:10.000000000Z,2024-12-30T10:11:10.000000000Z,10,1,29307,A,N,0,1.2498,0,0,0,1574,6BH5,1.2497,1.2499,9,13,5,6,1.2496,1.25,30,18,6,2,1.2495,1.2501,30,6,1,6,1.2494,1.2502,41,6,4,7,1.2493,1.2503,44,26,4,4,1.2492,1.2504,64,360,3,5,1.2491,1.2505,9,47,3,3,1.249,1.2506,5,47,6,4,1.2489,1.2507,15,45,3,5,1.2488,1.2508,35,39,1,6
2024-12-30T10:11:15.000000000Z,2024-12-30T10:11:15.000000000Z,10,1,29307,A,N,0,1.2499,0,0,0,1575,6BH5,1.2498,1.25,40,32,3,4,1.2497,1.2501,33,49,6,1,1.2496,1.2502,21,42,7,5,1.2495,1.2503,23,23,5,2,1.2494,1.2504,29,19,3,5,1.2493,1.2505,28,6,1,5,1.2492,1.2506,37,46,4,5,1.2491,1.2507,48,27,2,2,1.249,1.2508,11,38,2,2,1.2489,1.2509,25,23,4,2
2024-12-30T10:11:20.000000000Z,2024-12-30T10:11:20.000000000Z,10,1,29307,A,N,0,1.25,0,0,0,1576,6BH5,1.2499,1.2501,29,17,3,3,1.2498,1.2502,35,6,4,5,1.2497,1.2503,27,21,6,3,1.2496,1.2504,11,5,1,3,1.2495,1.2505,37,15,5,1,1.2494,1.2506,49,33,7,1,1.2493,1.2507,35,49,2,4,1.2492,1.2508,34,16,3,2,1.2491,1.2509,216,104,1,6,1.249,1.251,37,6,2,4
2024-12-30T10:11:25.000000000Z,2024-12-30T10:11:25.000000000Z,10,1,29307,A,N,0,1.2501,0,0,0,1577,6BH5,1.25,1.2502,39,14,7,7,1.2499,1.2503,5,14,2,1,1.2498,1.2504,6,20,3,3,1.2497,1.2505,17,10,1,7,1.2496,1.2506,30,48,6,6,1.2495,1.2507,26,46,4,1,1.2494,1.2508,19,42,2,6,1.2493,1.2509,20,29,6,2,1.2492,1.251,38,13,5,2,1.2491,1.2511,46,16,5,7
2024-12-30T10:11:30.000000000Z,2024-12-30T10:11:30.000000000Z,10,1,29307,A,N,0,1.25,0,0,0,1578,6BH5,1.2499,1.2501,39,20,4,4,1.2498,1.2502,21,14,7,7,1.2497,1.2503,96,280,5,5,1.2496,1.2504,7,17,4,4,1.2495,1.2505,28,14,2,5,1.2494,1.2506,256,328,1,5,1.2493,1.2507,44,34,4,3,1.2492,1.2508,39,31,4,5,1.2491,1.2509,20,36,3,1,1.249,1.251,31,35,3,3
2024-12-30T10:11:35.000000000Z,2024-12-30T10:11:35.000000000Z,10,1,29307,A,N,0,1.2501,0,0,0,1579,6BH5,1.25,1.2502,280,104,5,4,1.2499,1.2503,30,44,7,3,1.2498,1.2504,8,37,4,5,1.2497,1.2505,136,392,5,6,1.2496,1.2506,15,13,7,5,1.2495,1.2507,11,15,7,1,1.2494,1.2508,32,12,7,5,1.2493,1.2509,8,49,1,6,1.2492,1.251,33,16,4,7,1.2491,1.2511,9,46,1,6
2024-12-30T10:11:40.000000000Z,2024-12-30T10:11:40.000000000Z,10,1,29307,A,N,0,1.2501,0,0,0,1580,6BH5,1.25,1.2502,10,12,6,2,1.2499,1.2503,13,17,2,6,1.2498,1.2504,35,47,5,4,1.2497,1.2505,41,11,5,2,1.2496,1.2506,10,49,6,4,1.2495,1.2507,216,264,7,3,1.2494,1.2508,24,30,5,5,1.2493,1.2509,38,9,5,6,1.2492,1.251,37,47,3,1,1.2491,1.2511,22,18,5,7
2024-12-30T10:11:45.000000000Z,2024-12-30T10:11:45.000000000Z,10,1,29307,A,N,0,1.2501,0,0,0,1581,6BH5,1.25,1.2502,21,11,5,7,1.2499,1.2503,26,27,4,7,1.2498,1.2504,34,49,2,4,1.2497,1.2505,25,17,7,4,1.2496,1.2506,30,18,5,3,1.2495,1.2507,31,18,2,2,1.2494,1.2508,38,29,7,3,1.2493,1.2509,31,30,4,7,1.2492,1.251,11,17,3,4,1.2491,1.2511,32,28,3,5
2024-12-30T10:11:50.000000000Z,2024-12-30T10:11:50.000000000Z,10,1,29307,A,N,0,1.2502,0,0,0,1582,6BH5,1.2501,1.2503,37,41,1,2,1.25,1.2504,6,26,6,5,1.2499,1.2505,18,37,1,2,1.2498,1.2506,17,48,3,4,1.2497,1.2507,6,41,4,6,1.2496,1.2508,28,12,6,1,1.2495,1.2509,17,32,2,4,1.2494,1.251,35,5,6,6,1.2493,1.2511,18,48,4,2,1.2492,1.2512,28,31,2,3
2024-12-30T10:11:55.000000000Z,2024-12-30T10:11:55.000000000Z,10,1,29307,A,N,0,1.2501,0,0,0,1583,6BH5,1.25,1.2502,46,36,3,2,1.2499,1.2503,23,11,1,6,1.2498,1.2504,10,23,7,1,1.2497,1.2505,30,8,4,3,1.2496,1.2506,48,11,4,1,1.2495,1.2507,12,14,1,2,1.2494,1.2508,49,43,6,7,1.2493,1.2509,38,39,3,3,1.2492,1.251,8,40,1,3,1.2491,1.2511,30,41,3,4
2024-12-30T10:12:00.000000000Z,2024-12-30T10:12:00.000000000Z,10,1,29307,A,N,0,1.2501,0,0,0,1584,6BH5,1.25,1.2502,28,41,4,6,1.2499,1.2503,19,20,7,2,1.2498,1.2504,43,30,4,1,1.2497,1.2505,40,14,6,1,1.2496,1.2506,46,40,5,5,1.2495,1.2507,38,42,3,4,1.2494,1.2508,13,47,7,5,1.2493,1.2509,24,18,2,7,1.2492,1.251,25,14,5,5,1.2491,1.2511,42,25,3,4
2024-12-30T10:12:05.000000000Z,2024-12-30T10:12:05.000000000Z,10,1,29307,A,N,0,1.25,0,0,0,1585,6BH5,1.2499,1.2501,48,8,6,2,1.2498,1.2502,36,18,4,2,1.2497,1.2503,39,19,3,4,1.2496,1.2504,42,25,2,4,1.2495,1.2505,26,46,5,3,1.2494,1.2506,48,27,2,6,1.2493,1.2507,32,23,4,4,1.2492,1.2508,31,48,2,1,1.2491,1.2509,5,15,3,4,1.249,1.251,17,28,2,2
2024-12-30T10:12:10.000000000Z,2024-12-30T10:12:10.000000000Z,10,1,29307,A,N,0,1.25,0,0,0,1586,6BH5,1.2499,1.2501,168,272,3,4,1.2498,1.2502,16,48,2,2,1.2497,1.2503,10,5,2,7,1.2496,1.2504,37,14,4,5,1.2495,1.2505,35,28,5,2,1.2494,1.2506,18,24,5,5,1.2493,1.2507,35,23,7,7,1.2492,1.2508,39,33,7,5,1.2491,1.2509,38,23,4,1,1.249,1.251,6,18,2,3
2024-12-30T10:12:15.000000000Z,2024-12-30T10:12:15.000000000Z,10,1,29307,A,N,0,1.2499,0,0,0,1587,6BH5,1.2498,1.25,42,32,7,6,1.2497,1.2501,42,35,1,6,1.2496,1.2502,28,33,5,2,1.2495,1.2503,31,12,5,4,1.2494,1.2504,16,12,2,1,1.2493,1.2505,104,144,1,7,1.2492,1.2506,43,31,3,2,1.2491,1.2507,28,43,3,2,1.249,1.2508,7,8,2,5,1.2489,1.2509,14,18,1,6
2024-12-30T10:12:20.000000000Z,2024-12-30T10:12:20.000000000Z,10,1,29307,A,N,0,1.25,0,0,0,1588,6BH5,1.2499,1.2501,41,25,1,3,1.2498,1.2502,19,45,6,1,1.2497,1.2503,36,44,7,6,1.2496,1.2504,19,48,5,2,1.2495,1.2505,10,26,4,6,1.2494,1.2506,18,11,7,6,1.2493,1.2507,23,17,6,2,1.2492,1.2508,48,28,3,6,1.2491,1.2509,12,43,2,3,1.249,1.251,37,41,5,4
2024-12-30T10:12:25.000000000Z,2024-12-30T10:12:25.000000000Z,10,1,29307,A,N,0,1.25,0,0,0,1589,6BH5,1.2499,1.2501,49,30,1,2,1.2498,1.2502,22,7,2,4,1.2497,1.2503,39,46,6,3,1.2496,1.2504,40,8,7,7,1.2495,1.2505,17,21,5,6,1.2494,1.2506,8,19,2,6,1.2493,1.2507,27,13,4,1,1.2492,1.2508,29,17,2,1,1.2491,1.2509,296,80,6,6,1.249,1.251,344,240,4,4
2024-12-30T10:12:30.000000000Z,2024-12-30T10:12:30.000000000Z,10,1,29307,A,N,0,1.25,0,0,0,1590,6BH5,1.2499,1.2501,22,19,6,1,1.2498,1.2502,16,18,7,6,1.2497,1.2503,43,34,4,6,1.2496,1.2504,45,33,1,3,1.2495,1.2505,21,32,4,7,1.2494,1.2506,9,28,1,1,1.2493,1.2507,31,41,1,6,1.2492,1.2508,39,24,3,5,1.2491,1.2509,30,6,5,7,1.249,1.251,10,5,1,3
2024-12-30T10:12:35.000000000Z,2024-12-30T10:12:35.000000000Z,10,1,29307,A,N,0,1.2501,0,0,0,1591,6BH5,1.25,1.2502,14,23,3,4,1.2499,1.2503,10,10,3,4,1.2498,1.2504,42,31,2,4,1.2497,1.2505,23,20,2,2,1.2496,1.2506,19,43,4,5,1.2495,1.2507,21,17,1,3,1.2494,1.2508,24,35,4,3,1.2493,1.2509,10,39,4,3,1.2492,1.251,45,48,1,1,1.2491,1.2511,32,19,4,7
2024-12-30T10:12:40.000000000Z,2024-12-30T10:12:40.000000000Z,10,1,29307,A,N,0,1.2502,0,0,0,1592,6BH5,1.2501,1.2503,34,39,6,6,1.25,1.2504,20,12,3,1,1.2499,1.2505,376,392,2,4,1.2498,1.2506,43,5,7,4,1.2497,1.2507,41,16,1,6,1.2496,1.2508,5,48,5,2,1.2495,1.2509,10,45,3,4,1.2494,1.251,47,16,1,1,1.2493,1.2511,5,23,2,2,1.2492,1.2512,12,38,6,4
2024-12-30T10:12:45.000000000Z,2024-12-30T10:12:45.000000000Z,10,1,29307,A,N,0,1.2502,0,0,0,1593,6BH5,1.2501,1.2503,30,37,3,5,1.25,1.2504,7,13,2,5,1.2499,1.2505,46,22,1,6,1.2498,1.2506,7,31,2,5,1.2497,1.2507,30,13,3,3,1.2496,1.2508,6,43,3,1,1.2495,1.2509,46,11,6,6,1.2494,1.251,23,19,5,4,1.2493,1.2511,14,49,7,1,1.2492,1.2512,20,10,2,6
2024-12-30T10:12:50.000000000Z,2024-12-30T10:12:50.000000000Z,10,1,29307,A,N,0,1.2502,0,0,0,1594,6BH5,1.2501,1.2503,7,23,4,1,1.25,1.2504,22,22,7,6,1.2499,1.2505,25,25,7,6,1.2498,1.2506,21,9,5,5,1.2497,1.2507,42,44,6,6,1.2496,1.2508,18,12,6,3,1.2495,1.2509,17,31,1,4,1.2494,1.251,35,22,1,3,1.2493,1.2511,19,10,5,7,1.2492,1.2512,7,16,4,4
2024-12-30T10:12:55.000000000Z,2024-12-30T10:12:55.000000000Z,10,1,29307,A,N,0,1.2501,0,0,0,1595,6BH5,1.25,1.2502,23,25,1,6,1.2499,1.2503,15,33,2,7,1.2498,1.2504,45,11,6,3,1.2497,1.2505,17,22,5,5,1.2496,1.2506,35,41,5,1,1.2495,1.2507,28,10,7,2,1.2494,1.2508,13,7,6,5,1.2493,1.2509,17,38,3,5,1.2492,1.251,40,19,1,2,1.2491,1.2511,41,41,5,6
2024-12-30T10:13:00.000000000Z,2024-12-30T10:13:00.000000000Z,10,1,29307,A,N,0,1.25,0,0,0,1596,6BH5,1.2499,1.2501,192,360,6,4,1.2498,1.2502,15,20,1,1,1.2497,1.2503,7,11,1,1,1.2496,1.2504,22,41,6,4,1.2495,1.2505,22,8,2,3,1.2494,1.2506,19,10,5,7,1.2493,1.2507,17,20,2,6,1.2492,1.2508,9,34,7,3,1.2491,1.2509,7,46,6,5,1.249,1.251,36,27,6,2
2024-12-30T10:13:05.000000000Z,2024-12-30T10:13:05.000000000Z,10,1,29307,A,N,0,1.25,0,0,0,1597,6BH5,1.2499,1.2501,10,31,5,3,1.2498,1.2502,48,33,6,4,1.2497,1.2503,36,20,6,1,1.2496,1.2504,47,30,3,4,1.2495,1.2505,15,28,1,7,1.2494,1.2506,39,29,5,1,1.2493,1.2507,49,37,6,2,1.2492,1.2508,42,26,7,6,1.2491,1.2509,16,23,7,3,1.249,1.251,32,15,2,1
2024-12-30T10:13:10.000000000Z,2024-12-30T10:13:10.000000000Z,10,1,29307,A,N,0,1.2499,0,0,0,1598,6BH5,1.2498,1.25,33,36,2,7,1.2497,1.2501,32,31,1,3,1.2496,1.2502,48,14,2,2,1.2495,1.2503,24,45,1,7,1.2494,1.2504,47,25,2,7,1.2493,1.2505,37,14,4,1,1.2492,1.2506,18,24,4,1,1.2491,1.2507,19,37,3,4,1.249,1.2508,24,35,6,3,1.2489,1.2509,23,23,6,4
2024-12-30T10:13:15.000000000Z,2024-12-30T10:13:15.000000000Z,10,1,29307,A,N,0,1.2499,0,0,0,1599,6BH5,1.2498,1.25,5,15,3,5,1.2497,1.2501,5,19,2,3,1.2496,1.2502,23,38,2,4,1.2495,1.2503,43,49,2,3,1.2494,1.2504,24,10,7,7,1.2493,1.2505,240,280,7,2,1.2492,1.2506,47,18,5,7,1.2491,1.2507,192,48,3,5,1.249,1.2508,5,14,7,2,1.2489,1.2509,45,49,5,4
2024-12-30T10:13:20.000000000Z,2024-12-30T10:13:20.000000000Z,10,1,29307,A,N,0,1.2498,0,0,0,1600,6BH5,1.2497,1.2499,31,40,3,4,1.2496,1.25,21,16,4,5,1.2495,1.2501,14,24,6,1,1.2494,1.2502,29,32,4,5,1.2493,1.2503,23,38,5,5,1.2492,1.2504,24,45,2,4,1.2491,1.2505,10,42,5,6,1.249,1.2506,21,31,3,1,1.2489,1.2507,24,37,7,5,1.2488,1.2508,37,21,1,4
2024-12-30T10:13:25.000000000Z,2024-12-30T10:13:25.000000000Z,10,1,29307,A,N,0,1.2498,0,0,0,1601,6BH5,1.2497,1.2499,49,31,7,2,1.2496,1.25,22,38,1,3,1.2495,1.2501,23,5,4,7,1.2494,1.2502,13,32,4,5,1.2493,1.2503,19,20,7,6,1.2492,1.2504,5,37,5,5,1.2491,1.2505,12,5,7,3,1.249,1.2506,47,14,2,5,1.2489,1.2507,208,392,1,1,1.2488,1.2508,43,25,2,7
2024-12-30T10:13:30.000000000Z,2024-12-30T10:13:30.000000000Z,10,1,29307,A,N,0,1.2498,0,0,0,1602,6BH5,1.2497,1.2499,28,37,3,1,1.2496,1.25,12,13,5,7,1.2495,1.2501,44,7,1,1,1.2494,1.2502,15,34,1,3,1.2493,1.2503,36,7,5,1,1.2492,1.2504,24,24,3,1,1.2491,1.2505,18,38,2,2,1.249,1.2506,42,8,3,4,1.2489,1.2507,47,46,6,5,1.2488,1.2508,28,7,7,3
2024-12-30T10:13:35.000000000Z,2024-12-30T10:13:35.000000000Z,10,1,29307,A,N,0,1.2497,0,0,0,1603,6BH5,1.2496,1.2498,39,5,6,6,1.2495,1.2499,39,17,1,6,1.2494,1.25,7,8,3,6,1.2493,1.2501,32,47,2,5,1.2492,1.2502,42,8,4,7,1.2491,1.2503,38,41,4,1,1.249,1.2504,32,46,2,5,1.2489,1.2505,36,31,3,4,1.2488,1.2506,384,64,4,1,1.2487,1.2507,7,5,7,7
2024-12-30T10:13:40.000000000Z,2024-12-30T10:13:40.000000000Z,10,1,29307,A,N,0,1.2496,0,0,0,1604,6BH5,1.2495,1.2497,7,40,5,6,1.2494,1.2498,7,42,3,5,1.2493,1.2499,24,15,3,3,1.2492,1.25,5,23,4,2,1.2491,1.2501,36,41,4,2,1.249,1.2502,17,21,3,6,1.2489,1.2503,17,29,4,7,1.2488,1.2504,40,10,2,7,1.2487,1.2505,6,14,1,5,1.2486,1.2506,31,46,5,1
2024-12-30T10:13:45.000000000Z,2024-12-30T10:13:45.000000000Z,10,1,29307,A,N,0,1.2496,0,0,0,1605,6BH5,1.2495,1.2497,34,48,1,5,1.2494,1.2498,46,34,6,7,1.2493,1.2499,27,35,1,1,1.2492,1.25,6,35,2,7,1.2491,1.2501,16,23,6,4,1.249,1.2502,5,17,5,4,1.2489,1.2503,49,35,7,3,1.2488,1.2504,28,26,5,1,1.2487,1.2505,48,36,4,1,1.2486,1.2506,31,27,2,4
2024-12-30T10:13:50.000000000Z,2024-12-30T10:13:50.000000000Z,10,1,29307,A,N,0,1.2496,0,0,0,1606,6BH5,1.2495,1.2497,46,25,4,5,1.2494,1.2498,43,37,3,1,1.2493,1.2499,20,31,1,5,1.2492,1.25,11,38,6,6,1.2491,1.2501,8,30,4,7,1.249,1.2502,39,14,2,1,1.2489,1.2503,35,43,5,4,1.2488,1.2504,38,47,3,7,1.2487,1.2505,15,38,7,4,1.2486,1.2506,41,27,6,7
2024-12-30T10:13:55.000000000Z,2024-12-30T10:13:55.000000000Z,10,1,29307,A,N,0,1.2496,0,0,0,1607,6BH5,1.2495,1.2497,15,16,6,1,1.2494,1.2498,14,7,3,5,1.2493,1.2499,29,8,2,5,1.2492,1.25,13,19,1,3,1.2491,1.2501,8,20,1,4,1.249,1.2502,18,31,6,2,1.2489,1.2503,44,6,4,1,1.2488,1.2504,27,34,4,4,1.2487,1.2505,24,33,2,2,1.2486,1.2506,35,8,3,4
2024-12-30T10:14:00.000000000Z,2024-12-30T10:14:00.000000000Z,10,1,29307,A,N,0,1.2497,0,0,0,1608,6BH5,1.2496,1.2498,48,35,7,3,1.2495,1.2499,18,40,3,7,1.2494,1.25,42,7,5,3,1.2493,1.2501,7,34,2,2,1.2492,1.2502,7,18,7,3,1.2491,1.2503,38,35,3,5,1.249,1.2504,33,16,6,3,1.2489,1.2505,41,49,1,2,1.2488,1.2506,104,264,2,4,1.2487,1.2507,10,45,2,5
2024-12-30T10:14:05.000000000Z,2024-12-30T10:14:05.000000000Z,10,1,29307,A,N,0,1.2496,0,0,0,1609,6BH5,1.2495,1.2497,47,42,2,1,1.2494,1.2498,13,30,6,2,1.2493,1.2499,10,6,2,3,1.2492,1.25,22,38,5,1,1.2491,1.2501,47,38,7,5,1.249,1.2502,40,36,6,1,1.2489,1.2503,29,15,6,5,1.2488,1.2504,17,34,2,6,1.2487,1.2505,7,11,7,7,1.2486,1.2506,47,36,6,5
2024-12-30T10:14:10.000000000Z,2024-12-30T10:14:10.000000000Z,10,1,29307,A,N,0,1.2495,0,0,0,1610,6BH5,1.2494,1.2496,14,24,6,5,1.2493,1.2497,10,42,2,1,1.2492,1.2498,21,37,2,5,1.2491,1.2499,32,27,2,6,1.249,1.25,14,12,3,6,1.2489,1.2501,29,41,7,2,1.2488,1.2502,30,12,1,1,1.2487,1.2503,13,15,7,4,1.2486,1.2504,40,13,3,7,1.2485,1.2505,8,14,2,2
2024-12-30T10:14:15.000000000Z,2024-12-30T10:14:15.000000000Z,10,1,29307,A,N,0,1.2494,0,0,0,1611,6BH5,1.2493,1.2495,47,21,1,3,1.2492,1.2496,40,12,1,2,1.2491,1.2497,15,33,5,6,1.249,1.2498,19,19,7,2,1.2489,1.2499,33,37,6,3,1.2488,1.25,38,25,7,4,1.2487,1.2501,11,18,6,3,1.2486,1.2502,5,38,4,7,1.2485,1.2503,38,9,6,6,1.2484,1.2504,49,35,6,5
2024-12-30T10:14:20.000000000Z,2024-12-30T10:14:20.000000000Z,10,1,29307,A,N,0,1.2494,0,0,0,1612,6BH5,1.2493,1.2495,12,41,4,5,1.2492,1.2496,27,46,5,3,1.2491,1.2497,37,30,3,4,1.249,1.2498,42,20,2,3,1.2489,1.2499,45,48,4,1,1.2488,1.25,27,5,5,1,1.2487,1.2501,44,18,7,3,1.2486,1.2502,35,43,7,6,1.2485,1.2503,5,42,5,1,1.2484,1.2504,21,36,1,2
2024-12-30T10:14:25.000000000Z,2024-12-30T10:14:25.000000000Z,10,1,29307,A,N,0,1.2495,0,0,0,1613,6BH5,1.2494,1.2496,32,48,3,5,1.2493,1.2497,28,20,5,2,1.2492,1.2498,18,36,1,3,1.2491,1.2499,24,38,7,2,1.249,1.25,26,27,5,4,1.2489,1.2501,33,35,4,3,1.2488,1.2502,45,31,7,6,1.2487,1.2503,28,22,4,4,1.2486,1.2504,41,7,5,6,1.2485,1.2505,5,41,5,6
2024-12-30T10:14:30.000000000Z,2024-12-30T10:14:30.000000000Z,10,1,29307,A,N,0,1.2494,0,0,0,1614,6BH5,1.2493,1.2495,24,15,3,2,1.2492,1.2496,18,49,5,7,1.2491,1.2497,13,10,6,5,1.249,1.2498,26,7,2,3,1.2489,1.2499,9,13,6,1,1.2488,1.25,39,22,4,3,1.2487,1.2501,44,35,7,2,1.2486,1.2502,31,39,5,7,1.2485,1.2503,37,11,1,2,1.2484,1.2504,48,384,1,1
2024-12-30T10:14:35.000000000Z,2024-12-30T10:14:35.000000000Z,10,1,29307,A,N,0,1.2494,0,0,0,1615,6BH5,1.2493,1.2495,20,27,7,3,1.2492,1.2496,296,344,1,3,1.2491,1.2497,7,28,6,6,1.249,1.2498,13,37,7,2,1.2489,1.2499,39,14,2,7,1.2488,1.25,16,43,2,4,1.2487,1.2501,40,36,3,4,1.2486,1.2502,37,36,4,5,1.2485,1.2503,33,13,6,2,1.2484,1.2504,21,36,6,5
2024-12-30T10:14:40.000000000Z,2024-12-30T10:14:40.000000000Z,10,1,29307,A,N,0,1.2494,0,0,0,1616,6BH5,1.2493,1.2495,32,14,7,1,1.2492,1.2496,23,8,6,4,1.2491,1.2497,32,40,7,3,1.249,1.2498,22,36,6,6,1.2489,1.2499,42,31,6,6,1.2488,1.25,18,5,4,1,1.2487,1.2501,12,21,1,6,1.2486,1.2502,17,34,5,3,1.2485,1.2503,39,18,5,6,1.2484,1.2504,28,9,1,1
2024-12-30T10:14:45.000000000Z,2024-12-30T10:14:45.000000000Z,10,1,29307,A,N,0,1.2495,0,0,0,1617,6BH5,1.2494,1.2496,35,33,5,6,1.2493,1.2497,34,26,7,5,1.2492,1.2498,16,11,1,1,1.2491,1.2499,49,49,2,4,1.249,1.25,11,49,5,6,1.2489,1.2501,24,17,3,6,1.2488,1.2502,176,232,5,4,1.2487,1.2503,38,27,2,7,1.2486,1.2504,37,29,2,2,1.2485,1.2505,33,34,5,4
2024-12-30T10:14:50.000000000Z,2024-12-30T10:14:50.000000000Z,10,1,29307,A,N,0,1.2496,0,0,0,1618,6BH5,1.2495,1.2497,29,47,2,4,1.2494,1.2498,16,33,7,3,1.2493,1.2499,6,30,5,5,1.2492,1.25,38,34,4,4,1.2491,1.2501,13,6,4,2,1.249,1.2502,144,168,5,5,1.2489,1.2503,44,24,4,7,1.2488,1.2504,23,32,7,1,1.2487,1.2505,41,46,4,4,1.2486,1.2506,30,40,3,2
2024-12-30T10:14:55.000000000Z,2024-12-30T10:14:55.000000000Z,10,1,29307,A,N,0,1.2496,0,0,0,1619,6BH5,1.2495,1.2497,9,27,4,7,1.2494,1.2498,24,20,2,3,1.2493,1.2499,35,20,6,7,1.2492,1.25,37,45,6,2,1.2491,1.2501,45,49,4,6,1.249,1.2502,23,42,1,5,1.2489,1.2503,9,42,3,3,1.2488,1.2504,5,21,5,6,1.2487,1.2505,9,40,6,1,1.2486,1.2506,46,49,6,4
2024-12-30T10:15:00.000000000Z,2024-12-30T10:15:00.000000000Z,10,1,29307,A,N,0,1.2496,0,0,0,1620,6BH5,1.2495,1.2497,43,24,2,4,1.2494,1.2498,48,35,2,7,1.2493,1.2499,5,14,1,7,1.2492,1.25,25,26,2,7,1.2491,1.2501,296,320,1,2,1.249,1.2502,38,35,4,7,1.2489,1.2503,41,22,2,3,1.2488,1.2504,41,5,2,7,1.2487,1.2505,7,23,6,1,1.2486,1.2506,39,17,2,5
2024-12-30T10:15:05.000000000Z,2024-12-30T10:15:05.000000000Z,10,1,29307,A,N,0,1.2497,0,0,0,1621,6BH5,1.2496,1.2498,29,43,3,3,1.2495,1.2499,37,38,1,3,1.2494,1.25,8,12,3,1,1.2493,1.2501,28,35,1,4,1.2492,1.2502,29,42,7,5,1.2491,1.2503,40,31,7,4,1.249,1.2504,21,18,3,3,1.2489,1.2505,18,32,4,1,1.2488,1.2506,15,16,2,1,1.2487,1.2507,38,27,5,3
2024-12-30T10:15:10.000000000Z,2024-12-30T10:15:10.000000000Z,10,1,29307,A,N,0,1.2498,0,0,0,1622,6BH5,1.2497,1.2499,48,5,2,1,1.2496,1.25,26,47,2,1,1.2495,1.2501,25,11,3,1,1.2494,1.2502,13,16,4,4,1.2493,1.2503,14,48,1,6,1.2492,1.2504,20,40,3,6,1.2491,1.2505,36,42,6,6,1.249,1.2506,33,32,6,7,1.2489,1.2507,168,152,7,4,1.2488,1.2508,168,128,3,3
2024-12-30T10:15:15.000000000Z,2024-12-30T10:15:15.000000000Z,10,1,29307,A,N,0,1.2498,0,0,0,1623,6BH5,1.2497,1.2499,13,29,2,4,1.2496,1.25,17,33,6,7,1.2495,1.2501,44,11,7,5,1.2494,1.2502,49,31,5,5,1.2493,1.2503,19,17,1,4,1.2492,1.2504,36,40,1,5,1.2491,1.2505,22,16,7,6,1.249,1.2506,31,35,6,5,1.2489,1.2507,11,22,7,2,1.2488,1.2508,32,7,1,1
2024-12-30T10:15:20.000000000Z,2024-12-30T10:15:20.000000000Z,10,1,29307,A,N,0,1.2498,0,0,0,1624,6BH5,1.2497,1.2499,32,22,7,3,1.2496,1.25,45,31,4,2,1.2495,1.2501,6,13,7,3,1.2494,1.2502,5,25,2,1,1.2493,1.2503,5,44,6,4,1.2492,1.2504,43,41,1,6,1.2491,1.2505,47,48,6,4,1.249,1.2506,11,25,2,3,1.2489,1.2507,40,21,2,2,1.2488,1.2508,6,13,6,5
2024-12-30T10:15:25.000000000Z,2024-12-30T10:15:25.000000000Z,10,1,29307,A,N,0,1.2498,0,0,0,1625,6BH5,1.2497,1.2499,45,19,1,2,1.2496,1.25,25,26,3,2,1.2495,1.2501,40,35,7,3,1.2494,1.2502,15,21,1,6,1.2493,1.2503,40,6,3,6,1.2492,1.2504,27,5,5,4,1.2491,1.2505,41,5,2,4,1.249,1.2506,39,36,2,1,1.2489,1.2507,31,23,2,7,1.2488,1.2508,15,28,6,3
2024-12-30T10:15:30.000000000Z,2024-12-30T10:15:30.000000000Z,10,1,29307,A,N,0,1.2498,0,0,0,1626,6BH5,1.2497,1.2499,16,37,6,3,1.2496,1.25,23,25,5,6,1.2495,1.2501,35,9,3,1,1.2494,1.2502,8,14,6,7,1.2493,1.2503,13,30,6,5,1.2492,1.2504,27,16,7,2,1.2491,1.2505,49,25,6,7,1.249,1.2506,19,36,3,3,1.2489,1.2507,120,264,1,3,1.2488,1.2508,22,29,5,2
2024-12-30T10:15:35.000000000Z,2024-12-30T10:15:35.000000000Z,10,1,29307,A,N,0,1.2498,0,0,0,1627,6BH5,1.2497,1.2499,32,7,5,6,1.2496,1.25,216,104,1,1,1.2495,1.2501,23,39,4,4,1.2494,1.2502,23,37,7,4,1.2493,1.2503,35,39,5,4,1.2492,1.2504,36,19,3,5,1.2491,1.2505,13,45,3,7,1.249,1.2506,21,5,7,3,1.2489,1.2507,33,48,4,2,1.2488,1.2508,47,24,1,2
2024-12-30T10:15:40.000000000Z,2024-12-30T10:15:40.000000000Z,10,1,29307,A,N,0,1.2497,0,0,0,1628,6BH5,1.2496,1.2498,22,21,4,1,1.2495,1.2499,44,40,1,7,1.2494,1.25,42,43,5,6,1.2493,1.2501,38,9,3,5,1.2492,1.2502,48,34,3,1,1.2491,1.2503,43,45,2,2,1.249,1.2504,18,15,1,1,1.2489,1.2505,19,6,4,5,1.2488,1.2506,6,27,6,2,1.2487,1.2507,18,15,4,4
2024-12-30T10:15:45.000000000Z,2024-12-30T10:15:45.000000000Z,10,1,29307,A,N,0,1.2498,0,0,0,1629,6BH5,1.2497,1.2499,19,49,6,2,1.2496,1.25,13,46,7,2,1.2495,1.2501,144,312,3,1,1.2494,1.2502,36,40,3,5,1.2493,1.2503,10,12,2,4,1.2492,1.2504,232,240,1,1,1.2491,1.2505,21,19,2,6,1.249,1.2506,48,7,4,5,1.2489,1.2507,16,33,3,1,1.2488,1.2508,24,12,5,5
2024-12-30T10:15:50.000000000Z,2024-12-30T10:15:50.000000000Z,10,1,29307,A,N,0,1.2498,0,0,0,1630,6BH5,1.2497,1.2499,29,44,5,1,1.2496,1.25,34,31,3,2,1.2495,1.2501,25,13,1,1,1.2494,1.2502,56,144,6,1,1.2493,1.2503,8,42,1,7,1.2492,1.2504,45,43,1,6,1.2491,1.2505,47,42,3,5,1.249,1.2506,18,42,2,1,1.2489,1.2507,34,43,5,7,1.2488,1.2508,6,25,2,3
2024-12-30T10:15:55.000000000Z,2024-12-30T10:15:55.000000000Z,10,1,29307,A,N,0,1.2499,0,0,0,1631,6BH5,1.2498,1.25,35,30,4,6,1.2497,1.2501,35,19,2,4,1.2496,1.2502,13,21,6,1,1.2495,1.2503,26,43,5,4,1.2494,1.2504,13,18,2,3,1.2493,1.2505,36,15,3,3,1.2492,1.2506,17,28,4,2,1.2491,1.2507,46,37,7,3,1.249,1.2508,20,34,3,1,1.2489,1.2509,42,12,4,3
2024-12-30T10:16:00.000000000Z,2024-12-30T10:16:00.000000000Z,10,1,29307,A,N,0,1.2499,0,0,0,1632,6BH5,1.2498,1.25,5,25,1,2,1.2497,1.2501,27,45,5,3,1.2496,1.2502,36,43,4,7,1.2495,1.2503,34,14,7,4,1.2494,1.2504,30,43,2,6,1.2493,1.2505,36,48,3,3,1.2492,1.2506,31,28,2,7,1.2491,1.2507,344,72,5,1,1.249,1.2508,41,12,7,6,1.2489,1.2509,33,16,4,6
2024-12-30T10:16:05.000000000Z,2024-12-30T10:16:05.000000000Z,10,1,29307,A,N,0,1.25,0,0,0,1633,6BH5,1.2499,1.2501,49,30,5,7,1.2498,1.2502,44,13,5,2,1.2497,1.2503,17,19,5,6,1.2496,1.2504,43,18,3,2,1.2495,1.2505,10,24,3,3,1.2494,1.2506,48,7,4,3,1.2493,1.2507,35,33,6,4,1.2492,1.2508,28,27,6,6,1.2491,1.2509,336,360,7,7,1.249,1.251,41,29,6,7
2024-12-30T10:16:10.000000000Z,2024-12-30T10:16:10.000000000Z,10,1,29307,A,N,0,1.25,0,0,0,1634,6BH5,1.2499,1.2501,43,33,5,6,1.2498,1.2502,13,27,1,1,1.2497,1.2503,36,40,7,4,1.2496,1.2504,8,28,1,3,1.2495,1.2505,16,22,4,1,1.2494,1.2506,42,36,5,1,1.2493,1.2507,28,6,5,1,1.2492,1.2508,184,176,4,2,1.2491,1.2509,28,31,7,5,1.249,1.251,33,12,5,7
2024-12-30T10:16:15.000000000Z,2024-12-30T10:16:15.000000000Z,10,1,29307,A,N,0,1.25,0,0,0,1635,6BH5,1.2499,1.2501,64,376,1,5,1.2498,1.2502,43,37,5,1,1.2497,1.2503,31,6,3,6,1.2496,1.2504,14,14,6,1,1.2495,1.2505,33,17,1,3,1.2494,1.2506,28,29,7,2,1.2493,1.2507,45,7,6,6,1.2492,1.2508,5,33,6,4,1.2491,1.2509,27,7,4,6,1.249,1.251,14,8,7,1
2024-12-30T10:16:20.000000000Z,2024-12-30T10:16:20.000000000Z,10,1,29307,A,N,0,1.25,0,0,0,1636,6BH5,1.2499,1.2501,38,28,1,4,1.2498,1.2502,5,46,1,3,1.2497,1.2503,280,224,5,7,1.2496,1.2504,46,47,2,3,1.2495,1.2505,39,48,6,7,1.2494,1.2506,27,16,5,1,1.2493,1.2507,8,41,7,5,1.2492,1.2508,29,41,7,7,1.2491,1.2509,26,33,4,3,1.249,1.251,208,320,2,1
2024-12-30T10:16:25.000000000Z,2024-12-30T10:16:25.000000000Z,10,1,29307,A,N,0,1.25,0,0,0,1637,6BH5,1.2499,1.2501,23,12,1,4,1.2498,1.2502,35,23,2,7,1.2497,1.2503,14,7,7,2,1.2496,1.2504,23,43,2,4,1.2495,1.2505,11,7,2,1,1.2494,1.2506,36,42,3,4,1.2493,1.2507,19,10,2,6,1.2492,1.2508,43,23,5,3,1.2491,1.2509,13,37,6,1,1.249,1.251,33,41,1,2
2024-12-30T10:16:30.000000000Z,2024-12-30T10:16:30.000000000Z,10,1,29307,A,N,0,1.2501,0,0,0,1638,6BH5,1.25,1.2502,35,23,7,2,1.2499,1.2503,18,5,1,1,1.2498,1.2504,5,24,6,3,1.2497,1.2505,47,41,2,5,1.2496,1.2506,24,5,2,4,1.2495,1.2507,28,42,2,3,1.2494,1.2508,47,19,6,1,1.2493,1.2509,21,27,2,7,1.2492,1.251,26,20,5,5,1.2491,1.2511,10,8,6,1
2024-12-30T10:16:35.000000000Z,2024-12-30T10:16:35.000000000Z,10,1,29307,A,N,0,1.25,0,0,0,1639,6BH5,1.2499,1.2501,14,44,3,7,1.2498,1.2502,23,31,3,6,1.2497,1.2503,47,32,7,3,1.2496,1.2504,28,41,5,7,1.2495,1.2505,39,49,5,2,1.2494,1.2506,7,32,2,1,1.2493,1.2507,27,36,2,2,1.2492,1.2508,42,17,7,4,1.2491,1.2509,6,5,1,6,1.249,1.251,28,18,1,6
2024-12-30T10:16:40.000000000Z,2024-12-30T10:16:40.000000000Z,10,1,29307,A,N,0,1.25,0,0,0,1640,6BH5,1.2499,1.2501,45,31,5,3,1.2498,1.2502,37,15,3,2,1.2497,1.2503,38,45,5,5,1.2496,1.2504,9,31,4,7,1.2495,1.2505,17,47,6,3,1.2494,1.2506,23,18,2,1,1.2493,1.2507,32,32,6,1,1.2492,1.2508,8,7,2,5,1.2491,1.2509,38,48,4,1,1.249,1.251,40,10,4,5
2024-12-30T10:16:45.000000000Z,2024-12-30T10:16:45.000000000Z,10,1,29307,A,N,0,1.2499,0,0,0,1641,6BH5,1.2498,1.25,36,35,4,3,1.2497,1.2501,34,7,4,5,1.2496,1.2502,5,6,2,5,1.2495,1.2503,48,28,2,6,1.2494,1.2504,18,7,1,5,1.2493,1.2505,21,45,3,6,1.2492,1.2506,36,6,3,2,1.2491,1.2507,38,11,2,1,1.249,1.2508,34,21,5,2,1.2489,1.2509,39,21,7,6
2024-12-30T10:16:50.000000000Z,2024-12-30T10:16:50.000000000Z,10,1,29307,A,N,0,1.25,0,0,0,1642,6BH5,1.2499,1.2501,24,20,1,7,1.2498,1.2502,19,22,5,1,1.2497,1.2503,26,25,6,1,1.2496,1.2504,39,5,4,7,1.2495,1.2505,33,26,7,5,1.2494,1.2506,20,39,3,2,1.2493,1.2507,42,49,2,2,1.2492,1.2508,376,104,7,4,1.2491,1.2509,16,39,2,7,1.249,1.251,36,22,5,5
2024-12-30T10:16:55.000000000Z,2024-12-30T10:16:55.000000000Z,10,1,29307,A,N,0,1.2499,0,0,0,1643,6BH5,1.2498,1.25,11,9,4,1,1.2497,1.2501,25,7,2,5,1.2496,1.2502,21,29,1,4,1.2495,1.2503,34,35,5,2,1.2494,1.2504,37,45,4,6,1.2493,1.2505,12,42,4,2,1.2492,1.2506,18,18,7,6,1.2491,1.2507,21,25,5,7,1.249,1.2508,19,40,4,1,1.2489,1.2509,49,22,6,1
2024-12-30T10:17:00.000000000Z,2024-12-30T10:17:00.000000000Z,10,1,29307,A,N,0,1.2499,0,0,0,1644,6BH5,1.2498,1.25,24,17,3,3,1.2497,1.2501,256,96,3,4,1.2496,1.2502,11,48,1,3,1.2495,1.2503,34,39,5,4,1.2494,1.2504,34,22,4,1,1.2493,1.2505,38,48,6,7,1.2492,1.2506,30,48,4,3,1.2491,1.2507,6,31,2,7,1.249,1.2508,96,216,3,5,1.2489,1.2509,25,48,3,2
2024-12-30T10:17:05.000000000Z,2024-12-30T10:17:05.000000000Z,10,1,29307,A,N,0,1.2498,0,0,0,1645,6BH5,1.2497,1.2499,17,48,2,6,1.2496,1.25,34,22,2,2,1.2495,1.2501,25,30,6,1,1.2494,1.2502,45,24,2,6,1.2493,1.2503,22,24,7,2,1.2492,1.2504,23,6,7,1,1.2491,1.2505,43,23,5,3,1.249,1.2506,18,35,5,1,1.2489,1.2507,28,41,1,2,1.2488,1.2508,20,46,4,1
2024-12-30T10:17:10.000000000Z,2024-12-30T10:17:10.000000000Z,10,1,29307,A,N,0,1.2498,0,0,0,1646,6BH5,1.2497,1.2499,28,17,2,5,1.2496,1.25,25,7,1,6,1.2495,1.2501,41,45,2,4,1.2494,1.2502,49,14,1,7,1.2493,1.2503,49,23,6,4,1.2492,1.2504,27,35,7,7,1.2491,1.2505,18,10,1,7,1.249,1.2506,17,39,5,1,1.2489,1.2507,15,42,5,5,1.2488,1.2508,38,15,4,7
2024-12-30T10:17:15.000000000Z,2024-12-30T10:17:15.000000000Z,10,1,29307,A,N,0,1.2499,0,0,0,1647,6BH5,1.2498,1.25,112,152,7,5,1.2497,1.2501,25,40,4,2,1.2496,1.2502,17,6,7,3,1.2495,1.2503,30,34,3,5,1.2494,1.2504,14,40,4,5,1.2493,1.2505,31,12,2,1,1.2492,1.2506,13,35,7,1,1.2491,1.2507,38,20,2,2,1.249,1.2508,29,45,6,3,1.2489,1.2509,35,34,2,4
2024-12-30T10:17:20.000000000Z,2024-12-30T10:17:20.000000000Z,10,1,29307,A,N,0,1.2498,0,0,0,1648,6BH5,1.2497,1.2499,15,32,6,1,1.2496,1.25,47,40,1,4,1.2495,1.2501,36,7,6,4,1.2494,1.2502,19,15,3,3,1.2493,1.2503,38,38,4,6,1.2492,1.2504,36,47,3,2,1.2491,1.2505,15,18,7,1,1.249,1.2506,39,38,3,2,1.2489,1.2507,7,19,5,3,1.2488,1.2508,7,33,7,7
2024-12-30T10:17:25.000000000Z,2024-12-30T10:17:25.000000000Z,10,1,29307,A,N,0,1.2498,0,0,0,1649,6BH5,1.2497,1.2499,120,256,4,4,1.2496,1.25,44,29,1,7,1.2495,1.2501,42,25,4,4,1.2494,1.2502,16,21,5,1,1.2493,1.2503,23,9,5,2,1.2492,1.2504,41,34,1,4,1.2491,1.2505,42,15,4,5,1.249,1.2506,38,14,3,1,1.2489,1.2507,45,29,2,7,1.2488,1.2508,38,27,1,6
2024-12-30T10:17:30.000000000Z,2024-12-30T10:17:30.000000000Z,10,1,29307,A,N,0,1.2497,0,0,0,1650,6BH5,1.2496,1.2498,27,23,7,6,1.2495,1.2499,23,26,7,1,1.2494,1.25,30,8,5,4,1.2493,1.2501,7,32,5,4,1.2492,1.2502,41,5,6,7,1.2491,1.2503,46,22,1,5,1.249,1.2504,45,23,6,1,1.2489,1.2505,19,30,6,4,1.2488,1.2506,25,38,4,5,1.2487,1.2507,45,29,1,5
2024-12-30T10:17:35.000000000Z,2024-12-30T10:17:35.000000000Z,10,1,29307,A,N,0,1.2497,0,0,0,1651,6BH5,1.2496,1.2498,5,39,7,7,1.2495,1.2499,26,47,7,4,1.2494,1.25,240,64,7,2,1.2493,1.2501,19,9,6,6,1.2492,1.2502,15,28,3,5,1.2491,1.2503,20,5,3,7,1.249,1.2504,40,41,3,3,1.2489,1.2505,32,49,3,5,1.2488,1.2506,21,16,7,1,1.2487,1.2507,35,38,6,5
2024-12-30T10:17:40.000000000Z,2024-12-30T10:17:40.000000000Z,10,1,29307,A,N,0,1.2497,0,0,0,1652,6BH5,1.2496,1.2498,35,39,7,3,1.2495,1.2499,5,16,4,7,1.2494,1.25,27,23,3,4,1.2493,1.2501,24,33,5,4,1.2492,1.2502,26,26,3,4,1.2491,1.2503,25,7,7,5,1.249,1.2504,46,10,4,5,1.2489,1.2505,49,19,6,6,1.2488,1.2506,48,28,7,1,1.2487,1.2507,11,29,6,1
2024-12-30T10:17:45.000000000Z,2024-12-30T10:17:45.000000000Z,10,1,29307,A,N,0,1.2497,0,0,0,1653,6BH5,1.2496,1.2498,42,38,2,1,1.2495,1.2499,24,47,4,6,1.2494,1.25,26,17,4,7,1.2493,1.2501,42,24,5,4,1.2492,1.2502,46,42,5,5,1.2491,1.2503,13,41,4,7,1.249,1.2504,26,16,3,3,1.2489,1.2505,14,39,1,4,1.2488,1.2506,12,15,7,3,1.2487,1.2507,19,24,1,6
2024-12-30T10:17:50.000000000Z,2024-12-30T10:17:50.000000000Z,10,1,29307,A,N,0,1.2497,0,0,0,1654,6BH5,1.2496,1.2498,33,16,1,7,1.2495,1.2499,41,26,5,4,1.2494,1.25,9,31,3,2,1.2493,1.2501,17,16,2,4,1.2492,1.2502,44,41,6,7,1.2491,1.2503,9,23,1,2,1.249,1.2504,13,43,2,1,1.2489,1.2505,18,44,1,2,1.2488,1.2506,21,22,6,2,1.2487,1.2507,10,42,6,7
2024-12-30T10:17:55.000000000Z,2024-12-30T10:17:55.000000000Z,10,1,29307,A,N,0,1.2497,0,0,0,1655,6BH5,1.2496,1.2498,13,15,5,2,1.2495,1.2499,41,11,3,4,1.2494,1.25,15,14,2,4,1.2493,1.2501,42,36,5,1,1.2492,1.2502,43,10,3,4,1.2491,1.2503,40,15,6,3,1.249,1.2504,11,33,5,3,1.2489,1.2505,28,34,7,3,1.2488,1.2506,34,40,7,7,1.2487,1.2507,40,32,7,5
2024-12-30T10:18:00.000000000Z,2024-12-30T10:18:00.000000000Z,10,1,29307,A,N,0,1.2496,0,0,0,1656,6BH5,1.2495,1.2497,33,48,6,4,1.2494,1.2498,41,37,3,7,1.2493,1.2499,29,13,1,1,1.2492,1.25,34,24,7,7,1.2491,1.2501,25,34,7,3,1.249,1.2502,34,13,5,7,1.2489,1.2503,37,38,2,1,1.2488,1.2504,35,16,7,5,1.2487,1.2505,36,9,6,5,1.2486,1.2506,11,29,1,3
2024-12-30T10:18:05.000000000Z,2024-12-30T10:18:05.000000000Z,10,1,29307,A,N,0,1.2496,0,0,0,1657,6BH5,1.2495,1.2497,32,27,7,7,1.2494,1.2498,39,45,1,2,1.2493,1.2499,33,7,4,1,1.2492,1.25,45,38,7,7,1.2491,1.2501,16,28,6,6,1.249,1.2502,41,30,3,6,1.2489,1.2503,32,37,1,4,1.2488,1.2504,6,30,7,7,1.2487,1.2505,40,38,3,6,1.2486,1.2506,26,49,7,6
2024-12-30T10:18:10.000000000Z,2024-12-30T10:18:10.000000000Z,10,1,29307,A,N,0,1.2495,0,0,0,1658,6BH5,1.2494,1.2496,28,5,1,2,1.2493,1.2497,44,6,5,3,1.2492,1.2498,37,38,6,3,1.2491,1.2499,16,12,4,4,1.249,1.25,49,37,7,3,1.2489,1.2501,48,47,7,3,1.2488,1.2502,28,41,1,2,1.2487,1.2503,27,43,7,6,1.2486,1.2504,49,7,6,6,1.2485,1.2505,304,136,7,5
2024-12-30T10:18:15.000000000Z,2024-12-30T10:18:15.000000000Z,10,1,29307,A,N,0,1.2496,0,0,0,1659,6BH5,1.2495,1.2497,45,38,6,2,1.2494,1.2498,26,38,5,1,1.2493,1.2499,264,96,2,4,1.2492,1.25,29,27,1,2,1.2491,1.2501,38,25,4,6,1.249,1.2502,7,19,5,3,1.2489,1.2503,38,18,4,7,1.2488,1.2504,48,49,3,1,1.2487,1.2505,20,42,6,2,1.2486,1.2506,28,43,7,1
2024-12-30T10:18:20.000000000Z,2024-12-30T10:18:20.000000000Z,10,1,29307,A,N,0,1.2497,0,0,0,1660,6BH5,1.2496,1.2498,38,44,5,6,1.2495,1.2499,15,18,3,2,1.2494,1.25,12,32,4,4,1.2493,1.2501,14,15,2,7,1.2492,1.2502,22,23,7,7,1.2491,1.2503,23,15,7,3,1.249,1.2504,12,28,5,2,1.2489,1.2505,216,368,1,6,1.2488,1.2506,328,312,1,1,1.2487,1.2507,41,42,2,3
2024-12-30T10:18:25.000000000Z,2024-12-30T10:18:25.000000000Z,10,1,29307,A,N,0,1.2496,0,0,0,1661,6BH5,1.2495,1.2497,36,49,1,1,1.2494,1.2498,13,44,4,1,1.2493,1.2499,41,22,7,2,1.2492,1.25,8,17,3,4,1.2491,1.2501,26,22,5,1,1.249,1.2502,24,31,5,2,1.2489,1.2503,37,47,5,6,1.2488,1.2504,15,9,6,3,1.2487,1.2505,6,42,2,6,1.2486,1.2506,38,36,5,2
2024-12-30T10:18:30.000000000Z,2024-12-30T10:18:30.000000000Z,10,1,29307,A,N,0,1.2495,0,0,0,1662,6BH5,1.2494,1.2496,37,42,1,2,1.2493,1.2497,11,40,5,4,1.2492,1.2498,9,20,4,1,1.2491,1.2499,18,19,5,2,1.249,1.25,12,29,4,3,1.2489,1.2501,10,37,6,5,1.2488,1.2502,26,39,7,6,1.2487,1.2503,11,5,2,2,1.2486,1.2504,41,34,5,4,1.2485,1.2505,17,39,2,3
2024-12-30T10:18:35.000000000Z,2024-12-30T10:18:35.000000000Z,10,1,29307,A,N,0,1.2494,0,0,0,1663,6BH5,1.2493,1.2495,44,34,5,4,1.2492,1.2496,22,11,6,1,1.2491,1.2497,11,17,2,4,1.249,1.2498,31,44,2,2,1.2489,1.2499,8,12,4,3,1.2488,1.25,22,26,5,3,1.2487,1.2501,6,6,6,6,1.2486,1.2502,248,120,5,2,1.2485,1.2503,21,43,1,7,1.2484,1.2504,19,47,4,7
2024-12-30T10:18:40.000000000Z,2024-12-30T10:18:40.000000000Z,10,1,29307,A,N,0,1.2495,0,0,0,1664,6BH5,1.2494,1.2496,5,26,6,2,1.2493,1.2497,9,40,6,2,1.2492,1.2498,16,7,5,2,1.2491,1.2499,23,22,5,4,1.249,1.25,208,64,1,7,1.2489,1.2501,19,9,2,3,1.2488,1.2502,22,9,6,3,1.2487,1.2503,30,49,7,1,1.2486,1.2504,37,22,7,1,1.2485,1.2505,12,25,2,1
2024-12-30T10:18:45.000000000Z,2024-12-30T10:18:45.000000000Z,10,1,29307,A,N,0,1.2496,0,0,0,1665,6BH5,1.2495,1.2497,34,6,4,6,1.2494,1.2498,36,29,1,1,1.2493,1.2499,21,44,5,2,1.2492,1.25,43,35,4,2,1.2491,1.2501,35,14,3,6,1.249,1.2502,15,19,1,4,1.2489,1.2503,25,48,3,6,1.2488,1.2504,19,20,3,3,1.2487,1.2505,42,24,6,6,1.2486,1.2506,44,24,5,5
2024-12-30T10:18:50.000000000Z,2024-12-30T10:18:50.000000000Z,10,1,29307,A,N,0,1.2496,0,0,0,1666,6BH5,1.2495,1.2497,34,12,2,1,1.2494,1.2498,34,5,5,4,1.2493,1.2499,21,17,3,4,1.2492,1.25,17,13,2,7,1.2491,1.2501,41,47,6,3,1.249,1.2502,23,27,7,6,1.2489,1.2503,80,376,4,6,1.2488,1.2504,46,19,4,5,1.2487,1.2505,224,280,4,5,1.2486,1.2506,47,41,3,5
2024-12-30T10:18:55.000000000Z,2024-12-30T10:18:55.000000000Z,10,1,29307,A,N,0,1.2496,0,0,0,1667,6BH5,1.2495,1.2497,22,38,6,2,1.2494,1.2498,41,24,4,4,1.2493,1.2499,22,36,5,7,1.2492,1.25,48,11,7,7,1.2491,1.2501,18,23,2,1,1.249,1.2502,12,43,5,3,1.2489,1.2503,32,8,7,2,1.2488,1.2504,34,13,3,1,1.2487,1.2505,17,33,7,6,1.2486,1.2506,31,43,6,6
2024-12-30T10:19:00.000000000Z,2024-12-30T10:19:00.000000000Z,10,1,29307,A,N,0,1.2495,0,0,0,1668,6BH5,1.2494,1.2496,20,43,2,5,1.2493,1.2497,16,20,1,4,1.2492,1.2498,40,32,6,4,1.2491,1.2499,48,8,7,7,1.249,1.25,29,39,3,7,1.2489,1.2501,36,17,6,2,1.2488,1.2502,392,224,1,6,1.2487,1.2503,13,38,3,2,1.2486,1.2504,28,46,6,5,1.2485,1.2505,39,16,1,4
2024-12-30T10:19:05.000000000Z,2024-12-30T10:19:05.000000000Z,10,1,29307,A,N,0,1.2495,0,0,0,1669,6BH5,1.2494,1.2496,49,44,3,5,1.2493,1.2497,10,20,6,4,1.2492,1.2498,44,10,3,5,1.2491,1.2499,5,17,3,4,1.249,1.25,16,45,4,2,1.2489,1.2501,25,6,7,4,1.2488,1.2502,18,48,2,3,1.2487,1.2503,24,39,3,1,1.2486,1.2504,11,49,1,5,1.2485,1.2505,42,40,6,1
2024-12-30T10:19:10.000000000Z,2024-12-30T10:19:10.000000000Z,10,1,29307,A,N,0,1.2496,0,0,0,1670,6BH5,1.2495,1.2497,34,17,7,3,1.2494,1.2498,13,17,7,4,1.2493,1.2499,29,16,2,6,1.2492,1.25,320,56,6,2,1.2491,1.2501,25,35,1,1,1.249,1.2502,33,46,3,6,1.2489,1.2503,12,39,5,3,1.2488,1.2504,27,47,6,7,1.2487,1.2505,96,296,3,5,1.2486,1.2506,11,24,7,6
2024-12-30T10:19:15.000000000Z,2024-12-30T10:19:15.000000000Z,10,1,29307,A,N,0,1.2496,0,0,0,1671,6BH5,1.2495,1.2497,40,18,6,3,1.2494,1.2498,16,6,6,5,1.2493,1.2499,13,19,5,1,1.2492,1.25,7,27,6,7,1.2491,1.2501,304,128,2,5,1.249,1.2502,39,32,7,3,1.2489,1.2503,47,17,3,6,1.2488,1.2504,30,14,4,4,1.2487,1.2505,20,21,7,2,1.2486,1.2506,34,15,5,2
2024-12-30T10:19:20.000000000Z,2024-12-30T10:19:20.000000000Z,10,1,29307,A,N,0,1.2497,0,0,0,1672,6BH5,1.2496,1.2498,43,33,1,1,1.2495,1.2499,31,20,1,3,1.2494,1.25,39,30,4,1,1.2493,1.2501,47,16,7,5,1.2492,1.2502,45,31,6,5,1.2491,1.2503,12,33,3,5,1.249,1.2504,35,21,2,2,1.2489,1.2505,6,37,2,2,1.2488,1.2506,18,35,4,2,1.2487,1.2507,392,48,6,5
2024-12-30T10:19:25.000000000Z,2024-12-30T10:19:25.000000000Z,10,1,29307,A,N,0,1.2497,0,0,0,1673,6BH5,1.2496,1.2498,20,13,3,5,1.2495,1.2499,30,23,2,7,1.2494,1.25,48,5,2,2,1.2493,1.2501,360,224,3,1,1.2492,1.2502,45,47,1,2,1.2491,1.2503,36,31,1,3,1.249,1.2504,41,22,6,3,1.2489,1.2505,6,21,3,6,1.2488,1.2506,128,384,2,3,1.2487,1.2507,34,21,7,4
2024-12-30T10:19:30.000000000Z,2024-12-30T10:19:30.000000000Z,10,1,29307,A,N,0,1.2496,0,0,0,1674,6BH5,1.2495,1.2497,38,48,7,1,1.2494,1.2498,30,13,5,2,1.2493,1.2499,16,49,1,6,1.2492,1.25,28,47,3,5,1.2491,1.2501,35,13,1,3,1.249,1.2502,21,20,4,3,1.2489,1.2503,26,11,3,1,1.2488,1.2504,21,15,4,7,1.2487,1.2505,17,33,7,2,1.2486,1.2506,47,17,4,3
2024-12-30T10:19:35.000000000Z,2024-12-30T10:19:35.000000000Z,10,1,29307,A,N,0,1.2496,0,0,0,1675,6BH5,1.2495,1.2497,34,47,2,5,1.2494,1.2498,28,20,5,6,1.2493,1.2499,7,14,1,6,1.2492,1.25,26,36,6,3,1.2491,1.2501,8,43,7,1,1.249,1.2502,33,29,4,7,1.2489,1.2503,41,40,3,2,1.2488,1.2504,29,25,1,2,1.2487,1.2505,39,37,1,7,1.2486,1.2506,9,21,1,5
2024-12-30T10:19:40.000000000Z,2024-12-30T10:19:40.000000000Z,10,1,29307,A,N,0,1.2496,0,0,0,1676,6BH5,1.2495,1.2497,49,43,4,7,1.2494,1.2498,29,35,5,1,1.2493,1.2499,35,12,2,4,1.2492,1.25,34,45,1,3,1.2491,1.2501,37,42,4,3,1.249,1.2502,6,6,4,1,1.2489,1.2503,26,43,3,7,1.2488,1.2504,38,45,7,5,1.2487,1.2505,224,248,2,3,1.2486,1.2506,16,36,7,1
2024-12-30T10:19:45.000000000Z,2024-12-30T10:19:45.000000000Z,10,1,29307,A,N,0,1.2497,0,0,0,1677,6BH5,1.2496,1.2498,27,5,4,1,1.2495,1.2499,43,41,1,4,1.2494,1.25,13,30,1,6,1.2493,1.2501,144,360,2,5,1.2492,1.2502,42,47,4,1,1.2491,1.2503,21,16,3,1,1.249,1.2504,37,17,5,4,1.2489,1.2505,47,32,2,4,1.2488,1.2506,41,24,7,3,1.2487,1.2507,9,38,2,7
2024-12-30T10:19:50.000000000Z,2024-12-30T10:19:50.000000000Z,10,1,29307,A,N,0,1.2497,0,0,0,1678,6BH5,1.2496,1.2498,43,27,7,1,1.2495,1.2499,34,18,6,7,1.2494,1.25,31,6,5,5,1.2493,1.2501,360,112,4,2,1.2492,1.2502,20,45,6,4,1.2491,1.2503,46,47,1,2,1.249,1.2504,41,9,5,3,1.2489,1.2505,15,16,1,7,1.2488,1.2506,240,304,1,6,1.2487,1.2507,28,38,4,3
2024-12-30T10:19:55.000000000Z,2024-12-30T10:19:55.000000000Z,10,1,29307,A,N,0,1.2497,0,0,0,1679,6BH5,1.2496,1.2498,18,30,2,3,1.2495,1.2499,30,29,1,3,1.2494,1.25,21,34,4,1,1.2493,1.2501,44,32,1,6,1.2492,1.2502,28,36,7,2,1.2491,1.2503,30,10,5,7,1.249,1.2504,19,36,2,5,1.2489,1.2505,32,37,7,7,1.2488,1.2506,49,17,4,2,1.2487,1.2507,31,20,1,5
2024-12-30T10:20:00.000000000Z,2024-12-30T10:20:00.000000000Z,10,1,29307,A,N,0,1.2497,0,0,0,1680,6BH5,1.2496,1.2498,46,43,1,6,1.2495,1.2499,46,6,2,3,1.2494,1.25,9,37,6,7,1.2493,1.2501,8,45,1,2,1.2492,1.2502,30,5,6,1,1.2491,1.2503,8,14,5,5,1.249,1.2504,26,26,7,7,1.2489,1.2505,19,23,2,5,1.2488,1.2506,8,45,5,1,1.2487,1.2507,48,22,3,3
2024-12-30T10:20:05.000000000Z,2024-12-30T10:20:05.000000000Z,10,1,29307,A,N,0,1.2497,0,0,0,1681,6BH5,1.2496,1.2498,24,43,1,3,1.2495,1.2499,5,45,6,5,1.2494,1.25,13,18,3,6,1.2493,1.2501,5,9,7,6,1.2492,1.2502,46,12,5,7,1.2491,1.2503,37,43,6,1,1.249,1.2504,35,46,1,5,1.2489,1.2505,10,14,6,6,1.2488,1.2506,45,20,4,5,1.2487,1.2507,22,43,4,2
2024-12-30T10:20:10.000000000Z,2024-12-30T10:20:10.000000000Z,10,1,29307,A,N,0,1.2497,0,0,0,1682,6BH5,1.2496,1.2498,43,41,3,3,1.2495,1.2499,35,15,6,7,1.2494,1.25,36,33,1,3,1.2493,1.2501,42,43,3,3,1.2492,1.2502,5,36,5,1,1.2491,1.2503,38,22,5,6,1.249,1.2504,18,15,5,6,1.2489,1.2505,17,16,1,4,1.2488,1.2506,8,34,6,1,1.2487,1.2507,35,46,2,7
2024-12-30T10:20:15.000000000Z,2024-12-30T10:20:15.000000000Z,10,1,29307,A,N,0,1.2498,0,0,0,1683,6BH5,1.2497,1.2499,21,36,4,7,1.2496,1.25,42,45,7,5,1.2495,1.2501,6,24,6,6,1.2494,1.2502,16,32,5,5,1.2493,1.2503,22,23,2,1,1.2492,1.2504,26,33,6,2,1.2491,1.2505,18,9,6,2,1.249,1.2506,11,38,6,2,1.2489,1.2507,49,15,1,1,1.2488,1.2508,49,32,3,2
2024-12-30T10:20:20.000000000Z,2024-12-30T10:20:20.000000000Z,10,1,29307,A,N,0,1.2498,0,0,0,1684,6BH5,1.2497,1.2499,30,9,4,2,1.2496,1.25,43,48,4,1,1.2495,1.2501,22,36,2,1,1.2494,1.2502,43,18,4,7,1.2493,1.2503,32,28,6,6,1.2492,1.2504,38,45,1,7,1.2491,1.2505,45,40,1,1,1.249,1.2506,25,17,1,1,1.2489,1.2507,25,9,5,4,1.2488,1.2508,12,33,5,7
2024-12-30T10:20:25.000000000Z,2024-12-30T10:20:25.000000000Z,10,1,29307,A,N,0,1.2497,0,0,0,1685,6BH5,1.2496,1.2498,17,30,4,3,1.2495,1.2499,38,26,2,1,1.2494,1.25,49,22,1,7,1.2493,1.2501,38,20,1,4,1.2492,1.2502,38,19,6,6,1.2491,1.2503,47,28,1,2,1.249,1.2504,42,27,1,2,1.2489,1.2505,38,17,1,1,1.2488,1.2506,8,40,7,4,1.2487,1.2507,19,17,4,6
2024-12-30T10:20:30.000000000Z,2024-12-30T10:20:30.000000000Z,10,1,29307,A,N,0,1.2498,0,0,0,1686,6BH5,1.2497,1.2499,26,5,1,7,1.2496,1.25,5,42,7,6,1.2495,1.2501,6,26,1,4,1.2494,1.2502,19,28,7,3,1.2493,1.2503,39,42,6,7,1.2492,1.2504,9,22,7,2,1.2491,1.2505,48,280,1,5,1.249,1.2506,26,14,5,4,1.2489,1.2507,19,15,6,7,1.2488,1.2508,34,18,2,6
2024-12-30T10:20:35.000000000Z,2024-12-30T10:20:35.000000000Z,10,1,29307,A,N,0,1.2497,0,0,0,1687,6BH5,1.2496,1.2498,12,40,4,5,1.2495,1.2499,26,16,2,6,1.2494,1.25,21,30,6,4,1.2493,1.2501,20,9,7,1,1.2492,1.2502,17,39,6,1,1.2491,1.2503,13,46,2,7,1.249,1.2504,368,336,5,6,1.2489,1.2505,12,45,4,2,1.2488,1.2506,24,8,1,3,1.2487,1.2507,15,26,5,3
2024-12-30T10:20:40.000000000Z,2024-12-30T10:20:40.000000000Z,10,1,29307,A,N,0,1.2496,0,0,0,1688,6BH5,1.2495,1.2497,44,24,3,4,1.2494,1.2498,15,17,2,7,1.2493,1.2499,20,49,6,5,1.2492,1.25,44,33,4,3,1.2491,1.2501,7,43,6,5,1.249,1.2502,35,26,3,5,1.2489,1.2503,38,19,3,5,1.2488,1.2504,22,14,4,2,1.2487,1.2505,35,7,7,4,1.2486,1.2506,18,41,7,7
2024-12-30T10:20:45.000000000Z,2024-12-30T10:20:45.000000000Z,10,1,29307,A,N,0,1.2496,0,0,0,1689,6BH5,1.2495,1.2497,23,21,5,1,1.2494,1.2498,5,22,6,6,1.2493,1.2499,31,7,4,5,1.2492,1.25,49,5,1,4,1.2491,1.2501,43,7,4,1,1.249,1.2502,33,15,3,2,1.2489,1.2503,34,34,1,1,1.2488,1.2504,37,6,2,5,1.2487,1.2505,44,36,6,2,1.2486,1.2506,47,9,5,6
2024-12-30T10:20:50.000000000Z,2024-12-30T10:20:50.000000000Z,10,1,29307,A,N,0,1.2495,0,0,0,1690,6BH5,1.2494,1.2496,21,23,3,7,1.2493,1.2497,29,16,7,4,1.2492,1.2498,15,43,1,4,1.2491,1.2499,23,18,4,1,1.249,1.25,49,41,5,1,1.2489,1.2501,24,10,2,6,1.2488,1.2502,24,9,6,3,1.2487,1.2503,14,34,7,1,1.2486,1.2504,41,35,1,1,1.2485,1.2505,27,33,6,2
2024-12-30T10:20:55.000000000Z,2024-12-30T10:20:55.000000000Z,10,1,29307,A,N,0,1.2496,0,0,0,1691,6BH5,1.2495,1.2497,17,20,3,3,1.2494,1.2498,19,43,3,5,1.2493,1.2499,9,19,1,7,1.2492,1.25,35,24,7,4,1.2491,1.2501,39,33,1,4,1.249,1.2502,6,27,2,1,1.2489,1.2503,41,40,1,7,1.2488,1.2504,28,29,7,6,1.2487,1.2505,37,23,2,7,1.2486,1.2506,26,7,4,1
2024-12-30T10:21:00.000000000Z,2024-12-30T10:21:00.000000000Z,10,1,29307,A,N,0,1.2496,0,0,0,1692,6BH5,1.2495,1.2497,36,19,1,1,1.2494,1.2498,38,37,1,6,1.2493,1.2499,34,26,6,3,1.2492,1.25,12,49,4,7,1.2491,1.2501,32,25,1,3,1.249,1.2502,38,15,7,6,1.2489,1.2503,35,48,3,1,1.2488,1.2504,168,160,1,7,1.2487,1.2505,41,27,3,5,1.2486,1.2506,32,34,2,7
2024-12-30T10:21:05.000000000Z,2024-12-30T10:21:05.000000000Z,10,1,29307,A,N,0,1.2496,0,0,0,1693,6BH5,1.2495,1.2497,6,11,7,5,1.2494,1.2498,33,35,2,2,1.2493,1.2499,19,20,5,4,1.2492,1.25,18,25,2,3,1.2491,1.2501,20,32,4,6,1.249,1.2502,40,28,5,7,1.2489,1.2503,32,22,3,3,1.2488,1.2504,30,10,6,1,1.2487,1.2505,48,36,2,5,1.2486,1.2506,26,35,6,7
2024-12-30T10:21:10.000000000Z,2024-12-30T10:21:10.000000000Z,10,1,29307,A,N,0,1.2495,0,0,0,1694,6BH5,1.2494,1.2496,13,16,5,2,1.2493,1.2497,46,9,5,5,1.2492,1.2498,29,14,2,7,1.2491,1.2499,41,9,6,2,1.249,1.25,38,35,3,5,1.2489,1.2501,17,44,3,5,1.2488,1.2502,37,41,7,5,1.2487,1.2503,35,35,4,3,1.2486,1.2504,28,15,4,2,1.2485,1.2505,46,24,4,1
2024-12-30T10:21:15.000000000Z,2024-12-30T10:21:15.000000000Z,10,1,29307,A,N,0,1.2494,0,0,0,1695,6BH5,1.2493,1.2495,39,9,4,1,1.2492,1.2496,27,47,5,5,1.2491,1.2497,36,26,5,3,1.249,1.2498,11,37,6,1,1.2489,1.2499,32,25,7,3,1.2488,1.25,47,10,3,3,1.2487,1.2501,15,21,6,2,1.2486,1.2502,45,15,7,3,1.2485,1.2503,20,19,6,6,1.2484,1.2504,22,16,2,2
2024-12-30T10:21:20.000000000Z,2024-12-30T10:21:20.000000000Z,10,1,29307,A,N,0,1.2494,0,0,0,1696,6BH5,1.2493,1.2495,22,30,6,6,1.2492,1.2496,20,41,5,4,1.2491,1.2497,23,33,6,3,1.249,1.2498,39,22,2,1,1.2489,1.2499,28,9,2,2,1.2488,1.25,14,41,4,2,1.2487,1.2501,376,248,1,5,1.2486,1.2502,28,6,6,6,1.2485,1.2503,17,40,6,7,1.2484,1.2504,48,20,6,6
2024-12-30T10:21:25.000000000Z,2024-12-30T10:21:25.000000000Z,10,1,29307,A,N,0,1.2494,0,0,0,1697,6BH5,1.2493,1.2495,9,29,6,6,1.2492,1.2496,13,22,4,5,1.2491,1.2497,32,36,4,7,1.249,1.2498,26,12,4,6,1.2489,1.2499,28,42,7,1,1.2488,1.25,35,42,6,4,1.2487,1.2501,11,8,5,7,1.2486,1.2502,49,14,2,5,1.2485,1.2503,25,22,2,7,1.2484,1.2504,29,40,7,1
2024-12-30T10:21:30.000000000Z,2024-12-30T10:21:30.000000000Z,10,1,29307,A,N,0,1.2495,0,0,0,1698,6BH5,1.2494,1.2496,35,21,3,6,1.2493,1.2497,22,14,7,1,1.2492,1.2498,18,30,2,2,1.2491,1.2499,47,29,1,1,1.249,1.25,34,23,1,5,1.2489,1.2501,11,46,3,6,1.2488,1.2502,22,16,5,2,1.2487,1.2503,176,80,1,3,1.2486,1.2504,30,43,1,2,1.2485,1.2505,30,37,1,3
2024-12-30T10:21:35.000000000Z,2024-12-30T10:21:35.000000000Z,10,1,29307,A,N,0,1.2494,0,0,0,1699,6BH5,1.2493,1.2495,23,17,5,2,1.2492,1.2496,31,39,1,4,1.2491,1.2497,39,25,6,6,1.249,1.2498,35,21,7,3,1.2489,1.2499,22,20,2,2,1.2488,1.25,16,14,5,2,1.2487,1.2501,368,320,6,6,1.2486,1.2502,45,41,7,1,1.2485,1.2503,39,32,7,5,1.2484,1.2504,29,22,1,5
2024-12-30T10:21:40.000000000Z,2024-12-30T10:21:40.000000000Z,10,1,29307,A,N,0,1.2494,0,0,0,1700,6BH5,1.2493,1.2495,12,18,1,5,1.2492,1.2496,168,264,4,7,1.2491,1.2497,31,23,2,3,1.249,1.2498,29,26,5,3,1.2489,1.2499,26,20,3,3,1.2488,1.25,6,9,6,3,1.2487,1.2501,14,12,4,1,1.2486,1.2502,14,40,7,7,1.2485,1.2503,17,37,3,2,1.2484,1.2504,25,18,1,7
2024-12-30T10:21:45.000000000Z,2024-12-30T10:21:45.000000000Z,10,1,29307,A,N,0,1.2493,0,0,0,1701,6BH5,1.2492,1.2494,10,40,2,6,1.2491,1.2495,46,41,5,4,1.249,1.2496,5,18,4,7,1.2489,1.2497,368,280,1,7,1.2488,1.2498,35,13,3,6,1.2487,1.2499,22,33,1,6,1.2486,1.25,7,42,5,5,1.2485,1.2501,42,39,2,4,1.2484,1.2502,23,13,3,7,1.2483,1.2503,33,13,4,5
2024-12-30T10:21:50.000000000Z,2024-12-30T10:21:50.000000000Z,10,1,29307,A,N,0,1.2493,0,0,0,1702,6BH5,1.2492,1.2494,18,43,3,6,1.2491,1.2495,42,36,6,3,1.249,1.2496,36,38,2,4,1.2489,1.2497,21,32,2,5,1.2488,1.2498,36,23,4,2,1.2487,1.2499,21,14,3,7,1.2486,1.25,42,25,3,6,1.2485,1.2501,35,20,4,5,1.2484,1.2502,47,13,1,4,1.2483,1.2503,39,40,7,6
2024-12-30T10:21:55.000000000Z,2024-12-30T10:21:55.000000000Z,10,1,29307,A,N,0,1.2493,0,0,0,1703,6BH5,1.2492,1.2494,26,34,1,4,1.2491,1.2495,392,88,2,2,1.249,1.2496,40,46,6,3,1.2489,1.2497,15,24,6,3,1.2488,1.2498,27,45,2,6,1.2487,1.2499,19,10,3,5,1.2486,1.25,7,11,4,4,1.2485,1.2501,26,8,5,6,1.2484,1.2502,352,64,3,5,1.2483,1.2503,20,46,4,2
2024-12-30T10:22:00.000000000Z,2024-12-30T10:22:00.000000000Z,10,1,29307,A,N,0,1.2492,0,0,0,1704,6BH5,1.2491,1.2493,35,42,4,1,1.249,1.2494,22,29,7,4,1.2489,1.2495,46,24,4,6,1.2488,1.2496,40,38,3,1,1.2487,1.2497,16,25,2,5,1.2486,1.2498,23,28,5,4,1.2485,1.2499,11,24,7,1,1.2484,1.25,11,15,2,6,1.2483,1.2501,6,11,3,7,1.2482,1.2502,6,32,2,3
2024-12-30T10:22:05.000000000Z,2024-12-30T10:22:05.000000000Z,10,1,29307,A,N,0,1.2492,0,0,0,1705,6BH5,1.2491,1.2493,27,14,1,3,1.249,1.2494,32,49,4,1,1.2489,1.2495,9,23,4,5,1.2488,1.2496,47,9,4,3,1.2487,1.2497,14,32,4,5,1.2486,1.2498,27,40,7,1,1.2485,1.2499,26,35,3,7,1.2484,1.25,25,19,4,6,1.2483,1.2501,31,23,5,4,1.2482,1.2502,11,34,5,2
2024-12-30T10:22:10.000000000Z,2024-12-30T10:22:10.000000000Z,10,1,29307,A,N,0,1.2491,0,0,0,1706,6BH5,1.249,1.2492,45,25,6,4,1.2489,1.2493,47,10,4,4,1.2488,1.2494,18,46,2,4,1.2487,1.2495,44,24,2,5,1.2486,1.2496,17,5,2,6,1.2485,1.2497,16,29,2,4,1.2484,1.2498,28,30,6,5,1.2483,1.2499,44,33,2,4,1.2482,1.25,37,42,5,6,1.2481,1.2501,16,26,6,2
2024-12-30T10:22:15.000000000Z,2024-12-30T10:22:15.000000000Z,10,1,29307,A,N,0,1.2491,0,0,0,1707,6BH5,1.249,1.2492,14,11,1,7,1.2489,1.2493,19,47,2,2,1.2488,1.2494,28,6,4,5,1.2487,1.2495,40,7,7,4,1.2486,1.2496,32,15,1,6,1.2485,1.2497,9,6,4,7,1.2484,1.2498,15,18,2,4,1.2483,1.2499,7,15,4,2,1.2482,1.25,21,35,6,7,1.2481,1.2501,49,39,5,7
2024-12-30T10:22:20.000000000Z,2024-12-30T10:22:20.000000000Z,10,1,29307,A,N,0,1.2491,0,0,0,1708,6BH5,1.249,1.2492,35,28,2,5,1.2489,1.2493,31,13,6,6,1.2488,1.2494,41,18,4,4,1.2487,1.2495,37,26,5,3,1.2486,1.2496,41,7,6,6,1.2485,1.2497,43,27,6,6,1.2484,1.2498,24,46,7,5,1.2483,1.2499,49,13,1,6,1.2482,1.25,11,23,7,3,1.2481,1.2501,48,37,3,6
2024-12-30T10:22:25.000000000Z,2024-12-30T10:22:25.000000000Z,10,1,29307,A,N,0,1.249,0,0,0,1709,6BH5,1.2489,1.2491,17,44,5,5,1.2488,1.2492,17,16,3,2,1.2487,1.2493,6,42,1,2,1.2486,1.2494,30,44,6,2,1.2485,1.2495,42,35,2,1,1.2484,1.2496,42,5,7,6,1.2483,1.2497,12,44,6,7,1.2482,1.2498,21,36,3,6,1.2481,1.2499,14,13,5,2,1.248,1.25,15,15,6,4
2024-12-30T10:22:30.000000000Z,2024-12-30T10:22:30.000000000Z,10,1,29307,A,N,0,1.2491,0,0,0,1710,6BH5,1.249,1.2492,19,15,5,6,1.2489,1.2493,11,35,1,3,1.2488,1.2494,18,10,6,7,1.2487,1.2495,7,21,4,7,1.2486,1.2496,46,30,2,5,1.2485,1.2497,44,9,1,1,1.2484,1.2498,22,32,3,2,1.2483,1.2499,34,36,6,1,1.2482,1.25,12,8,5,7,1.2481,1.2501,15,16,6,7
2024-12-30T10:22:35.000000000Z,2024-12-30T10:22:35.000000000Z,10,1,29307,A,N,0,1.2491,0,0,0,1711,6BH5,1.249,1.2492,15,6,1,2,1.2489,1.2493,27,37,6,5,1.2488,1.2494,46,24,7,5,1.2487,1.2495,12,11,1,5,1.2486,1.2496,8,34,4,6,1.2485,1.2497,47,46,3,3,1.2484,1.2498,17,11,3,3,1.2483,1.2499,46,15,2,5,1.2482,1.25,33,35,3,7,1.2481,1.2501,6,12,3,1
2024-12-30T10:22:40.000000000Z,2024-12-30T10:22:40.000000000Z,10,1,29307,A,N,0,1.2492,0,0,0,1712,6BH5,1.2491,1.2493,24,44,5,1,1.249,1.2494,40,296,4,1,1.2489,1.2495,38,12,1,4,1.2488,1.2496,40,23,7,5,1.2487,1.2497,64,64,4,1,1.2486,1.2498,30,9,4,6,1.2485,1.2499,45,20,2,4,1.2484,1.25,30,8,3,2,1.2483,1.2501,27,25,5,2,1.2482,1.2502,7,10,6,6
2024-12-30T10:22:45.000000000Z,2024-12-30T10:22:45.000000000Z,10,1,29307,A,N,0,1.2491,0,0,0,1713,6BH5,1.249,1.2492,37,21,2,1,1.2489,1.2493,6,38,7,4,1.2488,1.2494,41,26,6,3,1.2487,1.2495,19,8,5,5,1.2486,1.2496,5,38,2,1,1.2485,1.2497,21,39,5,5,1.2484,1.2498,41,17,5,7,1.2483,1.2499,17,47,1,5,1.2482,1.25,18,20,6,2,1.2481,1.2501,64,160,4,3
2024-12-30T10:22:50.000000000Z,2024-12-30T10:22:50.000000000Z,10,1,29307,A,N,0,1.2492,0,0,0,1714,6BH5,1.2491,1.2493,21,7,6,3,1.249,1.2494,26,7,7,7,1.2489,1.2495,34,40,3,4,1.2488,1.2496,40,42,6,6,1.2487,1.2497,44,18,7,2,1.2486,1.2498,14,43,6,1,1.2485,1.2499,9,9,6,3,1.2484,1.25,30,10,5,2,1.2483,1.2501,27,42,6,5,1.2482,1.2502,29,48,4,6
2024-12-30T10:22:55.000000000Z,2024-12-30T10:22:55.000000000Z,10,1,29307,A,N,0,1.2491,0,0,0,1715,6BH5,1.249,1.2492,64,320,1,1,1.2489,1.2493,19,49,5,7,1.2488,1.2494,22,36,2,2,1.2487,1.2495,8,45,5,7,1.2486,1.2496,49,7,7,1,1.2485,1.2497,33,23,4,3,1.2484,1.2498,160,240,6,1,1.2483,1.2499,38,25,1,3,1.2482,1.25,49,22,1,4,1.2481,1.2501,34,16,7,3
2024-12-30T10:23:00.000000000Z,2024-12-30T10:23:00.000000000Z,10,1,29307,A,N,0,1.2491,0,0,0,1716,6BH5,1.249,1.2492,11,26,7,7,1.2489,1.2493,10,18,4,5,1.2488,1.2494,29,31,4,4,1.2487,1.2495,31,11,4,3,1.2486,1.2496,33,32,3,3,1.2485,1.2497,39,24,7,1,1.2484,1.2498,14,25,3,1,1.2483,1.2499,43,5,6,7,1.2482,1.25,27,22,6,3,1.2481,1.2501,16,39,1,5
2024-12-30T10:23:05.000000000Z,2024-12-30T10:23:05.000000000Z,10,1,29307,A,N,0,1.2492,0,0,0,1717,6BH5,1.2491,1.2493,17,12,7,5,1.249,1.2494,25,17,2,3,1.2489,1.2495,8,25,2,1,1.2488,1.2496,25,8,1,7,1.2487,1.2497,9,44,5,2,1.2486,1.2498,31,14,1,7,1.2485,1.2499,17,30,1,7,1.2484,1.25,30,22,7,6,1.2483,1.2501,8,25,6,1,1.2482,1.2502,21,36,2,1
2024-12-30T10:23:10.000000000Z,2024-12-30T10:23:10.000000000Z,10,1,29307,A,N,0,1.2491,0,0,0,1718,6BH5,1.249,1.2492,49,30,1,3,1.2489,1.2493,45,13,4,1,1.2488,1.2494,38,14,2,6,1.2487,1.2495,38,13,5,2,1.2486,1.2496,44,7,1,3,1.2485,1.2497,15,27,3,2,1.2484,1.2498,28,6,5,4,1.2483,1.2499,38,5,5,3,1.2482,1.25,5,29,1,5,1.2481,1.2501,11,39,5,2
2024-12-30T10:23:15.000000000Z,2024-12-30T10:23:15.000000000Z,10,1,29307,A,N,0,1.249,0,0,0,1719,6BH5,1.2489,1.2491,9,13,7,5,1.2488,1.2492,22,23,7,6,1.2487,1.2493,35,25,6,2,1.2486,1.2494,39,18,2,2,1.2485,1.2495,39,11,3,6,1.2484,1.2496,20,24,5,5,1.2483,1.2497,47,49,4,5,1.2482,1.2498,43,32,4,3,1.2481,1.2499,19,45,1,4,1.248,1.25,112,216,5,5
2024-12-30T10:23:20.000000000Z,2024-12-30T10:23:20.000000000Z,10,1,29307,A,N,0,1.2491,0,0,0,1720,6BH5,1.249,1.2492,17,40,3,5,1.2489,1.2493,8,5,4,2,1.2488,1.2494,25,19,1,1,1.2487,1.2495,39,8,5,4,1.2486,1.2496,42,28,3,4,1.2485,1.2497,47,15,3,7,1.2484,1.2498,320,136,2,3,1.2483,1.2499,36,24,7,7,1.2482,1.25,43,9,1,4,1.2481,1.2501,30,8,6,6
2024-12-30T10:23:25.000000000Z,2024-12-30T10:23:25.000000000Z,10,1,29307,A,N,0,1.2491,0,0,0,1721,6BH5,1.249,1.2492,17,11,3,3,1.2489,1.2493,20,35,1,6,1.2488,1.2494,232,48,3,1,1.2487,1.2495,22,24,2,7,1.2486,1.2496,17,12,3,6,1.2485,1.2497,296,248,3,1,1.2484,1.2498,47,22,4,1,1.2483,1.2499,49,14,2,3,1.2482,1.25,14,25,3,7,1.2481,1.2501,29,38,1,1
2024-12-30T10:23:30.000000000Z,2024-12-30T10:23:30.000000000Z,10,1,29307,A,N,0,1.2491,0,0,0,1722,6BH5,1.249,1.2492,39,48,4,2,1.2489,1.2493,5,23,6,6,1.2488,1.2494,40,45,6,2,1.2487,1.2495,28,11,3,5,1.2486,1.2496,24,30,1,4,1.2485,1.2497,10,11,4,6,1.2484,1.2498,40,24,6,2,1.2483,1.2499,9,35,6,1,1.2482,1.25,7,30,1,7,1.2481,1.2501,27,29,2,4
2024-12-30T10:23:35.000000000Z,2024-12-30T10:23:35.000000000Z,10,1,29307,A,N,0,1.249,0,0,0,1723,6BH5,1.2489,1.2491,15,45,6,2,1.2488,1.2492,336,176,6,1,1.2487,1.2493,26,25,2,4,1.2486,1.2494,31,45,2,5,1.2485,1.2495,304,240,2,1,1.2484,1.2496,17,41,7,3,1.2483,1.2497,34,43,1,4,1.2482,1.2498,43,14,6,2,1.2481,1.2499,12,43,2,1,1.248,1.25,41,37,5,2
2024-12-30T10:23:40.000000000Z,2024-12-30T10:23:40.000000000Z,10,1,29307,A,N,0,1.249,0,0,0,1724,6BH5,1.2489,1.2491,21,8,1,4,1.2488,1.2492,9,42,1,1,1.2487,1.2493,23,41,1,1,1.2486,1.2494,27,18,7,5,1.2485,1.2495,5,16,3,5,1.2484,1.2496,45,18,5,4,1.2483,1.2497,19,46,1,4,1.2482,1.2498,18,43,1,2,1.2481,1.2499,32,35,1,4,1.248,1.25,49,5,2,7
2024-12-30T10:23:45.000000000Z,2024-12-30T10:23:45.000000000Z,10,1,29307,A,N,0,1.2489,0,0,0,1725,6BH5,1.2488,1.249,27,24,1,6,1.2487,1.2491,20,42,6,7,1.2486,1.2492,11,48,1,2,1.2485,1.2493,44,8,5,2,1.2484,1.2494,47,16,6,5,1.2483,1.2495,7,11,7,7,1.2482,1.2496,30,30,4,3,1.2481,1.2497,44,49,2,7,1.248,1.2498,41,38,4,6,1.2479,1.2499,36,40,2,5
2024-12-30T10:23:50.000000000Z,2024-12-30T10:23:50.000000000Z,10,1,29307,A,N,0,1.249,0,0,0,1726,6BH5,1.2489,1.2491,44,33,7,7,1.2488,1.2492,48,11,1,7,1.2487,1.2493,41,6,7,5,1.2486,1.2494,26,10,5,7,1.2485,1.2495,9,30,4,7,1.2484,1.2496,44,25,1,5,1.2483,1.2497,22,43,3,6,1.2482,1.2498,18,8,1,6,1.2481,1.2499,36,35,2,7,1.248,1.25,38,9,7,2
2024-12-30T10:23:55.000000000Z,2024-12-30T10:23:55.000000000Z,10,1,29307,A,N,0,1.249,0,0,0,1727,6BH5,1.2489,1.2491,49,34,6,1,1.2488,1.2492,24,27,7,5,1.2487,1.2493,9,13,7,6,1.2486,1.2494,8,25,2,5,1.2485,1.2495,136,240,4,3,1.2484,1.2496,13,34,3,4,1.2483,1.2497,16,17,5,3,1.2482,1.2498,31,9,1,7,1.2481,1.2499,20,44,6,7,1.248,1.25,12,45,6,5
2024-12-30T10:24:00.000000000Z,2024-12-30T10:24:00.000000000Z,10,1,29307,A,N,0,1.2491,0,0,0,1728,6BH5,1.249,1.2492,36,23,5,2,1.2489,1.2493,14,9,3,4,1.2488,1.2494,29,11,4,6,1.2487,1.2495,31,25,3,4,1.2486,1.2496,200,248,7,3,1.2485,1.2497,21,12,1,1,1.2484,1.2498,28,22,2,7,1.2483,1.2499,20,25,4,1,1.2482,1.25,120,352,4,5,1.2481,1.2501,32,47,6,6
2024-12-30T10:24:05.000000000Z,2024-12-30T10:24:05.000000000Z,10,1,29307,A,N,0,1.249,0,0,0,1729,6BH5,1.2489,1.2491,47,25,3,5,1.2488,1.2492,47,37,5,7,1.2487,1.2493,33,20,4,4,1.2486,1.2494,23,47,7,6,1.2485,1.2495,17,7,2,3,1.2484,1.2496,14,10,1,1,1.2483,1.2497,28,8,7,2,1.2482,1.2498,13,15,7,5,1.2481,1.2499,7,11,3,4,1.248,1.25,27,42,7,7
2024-12-30T10:24:10.000000000Z,2024-12-30T10:24:10.000000000Z,10,1,29307,A,N,0,1.2491,0,0,0,1730,6BH5,1.249,1.2492,9,45,1,5,1.2489,1.2493,23,28,7,4,1.2488,1.2494,21,5,3,1,1.2487,1.2495,152,80,5,7,1.2486,1.2496,28,42,7,2,1.2485,1.2497,23,32,7,4,1.2484,1.2498,17,15,6,7,1.2483,1.2499,29,35,3,4,1.2482,1.25,28,18,7,5,1.2481,1.2501,34,46,6,2
2024-12-30T10:24:15.000000000Z,2024-12-30T10:24:15.000000000Z,10,1,29307,A,N,0,1.2491,0,0,0,1731,6BH5,1.249,1.2492,22,26,3,4,1.2489,1.2493,13,5,4,1,1.2488,1.2494,32,40,2,6,1.2487,1.2495,10,26,7,3,1.2486,1.2496,24,28,5,6,1.2485,1.2497,11,12,3,3,1.2484,1.2498,9,42,4,7,1.2483,1.2499,10,12,4,2,1.2482,1.25,30,7,2,1,1.2481,1.2501,36,36,6,2
2024-12-30T10:24:20.000000000Z,2024-12-30T10:24:20.000000000Z,10,1,29307,A,N,0,1.2492,0,0,0,1732,6BH5,1.2491,1.2493,11,34,1,5,1.249,1.2494,26,41,5,6,1.2489,1.2495,48,13,1,6,1.2488,1.2496,6,5,2,3,1.2487,1.2497,28,48,7,6,1.2486,1.2498,24,16,4,7,1.2485,1.2499,8,33,3,5,1.2484,1.25,6,11,1,3,1.2483,1.2501,38,16,3,6,1.2482,1.2502,47,14,3,5
2024-12-30T10:24:25.000000000Z,2024-12-30T10:24:25.000000000Z,10,1,29307,A,N,0,1.2491,0,0,0,1733,6BH5,1.249,1.2492,24,9,5,3,1.2489,1.2493,33,48,4,3,1.2488,1.2494,49,6,6,7,1.2487,1.2495,24,34,5,2,1.2486,1.2496,15,44,1,7,1.2485,1.2497,8,31,2,4,1.2484,1.2498,17,25,3,4,1.2483,1.2499,40,17,3,5,1.2482,1.25,37,48,7,1,1.2481,1.2501,9,16,1,1
2024-12-30T10:24:30.000000000Z,2024-12-30T10:24:30.000000000Z,10,1,29307,A,N,0,1.2492,0,0,0,1734,6BH5,1.2491,1.2493,34,31,1,6,1.249,1.2494,296,104,2,1,1.2489,1.2495,9,7,2,5,1.2488,1.2496,15,15,3,6,1.2487,1.2497,24,24,2,2,1.2486,1.2498,49,46,1,6,1.2485,1.2499,14,49,1,3,1.2484,1.25,8,20,5,3,1.2483,1.2501,35,23,4,6,1.2482,1.2502,18,5,3,5
2024-12-30T10:24:35.000000000Z,2024-12-30T10:24:35.000000000Z,10,1,29307,A,N,0,1.2492,0,0,0,1735,6BH5,1.2491,1.2493,12,10,3,5,1.249,1.2494,15,17,1,3,1.2489,1.2495,24,39,2,3,1.2488,1.2496,47,45,7,4,1.2487,1.2497,21,31,1,3,1.2486,1.2498,288,376,7,6,1.2485,1.2499,20,7,2,3,1.2484,1.25,9,32,7,2,1.2483,1.2501,23,29,3,6,1.2482,1.2502,30,35,3,7
2024-12-30T10:24:40.000000000Z,2024-12-30T10:24:40.000000000Z,10,1,29307,A,N,0,1.2491,0,0,0,1736,6BH5,1.249,1.2492,17,47,4,2,1.2489,1.2493,13,8,1,4,1.2488,1.2494,43,19,1,5,1.2487,1.2495,14,14,6,4,1.2486,1.2496,33,24,1,6,1.2485,1.2497,27,30,6,4,1.2484,1.2498,128,152,1,7,1.2483,1.2499,18,6,7,4,1.2482,1.25,6,22,4,4,1.2481,1.2501,44,11,5,4
2024-12-30T10:24:45.000000000Z,2024-12-30T10:24:45.000000000Z,10,1,29307,A,N,0,1.2491,0,0,0,1737,6BH5,1.249,1.2492,49,23,4,2,1.2489,1.2493,120,224,3,7,1.2488,1.2494,11,33,3,3,1.2487,1.2495,38,47,2,7,1.2486,1.2496,352,296,5,6,1.2485,1.2497,12,21,6,4,1.2484,1.2498,304,120,6,2,1.2483,1.2499,28,48,3,7,1.2482,1.25,32,31,6,5,1.2481,1.2501,6,49,2,3
2024-12-30T10:24:50.000000000Z,2024-12-30T10:24:50.000000000Z,10,1,29307,A,N,0,1.249,0,0,0,1738,6BH5,1.2489,1.2491,45,8,3,2,1.2488,1.2492,26,14,2,7,1.2487,1.2493,41,15,2,3,1.2486,1.2494,42,6,7,2,1.2485,1.2495,5,48,1,6,1.2484,1.2496,28,45,6,2,1.2483,1.2497,30,18,4,4,1.2482,1.2498,39,49,6,7,1.2481,1.2499,32,27,7,5,1.248,1.25,27,35,7,5
2024-12-30T10:24:55.000000000Z,2024-12-30T10:24:55.000000000Z,10,1,29307,A,N,0,1.249,0,0,0,1739,6BH5,1.2489,1.2491,13,12,6,5,1.2488,1.2492,40,27,1,1,1.2487,1.2493,27,15,5,1,1.2486,1.2494,32,43,2,3,1.2485,1.2495,7,47,7,5,1.2484,1.2496,36,5,6,7,1.2483,1.2497,48,23,6,5,1.2482,1.2498,36,23,7,5,1.2481,1.2499,48,7,5,6,1.248,1.25,40,46,7,7
2024-12-30T10:25:00.000000000Z,2024-12-30T10:25:00.000000000Z,10,1,29307,A,N,0,1.249,0,0,0,1740,6BH5,1.2489,1.2491,36,47,6,5,1.2488,1.2492,16,26,6,5,1.2487,1.2493,14,16,4,4,1.2486,1.2494,32,12,4,3,1.2485,1.2495,312,296,3,6,1.2484,1.2496,38,40,5,6,1.2483,1.2497,14,41,2,7,1.2482,1.2498,21,12,7,6,1.2481,1.2499,12,37,6,6,1.248,1.25,49,18,2,2
2024-12-30T10:25:05.000000000Z,2024-12-30T10:25:05.000000000Z,10,1,29307,A,N,0,1.249,0,0,0,1741,6BH5,1.2489,1.2491,29,26,3,1,1.2488,1.2492,24,17,6,2,1.2487,1.2493,33,13,6,7,1.2486,1.2494,10,45,6,2,1.2485,1.2495,16,47,3,3,1.2484,1.2496,17,25,5,2,1.2483,1.2497,26,15,7,5,1.2482,1.2498,35,38,5,1,1.2481,1.2499,36,14,1,4,1.248,1.25,30,25,5,4
2024-12-30T10:25:10.000000000Z,2024-12-30T10:25:10.000000000Z,10,1,29307,A,N,0,1.249,0,0,0,1742,6BH5,1.2489,1.2491,19,27,2,2,1.2488,1.2492,23,30,3,4,1.2487,1.2493,44,39,3,4,1.2486,1.2494,41,31,7,5,1.2485,1.2495,35,27,2,1,1.2484,1.2496,48,49,6,4,1.2483,1.2497,36,7,2,2,1.2482,1.2498,40,36,7,5,1.2481,1.2499,31,9,2,2,1.248,1.25,23,27,1,4
2024-12-30T10:25:15.000000000Z,2024-12-30T10:25:15.000000000Z,10,1,29307,A,N,0,1.249,0,0,0,1743,6BH5,1.2489,1.2491,7,17,4,5,1.2488,1.2492,43,18,6,4,1.2487,1.2493,42,21,7,6,1.2486,1.2494,25,29,7,7,1.2485,1.2495,23,17,7,6,1.2484,1.2496,23,27,3,1,1.2483,1.2497,20,36,7,3,1.2482,1.2498,14,12,7,2,1.2481,1.2499,392,48,1,2,1.248,1.25,48,28,2,3
2024-12-30T10:25:20.000000000Z,2024-12-30T10:25:20.000000000Z,10,1,29307,A,N,0,1.2489,0,0,0,1744,6BH5,1.2488,1.249,24,36,2,5,1.2487,1.2491,42,18,3,5,1.2486,1.2492,12,10,2,3,1.2485,1.2493,17,31,4,3,1.2484,1.2494,37,20,1,6,1.2483,1.2495,25,5,2,3,1.2482,1.2496,42,22,6,1,1.2481,1.2497,15,6,1,2,1.248,1.2498,352,272,1,6,1.2479,1.2499,26,49,4,2
2024-12-30T10:25:25.000000000Z,2024-12-30T10:25:25.000000000Z,10,1,29307,A,N,0,1.249,0,0,0,1745,6BH5,1.2489,1.2491,34,10,3,2,1.2488,1.2492,34,19,7,3,1.2487,1.2493,47,33,7,7,1.2486,1.2494,264,144,2,6,1.2485,1.2495,39,32,2,2,1.2484,1.2496,47,26,7,2,1.2483,1.2497,31,30,2,1,1.2482,1.2498,41,35,2,4,1.2481,1.2499,33,7,5,4,1.248,1.25,14,18,5,3
2024-12-30T10:25:30.000000000Z,2024-12-30T10:25:30.000000000Z,10,1,29307,A,N,0,1.2491,0,0,0,1746,6BH5,1.249,1.2492,47,34,7,4,1.2489,1.2493,40,36,3,7,1.2488,1.2494,15,23,7,6,1.2487,1.2495,368,352,1,7,1.2486,1.2496,18,44,3,2,1.2485,1.2497,12,27,6,4,1.2484,1.2498,26,41,3,5,1.2483,1.2499,33,17,5,5,1.2482,1.25,49,46,2,2,1.2481,1.2501,14,19,3,2
2024-12-30T10:25:35.000000000Z,2024-12-30T10:25:35.000000000Z,10,1,29307,A,N,0,1.2491,0,0,0,1747,6BH5,1.249,1.2492,31,8,5,2,1.2489,1.2493,7,43,1,1,1.2488,1.2494,16,22,1,5,1.2487,1.2495,176,152,7,6,1.2486,1.2496,16,14,3,2,1.2485,1.2497,37,47,1,2,1.2484,1.2498,47,5,3,6,1.2483,1.2499,33,38,2,3,1.2482,1.25,17,15,2,6,1.2481,1.2501,14,42,7,6
2024-12-30T10:25:40.000000000Z,2024-12-30T10:25:40.000000000Z,10,1,29307,A,N,0,1.249,0,0,0,1748,6BH5,1.2489,1.2491,34,35,1,5,1.2488,1.2492,38,17,1,2,1.2487,1.2493,29,18,3,6,1.2486,1.2494,6,39,3,3,1.2485,1.2495,36,21,3,3,1.2484,1.2496,23,37,1,3,1.2483,1.2497,11,12,6,7,1.2482,1.2498,26,31,2,4,1.2481,1.2499,23,31,6,6,1.248,1.25,43,49,3,5
2024-12-30T10:25:45.000000000Z,2024-12-30T10:25:45.000000000Z,10,1,29307,A,N,0,1.249,0,0,0,1749,6BH5,1.2489,1.2491,39,24,4,3,1.2488,1.2492,44,49,1,2,1.2487,1.2493,24,39,7,7,1.2486,1.2494,11,43,4,1,1.2485,1.2495,47,46,2,7,1.2484,1.2496,12,49,1,6,1.2483,1.2497,24,22,2,7,1.2482,1.2498,14,47,7,2,1.2481,1.2499,33,45,5,4,1.248,1.25,192,96,1,1
2024-12-30T10:25:50.000000000Z,2024-12-30T10:25:50.000000000Z,10,1,29307,A,N,0,1.2491,0,0,0,1750,6BH5,1.249,1.2492,20,9,2,2,1.2489,1.2493,17,5,1,4,1.2488,1.2494,29,33,3,5,1.2487,1.2495,22,22,1,5,1.2486,1.2496,18,30,7,2,1.2485,1.2497,9,35,5,5,1.2484,1.2498,37,38,2,4,1.2483,1.2499,9,30,4,7,1.2482,1.25,18,9,4,5,1.2481,1.2501,248,160,3,6
2024-12-30T10:25:55.000000000Z,2024-12-30T10:25:55.000000000Z,10,1,29307,A,N,0,1.2491,0,0,0,1751,6BH5,1.249,1.2492,22,49,4,3,1.2489,1.2493,11,25,6,7,1.2488,1.2494,18,7,1,3,1.2487,1.2495,9,34,3,2,1.2486,1.2496,31,33,5,6,1.2485,1.2497,11,20,1,1,1.2484,1.2498,25,47,2,1,1.2483,1.2499,12,39,6,6,1.2482,1.25,32,46,4,3,1.2481,1.2501,272,144,5,3
2024-12-30T10:26:00.000000000Z,2024-12-30T10:26:00.000000000Z,10,1,29307,A,N,0,1.2491,0,0,0,1752,6BH5,1.249,1.2492,37,15,1,3,1.2489,1.2493,30,32,1,2,1.2488,1.2494,40,47,6,7,1.2487,1.2495,40,6,1,4,1.2486,1.2496,33,23,6,2,1.2485,1.2497,29,33,7,1,1.2484,1.2498,72,296,6,7,1.2483,1.2499,9,8,5,6,1.2482,1.25,36,18,3,2,1.2481,1.2501,12,34,5,5
2024-12-30T10:26:05.000000000Z,2024-12-30T10:26:05.000000000Z,10,1,29307,A,N,0,1.249,0,0,0,1753,6BH5,1.2489,1.2491,33,27,4,4,1.2488,1.2492,11,30,4,4,1.2487,1.2493,32,34,7,4,1.2486,1.2494,28,5,1,3,1.2485,1.2495,47,9,1,3,1.2484,1.2496,22,18,6,7,1.2483,1.2497,9,6,7,7,1.2482,1.2498,20,26,3,5,1.2481,1.2499,16,17,2,6,1.248,1.25,28,32,5,3
2024-12-30T10:26:10.000000000Z,2024-12-30T10:26:10.000000000Z,10,1,29307,A,N,0,1.2491,0,0,0,1754,6BH5,1.249,1.2492,19,9,4,7,1.2489,1.2493,26,9,6,1,1.2488,1.2494,27,32,4,1,1.2487,1.2495,49,49,2,7,1.2486,1.2496,160,376,5,6,1.2485,1.2497,24,36,5,6,1.2484,1.2498,9,6,6,7,1.2483,1.2499,44,5,1,4,1.2482,1.25,24,30,6,7,1.2481,1.2501,34,16,7,2
2024-12-30T10:26:15.000000000Z,2024-12-30T10:26:15.000000000Z,10,1,29307,A,N,0,1.2491,0,0,0,1755,6BH5,1.249,1.2492,25,20,5,5,1.2489,1.2493,45,26,1,1,1.2488,1.2494,41,42,6,1,1.2487,1.2495,7,13,1,3,1.2486,1.2496,42,6,7,6,1.2485,1.2497,32,14,1,5,1.2484,1.2498,44,49,6,2,1.2483,1.2499,9,15,3,5,1.2482,1.25,40,17,7,4,1.2481,1.2501,36,10,3,7
2024-12-30T10:26:20.000000000Z,2024-12-30T10:26:20.000000000Z,10,1,29307,A,N,0,1.249,0,0,0,1756,6BH5,1.2489,1.2491,32,28,6,5,1.2488,1.2492,46,10,7,4,1.2487,1.2493,43,31,3,6,1.2486,1.2494,20,36,1,5,1.2485,1.2495,37,49,3,5,1.2484,1.2496,41,36,4,6,1.2483,1.2497,376,72,1,3,1.2482,1.2498,45,42,2,6,1.2481,1.2499,44,38,4,2,1.248,1.25,41,23,7,4
2024-12-30T10:26:25.000000000Z,2024-12-30T10:26:25.000000000Z,10,1,29307,A,N,0,1.2489,0,0,0,1757,6BH5,1.2488,1.249,9,20,2,7,1.2487,1.2491,35,26,1,1,1.2486,1.2492,280,184,6,6,1.2485,1.2493,47,14,1,4,1.2484,1.2494,9,34,6,7,1.2483,1.2495,9,12,6,3,1.2482,1.2496,6,11,7,6,1.2481,1.2497,33,6,2,7,1.248,1.2498,29,30,2,6,1.2479,1.2499,17,41,4,5
2024-12-30T10:26:30.000000000Z,2024-12-30T10:26:30.000000000Z,10,1,29307,A,N,0,1.2489,0,0,0,1758,6BH5,1.2488,1.249,18,15,1,7,1.2487,1.2491,17,26,1,1,1.2486,1.2492,22,13,6,5,1.2485,1.2493,13,46,7,6,1.2484,1.2494,21,21,3,2,1.2483,1.2495,40,22,5,6,1.2482,1.2496,46,46,5,1,1.2481,1.2497,9,26,1,5,1.248,1.2498,36,35,5,1,1.2479,1.2499,37,14,2,7
2024-12-30T10:26:35.000000000Z,2024-12-30T10:26:35.000000000Z,10,1,29307,A,N,0,1.2489,0,0,0,1759,6BH5,1.2488,1.249,32,46,1,1,1.2487,1.2491,31,36,1,2,1.2486,1.2492,11,26,6,3,1.2485,1.2493,17,26,2,6,1.2484,1.2494,9,34,7,4,1.2483,1.2495,24,45,2,1,1.2482,1.2496,240,296,2,7,1.2481,1.2497,39,34,3,7,1.248,1.2498,22,5,1,6,1.2479,1.2499,22,6,7,4
2024-12-30T10:26:40.000000000Z,2024-12-30T10:26:40.000000000Z,10,1,29307,A,N,0,1.2489,0,0,0,1760,6BH5,1.2488,1.249,8,25,3,3,1.2487,1.2491,28,31,3,4,1.2486,1.2492,32,38,2,1,1.2485,1.2493,19,28,3,7,1.2484,1.2494,8,40,6,4,1.2483,1.2495,18,46,3,6,1.2482,1.2496,24,33,2,3,1.2481,1.2497,30,23,6,4,1.248,1.2498,20,5,3,2,1.2479,1.2499,48,20,3,1
2024-12-30T10:26:45.000000000Z,2024-12-30T10:26:45.000000000Z,10,1,29307,A,N,0,1.249,0,0,0,1761,6BH5,1.2489,1.2491,41,37,1,2,1.2488,1.2492,20,40,6,7,1.2487,1.2493,43,38,2,1,1.2486,1.2494,40,40,7,5,1.2485,1.2495,9,8,3,1,1.2484,1.2496,7,12,7,6,1.2483,1.2497,38,5,4,4,1.2482,1.2498,48,29,6,2,1.2481,1.2499,22,31,1,4,1.248,1.25,22,18,2,4
2024-12-30T10:26:50.000000000Z,2024-12-30T10:26:50.000000000Z,10,1,29307,A,N,0,1.2489,0,0,0,1762,6BH5,1.2488,1.249,38,42,5,6,1.2487,1.2491,11,11,5,5,1.2486,1.2492,32,27,7,1,1.2485,1.2493,15,17,2,1,1.2484,1.2494,17,23,1,5,1.2483,1.2495,42,44,2,5,1.2482,1.2496,15,49,1,7,1.2481,1.2497,27,39,3,7,1.248,1.2498,13,24,1,5,1.2479,1.2499,10,34,6,7
2024-12-30T10:26:55.000000000Z,2024-12-30T10:26:55.000000000Z,10,1,29307,A,N,0,1.249,0,0,0,1763,6BH5,1.2489,1.2491,30,7,1,1,1.2488,1.2492,43,8,6,5,1.2487,1.2493,25,34,7,5,1.2486,1.2494,11,27,4,7,1.2485,1.2495,9,23,5,1,1.2484,1.2496,18,7,7,6,1.2483,1.2497,40,42,6,3,1.2482,1.2498,20,21,3,3,1.2481,1.2499,49,6,6,7,1.248,1.25,5,6,5,1
2024-12-30T10:27:00.000000000Z,2024-12-30T10:27:00.000000000Z,10,1,29307,A,N,0,1.249,0,0,0,1764,6BH5,1.2489,1.2491,5,10,6,4,1.2488,1.2492,31,21,3,2,1.2487,1.2493,19,49,5,3,1.2486,1.2494,18,8,4,5,1.2485,1.2495,37,49,5,7,1.2484,1.2496,46,43,5,3,1.2483,1.2497,18,29,4,7,1.2482,1.2498,48,10,4,6,1.2481,1.2499,41,45,7,2,1.248,1.25,376,176,7,5
2024-12-30T10:27:05.000000000Z,2024-12-30T10:27:05.000000000Z,10,1,29307,A,N,0,1.249,0,0,0,1765,6BH5,1.2489,1.2491,47,21,7,5,1.2488,1.2492,20,13,3,7,1.2487,1.2493,7,10,4,7,1.2486,1.2494,36,10,7,5,1.2485,1.2495,32,19,5,1,1.2484,1.2496,6,28,1,5,1.2483,1.2497,38,18,4,7,1.2482,1.2498,320,392,6,3,1.2481,1.2499,12,6,1,2,1.248,1.25,49,29,1,3
2024-12-30T10:27:10.000000000Z,2024-12-30T10:27:10.000000000Z,10,1,29307,A,N,0,1.2491,0,0,0,1766,6BH5,1.249,1.2492,14,48,1,1,1.2489,1.2493,42,34,5,4,1.2488,1.2494,13,18,3,5,1.2487,1.2495,43,47,2,6,1.2486,1.2496,31,5,7,2,1.2485,1.2497,33,18,4,3,1.2484,1.2498,45,37,5,6,1.2483,1.2499,49,14,1,4,1.2482,1.25,40,10,7,1,1.2481,1.2501,21,43,1,5
2024-12-30T10:27:15.000000000Z,2024-12-30T10:27:15.000000000Z,10,1,29307,A,N,0,1.2491,0,0,0,1767,6BH5,1.249,1.2492,9,42,1,2,1.2489,1.2493,31,41,6,5,1.2488,1.2494,37,17,4,2,1.2487,1.2495,46,28,4,3,1.2486,1.2496,40,37,2,7,1.2485,1.2497,19,18,3,4,1.2484,1.2498,35,35,2,1,1.2483,1.2499,31,36,4,4,1.2482,1.25,28,28,6,4,1.2481,1.2501,9,8,5,1
2024-12-30T10:27:20.000000000Z,2024-12-30T10:27:20.000000000Z,10,1,29307,A,N,0,1.2491,0,0,0,1768,6BH5,1.249,1.2492,42,44,5,2,1.2489,1.2493,304,288,1,5,1.2488,1.2494,36,5,6,7,1.2487,1.2495,18,13,4,2,1.2486,1.2496,104,320,7,5,1.2485,1.2497,38,7,5,7,1.2484,1.2498,40,6,1,3,1.2483,1.2499,33,29,5,3,1.2482,1.25,43,16,7,4,1.2481,1.2501,43,35,3,5
2024-12-30T10:27:25.000000000Z,2024-12-30T10:27:25.000000000Z,10,1,29307,A,N,0,1.2492,0,0,0,1769,6BH5,1.2491,1.2493,31,30,3,5,1.249,1.2494,27,5,2,4,1.2489,1.2495,17,44,5,7,1.2488,1.2496,88,312,1,6,1.2487,1.2497,5,19,5,6,1.2486,1.2498,35,9,4,1,1.2485,1.2499,47,18,1,1,1.2484,1.25,31,33,4,1,1.2483,1.2501,9,25,5,2,1.2482,1.2502,49,22,7,6
2024-12-30T10:27:30.000000000Z,2024-12-30T10:27:30.000000000Z,10,1,29307,A,N,0,1.2492,0,0,0,1770,6BH5,1.2491,1.2493,15,33,5,1,1.249,1.2494,14,10,5,7,1.2489,1.2495,47,20,3,2,1.2488,1.2496,12,34,1,2,1.2487,1.2497,7,10,5,3,1.2486,1.2498,17,19,6,3,1.2485,1.2499,12,18,7,1,1.2484,1.25,5,21,5,2,1.2483,1.2501,19,31,4,6,1.2482,1.2502,38,44,7,3
2024-12-30T10:27:35.000000000Z,2024-12-30T10:27:35.000000000Z,10,1,29307,A,N,0,1.2492,0,0,0,1771,6BH5,1.2491,1.2493,33,34,3,1,1.249,1.2494,33,16,6,3,1.2489,1.2495,40,19,1,7,1.2488,1.2496,19,38,6,7,1.2487,1.2497,33,36,7,5,1.2486,1.2498,25,28,1,3,1.2485,1.2499,11,35,6,1,1.2484,1.25,8,37,3,4,1.2483,1.2501,33,10,3,2,1.2482,1.2502,14,40,3,3
2024-12-30T10:27:40.000000000Z,2024-12-30T10:27:40.000000000Z,10,1,29307,A,N,0,1.2493,0,0,0,1772,6BH5,1.2492,1.2494,19,38,6,6,1.2491,1.2495,5,10,4,3,1.249,1.2496,10,8,2,3,1.2489,1.2497,44,13,1,3,1.2488,1.2498,21,45,4,7,1.2487,1.2499,45,43,6,6,1.2486,1.25,34,49,2,4,1.2485,1.2501,35,22,5,3,1.2484,1.2502,48,16,7,5,1.2483,1.2503,23,5,6,1
2024-12-30T10:27:45.000000000Z,2024-12-30T10:27:45.000000000Z,10,1,29307,A,N,0,1.2493,0,0,0,1773,6BH5,1.2492,1.2494,42,25,4,4,1.2491,1.2495,5,10,7,1,1.249,1.2496,6,49,3,3,1.2489,1.2497,8,23,2,6,1.2488,1.2498,48,26,6,2,1.2487,1.2499,48,37,2,3,1.2486,1.25,31,19,1,3,1.2485,1.2501,46,19,2,2,1.2484,1.2502,18,7,3,7,1.2483,1.2503,42,40,5,2
2024-12-30T10:27:50.000000000Z,2024-12-30T10:27:50.000000000Z,10,1,29307,A,N,0,1.2493,0,0,0,1774,6BH5,1.2492,1.2494,6,40,4,6,1.2491,1.2495,39,12,6,4,1.249,1.2496,19,18,2,1,1.2489,1.2497,24,30,1,7,1.2488,1.2498,26,34,4,6,1.2487,1.2499,44,34,3,3,1.2486,1.25,8,43,2,5,1.2485,1.2501,6,40,5,6,1.2484,1.2502,36,19,7,7,1.2483,1.2503,21,22,1,6
2024-12-30T10:27:55.000000000Z,2024-12-30T10:27:55.000000000Z,10,1,29307,A,N,0,1.2494,0,0,0,1775,6BH5,1.2493,1.2495,30,48,2,7,1.2492,1.2496,35,25,4,2,1.2491,1.2497,44,24,1,6,1.249,1.2498,24,48,7,7,1.2489,1.2499,47,34,4,5,1.2488,1.25,46,36,4,7,1.2487,1.2501,16,31,6,2,1.2486,1.2502,18,15,2,6,1.2485,1.2503,19,8,1,3,1.2484,1.2504,6,23,7,5
2024-12-30T10:28:00.000000000Z,2024-12-30T10:28:00.000000000Z,10,1,29307,A,N,0,1.2494,0,0,0,1776,6BH5,1.2493,1.2495,27,13,3,5,1.2492,1.2496,12,32,3,5,1.2491,1.2497,13,19,6,5,1.249,1.2498,29,5,3,7,1.2489,1.2499,42,37,1,3,1.2488,1.25,16,24,4,2,1.2487,1.2501,41,10,4,7,1.2486,1.2502,32,38,4,6,1.2485,1.2503,22,18,4,2,1.2484,1.2504,5,27,6,2
2024-12-30T10:28:05.000000000Z,2024-12-30T10:28:05.000000000Z,10,1,29307,A,N,0,1.2493,0,0,0,1777,6BH5,1.2492,1.2494,49,43,3,5,1.2491,1.2495,48,20,5,2,1.249,1.2496,17,25,3,3,1.2489,1.2497,42,27,6,7,1.2488,1.2498,20,20,3,2,1.2487,1.2499,19,22,2,2,1.2486,1.25,6,34,7,1,1.2485,1.2501,23,38,2,7,1.2484,1.2502,37,49,3,2,1.2483,1.2503,30,32,1,5
2024-12-30T10:28:10.000000000Z,2024-12-30T10:28:10.000000000Z,10,1,29307,A,N,0,1.2494,0,0,0,1778,6BH5,1.2493,1.2495,36,45,4,6,1.2492,1.2496,14,31,1,4,1.2491,1.2497,49,29,7,1,1.249,1.2498,19,9,3,5,1.2489,1.2499,46,24,3,4,1.2488,1.25,6,41,4,5,1.2487,1.2501,48,8,2,5,1.2486,1.2502,16,16,5,7,1.2485,1.2503,43,24,5,7,1.2484,1.2504,37,12,6,5
2024-12-30T10:28:15.000000000Z,2024-12-30T10:28:15.000000000Z,10,1,29307,A,N,0,1.2493,0,0,0,1779,6BH5,1.2492,1.2494,35,5,3,3,1.2491,1.2495,22,21,2,7,1.249,1.2496,33,43,3,5,1.2489,1.2497,34,37,2,1,1.2488,1.2498,14,5,4,1,1.2487,1.2499,22,47,5,5,1.2486,1.25,216,240,1,3,1.2485,1.2501,20,23,6,3,1.2484,1.2502,44,30,7,1,1.2483,1.2503,104,96,3,7
2024-12-30T10:28:20.000000000Z,2024-12-30T10:28:20.000000000Z,10,1,29307,A,N,0,1.2494,0,0,0,1780,6BH5,1.2493,1.2495,36,9,7,6,1.2492,1.2496,16,23,5,2,1.2491,1.2497,27,25,6,3,1.249,1.2498,16,45,3,6,1.2489,1.2499,344,56,7,3,1.2488,1.25,43,28,1,1,1.2487,1.2501,40,7,6,6,1.2486,1.2502,8,8,5,1,1.2485,1.2503,7,39,4,7,1.2484,1.2504,44,28,1,6
2024-12-30T10:28:25.000000000Z,2024-12-30T10:28:25.000000000Z,10,1,29307,A,N,0,1.2495,0,0,0,1781,6BH5,1.2494,1.2496,9,23,6,7,1.2493,1.2497,5,6,4,7,1.2492,1.2498,42,10,4,1,1.2491,1.2499,41,14,6,4,1.249,1.25,41,31,7,5,1.2489,1.2501,20,20,4,1,1.2488,1.2502,35,28,3,6,1.2487,1.2503,36,19,6,3,1.2486,1.2504,16,21,1,2,1.2485,1.2505,10,35,1,1
2024-12-30T10:28:30.000000000Z,2024-12-30T10:28:30.000000000Z,10,1,29307,A,N,0,1.2495,0,0,0,1782,6BH5,1.2494,1.2496,32,49,2,4,1.2493,1.2497,38,37,7,5,1.2492,1.2498,38,26,5,2,1.2491,1.2499,144,304,5,3,1.249,1.25,41,28,6,5,1.2489,1.2501,40,35,2,2,1.2488,1.2502,18,10,6,3,1.2487,1.2503,31,44,5,7,1.2486,1.2504,19,30,3,5,1.2485,1.2505,38,38,2,5
2024-12-30T10:28:35.000000000Z,2024-12-30T10:28:35.000000000Z,10,1,29307,A,N,0,1.2494,0,0,0,1783,6BH5,1.2493,1.2495,5,5,2,7,1.2492,1.2496,22,20,1,5,1.2491,1.2497,34,45,6,4,1.249,1.2498,14,15,7,5,1.2489,1.2499,33,26,6,6,1.2488,1.25,24,15,2,4,1.2487,1.2501,42,9,7,2,1.2486,1.2502,37,41,5,4,1.2485,1.2503,15,39,7,1,1.2484,1.2504,15,45,1,5
2024-12-30T10:28:40.000000000Z,2024-12-30T10:28:40.000000000Z,10,1,29307,A,N,0,1.2493,0,0,0,1784,6BH5,1.2492,1.2494,22,15,6,7,1.2491,1.2495,20,28,1,3,1.249,1.2496,30,23,1,5,1.2489,1.2497,192,128,1,4,1.2488,1.2498,26,45,6,4,1.2487,1.2499,44,46,7,7,1.2486,1.25,29,49,1,3,1.2485,1.2501,42,32,1,2,1.2484,1.2502,26,43,7,5,1.2483,1.2503,7,47,5,1
2024-12-30T10:28:45.000000000Z,2024-12-30T10:28:45.000000000Z,10,1,29307,A,N,0,1.2493,0,0,0,1785,6BH5,1.2492,1.2494,48,30,6,6,1.2491,1.2495,47,18,6,1,1.249,1.2496,15,14,7,3,1.2489,1.2497,24,35,1,5,1.2488,1.2498,15,44,3,1,1.2487,1.2499,25,45,6,1,1.2486,1.25,41,35,2,2,1.2485,1.2501,29,17,4,1,1.2484,1.2502,46,26,7,7,1.2483,1.2503,47,30,5,4
2024-12-30T10:28:50.000000000Z,2024-12-30T10:28:50.000000000Z,10,1,29307,A,N,0,1.2494,0,0,0,1786,6BH5,1.2493,1.2495,49,44,1,7,1.2492,1.2496,176,112,3,5,1.2491,1.2497,49,8,2,2,1.249,1.2498,32,48,7,6,1.2489,1.2499,44,15,4,6,1.2488,1.25,31,9,2,5,1.2487,1.2501,22,33,2,6,1.2486,1.2502,33,43,4,5,1.2485,1.2503,42,33,5,4,1.2484,1.2504,46,49,3,6
2024-12-30T10:28:55.000000000Z,2024-12-30T10:28:55.000000000Z,10,1,29307,A,N,0,1.2494,0,0,0,1787,6BH5,1.2493,1.2495,47,30,2,3,1.2492,1.2496,40,47,6,6,1.2491,1.2497,31,24,2,2,1.249,1.2498,19,14,7,5,1.2489,1.2499,312,168,3,1,1.2488,1.25,8,26,7,5,1.2487,1.2501,20,29,1,2,1.2486,1.2502,33,45,3,7,1.2485,1.2503,29,26,6,5,1.2484,1.2504,43,7,1,7
2024-12-30T10:29:00.000000000Z,2024-12-30T10:29:00.000000000Z,10,1,29307,A,N,0,1.2493,0,0,0,1788,6BH5,1.2492,1.2494,49,21,5,2,1.2491,1.2495,13,30,1,4,1.249,1.2496,19,18,1,7,1.2489,1.2497,42,49,6,2,1.2488,1.2498,392,304,7,1,1.2487,1.2499,13,11,6,5,1.2486,1.25,28,12,5,4,1.2485,1.2501,49,10,2,5,1.2484,1.2502,23,33,3,7,1.2483,1.2503,33,25,3,1
2024-12-30T10:29:05.000000000Z,2024-12-30T10:29:05.000000000Z,10,1,29307,A,N,0,1.2493,0,0,0,1789,6BH5,1.2492,1.2494,14,8,1,4,1.2491,1.2495,7,12,5,6,1.249,1.2496,26,39,7,4,1.2489,1.2497,26,25,6,4,1.2488,1.2498,31,44,7,2,1.2487,1.2499,29,42,7,6,1.2486,1.25,44,13,5,5,1.2485,1.2501,43,44,4,7,1.2484,1.2502,31,21,3,2,1.2483,1.2503,6,31,6,4
2024-12-30T10:29:10.000000000Z,2024-12-30T10:29:10.000000000Z,10,1,29307,A,N,0,1.2494,0,0,0,1790,6BH5,1.2493,1.2495,38,12,4,4,1.2492,1.2496,9,36,6,1,1.2491,1.2497,5,15,6,7,1.249,1.2498,24,22,2,7,1.2489,1.2499,28,16,2,6,1.2488,1.25,38,27,5,5,1.2487,1.2501,43,16,5,4,1.2486,1.2502,16,5,1,3,1.2485,1.2503,48,41,5,1,1.2484,1.2504,17,8,3,5
2024-12-30T10:29:15.000000000Z,2024-12-30T10:29:15.000000000Z,10,1,29307,A,N,0,1.2494,0,0,0,1791,6BH5,1.2493,1.2495,21,8,6,4,1.2492,1.2496,36,6,1,2,1.2491,1.2497,23,28,1,3,1.249,1.2498,40,280,2,6,1.2489,1.2499,5,19,7,2,1.2488,1.25,34,17,5,5,1.2487,1.2501,15,46,1,6,1.2486,1.2502,49,42,1,7,1.2485,1.2503,47,33,5,2,1.2484,1.2504,22,48,3,3
2024-12-30T10:29:20.000000000Z,2024-12-30T10:29:20.000000000Z,10,1,29307,A,N,0,1.2495,0,0,0,1792,6BH5,1.2494,1.2496,18,23,3,6,1.2493,1.2497,43,49,5,2,1.2492,1.2498,36,43,4,4,1.2491,1.2499,8,41,3,4,1.249,1.25,28,38,3,3,1.2489,1.2501,11,48,4,7,1.2488,1.2502,40,56,1,3,1.2487,1.2503,29,8,1,4,1.2486,1.2504,24,20,4,2,1.2485,1.2505,12,8,6,5
2024-12-30T10:29:25.000000000Z,2024-12-30T10:29:25.000000000Z,10,1,29307,A,N,0,1.2495,0,0,0,1793,6BH5,1.2494,1.2496,5,31,7,5,1.2493,1.2497,20,31,4,3,1.2492,1.2498,22,18,1,7,1.2491,1.2499,26,45,2,1,1.249,1.25,11,13,5,3,1.2489,1.2501,48,36,5,2,1.2488,1.2502,42,44,3,1,1.2487,1.2503,41,11,2,5,1.2486,1.2504,41,22,2,7,1.2485,1.2505,44,40,1,5
2024-12-30T10:29:30.000000000Z,2024-12-30T10:29:30.000000000Z,10,1,29307,A,N,0,1.2496,0,0,0,1794,6BH5,1.2495,1.2497,24,38,6,2,1.2494,1.2498,42,32,7,4,1.2493,1.2499,8,42,2,3,1.2492,1.25,37,16,7,3,1.2491,1.2501,16,39,2,6,1.249,1.2502,21,37,2,3,1.2489,1.2503,30,42,2,7,1.2488,1.2504,12,11,2,1,1.2487,1.2505,46,26,3,7,1.2486,1.2506,42,23,2,4
2024-12-30T10:29:35.000000000Z,2024-12-30T10:29:35.000000000Z,10,1,29307,A,N,0,1.2496,0,0,0,1795,6BH5,1.2495,1.2497,17,26,3,1,1.2494,1.2498,19,19,4,6,1.2493,1.2499,18,32,3,2,1.2492,1.25,44,38,5,1,1.2491,1.2501,24,38,7,5,1.249,1.2502,32,40,1,6,1.2489,1.2503,46,15,1,2,1.2488,1.2504,36,27,5,2,1.2487,1.2505,46,19,4,7,1.2486,1.2506,47,22,4,3
2024-12-30T10:29:40.000000000Z,2024-12-30T10:29:40.000000000Z,10,1,29307,A,N,0,1.2495,0,0,0,1796,6BH5,1.2494,1.2496,26,38,4,3,1.2493,1.2497,48,46,4,5,1.2492,1.2498,30,28,4,7,1.2491,1.2499,28,7,5,6,1.249,1.25,28,12,4,6,1.2489,1.2501,10,16,5,4,1.2488,1.2502,8,34,4,4,1.2487,1.2503,12,36,3,7,1.2486,1.2504,38,9,6,5,1.2485,1.2505,24,5,3,7
2024-12-30T10:29:45.000000000Z,2024-12-30T10:29:45.000000000Z,10,1,29307,A,N,0,1.2496,0,0,0,1797,6BH5,1.2495,1.2497,8,48,7,7,1.2494,1.2498,9,31,5,5,1.2493,1.2499,13,22,5,5,1.2492,1.25,35,11,1,3,1.2491,1.2501,36,27,7,4,1.249,1.2502,40,13,6,3,1.2489,1.2503,21,26,5,4,1.2488,1.2504,33,49,4,3,1.2487,1.2505,25,22,7,7,1.2486,1.2506,46,46,3,5
2024-12-30T10:29:50.000000000Z,2024-12-30T10:29:50.000000000Z,10,1,29307,A,N,0,1.2496,0,0,0,1798,6BH5,1.2495,1.2497,47,8,3,2,1.2494,1.2498,35,5,6,1,1.2493,1.2499,46,5,5,4,1.2492,1.25,12,39,3,2,1.2491,1.2501,22,14,2,5,1.249,1.2502,28,26,1,5,1.2489,1.2503,45,22,6,6,1.2488,1.2504,26,10,6,6,1.2487,1.2505,15,45,7,4,1.2486,1.2506,24,42,4,7
2024-12-30T10:29:55.000000000Z,2024-12-30T10:29:55.000000000Z,10,1,29307,A,N,0,1.2495,0,0,0,1799,6BH5,1.2494,1.2496,26,43,1,3,1.2493,1.2497,20,22,5,6,1.2492,1.2498,10,13,2,4,1.2491,1.2499,37,42,3,2,1.249,1.25,48,33,7,1,1.2489,1.2501,320,112,6,4,1.2488,1.2502,10,22,1,2,1.2487,1.2503,46,23,6,2,1.2486,1.2504,24,18,1,4,1.2485,1.2505,41,46,6,2
2024-12-30T10:30:00.000000000Z,2024-12-30T10:30:00.000000000Z,10,1,29307,A,N,0,1.2496,0,0,0,1800,6BH5,1.2495,1.2497,11,40,5,4,1.2494,1.2498,72,376,6,5,1.2493,1.2499,17,10,7,5,1.2492,1.25,38,6,1,6,1.2491,1.2501,14,25,5,4,1.249,1.2502,44,25,2,2,1.2489,1.2503,33,26,2,7,1.2488,1.2504,40,41,2,3,1.2487,1.2505,360,280,3,2,1.2486,1.2506,37,10,5,4
2024-12-30T10:30:05.000000000Z,2024-12-30T10:30:05.000000000Z,10,1,29307,A,N,0,1.2496,0,0,0,1801,6BH5,1.2495,1.2497,13,29,7,4,1.2494,1.2498,30,31,4,5,1.2493,1.2499,35,21,7,1,1.2492,1.25,17,35,4,1,1.2491,1.2501,49,34,2,4,1.249,1.2502,43,33,5,4,1.2489,1.2503,27,21,5,5,1.2488,1.2504,35,16,7,6,1.2487,1.2505,49,9,3,4,1.2486,1.2506,14,16,6,6
2024-12-30T10:30:10.000000000Z,2024-12-30T10:30:10.000000000Z,10,1,29307,A,N,0,1.2495,0,0,0,1802,6BH5,1.2494,1.2496,29,25,3,5,1.2493,1.2497,44,24,1,3,1.2492,1.2498,7,47,4,5,1.2491,1.2499,10,25,4,2,1.249,1.25,8,16,3,5,1.2489,1.2501,11,44,2,6,1.2488,1.2502,29,10,3,3,1.2487,1.2503,168,72,4,2,1.2486,1.2504,49,45,3,4,1.2485,1.2505,6,22,3,3
2024-12-30T10:30:15.000000000Z,2024-12-30T10:30:15.000000000Z,10,1,29307,A,N,0,1.2495,0,0,0,1803,6BH5,1.2494,1.2496,9,28,1,2,1.2493,1.2497,15,14,7,3,1.2492,1.2498,47,11,5,5,1.2491,1.2499,39,12,7,4,1.249,1.25,16,35,3,5,1.2489,1.2501,11,40,7,7,1.2488,1.2502,40,10,5,1,1.2487,1.2503,7,43,2,6,1.2486,1.2504,29,41,5,7,1.2485,1.2505,45,12,2,6
2024-12-30T10:30:20.000000000Z,2024-12-30T10:30:20.000000000Z,10,1,29307,A,N,0,1.2496,0,0,0,1804,6BH5,1.2495,1.2497,46,30,2,2,1.2494,1.2498,37,36,1,3,1.2493,1.2499,15,25,3,7,1.2492,1.25,39,20,4,7,1.2491,1.2501,46,23,2,6,1.249,1.2502,8,44,4,5,1.2489,1.2503,30,47,7,5,1.2488,1.2504,33,31,7,4,1.2487,1.2505,14,38,7,4,1.2486,1.2506,36,28,5,3
2024-12-30T10:30:25.000000000Z,2024-12-30T10:30:25.000000000Z,10,1,29307,A,N,0,1.2496,0,0,0,1805,6BH5,1.2495,1.2497,32,28,6,4,1.2494,1.2498,7,16,2,3,1.2493,1.2499,42,33,4,5,1.2492,1.25,33,33,6,2,1.2491,1.2501,42,30,6,2,1.249,1.2502,13,32,6,2,1.2489,1.2503,23,48,3,7,1.2488,1.2504,24,6,7,2,1.2487,1.2505,9,12,3,7,1.2486,1.2506,18,32,2,6
2024-12-30T10:30:30.000000000Z,2024-12-30T10:30:30.000000000Z,10,1,29307,A,N,0,1.2495,0,0,0,1806,6BH5,1.2494,1.2496,24,8,6,3,1.2493,1.2497,24,47,1,1,1.2492,1.2498,24,45,5,3,1.2491,1.2499,13,13,7,1,1.249,1.25,42,26,3,1,1.2489,1.2501,21,28,1,1,1.2488,1.2502,13,17,3,2,1.2487,1.2503,35,35,3,1,1.2486,1.2504,16,25,1,2,1.2485,1.2505,13,8,5,1
2024-12-30T10:30:35.000000000Z,2024-12-30T10:30:35.000000000Z,10,1,29307,A,N,0,1.2495,0,0,0,1807,6BH5,1.2494,1.2496,144,176,1,2,1.2493,1.2497,31,45,5,6,1.2492,1.2498,36,10,2,1,1.2491,1.2499,18,49,2,4,1.249,1.25,320,48,5,4,1.2489,1.2501,44,13,7,5,1.2488,1.2502,22,34,5,3,1.2487,1.2503,24,29,2,5,1.2486,1.2504,39,29,5,3,1.2485,1.2505,25,16,5,3
2024-12-30T10:30:40.000000000Z,2024-12-30T10:30:40.000000000Z,10,1,29307,A,N,0,1.2495,0,0,0,1808,6BH5,1.2494,1.2496,25,21,7,4,1.2493,1.2497,37,12,1,2,1.2492,1.2498,45,21,7,5,1.2491,1.2499,30,14,7,7,1.249,1.25,12,49,5,2,1.2489,1.2501,28,32,6,3,1.2488,1.2502,6,14,5,3,1.2487,1.2503,29,6,1,5,1.2486,1.2504,34,5,7,1,1.2485,1.2505,33,43,7,7
2024-12-30T10:30:45.000000000Z,2024-12-30T10:30:45.000000000Z,10,1,29307,A,N,0,1.2496,0,0,0,1809,6BH5,1.2495,1.2497,40,14,6,4,1.2494,1.2498,34,14,4,6,1.2493,1.2499,11,37,4,6,1.2492,1.25,20,20,2,7,1.2491,1.2501,32,23,6,2,1.249,1.2502,44,25,1,3,1.2489,1.2503,43,15,2,4,1.2488,1.2504,24,47,7,4,1.2487,1.2505,40,37,5,5,1.2486,1.2506,22,13,2,5
2024-12-30T10:30:50.000000000Z,2024-12-30T10:30:50.000000000Z,10,1,29307,A,N,0,1.2495,0,0,0,1810,6BH5,1.2494,1.2496,6,6,5,4,1.2493,1.2497,38,38,4,4,1.2492,1.2498,27,37,7,3,1.2491,1.2499,19,15,7,5,1.249,1.25,18,47,2,1,1.2489,1.2501,25,29,2,3,1.2488,1.2502,35,45,2,6,1.2487,1.2503,27,42,4,7,1.2486,1.2504,48,6,6,2,1.2485,1.2505,38,41,1,3
2024-12-30T10:30:55.000000000Z,2024-12-30T10:30:55.000000000Z,10,1,29307,A,N,0,1.2495,0,0,0,1811,6BH5,1.2494,1.2496,18,12,1,5,1.2493,1.2497,11,19,1,6,1.2492,1.2498,40,18,6,6,1.2491,1.2499,40,18,4,1,1.249,1.25,12,19,6,5,1.2489,1.2501,31,18,7,1,1.2488,1.2502,45,14,2,3,1.2487,1.2503,26,41,4,4,1.2486,1.2504,46,36,7,1,1.2485,1.2505,24,42,5,4
2024-12-30T10:31:00.000000000Z,2024-12-30T10:31:00.000000000Z,10,1,29307,A,N,0,1.2494,0,0,0,1812,6BH5,1.2493,1.2495,13,40,1,6,1.2492,1.2496,8,48,6,4,1.2491,1.2497,38,38,1,5,1.249,1.2498,42,41,4,4,1.2489,1.2499,27,15,3,2,1.2488,1.25,23,12,4,6,1.2487,1.2501,7,45,2,7,1.2486,1.2502,5,7,7,1,1.2485,1.2503,32,9,3,4,1.2484,1.2504,12,21,1,4
2024-12-30T10:31:05.000000000Z,2024-12-30T10:31:05.000000000Z,10,1,29307,A,N,0,1.2494,0,0,0,1813,6BH5,1.2493,1.2495,264,376,7,1,1.2492,1.2496,38,37,1,2,1.2491,1.2497,35,6,7,3,1.249,1.2498,28,29,1,5,1.2489,1.2499,10,9,2,7,1.2488,1.25,25,46,3,5,1.2487,1.2501,19,14,1,7,1.2486,1.2502,35,48,4,5,1.2485,1.2503,15,25,5,6,1.2484,1.2504,26,14,7,4
2024-12-30T10:31:10.000000000Z,2024-12-30T10:31:10.000000000Z,10,1,29307,A,N,0,1.2495,0,0,0,1814,6BH5,1.2494,1.2496,27,20,3,7,1.2493,1.2497,16,37,2,5,1.2492,1.2498,43,42,5,5,1.2491,1.2499,36,27,3,3,1.249,1.25,6,13,7,2,1.2489,1.2501,5,26,5,3,1.2488,1.2502,21,26,3,5,1.2487,1.2503,384,184,3,3,1.2486,1.2504,14,39,2,5,1.2485,1.2505,34,22,5,1
2024-12-30T10:31:15.000000000Z,2024-12-30T10:31:15.000000000Z,10,1,29307,A,N,0,1.2494,0,0,0,1815,6BH5,1.2493,1.2495,46,28,1,3,1.2492,1.2496,12,22,1,6,1.2491,1.2497,15,8,2,3,1.249,1.2498,38,15,7,2,1.2489,1.2499,29,46,3,4,1.2488,1.25,49,5,4,1,1.2487,1.2501,35,6,6,4,1.2486,1.2502,160,160,4,3,1.2485,1.2503,21,43,3,5,1.2484,1.2504,12,29,1,4
2024-12-30T10:31:20.000000000Z,2024-12-30T10:31:20.000000000Z,10,1,29307,A,N,0,1.2494,0,0,0,1816,6BH5,1.2493,1.2495,25,47,4,4,1.2492,1.2496,248,296,7,7,1.2491,1.2497,8,7,6,3,1.249,1.2498,48,21,1,5,1.2489,1.2499,232,120,3,4,1.2488,1.25,32,24,7,3,1.2487,1.2501,12,36,7,4,1.2486,1.2502,48,45,4,1,1.2485,1.2503,17,42,6,4,1.2484,1.2504,46,27,3,6
2024-12-30T10:31:25.000000000Z,2024-12-30T10:31:25.000000000Z,10,1,29307,A,N,0,1.2494,0,0,0,1817,6BH5,1.2493,1.2495,43,32,6,5,1.2492,1.2496,31,14,6,4,1.2491,1.2497,49,36,7,1,1.249,1.2498,44,9,6,6,1.2489,1.2499,11,22,6,1,1.2488,1.25,10,18,2,1,1.2487,1.2501,25,39,2,2,1.2486,1.2502,17,18,4,6,1.2485,1.2503,24,36,7,1,1.2484,1.2504,21,44,3,5
2024-12-30T10:31:30.000000000Z,2024-12-30T10:31:30.000000000Z,10,1,29307,A,N,0,1.2495,0,0,0,1818,6BH5,1.2494,1.2496,11,39,4,2,1.2493,1.2497,32,17,1,1,1.2492,1.2498,11,7,5,5,1.2491,1.2499,13,31,7,2,1.249,1.25,38,49,5,2,1.2489,1.2501,39,11,2,6,1.2488,1.2502,45,20,4,6,1.2487,1.2503,35,12,6,3,1.2486,1.2504,40,25,4,2,1.2485,1.2505,31,16,1,7
2024-12-30T10:31:35.000000000Z,2024-12-30T10:31:35.000000000Z,10,1,29307,A,N,0,1.2495,0,0,0,1819,6BH5,1.2494,1.2496,48,44,2,4,1.2493,1.2497,7,16,7,3,1.2492,1.2498,25,42,4,7,1.2491,1.2499,23,47,2,6,1.249,1.25,16,21,2,4,1.2489,1.2501,96,176,4,3,1.2488,1.2502,47,10,4,6,1.2487,1.2503,49,47,6,6,1.2486,1.2504,40,14,4,3,1.2485,1.2505,17,27,3,3
2024-12-30T10:31:40.000000000Z,2024-12-30T10:31:40.000000000Z,10,1,29307,A,N,0,1.2495,0,0,0,1820,6BH5,1.2494,1.2496,33,14,6,6,1.2493,1.2497,35,46,7,4,1.2492,1.2498,18,44,7,2,1.2491,1.2499,44,22,2,4,1.249,1.25,20,46,7,7,1.2489,1.2501,12,21,1,2,1.2488,1.2502,28,21,7,3,1.2487,1.2503,31,26,7,6,1.2486,1.2504,16,39,4,2,1.2485,1.2505,49,28,4,7
2024-12-30T10:31:45.000000000Z,2024-12-30T10:31:45.000000000Z,10,1,29307,A,N,0,1.2496,0,0,0,1821,6BH5,1.2495,1.2497,40,39,3,1,1.2494,1.2498,45,42,7,7,1.2493,1.2499,25,33,4,3,1.2492,1.25,31,10,4,6,1.2491,1.2501,45,26,7,2,1.249,1.2502,20,8,4,4,1.2489,1.2503,12,30,7,6,1.2488,1.2504,13,30,2,3,1.2487,1.2505,29,38,3,3,1.2486,1.2506,9,16,6,1
2024-12-30T10:31:50.000000000Z,2024-12-30T10:31:50.000000000Z,10,1,29307,A,N,0,1.2497,0,0,0,1822,6BH5,1.2496,1.2498,15,27,4,7,1.2495,1.2499,25,9,1,1,1.2494,1.25,36,28,1,6,1.2493,1.2501,32,27,7,5,1.2492,1.2502,25,43,5,4,1.2491,1.2503,47,40,5,5,1.249,1.2504,48,27,2,7,1.2489,1.2505,33,28,6,4,1.2488,1.2506,34,40,2,2,1.2487,1.2507,43,42,7,2
2024-12-30T10:31:55.000000000Z,2024-12-30T10:31:55.000000000Z,10,1,29307,A,N,0,1.2498,0,0,0,1823,6BH5,1.2497,1.2499,16,14,1,4,1.2496,1.25,34,17,3,3,1.2495,1.2501,43,16,2,4,1.2494,1.2502,8,31,7,4,1.2493,1.2503,8,32,4,4,1.2492,1.2504,296,272,3,3,1.2491,1.2505,25,24,7,1,1.249,1.2506,280,288,1,7,1.2489,1.2507,46,20,5,7,1.2488,1.2508,18,26,7,7
2024-12-30T10:32:00.000000000Z,2024-12-30T10:32:00.000000000Z,10,1,29307,A,N,0,1.2498,0,0,0,1824,6BH5,1.2497,1.2499,9,30,4,3,1.2496,1.25,30,12,3,3,1.2495,1.2501,5,24,2,7,1.2494,1.2502,7,43,6,3,1.2493,1.2503,40,16,2,3,1.2492,1.2504,6,35,5,7,1.2491,1.2505,6,31,2,3,1.249,1.2506,11,30,5,6,1.2489,1.2507,29,20,1,7,1.2488,1.2508,18,44,1,7
2024-12-30T10:32:05.000000000Z,2024-12-30T10:32:05.000000000Z,10,1,29307,A,N,0,1.2499,0,0,0,1825,6BH5,1.2498,1.25,49,5,5,5,1.2497,1.2501,23,39,3,5,1.2496,1.2502,18,16,4,6,1.2495,1.2503,11,9,3,1,1.2494,1.2504,15,12,6,4,1.2493,1.2505,38,35,7,5,1.2492,1.2506,26,17,1,5,1.2491,1.2507,27,14,1,1,1.249,1.2508,6,15,5,1,1.2489,1.2509,11,45,1,1
2024-12-30T10:32:10.000000000Z,2024-12-30T10:32:10.000000000Z,10,1,29307,A,N,0,1.2498,0,0,0,1826,6BH5,1.2497,1.2499,47,42,3,4,1.2496,1.25,14,30,6,3,1.2495,1.2501,24,30,5,4,1.2494,1.2502,17,11,3,3,1.2493,1.2503,48,7,4,3,1.2492,1.2504,5,37,2,3,1.2491,1.2505,28,39,5,5,1.249,1.2506,392,160,7,2,1.2489,1.2507,18,37,2,1,1.2488,1.2508,34,14,7,5
2024-12-30T10:32:15.000000000Z,2024-12-30T10:32:15.000000000Z,10,1,29307,A,N,0,1.2497,0,0,0,1827,6BH5,1.2496,1.2498,240,144,7,6,1.2495,1.2499,43,5,7,7,1.2494,1.25,38,5,1,2,1.2493,1.2501,43,36,2,6,1.2492,1.2502,39,35,4,4,1.2491,1.2503,25,14,3,1,1.249,1.2504,9,28,4,3,1.2489,1.2505,14,20,5,7,1.2488,1.2506,10,31,5,5,1.2487,1.2507,37,14,3,4
2024-12-30T10:32:20.000000000Z,2024-12-30T10:32:20.000000000Z,10,1,29307,A,N,0,1.2497,0,0,0,1828,6BH5,1.2496,1.2498,20,11,5,4,1.2495,1.2499,39,13,1,4,1.2494,1.25,30,48,3,5,1.2493,1.2501,35,17,6,2,1.2492,1.2502,10,48,3,6,1.2491,1.2503,12,13,5,7,1.249,1.2504,16,32,7,4,1.2489,1.2505,39,33,2,2,1.2488,1.2506,14,11,2,2,1.2487,1.2507,39,42,2,4
2024-12-30T10:32:25.000000000Z,2024-12-30T10:32:25.000000000Z,10,1,29307,A,N,0,1.2497,0,0,0,1829,6BH5,1.2496,1.2498,17,28,2,7,1.2495,1.2499,15,24,3,5,1.2494,1.25,35,40,6,6,1.2493,1.2501,27,36,1,2,1.2492,1.2502,33,6,3,4,1.2491,1.2503,15,11,6,6,1.249,1.2504,12,32,6,5,1.2489,1.2505,10,5,7,5,1.2488,1.2506,10,41,7,2,1.2487,1.2507,8,14,5,7
2024-12-30T10:32:30.000000000Z,2024-12-30T10:32:30.000000000Z,10,1,29307,A,N,0,1.2498,0,0,0,1830,6BH5,1.2497,1.2499,22,11,6,7,1.2496,1.25,47,46,2,6,1.2495,1.2501,42,14,1,4,1.2494,1.2502,25,31,2,4,1.2493,1.2503,30,30,3,4,1.2492,1.2504,29,43,3,6,1.2491,1.2505,45,39,5,4,1.249,1.2506,24,10,5,7,1.2489,1.2507,40,21,1,5,1.2488,1.2508,48,39,2,1
2024-12-30T10:32:35.000000000Z,2024-12-30T10:32:35.000000000Z,10,1,29307,A,N,0,1.2497,0,0,0,1831,6BH5,1.2496,1.2498,15,42,1,5,1.2495,1.2499,33,17,5,5,1.2494,1.25,32,19,3,4,1.2493,1.2501,7,33,3,3,1.2492,1.2502,43,39,1,5,1.2491,1.2503,29,34,3,2,1.249,1.2504,11,43,3,2,1.2489,1.2505,25,22,2,2,1.2488,1.2506,44,33,1,6,1.2487,1.2507,10,23,7,1
2024-12-30T10:32:40.000000000Z,2024-12-30T10:32:40.000000000Z,10,1,29307,A,N,0,1.2498,0,0,0,1832,6BH5,1.2497,1.2499,10,16,5,6,1.2496,1.25,8,19,6,5,1.2495,1.2501,10,26,6,1,1.2494,1.2502,12,43,6,6,1.2493,1.2503,7,33,3,3,1.2492,1.2504,36,25,6,4,1.2491,1.2505,32,8,6,2,1.249,1.2506,48,21,7,4,1.2489,1.2507,5,35,2,6,1.2488,1.2508,41,29,6,1
2024-12-30T10:32:45.000000000Z,2024-12-30T10:32:45.000000000Z,10,1,29307,A,N,0,1.2499,0,0,0,1833,6BH5,1.2498,1.25,19,38,7,5,1.2497,1.2501,6,44,3,5,1.2496,1.2502,19,17,7,6,1.2495,1.2503,21,40,7,2,1.2494,1.2504,42,42,6,2,1.2493,1.2505,42,45,6,6,1.2492,1.2506,38,49,4,3,1.2491,1.2507,43,40,6,5,1.249,1.2508,31,7,3,5,1.2489,1.2509,39,41,6,5
2024-12-30T10:32:50.000000000Z,2024-12-30T10:32:50.000000000Z,10,1,29307,A,N,0,1.2499,0,0,0,1834,6BH5,1.2498,1.25,21,18,7,4,1.2497,1.2501,9,22,2,7,1.2496,1.2502,42,45,1,3,1.2495,1.2503,29,24,6,3,1.2494,1.2504,25,38,1,6,1.2493,1.2505,17,30,2,5,1.2492,1.2506,34,24,7,6,1.2491,1.2507,20,6,2,1,1.249,1.2508,47,32,2,5,1.2489,1.2509,20,12,1,4
2024-12-30T10:32:55.000000000Z,2024-12-30T10:32:55.000000000Z,10,1,29307,A,N,0,1.25,0,0,0,1835,6BH5,1.2499,1.2501,33,46,6,4,1.2498,1.2502,6,38,7,2,1.2497,1.2503,36,34,6,3,1.2496,1.2504,45,31,1,6,1.2495,1.2505,7,28,3,7,1.2494,1.2506,43,25,5,4,1.2493,1.2507,30,40,1,2,1.2492,1.2508,13,22,4,2,1.2491,1.2509,7,6,5,1,1.249,1.251,45,7,1,6
2024-12-30T10:33:00.000000000Z,2024-12-30T10:33:00.000000000Z,10,1,29307,A,N,0,1.2499,0,0,0,1836,6BH5,1.2498,1.25,21,7,7,7,1.2497,1.2501,39,32,7,7,1.2496,1.2502,46,17,6,3,1.2495,1.2503,30,48,3,4,1.2494,1.2504,42,14,6,1,1.2493,1.2505,18,38,6,6,1.2492,1.2506,10,22,6,4,1.2491,1.2507,7,9,6,3,1.249,1.2508,9,14,5,6,1.2489,1.2509,46,17,3,4
2024-12-30T10:33:05.000000000Z,2024-12-30T10:33:05.000000000Z,10,1,29307,A,N,0,1.2498,0,0,0,1837,6BH5,1.2497,1.2499,34,40,5,6,1.2496,1.25,45,37,5,4,1.2495,1.2501,10,21,6,7,1.2494,1.2502,22,42,4,6,1.2493,1.2503,5,47,2,7,1.2492,1.2504,48,12,3,2,1.2491,1.2505,45,37,3,5,1.249,1.2506,24,5,7,1,1.2489,1.2507,15,43,6,7,1.2488,1.2508,40,24,1,7
2024-12-30T10:33:10.000000000Z,2024-12-30T10:33:10.000000000Z,10,1,29307,A,N,0,1.2499,0,0,0,1838,6BH5,1.2498,1.25,27,28,5,1,1.2497,1.2501,21,43,2,6,1.2496,1.2502,42,42,6,1,1.2495,1.2503,272,64,5,2,1.2494,1.2504,33,23,5,3,1.2493,1.2505,13,20,3,2,1.2492,1.2506,11,21,1,2,1.2491,1.2507,26,49,4,7,1.249,1.2508,40,29,4,5,1.2489,1.2509,35,34,1,7
2024-12-30T10:33:15.000000000Z,2024-12-30T10:33:15.000000000Z,10,1,29307,A,N,0,1.2499,0,0,0,1839,6BH5,1.2498,1.25,22,41,3,5,1.2497,1.2501,19,33,5,5,1.2496,1.2502,13,41,2,1,1.2495,1.2503,42,14,6,4,1.2494,1.2504,13,7,3,3,1.2493,1.2505,32,45,7,6,1.2492,1.2506,36,22,6,6,1.2491,1.2507,20,7,5,1,1.249,1.2508,41,34,6,6,1.2489,1.2509,40,10,1,4
2024-12-30T10:33:20.000000000Z,2024-12-30T10:33:20.000000000Z,10,1,29307,A,N,0,1.2498,0,0,0,1840,6BH5,1.2497,1.2499,29,29,6,1,1.2496,1.25,312,80,3,4,1.2495,1.2501,30,35,5,7,1.2494,1.2502,30,32,2,4,1.2493,1.2503,11,21,7,6,1.2492,1.2504,27,30,2,6,1.2491,1.2505,25,41,3,6,1.249,1.2506,11,31,4,3,1.2489,1.2507,14,20,3,7,1.2488,1.2508,120,384,5,5
2024-12-30T10:33:25.000000000Z,2024-12-30T10:33:25.000000000Z,10,1,29307,A,N,0,1.2498,0,0,0,1841,6BH5,1.2497,1.2499,25,34,1,7,1.2496,1.25,27,23,4,5,1.2495,1.2501,6,7,1,4,1.2494,1.2502,26,46,1,4,1.2493,1.2503,20,30,4,7,1.2492,1.2504,25,27,4,4,1.2491,1.2505,32,43,4,4,1.249,1.2506,18,35,1,1,1.2489,1.2507,34,13,1,6,1.2488,1.2508,32,20,5,1
2024-12-30T10:33:30.000000000Z,2024-12-30T10:33:30.000000000Z,10,1,29307,A,N,0,1.2499,0,0,0,1842,6BH5,1.2498,1.25,13,47,2,7,1.2497,1.2501,36,47,6,6,1.2496,1.2502,37,30,3,1,1.2495,1.2503,42,16,3,3,1.2494,1.2504,11,26,3,6,1.2493,1.2505,24,12,6,2,1.2492,1.2506,27,27,4,1,1.2491,1.2507,48,26,3,2,1.249,1.2508,5,14,2,7,1.2489,1.2509,23,33,6,7
2024-12-30T10:33:35.000000000Z,2024-12-30T10:33:35.000000000Z,10,1,29307,A,N,0,1.2499,0,0,0,1843,6BH5,1.2498,1.25,15,34,3,6,1.2497,1.2501,43,29,5,4,1.2496,1.2502,26,33,3,2,1.2495,1.2503,19,24,2,3,1.2494,1.2504,46,8,4,1,1.2493,1.2505,31,11,2,5,1.2492,1.2506,27,40,7,6,1.2491,1.2507,39,45,3,7,1.249,1.2508,25,12,2,4,1.2489,1.2509,22,42,7,4
2024-12-30T10:33:40.000000000Z,2024-12-30T10:33:40.000000000Z,10,1,29307,A,N,0,1.2499,0,0,0,1844,6BH5,1.2498,1.25,25,49,6,5,1.2497,1.2501,15,10,6,1,1.2496,1.2502,43,28,4,2,1.2495,1.2503,29,31,2,1,1.2494,1.2504,17,43,2,6,1.2493,1.2505,8,27,4,5,1.2492,1.2506,64,216,5,5,1.2491,1.2507,272,296,6,4,1.249,1.2508,11,34,3,1,1.2489,1.2509,21,47,4,1
2024-12-30T10:33:45.000000000Z,2024-12-30T10:33:45.000000000Z,10,1,29307,A,N,0,1.2499,0,0,0,1845,6BH5,1.2498,1.25,7,48,2,4,1.2497,1.2501,14,37,6,2,1.2496,1.2502,30,43,2,1,1.2495,1.2503,6,44,5,3,1.2494,1.2504,8,39,3,1,1.2493,1.2505,27,43,3,1,1.2492,1.2506,24,47,2,6,1.2491,1.2507,19,36,2,2,1.249,1.2508,13,9,2,1,1.2489,1.2509,34,9,6,4
2024-12-30T10:33:50.000000000Z,2024-12-30T10:33:50.000000000Z,10,1,29307,A,N,0,1.25,0,0,0,1846,6BH5,1.2499,1.2501,44,39,2,4,1.2498,1.2502,24,15,4,7,1.2497,1.2503,46,34,4,5,1.2496,1.2504,22,9,4,6,1.2495,1.2505,43,18,3,4,1.2494,1.2506,15,36,5,3,1.2493,1.2507,32,35,7,6,1.2492,1.2508,10,26,5,2,1.2491,1.2509,38,42,6,7,1.249,1.251,26,44,3,4
2024-12-30T10:33:55.000000000Z,2024-12-30T10:33:55.000000000Z,10,1,29307,A,N,0,1.2499,0,0,0,1847,6BH5,1.2498,1.25,39,27,5,1,1.2497,1.2501,10,28,2,4,1.2496,1.2502,368,152,5,2,1.2495,1.2503,49,11,6,4,1.2494,1.2504,28,30,6,5,1.2493,1.2505,23,45,6,3,1.2492,1.2506,29,26,1,7,1.2491,1.2507,19,34,5,6,1.249,1.2508,29,37,3,5,1.2489,1.2509,20,9,3,2
2024-12-30T10:34:00.000000000Z,2024-12-30T10:34:00.000000000Z,10,1,29307,A,N,0,1.2498,0,0,0,1848,6BH5,1.2497,1.2499,26,14,4,7,1.2496,1.25,39,18,7,1,1.2495,1.2501,30,33,2,4,1.2494,1.2502,27,14,7,2,1.2493,1.2503,5,7,1,2,1.2492,1.2504,9,19,2,2,1.2491,1.2505,30,33,7,4,1.249,1.2506,5,32,6,7,1.2489,1.2507,45,16,6,2,1.2488,1.2508,39,15,1,1
2024-12-30T10:34:05.000000000Z,2024-12-30T10:34:05.000000000Z,10,1,29307,A,N,0,1.2498,0,0,0,1849,6BH5,1.2497,1.2499,46,33,2,7,1.2496,1.25,5,41,2,2,1.2495,1.2501,41,14,5,6,1.2494,1.2502,8,11,6,7,1.2493,1.2503,24,32,7,3,1.2492,1.2504,144,96,3,6,1.2491,1.2505,6,12,3,3,1.249,1.2506,10,15,1,4,1.2489,1.2507,34,49,7,4,1.2488,1.2508,23,18,2,7
2024-12-30T10:34:10.000000000Z,2024-12-30T10:34:10.000000000Z,10,1,29307,A,N,0,1.2498,0,0,0,1850,6BH5,1.2497,1.2499,47,28,5,6,1.2496,1.25,22,39,5,6,1.2495,1.2501,38,7,6,7,1.2494,1.2502,46,35,7,1,1.2493,1.2503,21,11,3,5,1.2492,1.2504,6,19,5,5,1.2491,1.2505,6,29,3,4,1.249,1.2506,42,23,2,6,1.2489,1.2507,35,17,5,3,1.2488,1.2508,23,41,1,7
2024-12-30T10:34:15.000000000Z,2024-12-30T10:34:15.000000000Z,10,1,29307,A,N,0,1.2498,0,0,0,1851,6BH5,1.2497,1.2499,40,32,2,1,1.2496,1.25,26,13,4,6,1.2495,1.2501,47,30,5,7,1.2494,1.2502,5,39,5,7,1.2493,1.2503,30,29,5,1,1.2492,1.2504,48,34,2,4,1.2491,1.2505,21,27,5,1,1.249,1.2506,19,6,5,2,1.2489,1.2507,19,30,2,3,1.2488,1.2508,40,43,7,7
2024-12-30T10:34:20.000000000Z,2024-12-30T10:34:20.000000000Z,10,1,29307,A,N,0,1.2497,0,0,0,1852,6BH5,1.2496,1.2498,30,19,4,5,1.2495,1.2499,36,39,7,1,1.2494,1.25,17,34,5,2,1.2493,1.2501,16,22,4,1,1.2492,1.2502,14,37,2,7,1.2491,1.2503,45,41,2,4,1.249,1.2504,232,232,1,4,1.2489,1.2505,24,43,4,6,1.2488,1.2506,16,24,4,3,1.2487,1.2507,37,18,5,1
2024-12-30T10:34:25.000000000Z,2024-12-30T10:34:25.000000000Z,10,1,29307,A,N,0,1.2496,0,0,0,1853,6BH5,1.2495,1.2497,34,5,4,7,1.2494,1.2498,49,6,7,2,1.2493,1.2499,6,37,1,4,1.2492,1.25,38,22,4,6,1.2491,1.2501,28,25,5,5,1.249,1.2502,17,15,6,7,1.2489,1.2503,14,17,2,3,1.2488,1.2504,21,7,4,6,1.2487,1.2505,49,8,1,3,1.2486,1.2506,15,41,7,4
2024-12-30T10:34:30.000000000Z,2024-12-30T10:34:30.000000000Z,10,1,29307,A,N,0,1.2495,0,0,0,1854,6BH5,1.2494,1.2496,12,6,6,2,1.2493,1.2497,18,28,3,4,1.2492,1.2498,21,37,7,7,1.2491,1.2499,23,16,4,7,1.249,1.25,25,16,7,2,1.2489,1.2501,37,26,7,7,1.2488,1.2502,32,27,1,3,1.2487,1.2503,37,30,5,7,1.2486,1.2504,38,11,4,4,1.2485,1.2505,10,30,3,7
2024-12-30T10:34:35.000000000Z,2024-12-30T10:34:35.000000000Z,10,1,29307,A,N,0,1.2494,0,0,0,1855,6BH5,1.2493,1.2495,39,38,7,2,1.2492,1.2496,31,49,4,7,1.2491,1.2497,40,22,6,6,1.249,1.2498,26,15,7,2,1.2489,1.2499,35,10,2,4,1.2488,1.25,40,7,5,1,1.2487,1.2501,34,35,3,3,1.2486,1.2502,13,10,1,6,1.2485,1.2503,26,46,5,1,1.2484,1.2504,11,41,1,3
2024-12-30T10:34:40.000000000Z,2024-12-30T10:34:40.000000000Z,10,1,29307,A,N,0,1.2494,0,0,0,1856,6BH5,1.2493,1.2495,49,48,1,7,1.2492,1.2496,10,21,7,1,1.2491,1.2497,33,35,6,5,1.249,1.2498,28,14,2,3,1.2489,1.2499,6,33,7,3,1.2488,1.25,26,39,6,7,1.2487,1.2501,34,41,2,4,1.2486,1.2502,28,22,3,5,1.2485,1.2503,25,19,4,5,1.2484,1.2504,38,19,4,3
2024-12-30T10:34:45.000000000Z,2024-12-30T10:34:45.000000000Z,10,1,29307,A,N,0,1.2494,0,0,0,1857,6BH5,1.2493,1.2495,31,45,2,4,1.2492,1.2496,280,56,2,1,1.2491,1.2497,24,44,1,1,1.249,1.2498,22,25,4,4,1.2489,1.2499,16,30,2,4,1.2488,1.25,25,15,1,5,1.2487,1.2501,264,352,1,5,1.2486,1.2502,12,48,7,5,1.2485,1.2503,14,45,7,7,1.2484,1.2504,36,44,3,5
2024-12-30T10:34:50.000000000Z,2024-12-30T10:34:50.000000000Z,10,1,29307,A,N,0,1.2494,0,0,0,1858,6BH5,1.2493,1.2495,41,28,7,3,1.2492,1.2496,44,40,4,4,1.2491,1.2497,9,9,4,6,1.249,1.2498,36,44,3,3,1.2489,1.2499,32,16,6,7,1.2488,1.25,24,31,1,2,1.2487,1.2501,47,9,7,7,1.2486,1.2502,47,22,6,3,1.2485,1.2503,19,33,1,7,1.2484,1.2504,7,17,6,1
2024-12-30T10:34:55.000000000Z,2024-12-30T10:34:55.000000000Z,10,1,29307,A,N,0,1.2494,0,0,0,1859,6BH5,1.2493,1.2495,30,16,1,7,1.2492,1.2496,20,9,5,1,1.2491,1.2497,44,36,7,5,1.249,1.2498,14,30,4,4,1.2489,1.2499,24,21,4,4,1.2488,1.25,19,45,7,5,1.2487,1.2501,31,47,5,7,1.2486,1.2502,30,48,3,6,1.2485,1.2503,37,20,1,4,1.2484,1.2504,17,39,4,7
2024-12-30T10:35:00.000000000Z,2024-12-30T10:35:00.000000000Z,10,1,29307,A,N,0,1.2493,0,0,0,1860,6BH5,1.2492,1.2494,7,45,3,7,1.2491,1.2495,80,96,6,7,1.249,1.2496,48,17,4,5,1.2489,1.2497,9,32,5,5,1.2488,1.2498,11,30,7,2,1.2487,1.2499,14,46,4,6,1.2486,1.25,10,19,6,1,1.2485,1.2501,19,10,7,3,1.2484,1.2502,31,14,5,4,1.2483,1.2503,42,40,6,2
2024-12-30T10:35:05.000000000Z,2024-12-30T10:35:05.000000000Z,10,1,29307,A,N,0,1.2493,0,0,0,1861,6BH5,1.2492,1.2494,45,18,2,2,1.2491,1.2495,7,38,2,6,1.249,1.2496,25,29,2,4,1.2489,1.2497,46,40,4,2,1.2488,1.2498,26,38,7,6,1.2487,1.2499,35,34,5,6,1.2486,1.25,18,41,5,4,1.2485,1.2501,10,13,6,7,1.2484,1.2502,5,11,5,5,1.2483,1.2503,43,21,2,4
2024-12-30T10:35:10.000000000Z,2024-12-30T10:35:10.000000000Z,10,1,29307,A,N,0,1.2492,0,0,0,1862,6BH5,1.2491,1.2493,13,31,4,2,1.249,1.2494,352,104,3,5,1.2489,1.2495,47,6,7,2,1.2488,1.2496,26,47,5,3,1.2487,1.2497,32,20,1,7,1.2486,1.2498,12,46,1,3,1.2485,1.2499,35,40,3,5,1.2484,1.25,22,13,4,7,1.2483,1.2501,17,44,4,5,1.2482,1.2502,12,16,4,7
2024-12-30T10:35:15.000000000Z,2024-12-30T10:35:15.000000000Z,10,1,29307,A,N,0,1.2491,0,0,0,1863,6BH5,1.249,1.2492,25,8,3,2,1.2489,1.2493,11,16,7,5,1.2488,1.2494,44,39,4,4,1.2487,1.2495,37,44,1,3,1.2486,1.2496,45,38,3,6,1.2485,1.2497,18,21,7,4,1.2484,1.2498,48,34,6,1,1.2483,1.2499,11,39,3,3,1.2482,1.25,44,41,6,3,1.2481,1.2501,256,128,1,6
2024-12-30T10:35:20.000000000Z,2024-12-30T10:35:20.000000000Z,10,1,29307,A,N,0,1.249,0,0,0,1864,6BH5,1.2489,1.2491,9,13,6,7,1.2488,1.2492,35,38,3,5,1.2487,1.2493,43,48,5,4,1.2486,1.2494,10,37,6,1,1.2485,1.2495,26,23,4,7,1.2484,1.2496,47,29,4,5,1.2483,1.2497,15,42,2,3,1.2482,1.2498,46,40,1,2,1.2481,1.2499,17,31,3,4,1.248,1.25,49,5,1,5
2024-12-30T10:35:25.000000000Z,2024-12-30T10:35:25.000000000Z,10,1,29307,A,N,0,1.2491,0,0,0,1865,6BH5,1.249,1.2492,33,28,3,3,1.2489,1.2493,5,31,6,3,1.2488,1.2494,24,30,2,4,1.2487,1.2495,8,23,5,6,1.2486,1.2496,14,47,7,3,1.2485,1.2497,208,376,6,3,1.2484,1.2498,44,22,2,6,1.2483,1.2499,26,45,7,3,1.2482,1.25,23,13,5,1,1.2481,1.2501,19,45,7,5
2024-12-30T10:35:30.000000000Z,2024-12-30T10:35:30.000000000Z,10,1,29307,A,N,0,1.2491,0,0,0,1866,6BH5,1.249,1.2492,5,30,2,6,1.2489,1.2493,30,17,5,6,1.2488,1.2494,27,32,5,5,1.2487,1.2495,24,40,5,2,1.2486,1.2496,10,31,2,1,1.2485,1.2497,9,15,3,2,1.2484,1.2498,23,21,1,2,1.2483,1.2499,18,14,7,5,1.2482,1.25,39,35,6,2,1.2481,1.2501,33,10,1,5
2024-12-30T10:35:35.000000000Z,2024-12-30T10:35:35.000000000Z,10,1,29307,A,N,0,1.2492,0,0,0,1867,6BH5,1.2491,1.2493,5,17,5,2,1.249,1.2494,46,6,7,1,1.2489,1.2495,48,39,5,5,1.2488,1.2496,37,8,2,6,1.2487,1.2497,11,44,5,1,1.2486,1.2498,47,19,7,5,1.2485,1.2499,31,34,5,6,1.2484,1.25,24,14,2,5,1.2483,1.2501,18,9,6,4,1.2482,1.2502,29,16,4,7
2024-12-30T10:35:40.000000000Z,2024-12-30T10:35:40.000000000Z,10,1,29307,A,N,0,1.2492,0,0,0,1868,6BH5,1.2491,1.2493,36,15,7,2,1.249,1.2494,13,40,5,2,1.2489,1.2495,23,24,5,5,1.2488,1.2496,26,33,7,7,1.2487,1.2497,26,42,1,5,1.2486,1.2498,320,288,6,2,1.2485,1.2499,30,20,6,1,1.2484,1.25,6,40,1,3,1.2483,1.2501,49,32,7,2,1.2482,1.2502,45,49,1,3
2024-12-30T10:35:45.000000000Z,2024-12-30T10:35:45.000000000Z,10,1,29307,A,N,0,1.2492,0,0,0,1869,6BH5,1.2491,1.2493,26,17,7,3,1.249,1.2494,46,13,5,4,1.2489,1.2495,38,24,2,5,1.2488,1.2496,18,35,7,3,1.2487,1.2497,11,46,6,1,1.2486,1.2498,28,46,4,5,1.2485,1.2499,30,6,1,4,1.2484,1.25,21,37,7,6,1.2483,1.2501,33,11,2,4,1.2482,1.2502,26,35,7,6
2024-12-30T10:35:50.000000000Z,2024-12-30T10:35:50.000000000Z,10,1,29307,A,N,0,1.2493,0,0,0,1870,6BH5,1.2492,1.2494,10,23,3,6,1.2491,1.2495,17,14,5,5,1.249,1.2496,29,10,4,3,1.2489,1.2497,27,5,7,1,1.2488,1.2498,42,18,3,1,1.2487,1.2499,37,49,7,1,1.2486,1.25,30,29,3,6,1.2485,1.2501,37,22,5,1,1.2484,1.2502,6,8,7,6,1.2483,1.2503,43,28,1,4
2024-12-30T10:35:55.000000000Z,2024-12-30T10:35:55.000000000Z,10,1,29307,A,N,0,1.2492,0,0,0,1871,6BH5,1.2491,1.2493,18,47,3,7,1.249,1.2494,32,47,4,5,1.2489,1.2495,21,34,1,4,1.2488,1.2496,13,47,2,4,1.2487,1.2497,23,49,4,7,1.2486,1.2498,49,42,7,4,1.2485,1.2499,47,15,4,7,1.2484,1.25,33,13,6,3,1.2483,1.2501,10,39,3,7,1.2482,1.2502,14,21,6,6
2024-12-30T10:36:00.000000000Z,2024-12-30T10:36:00.000000000Z,10,1,29307,A,N,0,1.2491,0,0,0,1872,6BH5,1.249,1.2492,15,33,2,2,1.2489,1.2493,29,44,3,1,1.2488,1.2494,15,32,3,2,1.2487,1.2495,18,17,3,4,1.2486,1.2496,47,37,6,6,1.2485,1.2497,104,80,5,6,1.2484,1.2498,6,6,2,5,1.2483,1.2499,40,44,3,4,1.2482,1.25,21,43,6,5,1.2481,1.2501,22,9,6,1
2024-12-30T10:36:05.000000000Z,2024-12-30T10:36:05.000000000Z,10,1,29307,A,N,0,1.2492,0,0,0,1873,6BH5,1.2491,1.2493,11,34,1,5,1.249,1.2494,16,22,7,6,1.2489,1.2495,29,40,5,6,1.2488,1.2496,12,9,2,4,1.2487,1.2497,26,25,4,4,1.2486,1.2498,44,35,1,7,1.2485,1.2499,36,12,7,6,1.2484,1.25,27,19,6,4,1.2483,1.2501,48,13,5,4,1.2482,1.2502,37,25,6,5
2024-12-30T10:36:10.000000000Z,2024-12-30T10:36:10.000000000Z,10,1,29307,A,N,0,1.2492,0,0,0,1874,6BH5,1.2491,1.2493,12,16,6,1,1.249,1.2494,42,33,3,6,1.2489,1.2495,45,17,2,3,1.2488,1.2496,240,96,5,7,1.2487,1.2497,43,36,7,4,1.2486,1.2498,21,27,7,2,1.2485,1.2499,384,152,5,4,1.2484,1.25,19,42,6,5,1.2483,1.2501,43,38,4,4,1.2482,1.2502,48,49,7,5
2024-12-30T10:36:15.000000000Z,2024-12-30T10:36:15.000000000Z,10,1,29307,A,N,0,1.2491,0,0,0,1875,6BH5,1.249,1.2492,7,26,5,6,1.2489,1.2493,29,16,2,4,1.2488,1.2494,26,23,5,3,1.2487,1.2495,11,12,5,3,1.2486,1.2496,44,20,1,1,1.2485,1.2497,14,33,1,5,1.2484,1.2498,20,45,4,6,1.2483,1.2499,10,23,2,6,1.2482,1.25,43,24,7,3,1.2481,1.2501,20,39,7,4
2024-12-30T10:36:20.000000000Z,2024-12-30T10:36:20.000000000Z,10,1,29307,A,N,0,1.249,0,0,0,1876,6BH5,1.2489,1.2491,43,47,6,4,1.2488,1.2492,27,6,1,5,1.2487,1.2493,47,26,2,2,1.2486,1.2494,27,13,3,2,1.2485,1.2495,21,9,6,2,1.2484,1.2496,13,35,5,3,1.2483,1.2497,21,8,7,3,1.2482,1.2498,35,25,4,3,1.2481,1.2499,48,31,6,7,1.248,1.25,25,7,3,5
2024-12-30T10:36:25.000000000Z,2024-12-30T10:36:25.000000000Z,10,1,29307,A,N,0,1.2491,0,0,0,1877,6BH5,1.249,1.2492,19,6,5,7,1.2489,1.2493,7,18,2,5,1.2488,1.2494,16,9,4,3,1.2487,1.2495,11,39,7,7,1.2486,1.2496,32,47,4,2,1.2485,1.2497,37,13,3,6,1.2484,1.2498,23,10,1,4,1.2483,1.2499,8,25,4,7,1.2482,1.25,16,23,2,4,1.2481,1.2501,32,42,3,6
2024-12-30T10:36:30.000000000Z,2024-12-30T10:36:30.000000000Z,10,1,29307,A,N,0,1.2492,0,0,0,1878,6BH5,1.2491,1.2493,9,47,7,1,1.249,1.2494,23,48,2,6,1.2489,1.2495,41,12,6,5,1.2488,1.2496,21,23,6,7,1.2487,1.2497,22,44,5,7,1.2486,1.2498,17,13,6,1,1.2485,1.2499,88,296,4,3,1.2484,1.25,14,17,4,5,1.2483,1.2501,10,25,3,4,1.2482,1.2502,11,39,6,3
2024-12-30T10:36:35.000000000Z,2024-12-30T10:36:35.000000000Z,10,1,29307,A,N,0,1.2492,0,0,0,1879,6BH5,1.2491,1.2493,34,25,1,6,1.249,1.2494,23,29,3,6,1.2489,1.2495,9,16,1,2,1.2488,1.2496,22,22,1,6,1.2487,1.2497,47,19,6,2,1.2486,1.2498,18,39,6,1,1.2485,1.2499,36,9,1,6,1.2484,1.25,10,35,7,4,1.2483,1.2501,43,11,4,2,1.2482,1.2502,35,49,5,6
2024-12-30T10:36:40.000000000Z,2024-12-30T10:36:40.000000000Z,10,1,29307,A,N,0,1.2491,0,0,0,1880,6BH5,1.249,1.2492,12,24,2,1,1.2489,1.2493,14,14,2,1,1.2488,1.2494,17,41,4,5,1.2487,1.2495,6,34,7,3,1.2486,1.2496,19,28,2,5,1.2485,1.2497,5,47,2,3,1.2484,1.2498,43,41,6,3,1.2483,1.2499,15,36,2,1,1.2482,1.25,5,19,1,6,1.2481,1.2501,6,21,7,3
2024-12-30T10:36:45.000000000Z,2024-12-30T10:36:45.000000000Z,10,1,29307,A,N,0,1.2492,0,0,0,1881,6BH5,1.2491,1.2493,128,176,4,5,1.249,1.2494,40,368,3,2,1.2489,1.2495,16,18,6,7,1.2488,1.2496,25,19,7,4,1.2487,1.2497,328,280,1,3,1.2486,1.2498,47,48,3,4,1.2485,1.2499,38,13,7,5,1.2484,1.25,13,49,3,1,1.2483,1.2501,31,36,5,2,1.2482,1.2502,25,29,4,5
2024-12-30T10:36:50.000000000Z,2024-12-30T10:36:50.000000000Z,10,1,29307,A,N,0,1.2492,0,0,0,1882,6BH5,1.2491,1.2493,37,34,7,1,1.249,1.2494,19,43,7,1,1.2489,1.2495,49,42,2,5,1.2488,1.2496,39,19,4,3,1.2487,1.2497,30,14,1,7,1.2486,1.2498,25,21,4,2,1.2485,1.2499,29,8,4,1,1.2484,1.25,26,18,7,5,1.2483,1.2501,48,38,5,6,1.2482,1.2502,5,11,2,6
2024-12-30T10:36:55.000000000Z,2024-12-30T10:36:55.000000000Z,10,1,29307,A,N,0,1.2492,0,0,0,1883,6BH5,1.2491,1.2493,42,5,7,1,1.249,1.2494,12,28,4,5,1.2489,1.2495,28,47,2,3,1.2488,1.2496,12,6,7,3,1.2487,1.2497,46,39,4,4,1.2486,1.2498,46,12,4,1,1.2485,1.2499,26,20,1,4,1.2484,1.25,29,40,6,2,1.2483,1.2501,49,14,7,6,1.2482,1.2502,5,6,7,4
2024-12-30T10:37:00.000000000Z,2024-12-30T10:37:00.000000000Z,10,1,29307,A,N,0,1.2492,0,0,0,1884,6BH5,1.2491,1.2493,17,29,1,1,1.249,1.2494,36,16,7,6,1.2489,1.2495,25,48,2,5,1.2488,1.2496,15,29,1,3,1.2487,1.2497,31,25,6,7,1.2486,1.2498,45,33,1,2,1.2485,1.2499,48,26,6,6,1.2484,1.25,13,6,5,5,1.2483,1.2501,36,45,1,4,1.2482,1.2502,41,25,7,6
2024-12-30T10:37:05.000000000Z,2024-12-30T10:37:05.000000000Z,10,1,29307,A,N,0,1.2492,0,0,0,1885,6BH5,1.2491,1.2493,28,5,4,6,1.249,1.2494,23,27,2,2,1.2489,1.2495,47,20,1,3,1.2488,1.2496,24,31,2,5,1.2487,1.2497,28,31,1,2,1.2486,1.2498,48,41,6,2,1.2485,1.2499,49,35,4,6,1.2484,1.25,35,35,3,5,1.2483,1.2501,344,232,1,7,1.2482,1.2502,33,32,5,2
2024-12-30T10:37:10.000000000Z,2024-12-30T10:37:10.000000000Z,10,1,29307,A,N,0,1.2492,0,0,0,1886,6BH5,1.2491,1.2493,34,34,1,6,1.249,1.2494,28,17,1,2,1.2489,1.2495,17,31,2,1,1.2488,1.2496,12,28,4,7,1.2487,1.2497,24,39,6,4,1.2486,1.2498,37,18,5,1,1.2485,1.2499,5,10,6,4,1.2484,1.25,43,27,3,7,1.2483,1.2501,35,32,7,1,1.2482,1.2502,10,6,4,5
2024-12-30T10:37:15.000000000Z,2024-12-30T10:37:15.000000000Z,10,1,29307,A,N,0,1.2493,0,0,0,1887,6BH5,1.2492,1.2494,29,10,3,5,1.2491,1.2495,18,49,7,6,1.249,1.2496,49,48,1,4,1.2489,1.2497,16,26,1,4,1.2488,1.2498,8,46,1,4,1.2487,1.2499,6,14,6,5,1.2486,1.25,17,33,5,4,1.2485,1.2501,336,248,4,2,1.2484,1.2502,45,14,5,1,1.2483,1.2503,30,10,6,7
2024-12-30T10:37:20.000000000Z,2024-12-30T10:37:20.000000000Z,10,1,29307,A,N,0,1.2494,0,0,0,1888,6BH5,1.2493,1.2495,11,30,5,2,1.2492,1.2496,168,152,2,6,1.2491,1.2497,20,37,1,4,1.249,1.2498,15,9,2,1,1.2489,1.2499,28,48,2,4,1.2488,1.25,8,29,3,1,1.2487,1.2501,13,17,5,7,1.2486,1.2502,9,16,4,2,1.2485,1.2503,32,6,7,5,1.2484,1.2504,19,5,4,5
2024-12-30T10:37:25.000000000Z,2024-12-30T10:37:25.000000000Z,10,1,29307,A,N,0,1.2494,0,0,0,1889,6BH5,1.2493,1.2495,39,20,7,6,1.2492,1.2496,21,31,5,7,1.2491,1.2497,8,21,3,3,1.249,1.2498,12,12,7,3,1.2489,1.2499,17,40,2,5,1.2488,1.25,5,39,3,6,1.2487,1.2501,232,296,1,3,1.2486,1.2502,18,47,5,5,1.2485,1.2503,21,33,5,6,1.2484,1.2504,32,21,6,2
2024-12-30T10:37:30.000000000Z,2024-12-30T10:37:30.000000000Z,10,1,29307,A,N,0,1.2493,0,0,0,1890,6BH5,1.2492,1.2494,44,22,4,1,1.2491,1.2495,41,30,2,2,1.249,1.2496,13,22,5,6,1.2489,1.2497,16,36,7,5,1.2488,1.2498,19,37,4,6,1.2487,1.2499,30,41,2,2,1.2486,1.25,18,37,6,5,1.2485,1.2501,32,37,1,5,1.2484,1.2502,312,88,3,4,1.2483,1.2503,35,9,4,5
2024-12-30T10:37:35.000000000Z,2024-12-30T10:37:35.000000000Z,10,1,29307,A,N,0,1.2492,0,0,0,1891,6BH5,1.2491,1.2493,26,48,6,5,1.249,1.2494,5,21,3,2,1.2489,1.2495,120,272,6,7,1.2488,1.2496,27,16,3,6,1.2487,1.2497,42,39,7,6,1.2486,1.2498,21,13,7,4,1.2485,1.2499,9,21,7,1,1.2484,1.25,48,33,7,7,1.2483,1.2501,37,44,6,6,1.2482,1.2502,24,42,3,4
2024-12-30T10:37:40.000000000Z,2024-12-30T10:37:40.000000000Z,10,1,29307,A,N,0,1.2492,0,0,0,1892,6BH5,1.2491,1.2493,35,32,3,3,1.249,1.2494,23,10,3,5,1.2489,1.2495,18,18,1,6,1.2488,1.2496,18,35,5,2,1.2487,1.2497,9,20,4,6,1.2486,1.2498,13,42,2,1,1.2485,1.2499,18,13,1,1,1.2484,1.25,35,14,2,3,1.2483,1.2501,22,37,1,2,1.2482,1.2502,16,29,6,3
2024-12-30T10:37:45.000000000Z,2024-12-30T10:37:45.000000000Z,10,1,29307,A,N,0,1.2492,0,0,0,1893,6BH5,1.2491,1.2493,13,17,7,1,1.249,1.2494,43,19,7,6,1.2489,1.2495,392,192,5,7,1.2488,1.2496,21,35,2,6,1.2487,1.2497,26,32,7,2,1.2486,1.2498,8,20,3,7,1.2485,1.2499,40,18,3,3,1.2484,1.25,48,20,1,5,1.2483,1.2501,16,18,6,4,1.2482,1.2502,11,25,2,4
2024-12-30T10:37:50.000000000Z,2024-12-30T10:37:50.000000000Z,10,1,29307,A,N,0,1.2492,0,0,0,1894,6BH5,1.2491,1.2493,25,17,5,6,1.249,1.2494,48,35,1,7,1.2489,1.2495,39,16,1,5,1.2488,1.2496,30,19,4,1,1.2487,1.2497,48,42,4,4,1.2486,1.2498,34,19,4,1,1.2485,1.2499,8,30,3,3,1.2484,1.25,42,30,2,7,1.2483,1.2501,48,136,4,5,1.2482,1.2502,7,8,7,1
2024-12-30T10:37:55.000000000Z,2024-12-30T10:37:55.000000000Z,10,1,29307,A,N,0,1.2491,0,0,0,1895,6BH5,1.249,1.2492,15,47,6,5,1.2489,1.2493,18,20,3,4,1.2488,1.2494,14,13,4,6,1.2487,1.2495,23,17,3,3,1.2486,1.2496,43,7,7,4,1.2485,1.2497,41,26,7,1,1.2484,1.2498,28,34,6,6,1.2483,1.2499,20,25,4,7,1.2482,1.25,11,41,7,2,1.2481,1.2501,7,5,3,3
2024-12-30T10:38:00.000000000Z,2024-12-30T10:38:00.000000000Z,10,1,29307,A,N,0,1.249,0,0,0,1896,6BH5,1.2489,1.2491,9,35,3,2,1.2488,1.2492,17,36,5,4,1.2487,1.2493,11,17,6,2,1.2486,1.2494,96,264,4,2,1.2485,1.2495,6,47,7,2,1.2484,1.2496,28,47,6,2,1.2483,1.2497,29,11,6,4,1.2482,1.2498,41,11,1,1,1.2481,1.2499,12,16,3,7,1.248,1.25,8,36,7,6
2024-12-30T10:38:05.000000000Z,2024-12-30T10:38:05.000000000Z,10,1,29307,A,N,0,1.249,0,0,0,1897,6BH5,1.2489,1.2491,16,41,3,5,1.2488,1.2492,29,38,2,4,1.2487,1.2493,21,25,7,2,1.2486,1.2494,30,16,4,6,1.2485,1.2495,40,38,5,1,1.2484,1.2496,11,32,2,7,1.2483,1.2497,29,49,6,2,1.2482,1.2498,44,5,1,4,1.2481,1.2499,33,41,3,1,1.248,1.25,36,16,5,7
2024-12-30T10:38:10.000000000Z,2024-12-30T10:38:10.000000000Z,10,1,29307,A,N,0,1.249,0,0,0,1898,6BH5,1.2489,1.2491,37,47,1,7,1.2488,1.2492,34,30,2,4,1.2487,1.2493,35,33,3,5,1.2486,1.2494,96,320,7,5,1.2485,1.2495,30,31,2,2,1.2484,1.2496,13,43,5,4,1.2483,1.2497,43,32,1,4,1.2482,1.2498,12,39,5,7,1.2481,1.2499,16,25,7,6,1.248,1.25,22,48,2,5
2024-12-30T10:38:15.000000000Z,2024-12-30T10:38:15.000000000Z,10,1,29307,A,N,0,1.249,0,0,0,1899,6BH5,1.2489,1.2491,31,41,5,2,1.2488,1.2492,14,18,1,1,1.2487,1.2493,12,10,5,5,1.2486,1.2494,41,23,5,1,1.2485,1.2495,14,22,4,3,1.2484,1.2496,15,33,7,1,1.2483,1.2497,31,39,4,6,1.2482,1.2498,23,33,6,2,1.2481,1.2499,38,23,2,2,1.248,1.25,12,49,5,6
2024-12-30T10:38:20.000000000Z,2024-12-30T10:38:20.000000000Z,10,1,29307,A,N,0,1.249,0,0,0,1900,6BH5,1.2489,1.2491,27,33,7,5,1.2488,1.2492,44,7,2,6,1.2487,1.2493,33,49,3,1,1.2486,1.2494,42,14,3,3,1.2485,1.2495,35,9,3,4,1.2484,1.2496,6,33,2,6,1.2483,1.2497,42,19,6,3,1.2482,1.2498,25,35,5,2,1.2481,1.2499,44,19,3,4,1.248,1.25,46,27,6,3
2024-12-30T10:38:25.000000000Z,2024-12-30T10:38:25.000000000Z,10,1,29307,A,N,0,1.2491,0,0,0,1901,6BH5,1.249,1.2492,37,32,7,4,1.2489,1.2493,46,35,5,3,1.2488,1.2494,11,26,4,2,1.2487,1.2495,39,7,5,6,1.2486,1.2496,37,40,2,4,1.2485,1.2497,49,44,1,7,1.2484,1.2498,42,16,3,3,1.2483,1.2499,16,9,2,2,1.2482,1.25,18,34,3,7,1.2481,1.2501,7,13,4,7
2024-12-30T10:38:30.000000000Z,2024-12-30T10:38:30.000000000Z,10,1,29307,A,N,0,1.2492,0,0,0,1902,6BH5,1.2491,1.2493,16,11,5,6,1.249,1.2494,22,6,3,2,1.2489,1.2495,23,42,4,7,1.2488,1.2496,44,41,1,1,1.2487,1.2497,42,45,6,6,1.2486,1.2498,42,31,6,6,1.2485,1.2499,41,20,3,4,1.2484,1.25,13,33,3,3,1.2483,1.2501,37,38,2,6,1.2482,1.2502,42,29,4,3
2024-12-30T10:38:35.000000000Z,2024-12-30T10:38:35.000000000Z,10,1,29307,A,N,0,1.2492,0,0,0,1903,6BH5,1.2491,1.2493,49,19,2,7,1.249,1.2494,43,23,2,5,1.2489,1.2495,27,19,2,6,1.2488,1.2496,12,15,5,4,1.2487,1.2497,24,16,7,5,1.2486,1.2498,25,32,2,5,1.2485,1.2499,35,25,3,3,1.2484,1.25,25,33,2,1,1.2483,1.2501,19,6,1,1,1.2482,1.2502,5,19,6,7
2024-12-30T10:38:40.000000000Z,2024-12-30T10:38:40.000000000Z,10,1,29307,A,N,0,1.2491,0,0,0,1904,6BH5,1.249,1.2492,24,11,4,3,1.2489,1.2493,9,47,6,5,1.2488,1.2494,43,47,7,6,1.2487,1.2495,15,31,5,3,1.2486,1.2496,29,22,3,6,1.2485,1.2497,31,22,5,4,1.2484,1.2498,7,35,6,7,1.2483,1.2499,37,49,5,7,1.2482,1.25,46,18,4,7,1.2481,1.2501,30,26,4,1
2024-12-30T10:38:45.000000000Z,2024-12-30T10:38:45.000000000Z,10,1,29307,A,N,0,1.2491,0,0,0,1905,6BH5,1.249,1.2492,32,39,2,5,1.2489,1.2493,34,13,7,6,1.2488,1.2494,26,41,7,5,1.2487,1.2495,36,48,2,3,1.2486,1.2496,25,39,3,5,1.2485,1.2497,47,38,3,5,1.2484,1.2498,41,9,2,3,1.2483,1.2499,21,8,1,7,1.2482,1.25,36,31,2,6,1.2481,1.2501,8,43,6,3
2024-12-30T10:38:50.000000000Z,2024-12-30T10:38:50.000000000Z,10,1,29307,A,N,0,1.2491,0,0,0,1906,6BH5,1.249,1.2492,35,32,1,2,1.2489,1.2493,21,35,2,4,1.2488,1.2494,21,14,3,6,1.2487,1.2495,34,24,6,7,1.2486,1.2496,23,44,7,5,1.2485,1.2497,18,26,6,4,1.2484,1.2498,43,28,5,2,1.2483,1.2499,18,34,6,7,1.2482,1.25,23,29,1,3,1.2481,1.2501,34,19,5,3
2024-12-30T10:38:55.000000000Z,2024-12-30T10:38:55.000000000Z,10,1,29307,A,N,0,1.249,0,0,0,1907,6BH5,1.2489,1.2491,44,27,6,7,1.2488,1.2492,41,46,4,6,1.2487,1.2493,37,31,2,4,1.2486,1.2494,24,19,6,7,1.2485,1.2495,21,24,6,1,1.2484,1.2496,16,15,6,2,1.2483,1.2497,29,49,1,6,1.2482,1.2498,5,30,3,5,1.2481,1.2499,47,15,7,4,1.248,1.25,39,11,1,3
2024-12-30T10:39:00.000000000Z,2024-12-30T10:39:00.000000000Z,10,1,29307,A,N,0,1.2491,0,0,0,1908,6BH5,1.249,1.2492,46,35,7,5,1.2489,1.2493,25,30,6,3,1.2488,1.2494,46,6,7,3,1.2487,1.2495,33,22,3,2,1.2486,1.2496,36,46,5,7,1.2485,1.2497,40,31,7,1,1.2484,1.2498,18,8,5,7,1.2483,1.2499,48,232,6,3,1.2482,1.25,17,48,3,4,1.2481,1.2501,38,45,7,1
2024-12-30T10:39:05.000000000Z,2024-12-30T10:39:05.000000000Z,10,1,29307,A,N,0,1.2491,0,0,0,1909,6BH5,1.249,1.2492,12,41,7,7,1.2489,1.2493,46,27,6,4,1.2488,1.2494,27,27,2,1,1.2487,1.2495,45,30,3,1,1.2486,1.2496,31,48,6,7,1.2485,1.2497,34,22,4,6,1.2484,1.2498,26,43,6,7,1.2483,1.2499,25,39,2,2,1.2482,1.25,41,27,6,3,1.2481,1.2501,10,34,1,3
2024-12-30T10:39:10.000000000Z,2024-12-30T10:39:10.000000000Z,10,1,29307,A,N,0,1.2491,0,0,0,1910,6BH5,1.249,1.2492,34,32,5,1,1.2489,1.2493,47,44,2,7,1.2488,1.2494,13,24,5,6,1.2487,1.2495,8,31,1,5,1.2486,1.2496,32,31,7,2,1.2485,1.2497,18,33,6,4,1.2484,1.2498,25,6,3,2,1.2483,1.2499,36,49,7,1,1.2482,1.25,40,25,6,7,1.2481,1.2501,17,38,1,2
2024-12-30T10:39:15.000000000Z,2024-12-30T10:39:15.000000000Z,10,1,29307,A,N,0,1.2491,0,0,0,1911,6BH5,1.249,1.2492,25,35,2,6,1.2489,1.2493,11,42,4,4,1.2488,1.2494,43,11,5,6,1.2487,1.2495,32,42,3,1,1.2486,1.2496,32,38,1,7,1.2485,1.2497,33,32,6,2,1.2484,1.2498,30,45,4,3,1.2483,1.2499,33,31,5,4,1.2482,1.25,15,49,1,5,1.2481,1.2501,16,36,3,4
2024-12-30T10:39:20.000000000Z,2024-12-30T10:39:20.000000000Z,10,1,29307,A,N,0,1.249,0,0,0,1912,6BH5,1.2489,1.2491,29,28,4,2,1.2488,1.2492,36,10,3,4,1.2487,1.2493,47,41,2,7,1.2486,1.2494,17,6,6,2,1.2485,1.2495,38,45,2,5,1.2484,1.2496,28,25,5,7,1.2483,1.2497,30,46,7,5,1.2482,1.2498,45,36,2,2,1.2481,1.2499,28,21,7,2,1.248,1.25,34,41,3,7
2024-12-30T10:39:25.000000000Z,2024-12-30T10:39:25.000000000Z,10,1,29307,A,N,0,1.2489,0,0,0,1913,6BH5,1.2488,1.249,72,144,3,5,1.2487,1.2491,8,26,1,1,1.2486,1.2492,42,13,2,4,1.2485,1.2493,19,11,1,4,1.2484,1.2494,33,18,5,5,1.2483,1.2495,46,29,3,5,1.2482,1.2496,31,11,5,7,1.2481,1.2497,26,18,5,2,1.248,1.2498,30,43,5,6,1.2479,1.2499,49,40,4,3
2024-12-30T10:39:30.000000000Z,2024-12-30T10:39:30.000000000Z,10,1,29307,A,N,0,1.2489,0,0,0,1914,6BH5,1.2488,1.249,32,28,7,5,1.2487,1.2491,33,9,7,3,1.2486,1.2492,49,13,7,7,1.2485,1.2493,24,12,1,2,1.2484,1.2494,41,49,3,7,1.2483,1.2495,42,13,1,7,1.2482,1.2496,49,10,7,3,1.2481,1.2497,22,40,1,1,1.248,1.2498,24,42,2,2,1.2479,1.2499,41,20,6,6
2024-12-30T10:39:35.000000000Z,2024-12-30T10:39:35.000000000Z,10,1,29307,A,N,0,1.2488,0,0,0,1915,6BH5,1.2487,1.2489,5,37,3,1,1.2486,1.249,34,24,6,1,1.2485,1.2491,288,296,2,2,1.2484,1.2492,184,296,5,4,1.2483,1.2493,21,12,5,3,1.2482,1.2494,32,28,2,3,1.2481,1.2495,21,39,7,3,1.248,1.2496,7,22,5,3,1.2479,1.2497,15,16,6,4,1.2478,1.2498,192,368,3,7
2024-12-30T10:39:40.000000000Z,2024-12-30T10:39:40.000000000Z,10,1,29307,A,N,0,1.2487,0,0,0,1916,6BH5,1.2486,1.2488,44,47,7,2,1.2485,1.2489,15,49,1,4,1.2484,1.249,28,19,1,2,1.2483,1.2491,45,26,1,3,1.2482,1.2492,35,24,3,7,1.2481,1.2493,21,8,4,7,1.248,1.2494,9,33,4,1,1.2479,1.2495,18,48,2,1,1.2478,1.2496,10,25,1,6,1.2477,1.2497,14,48,4,5
2024-12-30T10:39:45.000000000Z,2024-12-30T10:39:45.000000000Z,10,1,29307,A,N,0,1.2488,0,0,0,1917,6BH5,1.2487,1.2489,25,5,1,4,1.2486,1.249,10,29,1,4,1.2485,1.2491,39,7,4,7,1.2484,1.2492,9,38,5,4,1.2483,1.2493,42,37,5,1,1.2482,1.2494,48,19,3,6,1.2481,1.2495,18,42,5,5,1.248,1.2496,39,36,2,1,1.2479,1.2497,20,29,2,5,1.2478,1.2498,20,15,3,5
2024-12-30T10:39:50.000000000Z,2024-12-30T10:39:50.000000000Z,10,1,29307,A,N,0,1.2488,0,0,0,1918,6BH5,1.2487,1.2489,88,256,2,3,1.2486,1.249,15,45,3,1,1.2485,1.2491,34,34,1,4,1.2484,1.2492,48,47,4,2,1.2483,1.2493,37,42,7,7,1.2482,1.2494,25,22,2,4,1.2481,1.2495,24,32,7,5,1.248,1.2496,37,41,4,1,1.2479,1.2497,29,28,6,2,1.2478,1.2498,19,24,3,5
2024-12-30T10:39:55.000000000Z,2024-12-30T10:39:55.000000000Z,10,1,29307,A,N,0,1.2487,0,0,0,1919,6BH5,1.2486,1.2488,39,14,1,2,1.2485,1.2489,5,19,4,3,1.2484,1.249,6,23,3,6,1.2483,1.2491,24,41,2,1,1.2482,1.2492,38,26,4,6,1.2481,1.2493,16,35,5,4,1.248,1.2494,18,30,4,1,1.2479,1.2495,39,19,5,5,1.2478,1.2496,6,24,1,3,1.2477,1.2497,6,44,1,4
2024-12-30T10:40:00.000000000Z,2024-12-30T10:40:00.000000000Z,10,1,29307,A,N,0,1.2487,0,0,0,1920,6BH5,1.2486,1.2488,19,8,2,5,1.2485,1.2489,44,47,5,5,1.2484,1.249,37,16,6,4,1.2483,1.2491,48,31,2,6,1.2482,1.2492,38,27,3,5,1.2481,1.2493,14,19,2,4,1.248,1.2494,14,38,2,6,1.2479,1.2495,12,35,4,4,1.2478,1.2496,41,15,3,1,1.2477,1.2497,17,39,5,3
2024-12-30T10:40:05.000000000Z,2024-12-30T10:40:05.000000000Z,10,1,29307,A,N,0,1.2487,0,0,0,1921,6BH5,1.2486,1.2488,19,11,2,1,1.2485,1.2489,23,6,6,3,1.2484,1.249,16,7,5,5,1.2483,1.2491,5,47,3,6,1.2482,1.2492,14,17,3,7,1.2481,1.2493,34,18,2,2,1.248,1.2494,41,18,6,5,1.2479,1.2495,24,29,3,5,1.2478,1.2496,264,72,7,3,1.2477,1.2497,21,7,3,5
2024-12-30T10:40:10.000000000Z,2024-12-30T10:40:10.000000000Z,10,1,29307,A,N,0,1.2487,0,0,0,1922,6BH5,1.2486,1.2488,12,37,6,2,1.2485,1.2489,5,9,3,7,1.2484,1.249,5,14,6,6,1.2483,1.2491,29,33,2,5,1.2482,1.2492,35,46,1,5,1.2481,1.2493,7,36,6,6,1.248,1.2494,19,38,6,6,1.2479,1.2495,22,29,6,6,1.2478,1.2496,27,37,6,3,1.2477,1.2497,47,33,7,6
2024-12-30T10:40:15.000000000Z,2024-12-30T10:40:15.000000000Z,10,1,29307,A,N,0,1.2486,0,0,0,1923,6BH5,1.2485,1.2487,25,27,2,4,1.2484,1.2488,12,28,1,5,1.2483,1.2489,40,12,4,6,1.2482,1.249,6,16,4,2,1.2481,1.2491,30,28,7,2,1.248,1.2492,29,45,1,6,1.2479,1.2493,28,44,3,2,1.2478,1.2494,27,32,4,2,1.2477,1.2495,43,43,1,4,1.2476,1.2496,30,31,4,7
2024-12-30T10:40:20.000000000Z,2024-12-30T10:40:20.000000000Z,10,1,29307,A,N,0,1.2486,0,0,0,1924,6BH5,1.2485,1.2487,31,49,3,1,1.2484,1.2488,17,26,3,3,1.2483,1.2489,5,42,5,5,1.2482,1.249,39,45,6,2,1.2481,1.2491,184,112,2,5,1.248,1.2492,49,11,3,1,1.2479,1.2493,27,17,5,6,1.2478,1.2494,14,39,7,1,1.2477,1.2495,38,23,4,6,1.2476,1.2496,35,23,2,3
2024-12-30T10:40:25.000000000Z,2024-12-30T10:40:25.000000000Z,10,1,29307,A,N,0,1.2485,0,0,0,1925,6BH5,1.2484,1.2486,44,15,1,2,1.2483,1.2487,43,46,7,5,1.2482,1.2488,21,48,6,7,1.2481,1.2489,7,49,2,3,1.248,1.249,30,30,7,4,1.2479,1.2491,11,32,5,6,1.2478,1.2492,15,16,2,1,1.2477,1.2493,38,39,4,7,1.2476,1.2494,5,24,2,6,1.2475,1.2495,18,9,5,4
2024-12-30T10:40:30.000000000Z,2024-12-30T10:40:30.000000000Z,10,1,29307,A,N,0,1.2485,0,0,0,1926,6BH5,1.2484,1.2486,14,17,7,6,1.2483,1.2487,30,37,1,1,1.2482,1.2488,28,47,2,7,1.2481,1.2489,26,37,1,1,1.248,1.249,20,39,1,3,1.2479,1.2491,41,14,2,5,1.2478,1.2492,21,8,4,5,1.2477,1.2493,8,17,2,5,1.2476,1.2494,9,37,6,2,1.2475,1.2495,40,17,4,7
2024-12-30T10:40:35.000000000Z,2024-12-30T10:40:35.000000000Z,10,1,29307,A,N,0,1.2485,0,0,0,1927,6BH5,1.2484,1.2486,30,37,7,7,1.2483,1.2487,30,15,1,5,1.2482,1.2488,6,20,3,5,1.2481,1.2489,27,13,4,2,1.248,1.249,49,14,4,3,1.2479,1.2491,16,44,5,5,1.2478,1.2492,38,40,2,6,1.2477,1.2493,10,5,1,4,1.2476,1.2494,5,24,4,6,1.2475,1.2495,7,49,4,6
2024-12-30T10:40:40.000000000Z,2024-12-30T10:40:40.000000000Z,10,1,29307,A,N,0,1.2484,0,0,0,1928,6BH5,1.2483,1.2485,15,48,1,6,1.2482,1.2486,18,24,6,6,1.2481,1.2487,128,344,2,7,1.248,1.2488,17,22,3,3,1.2479,1.2489,34,5,5,3,1.2478,1.249,26,24,6,6,1.2477,1.2491,344,264,6,1,1.2476,1.2492,30,40,4,1,1.2475,1.2493,44,31,5,3,1.2474,1.2494,9,30,7,5
2024-12-30T10:40:45.000000000Z,2024-12-30T10:40:45.000000000Z,10,1,29307,A,N,0,1.2483,0,0,0,1929,6BH5,1.2482,1.2484,28,38,7,4,1.2481,1.2485,34,41,7,4,1.248,1.2486,360,336,2,7,1.2479,1.2487,40,45,5,3,1.2478,1.2488,16,21,7,4,1.2477,1.2489,27,9,3,7,1.2476,1.249,46,46,1,3,1.2475,1.2491,28,43,4,5,1.2474,1.2492,26,22,1,1,1.2473,1.2493,12,37,4,1
2024-12-30T10:40:50.000000000Z,2024-12-30T10:40:50.000000000Z,10,1,29307,A,N,0,1.2483,0,0,0,1930,6BH5,1.2482,1.2484,47,17,4,5,1.2481,1.2485,13,32,7,2,1.248,1.2486,46,37,6,7,1.2479,1.2487,43,23,3,4,1.2478,1.2488,43,15,5,5,1.2477,1.2489,13,9,7,7,1.2476,1.249,28,21,7,3,1.2475,1.2491,12,48,7,2,1.2474,1.2492,48,39,2,4,1.2473,1.2493,43,20,6,1
2024-12-30T10:40:55.000000000Z,2024-12-30T10:40:55.000000000Z,10,1,29307,A,N,0,1.2483,0,0,0,1931,6BH5,1.2482,1.2484,19,24,7,2,1.2481,1.2485,31,18,6,1,1.248,1.2486,8,46,4,3,1.2479,1.2487,43,39,5,4,1.2478,1.2488,32,36,4,6,1.2477,1.2489,42,9,6,4,1.2476,1.249,47,16,5,2,1.2475,1.2491,14,10,5,5,1.2474,1.2492,11,47,1,5,1.2473,1.2493,23,40,4,2
2024-12-30T10:41:00.000000000Z,2024-12-30T10:41:00.000000000Z,10,1,29307,A,N,0,1.2482,0,0,0,1932,6BH5,1.2481,1.2483,13,28,2,5,1.248,1.2484,42,38,1,4,1.2479,1.2485,40,30,7,3,1.2478,1.2486,47,36,3,4,1.2477,1.2487,37,16,1,5,1.2476,1.2488,41,31,4,4,1.2475,1.2489,20,43,7,2,1.2474,1.249,35,30,7,4,1.2473,1.2491,6,42,3,5,1.2472,1.2492,20,45,3,5
2024-12-30T10:41:05.000000000Z,2024-12-30T10:41:05.000000000Z,10,1,29307,A,N,0,1.2481,0,0,0,1933,6BH5,1.248,1.2482,18,13,4,7,1.2479,1.2483,38,30,6,6,1.2478,1.2484,44,36,6,5,1.2477,1.2485,23,10,4,1,1.2476,1.2486,38,23,1,1,1.2475,1.2487,9,16,1,3,1.2474,1.2488,48,33,6,5,1.2473,1.2489,21,39,5,6,1.2472,1.249,5,42,3,3,1.2471,1.2491,28,6,7,3
2024-12-30T10:41:10.000000000Z,2024-12-30T10:41:10.000000000Z,10,1,29307,A,N,0,1.2482,0,0,0,1934,6BH5,1.2481,1.2483,20,36,3,1,1.248,1.2484,30,44,4,6,1.2479,1.2485,40,13,7,7,1.2478,1.2486,8,10,3,5,1.2477,1.2487,22,30,7,7,1.2476,1.2488,9,14,7,3,1.2475,1.2489,23,8,3,5,1.2474,1.249,20,44,5,7,1.2473,1.2491,208,384,5,1,1.2472,1.2492,32,44,3,2
2024-12-30T10:41:15.000000000Z,2024-12-30T10:41:15.000000000Z,10,1,29307,A,N,0,1.2481,0,0,0,1935,6BH5,1.248,1.2482,14,44,5,5,1.2479,1.2483,44,27,7,1,1.2478,1.2484,27,45,7,4,1.2477,1.2485,16,31,6,5,1.2476,1.2486,16,19,1,4,1.2475,1.2487,232,312,4,4,1.2474,1.2488,35,13,4,1,1.2473,1.2489,42,19,6,4,1.2472,1.249,45,15,7,3,1.2471,1.2491,10,15,6,7
2024-12-30T10:41:20.000000000Z,2024-12-30T10:41:20.000000000Z,10,1,29307,A,N,0,1.2482,0,0,0,1936,6BH5,1.2481,1.2483,49,12,3,2,1.248,1.2484,47,38,7,1,1.2479,1.2485,40,27,7,5,1.2478,1.2486,8,23,4,3,1.2477,1.2487,18,37,6,4,1.2476,1.2488,176,96,2,7,1.2475,1.2489,29,29,7,6,1.2474,1.249,36,25,2,1,1.2473,1.2491,18,40,6,1,1.2472,1.2492,14,35,7,7
2024-12-30T10:41:25.000000000Z,2024-12-30T10:41:25.000000000Z,10,1,29307,A,N,0,1.2481,0,0,0,1937,6BH5,1.248,1.2482,64,184,6,3,1.2479,1.2483,392,160,2,1,1.2478,1.2484,34,12,5,3,1.2477,1.2485,31,16,5,3,1.2476,1.2486,10,43,1,7,1.2475,1.2487,96,352,3,4,1.2474,1.2488,35,42,7,3,1.2473,1.2489,17,46,1,2,1.2472,1.249,16,29,4,3,1.2471,1.2491,49,40,3,5
2024-12-30T10:41:30.000000000Z,2024-12-30T10:41:30.000000000Z,10,1,29307,A,N,0,1.248,0,0,0,1938,6BH5,1.2479,1.2481,45,22,2,3,1.2478,1.2482,22,11,6,3,1.2477,1.2483,6,15,2,5,1.2476,1.2484,11,23,5,3,1.2475,1.2485,35,5,1,2,1.2474,1.2486,21,46,4,3,1.2473,1.2487,26,34,5,2,1.2472,1.2488,56,40,1,1,1.2471,1.2489,26,31,1,5,1.247,1.249,45,10,4,4
2024-12-30T10:41:35.000000000Z,2024-12-30T10:41:35.000000000Z,10,1,29307,A,N,0,1.248,0,0,0,1939,6BH5,1.2479,1.2481,27,47,4,2,1.2478,1.2482,49,37,5,7,1.2477,1.2483,44,31,2,1,1.2476,1.2484,37,5,3,2,1.2475,1.2485,10,21,4,2,1.2474,1.2486,6,24,4,7,1.2473,1.2487,36,7,2,1,1.2472,1.2488,7,32,1,2,1.2471,1.2489,13,38,4,2,1.247,1.249,39,5,4,3
2024-12-30T10:41:40.000000000Z,2024-12-30T10:41:40.000000000Z,10,1,29307,A,N,0,1.2479,0,0,0,1940,6BH5,1.2478,1.248,25,22,4,4,1.2477,1.2481,29,11,5,6,1.2476,1.2482,25,37,2,3,1.2475,1.2483,35,46,5,3,1.2474,1.2484,15,40,4,3,1.2473,1.2485,27,9,6,5,1.2472,1.2486,11,37,2,6,1.2471,1.2487,49,43,5,4,1.247,1.2488,46,6,5,5,1.2469,1.2489,26,23,6,4
2024-12-30T10:41:45.000000000Z,2024-12-30T10:41:45.000000000Z,10,1,29307,A,N,0,1.2478,0,0,0,1941,6BH5,1.2477,1.2479,42,37,7,1,1.2476,1.248,27,33,5,3,1.2475,1.2481,28,9,1,3,1.2474,1.2482,17,36,7,2,1.2473,1.2483,7,5,7,4,1.2472,1.2484,26,9,3,5,1.2471,1.2485,32,15,7,5,1.247,1.2486,39,49,5,7,1.2469,1.2487,20,37,1,4,1.2468,1.2488,36,14,5,4
2024-12-30T10:41:50.000000000Z,2024-12-30T10:41:50.000000000Z,10,1,29307,A,N,0,1.2477,0,0,0,1942,6BH5,1.2476,1.2478,47,24,5,3,1.2475,1.2479,19,42,3,7,1.2474,1.248,14,40,5,3,1.2473,1.2481,31,32,4,7,1.2472,1.2482,45,33,7,1,1.2471,1.2483,11,38,6,7,1.247,1.2484,45,10,1,4,1.2469,1.2485,43,18,3,4,1.2468,1.2486,32,23,5,5,1.2467,1.2487,20,41,4,5
2024-12-30T10:41:55.000000000Z,2024-12-30T10:41:55.000000000Z,10,1,29307,A,N,0,1.2478,0,0,0,1943,6BH5,1.2477,1.2479,5,41,1,6,1.2476,1.248,26,7,3,3,1.2475,1.2481,9,48,1,6,1.2474,1.2482,36,33,6,6,1.2473,1.2483,18,43,4,5,1.2472,1.2484,18,19,1,6,1.2471,1.2485,45,25,3,4,1.247,1.2486,6,31,7,7,1.2469,1.2487,12,9,6,3,1.2468,1.2488,10,42,7,2
2024-12-30T10:42:00.000000000Z,2024-12-30T10:42:00.000000000Z,10,1,29307,A,N,0,1.2478,0,0,0,1944,6BH5,1.2477,1.2479,29,25,7,6,1.2476,1.248,20,26,3,5,1.2475,1.2481,47,5,2,2,1.2474,1.2482,29,47,4,2,1.2473,1.2483,12,11,1,6,1.2472,1.2484,25,6,5,5,1.2471,1.2485,30,42,2,1,1.247,1.2486,19,8,1,4,1.2469,1.2487,14,47,1,5,1.2468,1.2488,30,39,1,2
2024-12-30T10:42:05.000000000Z,2024-12-30T10:42:05.000000000Z,10,1,29307,A,N,0,1.2478,0,0,0,1945,6BH5,1.2477,1.2479,184,64,3,7,1.2476,1.248,36,31,1,5,1.2475,1.2481,23,11,6,1,1.2474,1.2482,13,9,6,1,1.2473,1.2483,34,18,4,3,1.2472,1.2484,32,43,7,3,1.2471,1.2485,21,29,1,6,1.247,1.2486,31,8,3,1,1.2469,1.2487,11,22,4,3,1.2468,1.2488,120,128,3,4
2024-12-30T10:42:10.000000000Z,2024-12-30T10:42:10.000000000Z,10,1,29307,A,N,0,1.2479,0,0,0,1946,6BH5,1.2478,1.248,16,20,4,4,1.2477,1.2481,48,40,3,6,1.2476,1.2482,24,13,5,6,1.2475,1.2483,22,48,6,7,1.2474,1.2484,7,32,3,2,1.2473,1.2485,49,26,2,4,1.2472,1.2486,38,49,4,7,1.2471,1.2487,19,39,1,6,1.247,1.2488,30,33,4,1,1.2469,1.2489,46,26,5,3
2024-12-30T10:42:15.000000000Z,2024-12-30T10:42:15.000000000Z,10,1,29307,A,N,0,1.248,0,0,0,1947,6BH5,1.2479,1.2481,23,45,5,7,1.2478,1.2482,12,16,5,5,1.2477,1.2483,13,9,6,4,1.2476,1.2484,6,37,4,2,1.2475,1.2485,6,16,4,3,1.2474,1.2486,13,7,4,4,1.2473,1.2487,23,15,6,6,1.2472,1.2488,48,34,5,7,1.2471,1.2489,28,44,7,1,1.247,1.249,39,30,3,7
2024-12-30T10:42:20.000000000Z,2024-12-30T10:42:20.000000000Z,10,1,29307,A,N,0,1.248,0,0,0,1948,6BH5,1.2479,1.2481,12,19,5,3,1.2478,1.2482,232,312,1,1,1.2477,1.2483,47,10,7,1,1.2476,1.2484,13,19,4,2,1.2475,1.2485,20,19,1,2,1.2474,1.2486,16,41,6,1,1.2473,1.2487,34,39,7,7,1.2472,1.2488,22,11,3,5,1.2471,1.2489,19,24,1,4,1.247,1.249,31,16,1,2
2024-12-30T10:42:25.000000000Z,2024-12-30T10:42:25.000000000Z,10,1,29307,A,N,0,1.248,0,0,0,1949,6BH5,1.2479,1.2481,38,17,4,4,1.2478,1.2482,20,38,6,3,1.2477,1.2483,13,35,3,3,1.2476,1.2484,20,28,7,7,1.2475,1.2485,88,384,7,2,1.2474,1.2486,208,224,1,5,1.2473,1.2487,18,38,6,4,1.2472,1.2488,22,39,7,1,1.2471,1.2489,27,26,1,7,1.247,1.249,288,280,6,5
2024-12-30T10:42:30.000000000Z,2024-12-30T10:42:30.000000000Z,10,1,29307,A,N,0,1.2479,0,0,0,1950,6BH5,1.2478,1.248,35,25,2,7,1.2477,1.2481,8,31,3,5,1.2476,1.2482,39,13,4,6,1.2475,1.2483,216,224,1,4,1.2474,1.2484,28,5,5,2,1.2473,1.2485,10,18,7,6,1.2472,1.2486,29,12,4,3,1.2471,1.2487,12,31,3,6,1.247,1.2488,41,48,3,1,1.2469,1.2489,42,31,6,7
2024-12-30T10:42:35.000000000Z,2024-12-30T10:42:35.000000000Z,10,1,29307,A,N,0,1.2478,0,0,0,1951,6BH5,1.2477,1.2479,17,34,1,2,1.2476,1.248,33,47,2,2,1.2475,1.2481,21,33,4,6,1.2474,1.2482,49,43,7,3,1.2473,1.2483,16,35,2,4,1.2472,1.2484,7,24,5,7,1.2471,1.2485,49,17,5,7,1.247,1.2486,46,12,2,6,1.2469,1.2487,48,5,2,3,1.2468,1.2488,40,64,3,7
2024-12-30T10:42:40.000000000Z,2024-12-30T10:42:40.000000000Z,10,1,29307,A,N,0,1.2477,0,0,0,1952,6BH5,1.2476,1.2478,31,29,3,4,1.2475,1.2479,34,10,7,3,1.2474,1.248,40,15,6,2,1.2473,1.2481,7,19,2,4,1.2472,1.2482,20,36,2,5,1.2471,1.2483,37,32,1,4,1.247,1.2484,48,6,6,3,1.2469,1.2485,41,9,3,3,1.2468,1.2486,7,36,6,7,1.2467,1.2487,392,200,3,3
2024-12-30T10:42:45.000000000Z,2024-12-30T10:42:45.000000000Z,10,1,29307,A,N,0,1.2476,0,0,0,1953,6BH5,1.2475,1.2477,42,47,1,7,1.2474,1.2478,38,47,2,6,1.2473,1.2479,41,48,7,7,1.2472,1.248,8,44,2,2,1.2471,1.2481,96,360,4,7,1.247,1.2482,36,24,7,3,1.2469,1.2483,13,24,2,5,1.2468,1.2484,33,34,7,5,1.2467,1.2485,35,46,1,1,1.2466,1.2486,19,6,4,3
2024-12-30T10:42:50.000000000Z,2024-12-30T10:42:50.000000000Z,10,1,29307,A,N,0,1.2475,0,0,0,1954,6BH5,1.2474,1.2476,47,10,6,7,1.2473,1.2477,19,49,7,2,1.2472,1.2478,6,45,7,5,1.2471,1.2479,35,36,2,1,1.247,1.248,30,22,1,1,1.2469,1.2481,23,39,1,4,1.2468,1.2482,41,46,2,4,1.2467,1.2483,23,34,4,4,1.2466,1.2484,40,20,3,6,1.2465,1.2485,25,34,3,2
2024-12-30T10:42:55.000000000Z,2024-12-30T10:42:55.000000000Z,10,1,29307,A,N,0,1.2476,0,0,0,1955,6BH5,1.2475,1.2477,216,344,6,1,1.2474,1.2478,35,23,6,4,1.2473,1.2479,28,46,6,5,1.2472,1.248,184,352,7,6,1.2471,1.2481,6,36,3,2,1.247,1.2482,26,38,3,1,1.2469,1.2483,14,26,7,5,1.2468,1.2484,44,40,3,7,1.2467,1.2485,32,39,4,7,1.2466,1.2486,25,45,3,6
2024-12-30T10:43:00.000000000Z,2024-12-30T10:43:00.000000000Z,10,1,29307,A,N,0,1.2477,0,0,0,1956,6BH5,1.2476,1.2478,22,15,3,4,1.2475,1.2479,44,5,1,6,1.2474,1.248,21,16,1,3,1.2473,1.2481,27,12,4,1,1.2472,1.2482,16,25,3,2,1.2471,1.2483,24,35,4,6,1.247,1.2484,13,21,2,5,1.2469,1.2485,27,49,1,2,1.2468,1.2486,30,16,1,5,1.2467,1.2487,20,30,1,3
2024-12-30T10:43:05.000000000Z,2024-12-30T10:43:05.000000000Z,10,1,29307,A,N,0,1.2476,0,0,0,1957,6BH5,1.2475,1.2477,46,32,3,6,1.2474,1.2478,38,21,3,3,1.2473,1.2479,19,41,1,5,1.2472,1.248,11,9,6,3,1.2471,1.2481,12,8,6,4,1.247,1.2482,18,17,6,2,1.2469,1.2483,11,25,1,3,1.2468,1.2484,120,304,6,1,1.2467,1.2485,41,22,1,5,1.2466,1.2486,20,30,5,7
2024-12-30T10:43:10.000000000Z,2024-12-30T10:43:10.000000000Z,10,1,29307,A,N,0,1.2475,0,0,0,1958,6BH5,1.2474,1.2476,15,36,2,7,1.2473,1.2477,41,15,4,5,1.2472,1.2478,37,47,4,6,1.2471,1.2479,15,6,6,4,1.247,1.248,48,19,4,1,1.2469,1.2481,47,5,6,6,1.2468,1.2482,9,41,3,2,1.2467,1.2483,22,21,7,2,1.2466,1.2484,23,36,1,5,1.2465,1.2485,9,45,1,2
2024-12-30T10:43:15.000000000Z,2024-12-30T10:43:15.000000000Z,10,1,29307,A,N,0,1.2474,0,0,0,1959,6BH5,1.2473,1.2475,27,17,6,7,1.2472,1.2476,34,16,6,3,1.2471,1.2477,28,29,5,2,1.247,1.2478,24,49,4,2,1.2469,1.2479,35,19,2,4,1.2468,1.248,33,37,2,6,1.2467,1.2481,25,47,5,3,1.2466,1.2482,28,27,4,6,1.2465,1.2483,46,29,6,7,1.2464,1.2484,49,27,5,5
2024-12-30T10:43:20.000000000Z,2024-12-30T10:43:20.000000000Z,10,1,29307,A,N,0,1.2473,0,0,0,1960,6BH5,1.2472,1.2474,49,47,5,7,1.2471,1.2475,38,15,1,2,1.247,1.2476,21,26,6,1,1.2469,1.2477,31,27,6,4,1.2468,1.2478,34,12,5,2,1.2467,1.2479,21,39,7,4,1.2466,1.248,7,14,2,7,1.2465,1.2481,11,24,4,7,1.2464,1.2482,12,34,5,4,1.2463,1.2483,35,33,5,6
2024-12-30T10:43:25.000000000Z,2024-12-30T10:43:25.000000000Z,10,1,29307,A,N,0,1.2472,0,0,0,1961,6BH5,1.2471,1.2473,33,48,6,7,1.247,1.2474,36,16,6,5,1.2469,1.2475,10,47,3,3,1.2468,1.2476,26,18,7,1,1.2467,1.2477,24,36,2,3,1.2466,1.2478,26,9,2,1,1.2465,1.2479,45,36,1,6,1.2464,1.248,35,19,4,6,1.2463,1.2481,15,26,4,6,1.2462,1.2482,14,42,1,5
2024-12-30T10:43:30.000000000Z,2024-12-30T10:43:30.000000000Z,10,1,29307,A,N,0,1.2473,0,0,0,1962,6BH5,1.2472,1.2474,39,13,6,6,1.2471,1.2475,19,33,2,1,1.247,1.2476,21,8,2,1,1.2469,1.2477,11,13,4,4,1.2468,1.2478,8,21,6,6,1.2467,1.2479,23,33,4,5,1.2466,1.248,16,9,1,5,1.2465,1.2481,11,43,1,5,1.2464,1.2482,27,10,6,7,1.2463,1.2483,39,9,4,6
2024-12-30T10:43:35.000000000Z,2024-12-30T10:43:35.000000000Z,10,1,29307,A,N,0,1.2472,0,0,0,1963,6BH5,1.2471,1.2473,152,128,5,6,1.247,1.2474,39,11,2,4,1.2469,1.2475,43,41,4,6,1.2468,1.2476,27,38,4,3,1.2467,1.2477,38,44,6,3,1.2466,1.2478,25,5,5,1,1.2465,1.2479,22,27,7,7,1.2464,1.248,9,15,3,6,1.2463,1.2481,18,48,2,3,1.2462,1.2482,47,33,2,2
2024-12-30T10:43:40.000000000Z,2024-12-30T10:43:40.000000000Z,10,1,29307,A,N,0,1.2471,0,0,0,1964,6BH5,1.247,1.2472,11,32,5,1,1.2469,1.2473,19,38,5,4,1.2468,1.2474,5,14,2,5,1.2467,1.2475,37,46,3,3,1.2466,1.2476,47,32,3,6,1.2465,1.2477,5,49,1,3,1.2464,1.2478,19,8,2,6,1.2463,1.2479,38,25,5,7,1.2462,1.248,45,33,1,6,1.2461,1.2481,11,9,7,4
2024-12-30T10:43:45.000000000Z,2024-12-30T10:43:45.000000000Z,10,1,29307,A,N,0,1.247,0,0,0,1965,6BH5,1.2469,1.2471,41,39,5,1,1.2468,1.2472,41,30,6,7,1.2467,1.2473,26,14,3,6,1.2466,1.2474,31,22,6,4,1.2465,1.2475,7,21,3,7,1.2464,1.2476,31,42,3,5,1.2463,1.2477,26,49,4,7,1.2462,1.2478,23,34,6,5,1.2461,1.2479,35,21,4,1,1.246,1.248,39,11,2,4
2024-12-30T10:43:50.000000000Z,2024-12-30T10:43:50.000000000Z,10,1,29307,A,N,0,1.2471,0,0,0,1966,6BH5,1.247,1.2472,13,7,5,5,1.2469,1.2473,49,6,4,5,1.2468,1.2474,14,48,6,7,1.2467,1.2475,7,43,1,6,1.2466,1.2476,42,34,7,7,1.2465,1.2477,27,30,3,2,1.2464,1.2478,21,31,1,1,1.2463,1.2479,40,27,4,2,1.2462,1.248,49,16,1,1,1.2461,1.2481,42,49,3,7
2024-12-30T10:43:55.000000000Z,2024-12-30T10:43:55.000000000Z,10,1,29307,A,N,0,1.2472,0,0,0,1967,6BH5,1.2471,1.2473,30,27,3,4,1.247,1.2474,46,44,1,3,1.2469,1.2475,40,12,6,5,1.2468,1.2476,272,160,6,2,1.2467,1.2477,34,32,5,3,1.2466,1.2478,42,23,1,4,1.2465,1.2479,30,18,7,6,1.2464,1.248,42,9,6,3,1.2463,1.2481,33,34,4,4,1.2462,1.2482,39,30,1,5
2024-12-30T10:44:00.000000000Z,2024-12-30T10:44:00.000000000Z,10,1,29307,A,N,0,1.2473,0,0,0,1968,6BH5,1.2472,1.2474,11,17,4,3,1.2471,1.2475,34,45,3,2,1.247,1.2476,45,28,6,1,1.2469,1.2477,12,21,7,4,1.2468,1.2478,33,23,6,1,1.2467,1.2479,26,8,4,3,1.2466,1.248,344,296,2,5,1.2465,1.2481,40,11,4,4,1.2464,1.2482,152,80,1,1,1.2463,1.2483,11,40,7,6
2024-12-30T10:44:05.000000000Z,2024-12-30T10:44:05.000000000Z,10,1,29307,A,N,0,1.2473,0,0,0,1969,6BH5,1.2472,1.2474,37,27,4,4,1.2471,1.2475,43,26,5,4,1.247,1.2476,20,17,7,1,1.2469,1.2477,27,46,3,2,1.2468,1.2478,43,38,1,1,1.2467,1.2479,48,8,3,3,1.2466,1.248,37,27,5,2,1.2465,1.2481,44,14,7,7,1.2464,1.2482,49,38,4,6,1.2463,1.2483,13,9,4,2
2024-12-30T10:44:10.000000000Z,2024-12-30T10:44:10.000000000Z,10,1,29307,A,N,0,1.2472,0,0,0,1970,6BH5,1.2471,1.2473,24,20,4,5,1.247,1.2474,46,29,5,3,1.2469,1.2475,38,11,7,1,1.2468,1.2476,41,12,7,2,1.2467,1.2477,9,5,5,7,1.2466,1.2478,23,32,2,1,1.2465,1.2479,14,22,2,5,1.2464,1.248,42,11,3,2,1.2463,1.2481,44,29,5,3,1.2462,1.2482,42,39,6,7
2024-12-30T10:44:15.000000000Z,2024-12-30T10:44:15.000000000Z,10,1,29307,A,N,0,1.2471,0,0,0,1971,6BH5,1.247,1.2472,27,33,5,6,1.2469,1.2473,46,9,5,7,1.2468,1.2474,14,37,1,1,1.2467,1.2475,23,9,7,6,1.2466,1.2476,22,7,2,3,1.2465,1.2477,12,36,6,3,1.2464,1.2478,34,10,5,7,1.2463,1.2479,25,44,7,7,1.2462,1.248,47,18,2,6,1.2461,1.2481,19,41,3,6
2024-12-30T10:44:20.000000000Z,2024-12-30T10:44:20.000000000Z,10,1,29307,A,N,0,1.2471,0,0,0,1972,6BH5,1.247,1.2472,39,39,2,2,1.2469,1.2473,32,45,2,3,1.2468,1.2474,21,44,1,5,1.2467,1.2475,240,248,5,2,1.2466,1.2476,41,37,1,2,1.2465,1.2477,34,42,1,1,1.2464,1.2478,44,17,4,1,1.2463,1.2479,31,27,3,3,1.2462,1.248,7,35,3,7,1.2461,1.2481,10,33,3,4
2024-12-30T10:44:25.000000000Z,2024-12-30T10:44:25.000000000Z,10,1,29307,A,N,0,1.2472,0,0,0,1973,6BH5,1.2471,1.2473,30,31,2,6,1.247,1.2474,7,23,3,3,1.2469,1.2475,46,44,1,2,1.2468,1.2476,32,14,7,6,1.2467,1.2477,32,49,7,1,1.2466,1.2478,9,23,2,1,1.2465,1.2479,35,29,3,1,1.2464,1.248,42,33,2,1,1.2463,1.2481,21,40,4,6,1.2462,1.2482,10,13,3,7
2024-12-30T10:44:30.000000000Z,2024-12-30T10:44:30.000000000Z,10,1,29307,A,N,0,1.2471,0,0,0,1974,6BH5,1.247,1.2472,27,10,5,1,1.2469,1.2473,43,9,7,4,1.2468,1.2474,16,7,1,5,1.2467,1.2475,19,36,5,4,1.2466,1.2476,7,29,3,3,1.2465,1.2477,40,15,7,7,1.2464,1.2478,46,47,5,5,1.2463,1.2479,47,29,4,1,1.2462,1.248,13,45,4,3,1.2461,1.2481,39,8,3,2
2024-12-30T10:44:35.000000000Z,2024-12-30T10:44:35.000000000Z,10,1,29307,A,N,0,1.2471,0,0,0,1975,6BH5,1.247,1.2472,10,35,7,3,1.2469,1.2473,30,10,5,3,1.2468,1.2474,25,46,3,6,1.2467,1.2475,31,7,1,2,1.2466,1.2476,15,31,4,4,1.2465,1.2477,30,25,7,4,1.2464,1.2478,47,8,2,7,1.2463,1.2479,352,224,5,7,1.2462,1.248,32,47,1,7,1.2461,1.2481,21,35,1,7
2024-12-30T10:44:40.000000000Z,2024-12-30T10:44:40.000000000Z,10,1,29307,A,N,0,1.2471,0,0,0,1976,6BH5,1.247,1.2472,10,42,7,3,1.2469,1.2473,9,36,5,6,1.2468,1.2474,24,19,6,3,1.2467,1.2475,32,32,1,2,1.2466,1.2476,28,6,4,3,1.2465,1.2477,23,40,1,7,1.2464,1.2478,36,31,4,5,1.2463,1.2479,31,31,5,4,1.2462,1.248,46,36,3,3,1.2461,1.2481,39,5,5,2
2024-12-30T10:44:45.000000000Z,2024-12-30T10:44:45.000000000Z,10,1,29307,A,N,0,1.247,0,0,0,1977,6BH5,1.2469,1.2471,39,33,2,6,1.2468,1.2472,43,23,6,3,1.2467,1.2473,42,24,1,2,1.2466,1.2474,29,46,5,5,1.2465,1.2475,16,22,3,6,1.2464,1.2476,23,25,1,3,1.2463,1.2477,8,27,3,3,1.2462,1.2478,13,46,7,2,1.2461,1.2479,14,14,6,1,1.246,1.248,39,49,4,3
2024-12-30T10:44:50.000000000Z,2024-12-30T10:44:50.000000000Z,10,1,29307,A,N,0,1.247,0,0,0,1978,6BH5,1.2469,1.2471,14,47,2,4,1.2468,1.2472,16,43,6,7,1.2467,1.2473,19,30,4,1,1.2466,1.2474,37,16,2,5,1.2465,1.2475,49,30,2,6,1.2464,1.2476,37,49,7,2,1.2463,1.2477,16,22,3,3,1.2462,1.2478,35,8,7,5,1.2461,1.2479,49,39,5,6,1.246,1.248,14,34,2,2
2024-12-30T10:44:55.000000000Z,2024-12-30T10:44:55.000000000Z,10,1,29307,A,N,0,1.247,0,0,0,1979,6BH5,1.2469,1.2471,8,49,1,4,1.2468,1.2472,27,19,5,1,1.2467,1.2473,48,5,5,2,1.2466,1.2474,42,21,3,6,1.2465,1.2475,9,45,5,6,1.2464,1.2476,41,20,5,2,1.2463,1.2477,10,46,7,6,1.2462,1.2478,10,7,1,4,1.2461,1.2479,29,24,3,1,1.246,1.248,18,7,4,6
2024-12-30T10:45:00.000000000Z,2024-12-30T10:45:00.000000000Z,10,1,29307,A,N,0,1.2469,0,0,0,1980,6BH5,1.2468,1.247,13,37,1,4,1.2467,1.2471,47,7,5,7,1.2466,1.2472,45,12,6,2,1.2465,1.2473,20,36,3,4,1.2464,1.2474,11,44,2,3,1.2463,1.2475,45,8,1,3,1.2462,1.2476,9,16,2,4,1.2461,1.2477,19,25,7,4,1.246,1.2478,14,11,1,2,1.2459,1.2479,47,32,1,2
2024-12-30T10:45:05.000000000Z,2024-12-30T10:45:05.000000000Z,10,1,29307,A,N,0,1.2469,0,0,0,1981,6BH5,1.2468,1.247,9,24,7,6,1.2467,1.2471,23,6,2,6,1.2466,1.2472,22,49,3,7,1.2465,1.2473,8,38,4,5,1.2464,1.2474,26,21,1,1,1.2463,1.2475,30,31,7,3,1.2462,1.2476,12,39,2,7,1.2461,1.2477,35,42,6,2,1.246,1.2478,13,40,4,4,1.2459,1.2479,24,49,1,4
2024-12-30T10:45:10.000000000Z,2024-12-30T10:45:10.000000000Z,10,1,29307,A,N,0,1.247,0,0,0,1982,6BH5,1.2469,1.2471,47,44,5,1,1.2468,1.2472,42,48,7,1,1.2467,1.2473,20,19,6,5,1.2466,1.2474,44,11,2,5,1.2465,1.2475,30,30,3,6,1.2464,1.2476,46,6,1,4,1.2463,1.2477,44,40,1,1,1.2462,1.2478,23,29,6,6,1.2461,1.2479,11,38,3,7,1.246,1.248,8,49,3,7
2024-12-30T10:45:15.000000000Z,2024-12-30T10:45:15.000000000Z,10,1,29307,A,N,0,1.2469,0,0,0,1983,6BH5,1.2468,1.247,8,34,6,3,1.2467,1.2471,42,38,4,2,1.2466,1.2472,36,40,6,3,1.2465,1.2473,42,46,4,7,1.2464,1.2474,12,36,4,5,1.2463,1.2475,27,47,7,6,1.2462,1.2476,32,16,3,5,1.2461,1.2477,40,25,6,7,1.246,1.2478,11,25,4,6,1.2459,1.2479,9,41,3,1
2024-12-30T10:45:20.000000000Z,2024-12-30T10:45:20.000000000Z,10,1,29307,A,N,0,1.2469,0,0,0,1984,6BH5,1.2468,1.247,5,47,5,3,1.2467,1.2471,40,22,7,6,1.2466,1.2472,11,10,5,4,1.2465,1.2473,46,20,7,6,1.2464,1.2474,34,15,6,5,1.2463,1.2475,39,18,6,7,1.2462,1.2476,28,28,5,6,1.2461,1.2477,14,18,7,4,1.246,1.2478,16,45,2,7,1.2459,1.2479,20,44,2,2
2024-12-30T10:45:25.000000000Z,2024-12-30T10:45:25.000000000Z,10,1,29307,A,N,0,1.2468,0,0,0,1985,6BH5,1.2467,1.2469,7,14,1,7,1.2466,1.247,45,17,2,6,1.2465,1.2471,80,40,2,3,1.2464,1.2472,6,41,2,1,1.2463,1.2473,5,24,2,1,1.2462,1.2474,23,17,1,5,1.2461,1.2475,42,40,2,3,1.246,1.2476,37,44,7,4,1.2459,1.2477,43,44,4,5,1.2458,1.2478,30,12,6,5
2024-12-30T10:45:30.000000000Z,2024-12-30T10:45:30.000000000Z,10,1,29307,A,N,0,1.2468,0,0,0,1986,6BH5,1.2467,1.2469,5,32,6,5,1.2466,1.247,25,25,3,3,1.2465,1.2471,16,44,1,2,1.2464,1.2472,27,35,6,3,1.2463,1.2473,49,41,7,2,1.2462,1.2474,22,5,2,4,1.2461,1.2475,10,9,2,3,1.246,1.2476,6,16,2,7,1.2459,1.2477,33,37,5,3,1.2458,1.2478,37,43,5,7
2024-12-30T10:45:35.000000000Z,2024-12-30T10:45:35.000000000Z,10,1,29307,A,N,0,1.2469,0,0,0,1987,6BH5,1.2468,1.247,29,47,7,3,1.2467,1.2471,43,37,3,3,1.2466,1.2472,46,28,3,7,1.2465,1.2473,28,42,6,5,1.2464,1.2474,48,31,7,3,1.2463,1.2475,44,24,6,6,1.2462,1.2476,10,21,3,5,1.2461,1.2477,19,21,1,4,1.246,1.2478,44,21,5,3,1.2459,1.2479,46,46,3,3
2024-12-30T10:45:40.000000000Z,2024-12-30T10:45:40.000000000Z,10,1,29307,A,N,0,1.2469,0,0,0,1988,6BH5,1.2468,1.247,24,6,1,1,1.2467,1.2471,49,23,2,1,1.2466,1.2472,39,27,3,2,1.2465,1.2473,29,13,1,5,1.2464,1.2474,18,47,3,2,1.2463,1.2475,17,37,3,7,1.2462,1.2476,46,36,4,3,1.2461,1.2477,9,16,3,7,1.246,1.2478,31,39,2,3,1.2459,1.2479,37,47,4,3
2024-12-30T10:45:45.000000000Z,2024-12-30T10:45:45.000000000Z,10,1,29307,A,N,0,1.2468,0,0,0,1989,6BH5,1.2467,1.2469,15,40,5,2,1.2466,1.247,32,5,7,4,1.2465,1.2471,16,16,3,3,1.2464,1.2472,21,29,6,2,1.2463,1.2473,23,8,7,3,1.2462,1.2474,37,17,1,3,1.2461,1.2475,17,10,1,6,1.246,1.2476,40,35,5,5,1.2459,1.2477,6,20,4,4,1.2458,1.2478,36,46,4,5
2024-12-30T10:45:50.000000000Z,2024-12-30T10:45:50.000000000Z,10,1,29307,A,N,0,1.2469,0,0,0,1990,6BH5,1.2468,1.247,44,33,1,2,1.2467,1.2471,12,44,7,5,1.2466,1.2472,21,24,3,2,1.2465,1.2473,10,24,5,3,1.2464,1.2474,176,344,6,3,1.2463,1.2475,10,25,2,6,1.2462,1.2476,39,39,6,5,1.2461,1.2477,13,20,3,5,1.246,1.2478,49,24,1,7,1.2459,1.2479,33,36,2,1
2024-12-30T10:45:55.000000000Z,2024-12-30T10:45:55.000000000Z,10,1,29307,A,N,0,1.247,0,0,0,1991,6BH5,1.2469,1.2471,80,72,5,5,1.2468,1.2472,38,21,1,2,1.2467,1.2473,10,36,1,3,1.2466,1.2474,15,14,3,7,1.2465,1.2475,44,38,4,4,1.2464,1.2476,14,36,4,5,1.2463,1.2477,26,13,2,5,1.2462,1.2478,34,33,3,5,1.2461,1.2479,30,8,3,2,1.246,1.248,14,34,3,7
2024-12-30T10:46:00.000000000Z,2024-12-30T10:46:00.000000000Z,10,1,29307,A,N,0,1.247,0,0,0,1992,6BH5,1.2469,1.2471,44,5,5,7,1.2468,1.2472,8,6,1,1,1.2467,1.2473,23,18,7,7,1.2466,1.2474,37,6,2,4,1.2465,1.2475,27,22,6,5,1.2464,1.2476,7,21,5,6,1.2463,1.2477,37,38,5,6,1.2462,1.2478,12,19,7,7,1.2461,1.2479,46,46,5,6,1.246,1.248,17,30,4,7
2024-12-30T10:46:05.000000000Z,2024-12-30T10:46:05.000000000Z,10,1,29307,A,N,0,1.247,0,0,0,1993,6BH5,1.2469,1.2471,248,328,7,1,1.2468,1.2472,8,15,1,5,1.2467,1.2473,44,17,5,3,1.2466,1.2474,168,280,6,2,1.2465,1.2475,120,88,5,6,1.2464,1.2476,35,27,5,6,1.2463,1.2477,49,22,5,4,1.2462,1.2478,40,21,2,5,1.2461,1.2479,34,32,7,5,1.246,1.248,13,38,2,4
2024-12-30T10:46:10.000000000Z,2024-12-30T10:46:10.000000000Z,10,1,29307,A,N,0,1.2469,0,0,0,1994,6BH5,1.2468,1.247,8,18,2,6,1.2467,1.2471,28,18,5,3,1.2466,1.2472,34,28,2,7,1.2465,1.2473,19,45,6,6,1.2464,1.2474,38,47,1,2,1.2463,1.2475,6,17,3,5,1.2462,1.2476,33,13,5,4,1.2461,1.2477,47,8,3,5,1.246,1.2478,34,19,4,7,1.2459,1.2479,32,8,3,7
2024-12-30T10:46:15.000000000Z,2024-12-30T10:46:15.000000000Z,10,1,29307,A,N,0,1.247,0,0,0,1995,6BH5,1.2469,1.2471,33,21,7,4,1.2468,1.2472,15,43,6,2,1.2467,1.2473,10,45,6,7,1.2466,1.2474,43,43,6,7,1.2465,1.2475,40,27,4,1,1.2464,1.2476,41,28,3,4,1.2463,1.2477,15,39,4,4,1.2462,1.2478,35,40,1,5,1.2461,1.2479,43,31,7,3,1.246,1.248,36,39,7,1
2024-12-30T10:46:20.000000000Z,2024-12-30T10:46:20.000000000Z,10,1,29307,A,N,0,1.247,0,0,0,1996,6BH5,1.2469,1.2471,9,43,3,7,1.2468,1.2472,12,29,6,2,1.2467,1.2473,14,22,1,2,1.2466,1.2474,11,16,3,1,1.2465,1.2475,27,39,1,4,1.2464,1.2476,24,20,5,5,1.2463,1.2477,5,38,5,2,1.2462,1.2478,28,39,1,6,1.2461,1.2479,20,43,6,5,1.246,1.248,43,22,1,4
2024-12-30T10:46:25.000000000Z,2024-12-30T10:46:25.000000000Z,10,1,29307,A,N,0,1.247,0,0,0,1997,6BH5,1.2469,1.2471,43,21,5,2,1.2468,1.2472,6,41,4,1,1.2467,1.2473,39,44,2,6,1.2466,1.2474,14,10,5,6,1.2465,1.2475,6,20,1,4,1.2464,1.2476,19,44,2,6,1.2463,1.2477,21,26,7,6,1.2462,1.2478,32,12,5,1,1.2461,1.2479,13,12,4,5,1.246,1.248,45,45,2,1
2024-12-30T10:46:30.000000000Z,2024-12-30T10:46:30.000000000Z,10,1,29307,A,N,0,1.2469,0,0,0,1998,6BH5,1.2468,1.247,27,6,3,3,1.2467,1.2471,7,13,5,4,1.2466,1.2472,16,48,6,4,1.2465,1.2473,16,13,1,3,1.2464,1.2474,49,17,5,7,1.2463,1.2475,27,31,4,7,1.2462,1.2476,38,16,4,4,1.2461,1.2477,264,80,5,7,1.246,1.2478,16,42,7,4,1.2459,1.2479,7,5,1,2
2024-12-30T10:46:35.000000000Z,2024-12-30T10:46:35.000000000Z,10,1,29307,A,N,0,1.2469,0,0,0,1999,6BH5,1.2468,1.247,22,46,2,5,1.2467,1.2471,28,10,3,2,1.2466,1.2472,34,13,1,6,1.2465,1.2473,33,29,7,4,1.2464,1.2474,26,48,4,6,1.2463,1.2475,11,10,4,5,1.2462,1.2476,30,10,2,3,1.2461,1.2477,33,10,1,1,1.246,1.2478,26,49,2,1,1.2459,1.2479,24,5,5,4
